주소,경도,위도
경기 수원시 권선구 상탑로39번길 12-2,126.9755294,37.271573
경기 수원시 권선구 상탑로39번길 12-2,126.9755294,37.271573
경기 수원시 권선구 상탑로39번길 12-2,126.9755294,37.271573
서울특별시 구로구 새말로 97,126.8902727,37.5071154
경기도 의정부시 가능로 105,127.0429131,37.7470531
경기도 의정부시 가능로 105,127.0429131,37.7470531
경기도 의정부시 가능로 105,127.0429131,37.7470531
경기도 의정부시 가능로 105,127.0429131,37.7470531
서울특별시 구로구 새말로 97,126.8902727,37.5071154
서울특별시 구로구 새말로 97,126.8902727,37.5071154
서울특별시 광진구 광나루로56길 85,127.0957117,37.5357272
경기도 파주시 경의로 1204,126.7615144,37.7249977
서울특별시 강동구 양재대로 1377,127.1362268,37.5291915
서울특별시 강동구 양재대로 1377,127.1362268,37.5291915
서울특별시 강동구 양재대로 1377,127.1362268,37.5291915
서울특별시 강동구 양재대로 1377,127.1362268,37.5291915
서울특별시 구로구 새말로 97,126.8902727,37.5071154
서울특별시 강동구 천호대로 1006,127.1237914,37.5380113
서울특별시 구로구 새말로 97,126.8902727,37.5071154
서울특별시 구로구 새말로 97,126.8902727,37.5071154
인천광역시 서구 이음대로 392,126.7127234,37.5926044
인천광역시 서구 이음대로 392,126.7127234,37.5926044
서울특별시 구로구 새말로 97,126.8902727,37.5071154
서울특별시 광진구 광나루로56길 85,127.0957117,37.5357272
서울특별시 강서구 마곡중앙로 76,126.8275029,37.5603996
서울특별시 구로구 새말로 97,126.8902727,37.5071154
서울특별시 구로구 새말로 97,126.8902727,37.5071154
서울특별시 구로구 새말로 97,126.8902727,37.5071154
서울특별시 광진구 광나루로56길 85,127.0957117,37.5357272
서울특별시 광진구 광나루로56길 85,127.0957117,37.5357272
경기도 수원시 권선구 금곡로 46,126.9395429,37.2721031
경기도 구리시 경춘로227번길 6-26,127.139925,37.6021763
경기도 의정부시 시민로 지하100,127.0483204,37.7368253
경기도 의정부시 시민로 지하100,127.0483204,37.7368253
서울특별시 광진구 광나루로56길 85,127.0957117,37.5357272
서울특별시 광진구 광나루로56길 85,127.0957117,37.5357272
경기도 화성시 동탄중심상가2길 37,127.0730677,37.2065341
경기도 화성시 동탄중심상가2길 37,127.0730677,37.2065341
경기도 화성시 동탄중심상가2길 37,127.0730677,37.2065341
경기도 의정부시 동일로 468,127.0594321,37.7301929
경기도 의정부시 동일로 468,127.0594321,37.7301929
경기도 의정부시 동일로 468,127.0594321,37.7301929
"서울 광진구 광나루로56길 85,",127.0957117,37.5357272
서울특별시 종로구 종로 347,127.0161228,37.5735834
서울특별시 금천구 가산디지털1로 24,126.8876799,37.4684093
서울특별시 금천구 가산디지털1로 24,126.8876799,37.4684093
서울특별시 금천구 가산디지털1로 24,126.8876799,37.4684093
서울특별시 성동구 행당로 102,127.0301306,37.5575437
경기도 의정부시 오목로 196,127.0989615,37.7438007
서울특별시 광진구 광나루로56길 85,127.0957117,37.5357272
경기도 의정부시 녹양로 65,127.0332283,37.7570924
경기도 의정부시 녹양로 65,127.0332283,37.7570924
경기도 의정부시 녹양로 65,127.0332283,37.7570924
경기도 의정부시 녹양로 65,127.0332283,37.7570924
경기도 화성시 동탄솔빛로 53,127.0733346,37.1939208
경기도 화성시 동탄솔빛로 53,127.0733346,37.1939208
경기도 화성시 동탄솔빛로 53,127.0733346,37.1939208
경기도 성남시 분당구 성남대로925번길 11,127.1272941,37.412042
경기도 화성시 동탄대로 198,127.1073149,37.1721137
경기도 화성시 동탄대로 198,127.1073149,37.1721137
경기도 광주시 중앙로 105,127.2582702,37.4091878
경기도 광주시 중앙로 105,127.2582702,37.4091878
경기도 광주시 중앙로 105,127.2582702,37.4091878
서울특별시 구로구 새말로 97,126.8902727,37.5071154
서울특별시 용산구 한강대로 69,126.9649072,37.5270213
서울특별시 용산구 한강대로 69,126.9649072,37.5270213
경기도 수원시 팔달구 매산로 1,127.0017806,37.2671116
경기도 남양주시 경춘로1256번길 20,127.2354537,37.6451649
경기도 남양주시 경춘로1256번길 20,127.2354537,37.6451649
경기도 수원시 팔달구 매산로 1,127.0017806,37.2671116
경기도 수원시 팔달구 매산로 1,127.0017806,37.2671116
경기도 시흥시 은행로167번길 7,126.797863,37.445238
서울특별시 구로구 새말로 97,126.8902727,37.5071154
서울특별시 도봉구 노해로 341,127.0459319,37.6514522
서울특별시 노원구 동일로 1541,127.0569888,37.6660747
서울특별시 노원구 동일로 1541,127.0569888,37.6660747
서울특별시 도봉구 노해로 341,127.0459319,37.6514522
경기의정부시가능로162,127.0492913,37.7469606
경기도 안산시 단원구 광덕4로 220,126.8370189,37.3145086
서울특별시 강서구 화곡로 282,126.8480531,37.5496364
경기도 성남시 분당구 판교역로241번길 22,127.1068341,37.4027253
경기도 성남시 분당구 판교역로241번길 22,127.1068341,37.4027253
서울특별시 강서구 화곡로 282,126.8480531,37.5496364
서울특별시 구로구 새말로 97,126.8902727,37.5071154
경기도 부천시 길주로 74,126.750292,37.5052848
"서울 광진구 광나루로56길 85,",127.0957117,37.5357272
경기도 파주시 청암로17번길 41,126.7341751,37.7291041
경기도 파주시 청암로17번길 41,126.7341751,37.7291041
서울특별시 강남구 삼성로 221,127.0617464,37.4966991
서울특별시 강남구 삼성로 221,127.0617464,37.4966991
서울특별시 강남구 삼성로 221,127.0617464,37.4966991
서울특별시 강남구 삼성로 221,127.0617464,37.4966991
인천광역시 연수구 송도문화로28번길 27,126.6561499,37.3756386
인천광역시 연수구 송도문화로28번길 27,126.6561499,37.3756386
인천광역시 연수구 송도문화로28번길 27,126.6561499,37.3756386
서울특별시 금천구 가산디지털1로 168,126.8834517,37.4790648
서울특별시 금천구 가산디지털1로 168,126.8834517,37.4790648
서울특별시 금천구 가산디지털1로 168,126.8834517,37.4790648
서울특별시 금천구 가산디지털1로 168,126.8834517,37.4790648
서울특별시 영등포구 선유로49길 23,126.8950583,37.5361827
서울특별시 구로구 새말로 97,126.8902727,37.5071154
서울특별시 광진구 광나루로56길 85,127.0957117,37.5357272
경기 수원시 장안구 장안로7번길 32,127.00538,37.2866053
인천광역시 부평구 부평대로 지하30,126.7236269,37.4911059
서울특별시 구로구 새말로 97,126.8902727,37.5071154
경기도 의정부시 시민로 지하100,127.0483204,37.7368253
경기도 의정부시 시민로 지하100,127.0483204,37.7368253
경기도 안양시 동안구 경수대로544번길 9,126.9586386,37.3713725
서울특별시 송파구 마천로 271,127.1471061,37.4978057
서울특별시 송파구 마천로 271,127.1471061,37.4978057
경기도 성남시 중원구 산성대로 지하 204-5,127.140863,37.4375785
경기도 성남시 중원구 산성대로 지하 204-5,127.140863,37.4375785
경기도 수원시 팔달구 화양로 34,126.9970961,37.2811289
경기도 수원시 팔달구 화양로 34,126.9970961,37.2811289
서울특별시 구로구 새말로 97,126.8902727,37.5071154
인천광역시 남동구 논현역로 22,126.7206691,37.4025564
경기도 성남시 중원구 광명로 38,127.1332843,37.4333333
인천광역시 계양구 도두리로 74,126.7419559,37.5322721
인천광역시 계양구 도두리로 74,126.7419559,37.5322721
경기도 의정부시 문화로 38,127.1049383,37.7261322
경기도 의정부시 문화로 38,127.1049383,37.7261322
서울특별시 성동구 왕십리로 309,127.0345857,37.5613826
서울특별시 성동구 왕십리로 309,127.0345857,37.5613826
서울특별시 성동구 왕십리로 309,127.0345857,37.5613826
경기도 화성시 효행구 봉담읍 와우로73번길 6,126.9742335,37.2141357
경기도 시흥시 수인로3409번길 40,126.7797006,37.4383842
경기도 평택시 비전5로 10,127.1125201,36.9991743
인천광역시 연수구 랜드마크로 20,126.6251713,37.4157027
인천광역시 연수구 랜드마크로 20,126.6251713,37.4157027
인천광역시 연수구 랜드마크로 20,126.6251713,37.4157027
경기도 파주시 청석로 260,126.7177385,37.7251062
경기도 구리시 이문안로 7,127.1320704,37.5920001
서울특별시 금천구 디지털로 212,126.889783,37.4790795
서울특별시 금천구 디지털로 212,126.889783,37.4790795
경기도 수원시 장안구 만석로19번길 41-9,126.9826996,37.2967659
경기도 수원시 장안구 파장로 82,126.9921794,37.3064976
서울특별시 양천구 신월로 167,126.8420391,37.518483
경기도 화성시 동탄대로 489,127.0982654,37.1973572
경기도 용인시 기흥구 동백죽전대로 444,127.1516212,37.2780841
경기도 용인시 기흥구 동백죽전대로 444,127.1516212,37.2780841
경기도 화성시 동탄대로 489,127.0982654,37.1973572
경기도 수원시 영통구 덕영대로 1478,127.0524754,37.2451632
경기도 하남시 신평로 71,127.2059195,37.5400338
경기도 하남시 신평로 71,127.2059195,37.5400338
경기도 하남시 신평로 71,127.2059195,37.5400338
인천광역시 서구 고산후로95번길 28,126.6959631,37.5927177
경기도 부천시 양지로 229,126.8266702,37.4668912
인천광역시 미추홀구 용정공원로 33,126.6441066,37.4481332
인천광역시 미추홀구 용정공원로 33,126.6441066,37.4481332
서울특별시 금천구 가산디지털1로 142,126.8835063,37.4784346
경기도 수원시 권선구 금곡로 46,126.9395429,37.2721031
경기도 파주시 가람로 65,126.7571288,37.7349255
경기도 파주시 가람로 65,126.7571288,37.7349255
경기도 수원시 권선구 금곡로 46,126.9395429,37.2721031
서울특별시 금천구 가산디지털1로 142,126.8835063,37.4784346
경기도 수원시 권선구 금곡로 46,126.9395429,37.2721031
서울특별시 중랑구 면목로 437,127.0866642,37.5909907
서울특별시 중랑구 면목로 437,127.0866642,37.5909907
서울특별시 구로구 새말로 97,126.8902727,37.5071154
경기도 안양시 만안구 만안로 219,126.9230361,37.4001308
경기도 시흥시 진말로9번길 18-1,126.783518,37.378432
경기도 포천시 소흘읍 봉솔로5길 27,127.14498,37.8278478
경기도 성남시 분당구 성남대로 165,127.1083307,37.3507447
경기도 성남시 분당구 성남대로 165,127.1083307,37.3507447
경기도 포천시 소흘읍 봉솔로5길 27,127.14498,37.8278478
경기도 시흥시 진말로9번길 18-1,126.783518,37.378432
경기도 성남시 분당구 성남대로 165,127.1083307,37.3507447
서울특별시 광진구 광나루로56길 85,127.0957117,37.5357272
서울특별시 강북구 월계로 53,127.0355397,37.6120287
서울특별시 강북구 월계로 53,127.0355397,37.6120287
서울특별시 강북구 월계로 53,127.0355397,37.6120287
서울특별시 강북구 월계로 53,127.0355397,37.6120287
경기도 화성시 동탄순환대로18길 16,127.1243263,37.183126
서울특별시 노원구 노해로 507,127.0639346,37.6554258
서울특별시 서대문구 증가로 132,126.9229758,37.5775998
경기도 고양시 덕양구 삼송로 12,126.8755318,37.6496176
서울특별시 서대문구 증가로 132,126.9229758,37.5775998
경기도 고양시 덕양구 삼송로 12,126.8755318,37.6496176
서울특별시 광진구 광나루로56길 85,127.0957117,37.5357272
서울특별시 광진구 광나루로56길 85,127.0957117,37.5357272
서울특별시 강남구 강남대로146길 28,127.0219085,37.5146132
서울특별시 강남구 강남대로146길 28,127.0219085,37.5146132
서울특별시 강남구 강남대로146길 28,127.0219085,37.5146132
서울특별시 구로구 새말로 97,126.8902727,37.5071154
서울특별시 광진구 광나루로56길 85,127.0957117,37.5357272
경기도 안성시 중앙로 252,127.2568007,37.0129796
서울특별시 광진구 광나루로56길 85,127.0957117,37.5357272
강원특별자치도 원주시 우산로 67,127.9365827,37.3695871
경기도 화성시 동탄순환대로 686,127.1117224,37.2063347
경기도 화성시 동탄순환대로 686,127.1117224,37.2063347
강원특별자치도 원주시 우산로 67,127.9365827,37.3695871
강원특별자치도 원주시 우산로 67,127.9365827,37.3695871
서울특별시 관악구 보라매로5길 5,126.9255485,37.492232
경기도 수원시 권선구 금곡로102번길 15,126.9418572,37.2735025
경기도 평택시 용죽3로 24,127.1254088,36.9940795
경기도 수원시 권선구 금곡로102번길 15,126.9418572,37.2735025
경기도 평택시 용죽3로 24,127.1254088,36.9940795
경기도 평택시 용죽3로 24,127.1254088,36.9940795
경기도 여주시 세종로 29,127.6366985,37.2950925
경기도 안양시 동안구 시민대로 187,126.9516708,37.391774
경기도 안양시 동안구 시민대로 187,126.9516708,37.391774
경기도 여주시 세종로 29,127.6366985,37.2950925
경기도 여주시 세종로 29,127.6366985,37.2950925
경기도 여주시 세종로 29,127.6366985,37.2950925
경기도 수원시 영통구 영통로 135,127.0555762,37.2396553
경기도 안산시 단원구 광덕4로 246,126.8398867,37.3143565
인천광역시 부평구 장제로 212,126.7313285,37.5044159
경기도 오산시 성호대로 121,127.0748391,37.1490577
인천광역시 연수구 하모니로 158,126.6422516,37.3837693
경기도 오산시 성호대로 121,127.0748391,37.1490577
인천광역시 연수구 하모니로 158,126.6422516,37.3837693
인천광역시 부평구 장제로 212,126.7313285,37.5044159
인천광역시 연수구 하모니로 158,126.6422516,37.3837693
경기도 용인시 수지구 대지로 36,127.1137126,37.3278707
인천광역시 서구 청라커낼로288번길 10,126.6457234,37.5338837
서울특별시 구로구 새말로 97,126.8902727,37.5071154
경기도 안양시 만안구 안양로 지하301,126.9213886,37.3976649
경기도 남양주시 다산중앙로123번길 22-8,127.1510103,37.624269
경기도 남양주시 다산중앙로123번길 22-8,127.1510103,37.624269
경기도 남양주시 다산중앙로123번길 22-8,127.1510103,37.624269
경기도 안양시 만안구 안양로 지하301,126.9213886,37.3976649
경기도 남양주시 다산중앙로123번길 22-8,127.1510103,37.624269
경기도 안양시 만안구 안양로 지하301,126.9213886,37.3976649
인천광역시 서구 서곶로 45,126.6783486,37.5207111
경기도 부천시 원미구 신흥로 170,126.7779147,37.4988252
경기도 의왕시 오전로 206,126.9679742,37.3591007
인천광역시 중구 우현로 지하 67,126.6278223,37.4703536
경기도 안양시 만안구 태평로52번길 47,126.9315939,37.3963879
경기도 안양시 만안구 태평로52번길 47,126.9315939,37.3963879
인천광역시 중구 우현로 지하 67,126.6278223,37.4703536
경기도 의왕시 오전로 206,126.9679742,37.3591007
경기도 안양시 만안구 태평로52번길 47,126.9315939,37.3963879
경기도 의정부시 외미로 100,127.046375,37.7239701
서울특별시 강동구 양재대로 1484-1,127.1404563,37.5382329
경기도 용인시 수지구 풍덕천로 127,127.0956795,37.3233009
경기도 성남시 중원구 산성대로 지하 204-5,127.140863,37.4375785
경기도 성남시 중원구 산성대로 지하 204-5,127.140863,37.4375785
경기도 광명시 소하로 78,126.8833721,37.447933
경기도 광명시 소하로 78,126.8833721,37.447933
경기도 광명시 소하로 78,126.8833721,37.447933
경기도 용인시 수지구 풍덕천로 127,127.0956795,37.3233009
경기도 용인시 수지구 풍덕천로 127,127.0956795,37.3233009
인천광역시 부평구 부흥로328번길 3,126.728372,37.4980229
서울특별시 구로구 공원로8길 29,126.8908238,37.5035074
경기도 부천시 원미구 부천로3번길 48,126.7801336,37.4854678
서울특별시 강남구 밤고개로1길 10,127.1018278,37.4880271
서울특별시 구로구 새말로 97,126.8902727,37.5071154
경기도 양주시 옥정로 208,127.0921497,37.8202263
경기도 김포시 김포한강9로 80,126.6260481,37.6441194
경기도 군포시 고산로264번길 1,126.9432657,37.3469164
서울특별시 양천구 오목로 325,126.873602,37.5251225
서울특별시 양천구 오목로 325,126.873602,37.5251225
서울특별시 양천구 오목로 325,126.873602,37.5251225
경기도 군포시 고산로264번길 1,126.9432657,37.3469164
서울특별시 양천구 오목로 325,126.873602,37.5251225
경기도 양주시 옥정로 208,127.0921497,37.8202263
경기도 김포시 김포한강9로 80,126.6260481,37.6441194
경기도 안양시 만안구 박달로 499,126.9081127,37.4027061
서울특별시 송파구 위례광장로 120,127.1416247,37.474762
서울특별시 송파구 위례광장로 120,127.1416247,37.474762
경기도 광명시 시청로 50,126.8676915,37.479023
경기도 광명시 시청로 50,126.8676915,37.479023
경기도 광명시 시청로 50,126.8676915,37.479023
경기도 안양시 만안구 박달로 499,126.9081127,37.4027061
경기도 안양시 만안구 박달로 499,126.9081127,37.4027061
경기도 광명시 시청로 50,126.8676915,37.479023
경기도 화성시 동탄중앙로 76,127.0725441,37.1931667
경기도 광주시 중앙로 108,127.2586634,37.4094065
경기도 광주시 중앙로 108,127.2586634,37.4094065
경기도 용인시 기흥구 기흥역로 9,127.115435,37.274278
경기도 용인시 기흥구 기흥역로 9,127.115435,37.274278
경기도 용인시 기흥구 기흥역로 9,127.115435,37.274278
경기도양주시평화로1413번길48,127.0426147,37.8168428
경기도 화성시 동탄치동천로3길 6-17,127.1225424,37.2039553
서울특별시 중랑구 망우로 353,127.0909932,37.5981514
강원특별자치도 원주시 양지로 80,127.9862001,37.3279722
경기도 고양시 일산동구 중앙로 1130,126.7800764,37.6499935
서울특별시 송파구 송파대로 98,127.1261686,37.4797036
경기도 수원시 영통구 봉영로 1587,127.0723369,37.2533312
인천광역시 미추홀구 독배로 311,126.6491241,37.4481456
인천광역시 미추홀구 독배로 311,126.6491241,37.4481456
경기도 수원시 영통구 봉영로 1587,127.0723369,37.2533312
서울특별시 송파구 송파대로 98,127.1261686,37.4797036
경기도 고양시 일산동구 중앙로 1130,126.7800764,37.6499935
서울특별시 송파구 송파대로 98,127.1261686,37.4797036
인천광역시 미추홀구 독배로 311,126.6491241,37.4481456
인천광역시 남동구 소래역서로 4,126.7319645,37.4025069
경기도 의왕시 오전로 208,126.9680791,37.3596873
경기도 평택시 포승읍 여술2길 35,126.8444737,36.9884151
경기도 평택시 포승읍 여술2길 35,126.8444737,36.9884151
경기도 의왕시 오전로 208,126.9680791,37.3596873
경기도 의왕시 오전로 208,126.9680791,37.3596873
경기도 시흥시 장현장곡로 6,126.7897089,37.378919
경기도 시흥시 서울대학로264번길 44-4,126.7282023,37.3671456
서울특별시 구로구 새말로 97,126.8902727,37.5071154
서울특별시 강동구 천호대로 997,127.1233118,37.5393503
인천광역시 부평구 광장로 16,126.7234334,37.4898514
서울특별시 강서구 마곡중앙5로 81,126.8186024,37.5671136
경기도 평택시 용죽3로 23,127.1249527,36.9936886
서울특별시 노원구 한글비석로 250,127.0770119,37.6500235
경기도 평택시 용죽3로 23,127.1249527,36.9936886
서울특별시 노원구 한글비석로 250,127.0770119,37.6500235
서울특별시 노원구 한글비석로 250,127.0770119,37.6500235
서울특별시 노원구 한글비석로 250,127.0770119,37.6500235
경기도 평택시 용죽3로 23,127.1249527,36.9936886
서울특별시 강서구 마곡중앙5로 81,126.8186024,37.5671136
인천광역시 연수구 송도문화로28번길 28,126.6539973,37.3766863
서울특별시 송파구 위례광장로 136,127.1420353,37.4764229
경기도 하남시 미사강변동로 70,127.1940462,37.5613444
서울특별시 구로구 서해안로 2336,126.8438519,37.4933619
서울특별시 용산구 새창로 181,126.9651792,37.5327183
서울특별시 송파구 충민로 66,127.1249941,37.4776495
서울특별시 강남구 밤고개로1길 10,127.1018278,37.4880271
서울특별시 중랑구 신내로 82,127.0955669,37.6066833
경기도 부천시 장말로 198,126.7638901,37.4927324
경기도 용인시 수지구 만현로 100,127.084527,37.3078877
경기도 하남시 미사강변동로 127,127.1910396,37.5661805
경기도 오산시 수목원로 462,127.0502439,37.1750402
경기도 오산시 수목원로 462,127.0502439,37.1750402
경기도 용인시 수지구 만현로 100,127.084527,37.3078877
경기도 하남시 미사강변동로 127,127.1910396,37.5661805
경기도 부천시 장말로 198,126.7638901,37.4927324
경기도 하남시 미사강변동로 127,127.1910396,37.5661805
서울특별시 강남구 밤고개로1길 10,127.1018278,37.4880271
서울특별시 송파구 충민로 66,127.1249941,37.4776495
서울특별시 용산구 새창로 181,126.9651792,37.5327183
서울특별시 중랑구 신내로 82,127.0955669,37.6066833
서울특별시 구로구 서해안로 2336,126.8438519,37.4933619
경기도 오산시 수목원로 462,127.0502439,37.1750402
서울특별시 중랑구 신내로 82,127.0955669,37.6066833
경기도 용인시 기흥구 마북로154번길 3,127.1240013,37.3037442
경기도 화성시 동탄순환대로 697,127.1102628,37.2068734
"서울 구로구 새말로 97,",126.8902727,37.5071154
인천광역시 서구 장고개로337번길 16,126.6853375,37.4931007
인천광역시 연수구 용담로 129,126.6788896,37.4141978
"강원 춘천시 퇴계로105번길 5,",127.7319572,37.8618307
경기도 안산시 단원구 와동로 2,126.8267418,37.3311759
경기도 안산시 단원구 와동로 2,126.8267418,37.3311759
"강원 춘천시 퇴계로105번길 5,",127.7319572,37.8618307
인천광역시 연수구 용담로 129,126.6788896,37.4141978
인천광역시 서구 장고개로337번길 16,126.6853375,37.4931007
경기도 안산시 단원구 와동로 2,126.8267418,37.3311759
강원 강릉시 주문진읍 주문로 75,128.8258688,37.8906486
경기도 수원시 영통구 반달로 21,127.0750405,37.2516312
경기도 용인시 기흥구 흥덕2로87번길 18,127.0718925,37.2757648
서울특별시 구로구 새말로 97,126.8902727,37.5071154
경기도 부천시 원미구 길주로 246,126.7696307,37.5033074
서울특별시 구로구 새말로 97,126.8902727,37.5071154
경기도 동두천시 지행로 56,127.0534083,37.8920823
서울특별시 강동구 풍성로 148,127.1282871,37.5308992
경기도 성남시 분당구 황새울로360번길 12,127.1250039,37.3865338
경기도 안양시 동안구 평촌대로 140,126.9599779,37.384756
경기도 수원시 권선구 금곡로 116,126.9430467,37.2739096
서울특별시 노원구 동일로203가길 29,127.0642771,37.6398767
경기도 광주시 능평로30번길 6-19,127.1652714,37.3561161
서울특별시 노원구 동일로203가길 29,127.0642771,37.6398767
경기도 안양시 동안구 평촌대로 140,126.9599779,37.384756
경기도 수원시 권선구 금곡로 116,126.9430467,37.2739096
경기도 성남시 분당구 황새울로360번길 12,127.1250039,37.3865338
경기도 광주시 능평로30번길 6-19,127.1652714,37.3561161
경기도 광주시 능평로30번길 6-19,127.1652714,37.3561161
경기도 동두천시 지행로 56,127.0534083,37.8920823
서울특별시 강동구 풍성로 148,127.1282871,37.5308992
경기도 수원시 권선구 금곡로 116,126.9430467,37.2739096
경기도 동두천시 지행로 56,127.0534083,37.8920823
서울특별시 강동구 풍성로 148,127.1282871,37.5308992
경기도 화성시 동탄반석로 144,127.0711675,37.2016353
서울특별시 용산구 두텁바위로 13,126.9739309,37.5455173
경기도 남양주시 진접읍 해밀예당3로 118,127.1969219,37.7202262
서울특별시 강동구 양재대로 1377,127.1362268,37.5291915
경기도 수원시 영통구 영통로 124,127.0565889,37.2388794
서울특별시 관악구 은천로 51,126.9412489,37.4863007
경기도 부천시 원미구 상동로 112,126.7539051,37.5070169
경기도 용인시 기흥구 흥덕중앙로 59,127.0737216,37.276491
경기도 평택시 영신1길 39,127.0821102,37.0213451
경기도 의왕시 전주남이길 8,126.9757027,37.3502563
경기도 하남시 미사강변대로34번길 90,127.188224,37.5565199
경기도 안산시 단원구 와동공원로 139,126.8212489,37.3440244
경기도 김포시 걸포2로 21,126.7048753,37.6325052
경기도 안산시 단원구 와동공원로 139,126.8212489,37.3440244
경기도 김포시 걸포2로 21,126.7048753,37.6325052
경기도 하남시 미사강변대로34번길 90,127.188224,37.5565199
경기도 김포시 걸포2로 21,126.7048753,37.6325052
경기도 의왕시 전주남이길 8,126.9757027,37.3502563
경기도 부천시 원미구 상동로 112,126.7539051,37.5070169
경기도 용인시 기흥구 흥덕중앙로 59,127.0737216,37.276491
서울특별시 관악구 은천로 51,126.9412489,37.4863007
경기도 김포시 걸포2로 21,126.7048753,37.6325052
경기도 평택시 영신1길 39,127.0821102,37.0213451
경기도 평택시 영신1길 39,127.0821102,37.0213451
경기도 수원시 팔달구 중부대로 38,127.0209785,37.2751564
인천광역시 남동구 호구포로 788,126.7193185,37.4526844
경기도 안산시 단원구 광덕4로 220,126.8370189,37.3145086
강원 태백시 황지로 162,128.9917917,37.1731369
경기도 김포시 김포한강7로 93,126.6278092,37.6457076
경기도 성남시 분당구 판교역로 136,127.1104453,37.3924803
경기도 이천시 증신로 132,127.4542953,37.2885259
경기도 수원시 영통구 인계로 212,127.0406473,37.2650811
경기도 의정부시 시민로 지하 100,127.0483204,37.7368253
서울특별시 노원구 상계로37길 2,127.0790248,37.6705467
서울특별시 서초구 잠원로 51,127.0074326,37.5092573
경기도 수원시 장안구 경수대로 927,127.0084743,37.3017514
경기도 수원시 장안구 경수대로 927,127.0084743,37.3017514
서울특별시 서초구 잠원로 51,127.0074326,37.5092573
서울특별시 노원구 상계로37길 2,127.0790248,37.6705467
경기도 의정부시 시민로 지하 100,127.0483204,37.7368253
경기도 수원시 영통구 인계로 212,127.0406473,37.2650811
경기도 이천시 증신로 132,127.4542953,37.2885259
서울특별시 양천구 목동동로8길 19,126.8712676,37.5171171
서울특별시 중랑구 동일로143길 78,127.0741831,37.6049226
서울특별시 강동구 고덕로 391,127.1689864,37.5572421
경기도 하남시 미사강변남로 103,127.193313,37.5611051
서울특별시 노원구 한글비석로52길 30,127.0665924,37.6658267
경기도 김포시 김포대로 1425,126.672197,37.6518739
서울특별시 종로구 종로 266,127.0081279,37.5703538
경기도 하남시 신장로 133,127.2036084,37.5381531
서울특별시 동대문구 답십리로 56,127.0471663,37.5760636
경기도 광명시 광명로 830,126.8518485,37.4733107
경기도 의정부시 오목로225번길 157,127.0961321,37.7450765
서울특별시 노원구 한글비석로 245,127.0763496,37.6495138
서울특별시 노원구 한글비석로 245,127.0763496,37.6495138
경기도 의정부시 오목로225번길 157,127.0961321,37.7450765
서울특별시 동대문구 답십리로 56,127.0471663,37.5760636
경기도 광명시 광명로 830,126.8518485,37.4733107
경기도 하남시 신장로 133,127.2036084,37.5381531
경기도 광명시 광명로 830,126.8518485,37.4733107
서울특별시 종로구 종로 266,127.0081279,37.5703538
서울특별시 노원구 한글비석로 245,127.0763496,37.6495138
경기도 김포시 김포대로 1425,126.672197,37.6518739
서울특별시 노원구 한글비석로52길 30,127.0665924,37.6658267
서울특별시 성동구 용답중앙15길 3,127.0530021,37.5640096
경기도 오산시 원당로 22,127.0925858,37.1410579
"서울 서초구 서초대로 385,",127.0222759,37.4968565
서울특별시 광진구 광나루로56길 85,127.0957117,37.5357272
서울특별시 광진구 광나루로56길 85,127.0957117,37.5357272
서울특별시 양천구 신월로 322,126.8567235,37.5213652
경기도 하남시 미사강변대로 222,127.1842228,37.5695125
경기도 의정부시 시민로 247,127.0623426,37.7359916
경기도 남양주시 오남읍 진건오남로 809,127.2021207,37.6987269
서울특별시 동대문구 장한로 166,127.0722206,37.5750828
강원특별자치도 원주시 시청로 74,127.9270627,37.3369436
서울특별시 동대문구 장한로 166,127.0722206,37.5750828
서울특별시 서초구 서초대로19길 77,126.9880354,37.4907474
경기도 남양주시 오남읍 진건오남로 809,127.2021207,37.6987269
서울특별시 양천구 중앙로 237,126.8536571,37.5177133
서울특별시 양천구 중앙로 237,126.8536571,37.5177133
강원특별자치도 원주시 시청로 74,127.9270627,37.3369436
서울특별시 서초구 서초대로19길 77,126.9880354,37.4907474
서울특별시 서초구 서초대로19길 77,126.9880354,37.4907474
서울특별시 양천구 중앙로 237,126.8536571,37.5177133
경기도 의정부시 시민로 247,127.0623426,37.7359916
강원특별자치도 원주시 시청로 74,127.9270627,37.3369436
강원특별자치도 원주시 시청로 74,127.9270627,37.3369436
경기도 하남시 미사강변대로 222,127.1842228,37.5695125
경기도 하남시 미사강변대로 222,127.1842228,37.5695125
서울특별시 양천구 신월로 322,126.8567235,37.5213652
서울특별시 양천구 중앙로 237,126.8536571,37.5177133
서울특별시 성동구 왕십리광장로 17,127.0384274,37.5592604
경기도 용인시 기흥구 동백죽전대로 444,127.1516212,37.2780841
경기도 용인시 수지구 광교중앙로 320,127.0699567,37.2983758
경기도 파주시 와석순환로 72,126.7512962,37.7106812
인천광역시서구이음4로6,126.7103185,37.591551
경기도 남양주시 별내중앙로 53,127.1234862,37.6470802
경기도 수원시 팔달구 팔달로 53,127.001855,37.2734288
인천광역시 중구 영종대로196번길 15-25,126.498789,37.4891653
경기도 용인시 처인구 명지로60번길 8-10,127.1878888,37.2316076
경기도 화성시 향남읍 발안로 116,126.9229229,37.1310141
경기도 남양주시 다산중앙로172번길 36,127.1560635,37.6282068
강원 원주시 서원대로 111,127.9259012,37.3474768
경기도 화성시 동탄대로시범길 261,127.1021903,37.2016942
서울특별시 마포구 월드컵북로 187,126.9076621,37.5680343
인천광역시 중구 하늘별빛로 111,126.5587043,37.4910468
인천광역시 중구 하늘별빛로 111,126.5587043,37.4910468
서울특별시 마포구 월드컵북로 187,126.9076621,37.5680343
"경기 평택시 중앙로 2,",127.0835234,36.9953765
"경기 평택시 중앙로 2,",127.0835234,36.9953765
"경기 평택시 중앙로 2,",127.0835234,36.9953765
강원 원주시 서원대로 111,127.9259012,37.3474768
경기도 화성시 동탄대로시범길 261,127.1021903,37.2016942
경기도 화성시 향남읍 발안로 116,126.9229229,37.1310141
경기도 남양주시 다산중앙로172번길 36,127.1560635,37.6282068
경기도 용인시 처인구 명지로60번길 8-10,127.1878888,37.2316076
인천광역시 중구 영종대로196번길 15-25,126.498789,37.4891653
경기도 평택시 만세로 1838,127.1035865,37.0050727
경기도 평택시 평택로 35,127.0876138,36.9905779
경기도 하남시 미사강변동로 79,127.1928163,37.5620298
"경기 화성시 동탄솔빛로 64,",127.0746489,37.1942104
서울특별시 광진구 광나루로56길 85,127.0957117,37.5357272
경기도 시흥시 시흥대로1073번길 3,126.792599,37.4317318
경기도 성남시 분당구 분당로263번길 39,127.1401774,37.3720206
경기도 하남시 미사강변동로 100-1,127.1940833,37.564201
서울특별시 영등포구 국회대로50길 20,126.9055976,37.5234411
강원 강릉시 용지로 51-1,128.909685,37.7557989
서울특별시 영등포구 신길로28길 9,126.9114377,37.5037893
경기도 남양주시 늘을2로 26,127.2441126,37.655078
경기도 부천시 성지로102번길 53,126.8142697,37.5283711
경기도 부천시 원미구 소향로 181,126.7677894,37.5018015
강원특별자치도 원주시 능라동길 48,127.9299542,37.3343682
경기도 오산시 오산로 79,127.0688325,37.1339802
경기도 용인시 처인구 포곡읍 포곡로 113,127.2178421,37.2698536
서울특별시 송파구 올림픽로 130,127.0849657,37.5113791
서울특별시 금천구 금하로 732,126.9109689,37.4503801
서울특별시 양천구 오목로 233,126.8632913,37.526159
서울특별시 금천구 금하로 732,126.9109689,37.4503801
경기도 오산시 오산로 79,127.0688325,37.1339802
서울특별시 금천구 금하로 732,126.9109689,37.4503801
서울특별시 양천구 오목로 233,126.8632913,37.526159
서울특별시 양천구 오목로 233,126.8632913,37.526159
경기도 용인시 처인구 포곡읍 포곡로 113,127.2178421,37.2698536
경기도 부천시 원미구 소향로 181,126.7677894,37.5018015
서울특별시 송파구 올림픽로 130,127.0849657,37.5113791
경기도 용인시 처인구 포곡읍 포곡로 113,127.2178421,37.2698536
강원특별자치도 원주시 능라동길 48,127.9299542,37.3343682
서울특별시 송파구 올림픽로 130,127.0849657,37.5113791
경기도 부천시 성지로102번길 53,126.8142697,37.5283711
경기도 남양주시 늘을2로 26,127.2441126,37.655078
서울특별시 송파구 올림픽로 130,127.0849657,37.5113791
서울특별시 영등포구 신길로28길 9,126.9114377,37.5037893
강원특별자치도 원주시 능라동길 48,127.9299542,37.3343682
서울특별시 양천구 오목로 233,126.8632913,37.526159
강원 강릉시 용지로 51-1,128.909685,37.7557989
경기도 부천시 성지로102번길 53,126.8142697,37.5283711
서울특별시 영등포구 신길로28길 9,126.9114377,37.5037893
경기도 부천시 원미구 소향로 181,126.7677894,37.5018015
서울특별시 서초구 효령로 304,127.0178205,37.4847365
인천광역시 서구 가정로 363,126.6727287,37.5173864
인천광역시연수구앵고개로266,126.6728053,37.4069124
인천광역시 중구 하늘중앙로 272,126.5535178,37.4844061
경기도 고양시 일산서구 중앙로 1560-34,126.7475765,37.6769623
서울특별시 은평구 갈현로 250,126.9156481,37.6191512
서울특별시 광진구 광나루로56길 85,127.0957117,37.5357272
서울특별시 서대문구 통일로 438,126.9453333,37.5881546
경기도 고양시 일산서구 중앙로 1456,126.7589686,37.6715596
서울특별시 광진구 광나루로 369,127.07107,37.5483128
경기도 성남시 분당구 돌마로486번길 6,127.1339206,37.3770931
경기도 부천시 원미구 신흥로 190,126.7772672,37.50108
서울특별시 광진구 광나루로 369,127.07107,37.5483128
경기도 성남시 분당구 돌마로486번길 6,127.1339206,37.3770931
경기도 고양시 일산서구 중앙로 1456,126.7589686,37.6715596
경기도 부천시 원미구 신흥로 190,126.7772672,37.50108
서울특별시 서대문구 통일로 438,126.9453333,37.5881546
경기도 부천시 원미구 신흥로 190,126.7772672,37.50108
경기도 남양주시 진접읍 해밀예당1로 171,127.1971303,37.7198312
서울특별시 송파구 충민로 66,127.1249941,37.4776495
경기도 화성시 동탄솔빛로 67,127.074337,37.1948478
강원특별자치도 원주시 능라동길 51,127.9301569,37.3348369
인천광역시 서구 이음5로 65,126.7152579,37.5960108
경기도 고양시 덕양구 권율대로 885,126.889074,37.6632792
"인천 서구 청라루비로 76,",126.6413657,37.5321127
서울특별시 광진구 광나루로56길 85,127.0957117,37.5357272
"경기 시흥시 목감우회로 45,",126.8611002,37.382061
경기도 수원시 영통구 영통로 124,127.0565889,37.2388794
경기도 오산시 오산대역로 214,127.0655877,37.1708549
서울특별시 강남구 역삼로 443,127.0554459,37.5021993
"인천 남동구 석산로 146,",126.7080902,37.460221
인천광역시 서구 청라커낼로 323,126.6443918,37.5374454
인천광역시 서구 청라커낼로 323,126.6443918,37.5374454
서울특별시 강남구 역삼로 443,127.0554459,37.5021993
"인천 남동구 석산로 146,",126.7080902,37.460221
경기도 오산시 오산대역로 214,127.0655877,37.1708549
경기도 수원시 영통구 영통로 124,127.0565889,37.2388794
"인천 남동구 석산로 146,",126.7080902,37.460221
경기도 수원시 영통구 영통로 124,127.0565889,37.2388794
"인천 남동구 석산로 146,",126.7080902,37.460221
경기도 화성시 봉담읍 동화길 93-2,126.9591629,37.216293
강원특별자치도원주시단구로370,127.9570897,37.3233966
경기도 용인시 기흥구 신갈로 52,127.1059312,37.271278
경기도성남시중원구도촌남로27,127.1506159,37.4145006
서울특별시 광진구 광나루로56길 85,127.0957117,37.5357272
서울특별시 성동구 왕십리광장로 17,127.0384274,37.5592604
경기도 의정부시 청사로 45,127.0696155,37.7522675
경기도 안양시 만안구 장내로149번길 28,126.9232501,37.3993849
서울특별시 은평구 가좌로 233,126.9164161,37.5904245
경기도 가평군 가평읍 가화로 143,127.5119453,37.8322286
인천광역시 남동구 남동대로799번길 34,126.7066318,37.4543303
경기도 안산시 단원구 중앙대로 921,126.8389077,37.3171312
경기도 의정부시 장곡로 554,127.0643948,37.7487123
서울특별시 중랑구 용마산로125가길 41,127.0983631,37.6049116
경기도 화성시 남양읍 시청로 107,126.8255227,37.2012747
인천광역시 서구 이음1로 383,126.7168095,37.5946762
강원특별자치도 원주시 서원대로 125-5,127.9271324,37.3465675
경기도 수원시 팔달구 중부대로 123,127.0297428,37.2784364
경기도 수원시 팔달구 중부대로 123,127.0297428,37.2784364
경기도 광주시 포돌이로 35,127.2471243,37.4145058
서울특별시 송파구 위례광장로 270,127.1431674,37.476296
인천광역시 연수구 해돋이로 168,126.6452384,37.3953729
인천광역시 연수구 해돋이로 168,126.6452384,37.3953729
서울특별시 송파구 위례광장로 270,127.1431674,37.476296
경기도 광주시 포돌이로 35,127.2471243,37.4145058
인천광역시 서구 이음1로 383,126.7168095,37.5946762
경기도 화성시 남양읍 시청로 107,126.8255227,37.2012747
강원특별자치도 원주시 서원대로 125-5,127.9271324,37.3465675
서울특별시 중랑구 용마산로125가길 41,127.0983631,37.6049116
경기도 의정부시 장곡로 554,127.0643948,37.7487123
강원특별자치도 원주시 서원대로 125-5,127.9271324,37.3465675
경기도 안산시 단원구 중앙대로 921,126.8389077,37.3171312
경기도 가평군 가평읍 가화로 143,127.5119453,37.8322286
서울특별시 송파구 위례광장로 270,127.1431674,37.476296
경기도 광주시 포돌이로 35,127.2471243,37.4145058
인천광역시 연수구 해돋이로 168,126.6452384,37.3953729
인천광역시 남동구 남동대로799번길 34,126.7066318,37.4543303
서울특별시 은평구 가좌로 233,126.9164161,37.5904245
서울특별시 송파구 위례광장로 270,127.1431674,37.476296
경기도 안산시 단원구 중앙대로 921,126.8389077,37.3171312
인천광역시 연수구 해돋이로 168,126.6452384,37.3953729
인천광역시 남동구 남동대로799번길 34,126.7066318,37.4543303
서울특별시 중랑구 용마산로125가길 41,127.0983631,37.6049116
서울특별시 성동구 왕십리광장로 17,127.0384274,37.5592604
경기도 의정부시 청사로 45,127.0696155,37.7522675
경기도 화성시 남양읍 시청로 107,126.8255227,37.2012747
경기도 의정부시 장곡로 554,127.0643948,37.7487123
인천광역시 서구 이음1로 383,126.7168095,37.5946762
인천광역시 서구 이음1로 383,126.7168095,37.5946762
경기도 안양시 만안구 장내로149번길 28,126.9232501,37.3993849
경기도 안산시 단원구 중앙대로 409,126.7856003,37.3304994
경기도 남양주시 화도읍 창현로 53,127.3048973,37.646054
서울특별시 은평구 통일로 747,126.9282356,37.6118598
인천광역시 미추홀구 경인로 452,126.6902549,37.4575648
인천광역시 중구 우현로 지하69,126.6302964,37.4741576
서울특별시 구로구 새말로 97,126.8902727,37.5071154
경기도 성남시 분당구 판교역로 240,127.1105348,37.4021135
서울특별시 성동구 왕십리로 390,127.0271222,37.5652048
경기도 평택시 서재4길 15,127.0940657,37.0082534
경기도 이천시 어재연로37번길 10,127.4450181,37.2802107
경기도 안양시 동안구 시민대로 181,126.9511778,37.3914993
경기도 용인시 기흥구 죽전로 2,127.1089849,37.320212
인천광역시 연수구 인천타워대로132번길 9,126.6415155,37.3851395
경기 파주시 문산읍 문향로 61-1,126.7848698,37.8574427
경기도 부천시 원미구 부천로 13,126.7827217,37.4855485
경기도 수원시 팔달구 팔달로107번길 52,127.0006723,37.2784559
서울특별시 강북구 솔매로 118,127.0251649,37.6258914
강원특별자치도 원주시 남원로 654,127.9540776,37.3410662
경기도 성남시 분당구 성남대로926번길 12,127.1298496,37.4127997
강원 삼척시 척주로 6,129.1645614,37.4437401
서울특별시 노원구 월계로45길 21,127.0509206,37.6254346
경기도 용인시 처인구 중부대로 1299,127.1894161,37.2363128
경기도 수원시 팔달구 권광로 146,127.0318341,37.2604139
경기도 안양시 만안구 안양로 96,126.9346839,37.3839362
서울특별시 노원구 월계로45길 21,127.0509206,37.6254346
경기도 용인시 처인구 중부대로 1299,127.1894161,37.2363128
경기도 안양시 만안구 안양로 96,126.9346839,37.3839362
강원 삼척시 척주로 6,129.1645614,37.4437401
경기도 수원시 팔달구 권광로 146,127.0318341,37.2604139
서울특별시 강북구 솔매로 118,127.0251649,37.6258914
서울특별시 종로구 지봉로5길 4,127.0154218,37.5743705
강원특별자치도 원주시 남원로 654,127.9540776,37.3410662
경기도 성남시 분당구 성남대로926번길 12,127.1298496,37.4127997
경기도 수원시 팔달구 팔달로107번길 52,127.0006723,37.2784559
서울특별시 종로구 지봉로5길 4,127.0154218,37.5743705
서울특별시 종로구 지봉로5길 4,127.0154218,37.5743705
경기도 부천시 원미구 부천로 13,126.7827217,37.4855485
경기 파주시 문산읍 문향로 61-1,126.7848698,37.8574427
인천광역시 연수구 인천타워대로132번길 9,126.6415155,37.3851395
서울특별시 종로구 지봉로5길 4,127.0154218,37.5743705
경기도 이천시 어재연로37번길 10,127.4450181,37.2802107
경기도 수원시 팔달구 권광로 146,127.0318341,37.2604139
경기도 안양시 동안구 시민대로 181,126.9511778,37.3914993
경기도 용인시 기흥구 죽전로 2,127.1089849,37.320212
경기도 부천시 원미구 부천로 13,126.7827217,37.4855485
경기도 성남시 분당구 성남대로926번길 12,127.1298496,37.4127997
경기도 안양시 만안구 안양로 96,126.9346839,37.3839362
경기도 부천시 원미구 부천로 13,126.7827217,37.4855485
인천광역시 부평구 부영로189번길 51,126.7129324,37.5021445
경기도 동두천시 지행로 100,127.0583617,37.8923653
경기도 부천시 옥길로 118,126.8229217,37.4673224
인천광역시 서구 검단로 842,126.6909119,37.6186288
서울특별시 마포구 월드컵로13길 31,126.9084012,37.5553997
경기도 과천시 별양상가1로 31,126.9931766,37.4286637
경기도 남양주시 진접읍 해밀예당1로 30,127.1864538,37.7117839
경기도 용인시 기흥구 동백죽전대로 444,127.1516212,37.2780841
경기안성시아양1로61,127.2593585,37.0076248
경기도 수원시 장안구 서부로 2139,126.971666,37.2994549
경기도 광주시 벼루개로 20,127.2304048,37.3824909
서울특별시 영등포구 당산로 205,126.9001315,37.5328151
인천광역시 부평구 길주로 623,126.7320394,37.5078565
서울특별시 동작구 상도로 37,126.9246792,37.5000181
경기도 안산시 단원구 광덕대로 182,126.8309436,37.3127007
서울특별시 광진구 광나루로56길 85,127.0957117,37.5357272
서울특별시 양천구 목동중앙로 97,126.8725963,37.5378175
"강원 원주시 중앙시장길 6,",127.9496138,37.3497601
경기도 안양시 동안구 부림로 121,126.9644559,37.3941483
서울특별시 강동구 상암로 105,127.1344675,37.5472988
인천광역시 남동구 호구포로 911,126.7203369,37.4638863
경기도 김포시 김포한강9로 73,126.6254957,37.6433561
서울특별시 노원구 공릉로 149,127.0793007,37.6234249
경기도 포천시 중앙로 139,127.2041293,37.8986129
서울특별시 강동구 고덕로 109,127.1375029,37.5549439
서울특별시 마포구 월드컵북로4길 65,126.9224069,37.5589343
경기도 고양시 일산동구 정발산로 24,126.7724198,37.6552661
강원특별자치도 삼척시 척주로 7,129.1646023,37.4441902
경기도 시흥시 은계번영길 19,126.8030082,37.4372349
"경기 남양주시 진접읍 해밀예당3로 59,",127.1978863,37.7149438
서울특별시 은평구 갈현로 261,126.9161168,37.6204169
인천광역시 서구 봉오재3로 66,126.6673376,37.5266692
서울특별시 은평구 갈현로 261,126.9161168,37.6204169
경기도 시흥시 은계번영길 19,126.8030082,37.4372349
인천광역시 서구 봉오재3로 66,126.6673376,37.5266692
"경기 남양주시 진접읍 해밀예당3로 59,",127.1978863,37.7149438
서울특별시 마포구 월드컵북로4길 65,126.9224069,37.5589343
경기도 고양시 일산동구 정발산로 24,126.7724198,37.6552661
강원특별자치도 삼척시 척주로 7,129.1646023,37.4441902
서울특별시 노원구 공릉로 149,127.0793007,37.6234249
서울특별시 강동구 고덕로 109,127.1375029,37.5549439
인천광역시 남동구 호구포로 911,126.7203369,37.4638863
경기도 김포시 김포한강9로 73,126.6254957,37.6433561
경기도 포천시 중앙로 139,127.2041293,37.8986129
서울특별시 강동구 상암로 105,127.1344675,37.5472988
인천광역시 서구 봉오재3로 66,126.6673376,37.5266692
경기도 포천시 중앙로 139,127.2041293,37.8986129
경기도 안양시 동안구 부림로 121,126.9644559,37.3941483
강원특별자치도 삼척시 척주로 7,129.1646023,37.4441902
경기도 부천시 경인로 231,126.7811722,37.4834872
경기도 수원시 장안구 서부로 2157,126.9724017,37.30093
경기도 평택시 송탄로 220,127.058519,37.0634048
경기도 시흥시 신천로79번길 1,126.78572,37.4372027
경기도 평택시 평택로32번길 11,127.0883954,36.9909804
경기도 평택시 평택2로 130,127.0957103,37.000318
인천광역시 서구 완정로 153,126.6587113,37.6014725
서울특별시 성북구 화랑로5길 41,127.0391938,37.6044447
서울특별시 강남구 강남대로 지하396,127.0283092,37.4981678
경기도 안산시 상록구 부곡로 124,126.8636947,37.3328161
서울특별시 송파구 가락로 79,127.1052958,37.5006411
인천광역시 미추홀구 주승로 253,126.6961663,37.4412855
경기도 군포시 산본천로 177,126.9377562,37.3694657
경기도 안성시 공도읍 서동대로 4478,127.1995124,37.0077769
경기도 고양시 일산서구 중앙로 1391,126.7646539,37.667754
강원 원주시 양지로 50,127.9841242,37.3261066
경기도 부천시 소사로 747,126.8046048,37.5228945
경기도 안양시 동안구 흥안대로456번길 56,126.9786919,37.3936955
경기도 김포시 김포한강9로 95,126.6255871,37.6451592
경기도 평택시 세교8길 34,127.0907471,37.0095257
서울특별시 도봉구 노해로63나길 16-14,127.0445776,37.6545498
경기도 안양시 동안구 경수대로 462,126.9602692,37.3644756
경기도 김포시 김포한강11로 288-24,126.6833282,37.6542692
서울특별시 동대문구 사가정로 122,127.0584864,37.5770375
서울특별시 동대문구 사가정로 122,127.0584864,37.5770375
서울특별시 광진구 뚝섬로 605,127.0770762,37.532952
서울특별시 광진구 뚝섬로 605,127.0770762,37.532952
경기도 김포시 김포한강11로 288-24,126.6833282,37.6542692
서울특별시 도봉구 노해로63나길 16-14,127.0445776,37.6545498
경기도 평택시 세교8길 34,127.0907471,37.0095257
경기도 김포시 김포한강9로 95,126.6255871,37.6451592
경기도 부천시 소사로 747,126.8046048,37.5228945
경기도 안양시 동안구 경수대로 462,126.9602692,37.3644756
경기도 안양시 동안구 경수대로 462,126.9602692,37.3644756
인천광역시 미추홀구 주승로 253,126.6961663,37.4412855
강원 원주시 양지로 50,127.9841242,37.3261066
경기도 군포시 산본천로 177,126.9377562,37.3694657
경기도 안양시 동안구 흥안대로456번길 56,126.9786919,37.3936955
경기도 안성시 공도읍 서동대로 4478,127.1995124,37.0077769
경기도 고양시 일산서구 중앙로 1391,126.7646539,37.667754
서울특별시 송파구 가락로 79,127.1052958,37.5006411
서울특별시 광진구 뚝섬로 605,127.0770762,37.532952
강원 원주시 양지로 50,127.9841242,37.3261066
서울특별시 강남구 강남대로 지하396,127.0283092,37.4981678
경기도 안양시 동안구 흥안대로456번길 56,126.9786919,37.3936955
경기도 안산시 상록구 부곡로 124,126.8636947,37.3328161
서울특별시 송파구 가락로 79,127.1052958,37.5006411
경기도 김포시 김포한강11로 288-24,126.6833282,37.6542692
서울특별시 성북구 화랑로5길 41,127.0391938,37.6044447
경기도 평택시 세교8길 34,127.0907471,37.0095257
경기도 안양시 동안구 경수대로 462,126.9602692,37.3644756
경기도화성시봉담읍삼천병마로1271,126.9480707,37.2199345
경기도 시흥시 장현능곡로 198,126.8119835,37.3690711
경기도화성시남양읍역골중앙로22,126.827112,37.2026601
경기도 광주시 곤지암읍 곤지암로50번길 31,127.3381172,37.3506225
경기도 화성시 봉담읍 상리중심상가길 28-18,126.9454862,37.2275257
서울특별시 서대문구 응암로 94,126.9125877,37.5811628
경기도 시흥시 신천3길 27-1,126.7831996,37.4386275
경기도 안산시 단원구 중앙대로 457-1,126.7901065,37.3281398
경기도 부천시 소사구 경인로 512,126.8121415,37.4841991
경기도 용인시 기흥구 죽전로 58,127.186914,37.238491
인천광역시 연수구 독배로40번길 47,126.6474787,37.424664
서울특별시 광진구 능동로 411,127.0840169,37.5658491
"경기 용인시 수지구 풍덕천로96번길 3-7,",127.0936911,37.3216367
강원특별자치도 춘천시 춘천로 188,127.735338,37.8762277
경기도 화성시 영통로 62,127.0622055,37.2358333
인천광역시 남동구 백범로 216,126.7253023,37.4603809
경기도 남양주시 덕송2로10번길 15-80,127.1159831,37.6672704
강원 원주시 흥양로 4,127.947604,37.3831181
경기도 시흥시 목감남서로 92-12,126.8433254,37.3740943
서울특별시 관악구 남부순환로 1820,126.9521332,37.4809734
서울특별시 노원구 상계로1길 54-4,127.0616098,37.6582546
경기도 양평군 용문로 379,127.5951023,37.4859536
서울특별시 강남구 선릉로 312,127.0526319,37.4975544
경기도 고양시 일산동구 중앙로 1036,126.789706,37.643173
서울특별시 종로구 창경궁로 258,127.0003243,37.584209
경기도 고양시 덕양구 호국로790번길 30,126.8375882,37.655692
서울특별시 도봉구 도봉로170길 16,127.0465152,37.6802717
경기도 김포시 김포한강9로76번길 63,126.6268181,37.6453807
서울특별시 성북구 오패산로 46,127.0378547,37.6081731
경기도 수원시 장안구 장안로 9,127.0066619,37.2860304
경기도 수원시 권선구 동수원로177번길 40,127.0302294,37.2466501
서울특별시 구로구 고척로 148,126.8501986,37.5027766
경기도 여주시 세종로 243,127.6381184,37.276516
서울특별시 구로구 고척로 148,126.8501986,37.5027766
경기도 여주시 세종로 243,127.6381184,37.276516
경기도 수원시 권선구 동수원로177번길 40,127.0302294,37.2466501
경기도 평택시 상서재로 50,127.102163,37.0191105
인천광역시 연수구 송도문화로28번길 28,126.6539973,37.3766863
경기도 평택시 상서재로 50,127.102163,37.0191105
서울특별시 도봉구 도봉로170길 16,127.0465152,37.6802717
인천광역시 연수구 송도문화로28번길 28,126.6539973,37.3766863
경기도 김포시 김포한강9로76번길 63,126.6268181,37.6453807
인천광역시 연수구 송도문화로28번길 28,126.6539973,37.3766863
경기도 수원시 장안구 장안로 9,127.0066619,37.2860304
경기도 고양시 덕양구 호국로790번길 30,126.8375882,37.655692
경기도 평택시 상서재로 50,127.102163,37.0191105
서울특별시 강남구 선릉로 312,127.0526319,37.4975544
경기도 고양시 일산동구 중앙로 1036,126.789706,37.643173
서울특별시 종로구 창경궁로 258,127.0003243,37.584209
서울특별시 성북구 오패산로 46,127.0378547,37.6081731
경기도 양평군 용문로 379,127.5951023,37.4859536
경기도 수원시 장안구 장안로 9,127.0066619,37.2860304
서울특별시 관악구 남부순환로 1820,126.9521332,37.4809734
서울특별시 노원구 상계로1길 54-4,127.0616098,37.6582546
서울특별시 성북구 오패산로 46,127.0378547,37.6081731
강원 원주시 흥양로 4,127.947604,37.3831181
경기도 시흥시 목감남서로 92-12,126.8433254,37.3740943
경기도 양평군 용문로 379,127.5951023,37.4859536
강원특별자치도 춘천시 춘천로 188,127.735338,37.8762277
경기도 화성시 영통로 62,127.0622055,37.2358333
인천광역시 남동구 백범로 216,126.7253023,37.4603809
경기도 남양주시 덕송2로10번길 15-80,127.1159831,37.6672704
서울특별시 관악구 보라매로 2,126.9280845,37.489651
경기도 부천시 원미구 상동로 90,126.7537328,37.505132
경기도 화성시 동탄대로시범길 134,127.1140256,37.1991521
서울특별시 강동구 명일로 212,127.1462014,37.5375177
인천광역시 부평구 주부토로 231,126.7260333,37.515856
인천광역시 미추홀구 독배로 437,126.6486774,37.4585293
서울특별시 양천구 목동중앙북로 7,126.8644616,37.5489574
서울특별시 강남구 강남대로84길 16,127.0300247,37.4966952
경기도수원시팔달구효원로278,127.032233,37.2609578
서울특별시 서초구 효령로 304,127.0178205,37.4847365
경기도 김포시 풍무로 128,126.7234611,37.6069931
서울특별시 송파구 중대로 24,127.1164943,37.4899218
경기도 용인시 처인구 백암면 백암로201번길 19,127.3729347,37.1647518
경기도 수원시 권선구 서부로 1937,126.9667419,37.2825979
인천광역시 서구 청라라임로 51,126.652884,37.5320735
"인천 연수구 신송로118번길 6,",126.6542572,37.395629
인천광역시 남동구 예술로 198,126.7019626,37.4517923
경기도 화성시 동탄대로5길 29,127.1040744,37.166178
서울특별시 구로구 서해안로 2098,126.8231753,37.4799846
경기도 성남시 중원구 산성대로504번길 2,127.1628635,37.4559289
서울특별시 영등포구 대림로 212,126.8981533,37.4996115
서울특별시 중랑구 면목로 475,127.0858654,37.5942733
서울특별시 구로구 디지털로31길 120,126.8904843,37.4882316
경기도 시흥시 대은로 94,126.7988046,37.4450133
경기도 화성시 동탄역로 54,127.0978716,37.1916412
서울특별시 강서구 곰달래로 145,126.8489861,37.5309131
서울특별시 마포구 양화로 45,126.9140812,37.5508208
서울특별시 동작구 보라매로 113,126.9279214,37.4994799
경기도 안산시 단원구 와동공원로 131,126.8211929,37.343276
경기도 군포시 번영로 505,126.9332106,37.3588013
경기도 성남시 분당구 판교역로 178,127.1100702,37.3965053
경기도 고양시 일산동구 무궁화로 32-34,126.7687954,37.6613191
경기도 성남시 분당구 판교역로 178,127.1100702,37.3965053
경기도 광주시 오포로 501-6,127.2122459,37.343751
서울특별시 서초구 효령로 403,127.0272903,37.4886623
서울특별시 동작구 보라매로 113,126.9279214,37.4994799
경기도 안산시 단원구 와동공원로 131,126.8211929,37.343276
경기도 광주시 오포로 501-6,127.2122459,37.343751
서울특별시 강서구 곰달래로 145,126.8489861,37.5309131
서울특별시 마포구 양화로 45,126.9140812,37.5508208
경기도 시흥시 대은로 94,126.7988046,37.4450133
서울특별시 중랑구 면목로 475,127.0858654,37.5942733
서울특별시 구로구 디지털로31길 120,126.8904843,37.4882316
서울특별시 서초구 효령로 403,127.0272903,37.4886623
경기도 광주시 오포로 501-6,127.2122459,37.343751
경기도 화성시 동탄역로 54,127.0978716,37.1916412
경기도 고양시 일산동구 무궁화로 32-34,126.7687954,37.6613191
서울특별시 영등포구 대림로 212,126.8981533,37.4996115
경기도 군포시 번영로 505,126.9332106,37.3588013
경기도 군포시 번영로 505,126.9332106,37.3588013
경기도 화성시 동탄대로5길 29,127.1040744,37.166178
서울특별시 구로구 서해안로 2098,126.8231753,37.4799846
경기도 성남시 중원구 산성대로504번길 2,127.1628635,37.4559289
서울특별시 서초구 효령로 403,127.0272903,37.4886623
경기도 수원시 권선구 서부로 1937,126.9667419,37.2825979
인천광역시 서구 청라라임로 51,126.652884,37.5320735
경기도 고양시 일산동구 무궁화로 32-34,126.7687954,37.6613191
서울특별시 동작구 보라매로 113,126.9279214,37.4994799
경기도 안산시 단원구 와동공원로 131,126.8211929,37.343276
경기도 용인시 처인구 백암면 백암로201번길 19,127.3729347,37.1647518
"인천 연수구 신송로118번길 6,",126.6542572,37.395629
경기도 화성시 동탄역로 54,127.0978716,37.1916412
경기도 고양시 일산동구 무궁화로 32-34,126.7687954,37.6613191
경기도 고양시 일산동구 무궁화로 32-34,126.7687954,37.6613191
인천광역시 남동구 예술로 198,126.7019626,37.4517923
서울특별시 서초구 효령로 403,127.0272903,37.4886623
"인천 연수구 신송로118번길 6,",126.6542572,37.395629
인천광역시 남동구 예술로 198,126.7019626,37.4517923
경기도 성남시 분당구 판교역로 178,127.1100702,37.3965053
서울특별시 송파구 중대로 24,127.1164943,37.4899218
서울특별시 서초구 효령로 403,127.0272903,37.4886623
경기도 수원시 팔달구 매산로 17-6,127.0034753,37.2677026
인천광역시연수구독배로40번길29,126.6465889,37.4245097
경기도 용인시 수지구 문인로54번길 2,127.0972721,37.3335403
인천광역시 중구 참외전로 125,126.6320124,37.475529
서울특별시 영등포구 신풍로 44,126.9108272,37.4998822
경기도 고양시 덕양구 행신로 266,126.8446552,37.6186847
서울특별시 강서구 양천로 461,126.8522384,37.5630484
경기도 화성시 효행로 1051,127.0419737,37.2146309
경기도 고양시 덕양구 충경로 43,126.8345756,37.6156752
서울특별시 구로구 새말로 97,126.8902727,37.5071154
서울특별시 동대문구 한천로 189,127.0678827,37.577968
경기도 수원시 영통구 효원로 363,127.0399276,37.2622639
서울특별시 노원구 중계로 225,127.0750016,37.6503862
경기도 오산시 원동로 22,127.0710078,37.1420171
경기도 광주시 오포읍 신현로 42,127.1516667,37.3603625
경기도광명시오리로970,126.8556326,37.4794474
서울특별시 용산구 한강대로 95,126.9670038,37.5292202
서울특별시 은평구 갈현로 25,126.9100701,37.6000882
"강원 횡성군 횡성읍 횡성로 361-3,",127.9833781,37.4856009
"경기 부천시 원미구 소향로 239,",126.7743534,37.5008336
인천광역시 부평구 안남로222번길 27,126.7103915,37.5032431
인천광역시 남동구 장승남로 51,126.7379043,37.4436308
경기도 김포시 김포한강2로 110,126.6716258,37.6394066
서울특별시 강동구 양재대로 1365,127.1358439,37.5280624
경기도 안양시 동안구 관평로 315,126.9572537,37.4045283
인천광역시 남동구 서창남순환로 223,126.7487836,37.4248247
경기도 평택시 상서재로 55,127.1002935,37.0194478
인천광역시 서구 중봉대로586번길 9-4,126.6509377,37.5320873
서울특별시 양천구 곰달래로 42,126.8374053,37.5298806
서울특별시 중랑구 봉우재로13길 10,127.0776387,37.5910557
경기도 고양시 일산동구 정발산로 24,126.7724198,37.6552661
서울특별시 양천구 오목로 315,126.8727307,37.5251322
서울특별시 은평구 은평로3길 6,126.9149276,37.599358
인천광역시 연수구 컨벤시아대로 69,126.6509581,37.3957086
경기도 화성시 병점노을4로 19,127.03088,37.2055026
경기도 파주시 운정1길 62-3,126.7669067,37.7240631
서울특별시 종로구 종로 322,127.0135486,37.5722013
인천광역시 연수구 랜드마크로 110,126.6158217,37.4148818
경기도 고양시 일산서구 하이파크3로78번길 1,126.7531873,37.6986638
서울특별시 동대문구 이문로 116,127.0608288,37.5969511
경기도 파주시 청암로17번길 25,126.7353322,37.7290985
경기도 고양시 일산서구 하이파크3로78번길 1,126.7531873,37.6986638
경기도 파주시 청암로17번길 25,126.7353322,37.7290985
서울특별시 동대문구 이문로 116,127.0608288,37.5969511
강원특별자치도 춘천시 우두1길 70,127.7362222,37.9087746
경기도 화성시 병점노을4로 19,127.03088,37.2055026
서울특별시 종로구 종로 322,127.0135486,37.5722013
서울특별시 은평구 은평로3길 6,126.9149276,37.599358
경기도 수원시 영통구 대학로 34,127.0436759,37.2992747
경기도 수원시 영통구 대학로 34,127.0436759,37.2992747
강원특별자치도 춘천시 우두1길 70,127.7362222,37.9087746
인천광역시 연수구 컨벤시아대로 69,126.6509581,37.3957086
경기도 고양시 일산동구 정발산로 24,126.7724198,37.6552661
서울특별시 양천구 오목로 315,126.8727307,37.5251322
경기도 파주시 운정1길 62-3,126.7669067,37.7240631
인천광역시 연수구 랜드마크로 110,126.6158217,37.4148818
서울특별시 양천구 곰달래로 42,126.8374053,37.5298806
서울특별시 중랑구 봉우재로13길 10,127.0776387,37.5910557
경기도 수원시 영통구 대학로 34,127.0436759,37.2992747
서울특별시 강동구 양재대로 1365,127.1358439,37.5280624
경기도 안양시 동안구 관평로 315,126.9572537,37.4045283
인천광역시 남동구 서창남순환로 223,126.7487836,37.4248247
경기도 평택시 상서재로 55,127.1002935,37.0194478
인천광역시 서구 중봉대로586번길 9-4,126.6509377,37.5320873
인천광역시 부평구 안남로222번길 27,126.7103915,37.5032431
인천광역시 남동구 장승남로 51,126.7379043,37.4436308
인천광역시 연수구 랜드마크로 110,126.6158217,37.4148818
경기도 김포시 김포한강2로 110,126.6716258,37.6394066
서울특별시 은평구 갈현로 25,126.9100701,37.6000882
강원특별자치도 춘천시 우두1길 70,127.7362222,37.9087746
강원특별자치도 춘천시 우두1길 70,127.7362222,37.9087746
"강원 횡성군 횡성읍 횡성로 361-3,",127.9833781,37.4856009
"경기 부천시 원미구 소향로 239,",126.7743534,37.5008336
경기도 파주시 운정1길 62-3,126.7669067,37.7240631
인천광역시 연수구 컨벤시아대로 69,126.6509581,37.3957086
서울특별시 동대문구 이문로 116,127.0608288,37.5969511
"강원 횡성군 횡성읍 횡성로 361-3,",127.9833781,37.4856009
"경기 부천시 원미구 소향로 239,",126.7743534,37.5008336
서울특별시양천구곰달래로43,126.8373566,37.5300963
경기도 화성시 병점3로 27,127.0366144,37.2081356
인천광역시 부평구 동암남로 5,126.7041266,37.4711341
경기도 수원시 장안구 수성로261번길 5,127.0007314,37.2901885
경기도 광주시 오포읍 회안대로71번길 5,127.2449703,37.3612021
경기도 시흥시 봉우재로69번길 30,126.7441593,37.3498899
"경기 부천시 소사로 124,",126.7968739,37.469592
경기도 안양시 동안구 귀인로 108,126.9518175,37.3820529
경기도 고양시 일산동구 일산로 204,126.7903585,37.6546405
경기도 안양시 만안구 안양로 314,126.9207552,37.400092
강원특별자치도 강릉시 강릉대로 436,128.9118599,37.7721175
경기도 수원시 권선구 세권로43번길 26-6,127.0100932,37.2599728
경기도 화성시 봉담읍 와우로 20,126.9689328,37.2153602
서울특별시 용산구 한강대로 115,126.9684261,37.5302778
서울특별시 송파구 올림픽로 119,127.0841992,37.512085
경기도 평택시 평택1로 11,127.0868641,36.9931494
서울특별시 광진구 광나루로56길 85,127.0957117,37.5357272
경기도안성시죽산면죽주로257,127.3959314,37.0749566
서울특별시 마포구 독막로 61,126.920403,37.5479954
경기도 화성시 만세구 꽃내음1길 19-18,126.8184341,37.2837784
경기도 고양시 일산서구 하이파크2로 40,126.753566,37.6990733
경기도 안양시 만안구 안양로320번길 17,126.9207941,37.4013178
"서울 강북구 도봉로 41-1,",127.0297656,37.6127202
서울특별시 관악구 봉천로 608-1,126.9647219,37.4757322
강원특별자치도 춘천시 안마산로 213,127.7377614,37.8499412
인천광역시 계양구 장제로 672,126.7337616,37.5277605
인천광역시 미추홀구 인하로 258,126.6768025,37.4480623
경기도 성남시 수정구 위례동로 153,127.1499928,37.473606
경기도 평택시 지산천로 40,127.0627124,37.0826498
서울특별시 은평구 수색로 200,126.9019045,37.5800908
강원 춘천시 안마산로 352,127.7492358,37.850633
서울특별시 양천구 화곡로13길 19,126.8333779,37.5407523
경기도 성남시 수정구 수정로 122,127.133893,37.4413121
인천광역시 미추홀구 매소홀로562번길 5-44,126.6858262,37.4380714
경기도 남양주시 미금로19번길 9,127.1517861,37.6058393
인천광역시 부평구 체육관로 30,126.7348139,37.5083187
서울특별시 구로구 새말로 97,126.8902727,37.5071154
경기도 오산시 죽담1로 29,127.0521837,37.1603768
경기도 수원시 장안구 수성로261번길 62,126.9993155,37.2923571
경기도 성남시 중원구 산성대로 지하204-5,127.140863,37.4375785
경기도 수원시 영통구 봉영로 1612,127.0750169,37.2544875
서울특별시 동대문구 이문로 120,127.0638824,37.5972637
경기도 파주시 경의로1240번길 31,126.7627426,37.7282181
경기도 시흥시 배곧1로 27-16,126.7146848,37.3627646
서울특별시 양천구 목동동로8길 15-1,126.8710711,37.5173945
경기도 성남시 중원구 금빛로 96,127.1661803,37.4503838
강원특별자치도 원주시 동부순환로 6,127.9694022,37.3177685
경기도 용인시 처인구 남사읍 한숲로 60,127.1715706,37.1532606
인천광역시 남동구 서창남순환로 222,126.7495065,37.4241565
서울특별시 용산구 한강대로 282,126.9727483,37.5434617
경기도 파주시 책향기로 836,126.7637577,37.7292559
경기도 김포시 중봉로 1,126.6974129,37.6225661
경기도 부천시 원미구 부일로221번길 26,126.7551118,37.4895137
경기도 안산시 상록구 해양1로 199,126.8283514,37.2820028
경기도 김포시 고촌읍 수기로 136,126.7596811,37.5939542
경기도 의왕시 부곡중앙남5길 43,126.9522539,37.3189911
경기도 의왕시 부곡중앙남5길 43,126.9522539,37.3189911
경기도 파주시 책향기로 836,126.7637577,37.7292559
경기도 김포시 중봉로 1,126.6974129,37.6225661
경기도 시흥시 배곧1로 27-16,126.7146848,37.3627646
경기도 김포시 고촌읍 수기로 136,126.7596811,37.5939542
서울특별시 양천구 목동동로8길 15-1,126.8710711,37.5173945
경기도 부천시 원미구 부일로221번길 26,126.7551118,37.4895137
경기도 시흥시 중심상가3길 9,126.7371846,37.3451482
서울특별시 용산구 한강대로 282,126.9727483,37.5434617
경기도 수원시 영통구 봉영로 1612,127.0750169,37.2544875
경기도 용인시 처인구 남사읍 한숲로 60,127.1715706,37.1532606
서울특별시 동대문구 이문로 120,127.0638824,37.5972637
강원특별자치도 원주시 동부순환로 6,127.9694022,37.3177685
경기도 시흥시 중심상가3길 9,126.7371846,37.3451482
경기도 시흥시 중심상가3길 9,126.7371846,37.3451482
경기도 파주시 경의로1240번길 31,126.7627426,37.7282181
경기도 성남시 중원구 산성대로 지하204-5,127.140863,37.4375785
경기도 수원시 장안구 수성로261번길 62,126.9993155,37.2923571
경기도 성남시 중원구 금빛로 96,127.1661803,37.4503838
서울특별시 구로구 새말로 97,126.8902727,37.5071154
경기도 오산시 죽담1로 29,127.0521837,37.1603768
경기도 안산시 상록구 해양1로 199,126.8283514,37.2820028
인천광역시 부평구 체육관로 30,126.7348139,37.5083187
경기도 안산시 상록구 해양1로 199,126.8283514,37.2820028
서울특별시 양천구 화곡로13길 19,126.8333779,37.5407523
경기도 성남시 수정구 수정로 122,127.133893,37.4413121
인천광역시 미추홀구 매소홀로562번길 5-44,126.6858262,37.4380714
경기도 성남시 중원구 금빛로 96,127.1661803,37.4503838
경기도 남양주시 미금로19번길 9,127.1517861,37.6058393
인천광역시 남동구 서창남순환로 222,126.7495065,37.4241565
인천광역시 남동구 서창남순환로 222,126.7495065,37.4241565
인천광역시 계양구 장제로 672,126.7337616,37.5277605
인천광역시 미추홀구 인하로 258,126.6768025,37.4480623
경기도 김포시 고촌읍 수기로 136,126.7596811,37.5939542
경기도 성남시 수정구 위례동로 153,127.1499928,37.473606
경기도 평택시 지산천로 40,127.0627124,37.0826498
강원특별자치도 원주시 동부순환로 6,127.9694022,37.3177685
인천광역시 남동구 서창남순환로 222,126.7495065,37.4241565
서울특별시 은평구 수색로 200,126.9019045,37.5800908
강원 춘천시 안마산로 352,127.7492358,37.850633
서울특별시 관악구 봉천로 608-1,126.9647219,37.4757322
경기도 의왕시 부곡중앙남5길 43,126.9522539,37.3189911
경기도 수원시 장안구 수성로261번길 62,126.9993155,37.2923571
경기도 용인시 처인구 남사읍 한숲로 60,127.1715706,37.1532606
경기도 부천시 원미구 부일로221번길 26,126.7551118,37.4895137
경기도 파주시 경의로1240번길 31,126.7627426,37.7282181
강원특별자치도 춘천시 안마산로 213,127.7377614,37.8499412
경기도 여주시 세종로 7,127.637321,37.2969958
강원정선군정선읍봉양6길37,128.6632569,37.3809455
인천광역시 부평구 길주남로 154,126.7388738,37.5036498
강원원주시시청로49412,127.9388065,37.3283537
경기도 파주시 미래로 371,126.745857,37.7110829
경기도 안산시 단원구 라성로 48,126.8012452,37.3280189
서울특별시 양천구 남부순환로 356,126.8283945,37.5352608
경기도 구리시 장자대로 72,127.1384666,37.5872264
서울특별시 광진구 광나루로56길 85,127.0957117,37.5357272
경기도 안양시 만안구 안양로 483,126.9094719,37.4125762
경기도 고양시 일산동구 월드고양로 21,126.7495617,37.661342
인천광역시남동구논고개로77,126.7262619,37.398436
경기도 시흥시 은계번영길 1,126.8016174,37.4365811
경기도 성남시 분당구 성남대로171번길 8,127.1073572,37.3519358
서울특별시 동작구 동작대로 89,126.9816502,37.4846375
서울특별시 관악구 남부순환로 1740,126.9433349,37.4819042
강원 홍천군 홍천읍 번영로 37-1,127.8845041,37.6901155
서울특별시 구로구 새말로 97,126.8902727,37.5071154
서울특별시 강북구 삼양로27길 56,127.0181524,37.6190124
인천광역시 남동구 앵고개로847번길 80-9,126.7235029,37.3992983
경기도 안양시 동안구 달안로 112,126.9553099,37.3972757
경기도 시흥시 배곧3로 27-7,126.7246843,37.3762263
,,
경기도 광명시 소하로76번길 7,126.88283,37.4479099
인천광역시 남동구 장승남로 48,126.7376297,37.4431593
경기도 화성시 동탄순환대로 697,127.1102628,37.2068734
서울특별시 서초구 방배로13길 18,126.9951836,37.4830414
"경기 남양주시 다산중앙로 132,",127.1533304,37.625466
경기도 양주시 옥정동로7다길 54,127.0928244,37.8198531
경기도 고양시 일산동구 강송로 181,126.7831404,37.6545843
강원 화천군 화천읍 중앙로 38,127.7078399,38.1032341
서울특별시 강서구 공항대로 557,126.8680678,37.5499561
경기도 김포시 김포한강8로 400,126.6242764,37.6431166
서울특별시 강동구 상일로 21,127.1729489,37.5489532
경기도 용인시 처인구 포곡읍 포곡로 97-4,127.2160556,37.2692561
인천광역시 부평구 경원대로 1395,126.7244624,37.4918447
인천광역시 동구 샛골로73번길 4,126.6417086,37.4694959
강원화천군화천읍중앙로37,127.7079303,38.1034416
인천광역시 미추홀구 낙섬서로 46,126.6360681,37.4532936
서울특별시 강서구 곰달래로49길 15,126.8576532,37.5323578
경기도 이천시 부발읍 무촌로 134-4,127.4884774,37.2837856
인천광역시 부평구 장제로 145,126.7296587,37.4988386
경기도 오산시 대원로 65,127.0758713,37.1465697
서울특별시 강서구 공항대로 140,126.8228251,37.5591727
서울특별시 노원구 상계로 193-14,127.0743391,37.6626711
서울특별시 관악구 은천로 23,126.9379231,37.486406
경기도 부천시 역곡로 18-1,126.8112953,37.4869388
"경기 양주시 옥정동로7가길 30,",127.094081,37.8201962
경기도 의정부시 신흥로 316,127.0433653,37.7445339
경기도 안산시 단원구 광덕대로 146,126.8306784,37.3094272
강원특별자치도 강릉시 선수촌로63번길 14-11,128.8688146,37.7573327
강원특별자치도 강릉시 선수촌로63번길 14-11,128.8688146,37.7573327
경기도 양주시 옥정로 218,127.0921515,37.8210102
경기도 양주시 옥정로 218,127.0921515,37.8210102
서울특별시 관악구 은천로 23,126.9379231,37.486406
경기도 시흥시 중심상가로 178,126.7348505,37.3450241
"경기 양주시 옥정동로7가길 30,",127.094081,37.8201962
경기도 의정부시 신흥로 316,127.0433653,37.7445339
경기도 안산시 단원구 광덕대로 146,126.8306784,37.3094272
서울특별시 노원구 상계로 193-14,127.0743391,37.6626711
경기도 시흥시 중심상가로 178,126.7348505,37.3450241
서울특별시 강서구 공항대로 140,126.8228251,37.5591727
서울특별시 강서구 곰달래로49길 15,126.8576532,37.5323578
경기도 이천시 부발읍 무촌로 134-4,127.4884774,37.2837856
인천광역시 부평구 경원대로 1395,126.7244624,37.4918447
인천광역시 동구 샛골로73번길 4,126.6417086,37.4694959
경기도 시흥시 중심상가로 178,126.7348505,37.3450241
강원화천군화천읍중앙로37,127.7079303,38.1034416
인천광역시 미추홀구 낙섬서로 46,126.6360681,37.4532936
서울특별시 강동구 상일로 21,127.1729489,37.5489532
인천광역시 부평구 장제로 145,126.7296587,37.4988386
경기도 부천시 역곡로 18-1,126.8112953,37.4869388
경기도 용인시 처인구 포곡읍 포곡로 97-4,127.2160556,37.2692561
경기도 양주시 옥정로 218,127.0921515,37.8210102
경기도 오산시 대원로 65,127.0758713,37.1465697
인천광역시 부평구 장제로 145,126.7296587,37.4988386
경기도 양주시 옥정동로7다길 54,127.0928244,37.8198531
경기도 고양시 일산동구 강송로 181,126.7831404,37.6545843
경기도 부천시 역곡로 18-1,126.8112953,37.4869388
경기도 부천시 역곡로 18-1,126.8112953,37.4869388
강원 화천군 화천읍 중앙로 38,127.7078399,38.1032341
경기도 시흥시 중심상가로 178,126.7348505,37.3450241
서울특별시 강서구 공항대로 557,126.8680678,37.5499561
경기도 김포시 김포한강8로 400,126.6242764,37.6431166
경기도 오산시 대원로 65,127.0758713,37.1465697
서울특별시 노원구 상계로 193-14,127.0743391,37.6626711
경기도 광명시 소하로76번길 7,126.88283,37.4479099
인천광역시 남동구 장승남로 48,126.7376297,37.4431593
경기도 화성시 동탄순환대로 697,127.1102628,37.2068734
서울특별시 서초구 방배로13길 18,126.9951836,37.4830414
"경기 남양주시 다산중앙로 132,",127.1533304,37.625466
서울특별시 성동구 장터길 43-1,127.0208337,37.5483844
인천광역시 서구 승학로 494,126.6745183,37.5651873
서울특별시 양천구 목동중앙남로 23-1,126.8675869,37.5361117
강원 강릉시 하평길 38,128.9126877,37.770201
서울특별시 성동구 왕십리광장로 17,127.0384274,37.5592604
경기도 파주시 새꽃로 192,126.7737994,37.7648779
인천광역시 부평구 부영로189번길 36,126.7139002,37.5024254
서울특별시 강서구 화곡로 286,126.8482198,37.5498362
경기도 남양주시 별내면 청학로68번길 7,127.1192754,37.7080666
경기도 화성시 수노을중앙로 118,126.8169381,37.2856918
인천광역시 연수구 랜드마크로 20,126.6251713,37.4157027
경기도 안산시 상록구 용신로 381,126.8643963,37.3019433
경기도 수원시 장안구 이목로 17,126.9833344,37.3107741
경기도 연천군 전곡읍 전곡로 174,127.0676362,38.0276047
인천광역시 연수구 앵고개로 242,126.6708428,37.4086654
서울특별시 금천구 가산디지털2로 169-23,126.8767441,37.4822901
경기도 용인시 처인구 금령로99번길 1,127.2071052,37.2357207
경기도 고양시 일산동구 중산로 244,126.7808794,37.6937366
인천광역시 부평구 장제로 45,126.7271318,37.4898012
"인천 부평구 부흥로243번길 12,",126.7190964,37.4994814
경기도 안양시 만안구 만안로 지하231,126.9213886,37.3976649
서울특별시 성동구 용답중앙15길 18,127.0542824,37.5648038
경기도 화성시 만세구 꽃내음1길 21,126.8178545,37.284061
서울특별시 구로구 구로동로 131-1,126.8838829,37.490359
서울특별시 관악구 조원로6길 16,126.9047538,37.4828594
경기도 부천시 소사구 소사로 250,126.7957692,37.4806725
강원 원주시 문막읍 건등로 10-19,127.8193718,37.3108762
경기도 평택시 영신2길 13,127.0827618,37.0213591
경기도 고양시 덕양구 화중로 60,126.8308021,37.6324148
서울특별시 동작구 상도로 250,126.9462386,37.5045915
경기도 안산시 단원구 중앙대로 921,126.8389077,37.3171312
인천광역시 부평구 경원대로 1252,126.7093476,37.4883288
인천광역시 서구 청라커낼로 300,126.6470159,37.5349887
경기도 포천시 소흘읍 태봉로 138,127.1399455,37.8300006
서울특별시 강서구 강서로 33,126.8470761,37.5307773
경기도 성남시 중원구 산성대로 490,127.1620264,37.4549769
서울특별시 송파구 오금로 396,127.1342344,37.4979554
서울특별시 송파구 올림픽로 119,127.0841992,37.512085
서울특별시 광진구 능동로 377,127.0825117,37.5630532
경기도 화성시 동탄순환대로 702,127.1109665,37.2073833
강원 속초시 조양로 181,128.5798166,38.1869034
서울특별시 중랑구 중랑역로 184,127.0763532,37.6098593
경기도 고양시 덕양구 충경로 44,126.8344682,37.6152958
서울특별시 송파구 올림픽로 145,127.0870623,37.5119811
경기도 성남시 분당구 불정로376번길 31,127.138966,37.3723091
서울특별시 성북구 길음로 11,127.0234488,37.6037929
경기도 의정부시 청사로 49,127.0694856,37.752672
경기도 이천시 이섭대천로 1374-1,127.454542,37.2902752
서울특별시 서초구 효령로 304,127.0178205,37.4847365
서울특별시 영등포구 국제금융로8길 19,126.9291441,37.5207646
인천광역시 미추홀구 매소홀로 473,126.6746996,37.4397853
경기도 하남시 미사강변대로 228,127.1839923,37.5698893
경기도 의왕시 내손순환로 4,126.9746115,37.3881457
서울특별시 구로구 구로중앙로 216,126.8774863,37.5052286
서울특별시 서초구 효령로 304,127.0178205,37.4847365
서울특별시 영등포구 국제금융로8길 19,126.9291441,37.5207646
인천광역시 미추홀구 매소홀로 473,126.6746996,37.4397853
경기도 김포시 걸포2로 45,126.7028522,37.6341859
경기도 이천시 이섭대천로 1374-1,127.454542,37.2902752
경기도 의왕시 내손순환로 4,126.9746115,37.3881457
서울특별시 구로구 구로중앙로 216,126.8774863,37.5052286
경기도 고양시 덕양구 충경로 44,126.8344682,37.6152958
경기도 성남시 분당구 불정로376번길 31,127.138966,37.3723091
경기도 의정부시 청사로 49,127.0694856,37.752672
경기도 김포시 걸포2로 45,126.7028522,37.6341859
서울특별시 광진구 능동로 377,127.0825117,37.5630532
경기도 화성시 동탄순환대로 702,127.1109665,37.2073833
서울특별시 송파구 올림픽로 145,127.0870623,37.5119811
강원 속초시 조양로 181,128.5798166,38.1869034
서울특별시 중랑구 중랑역로 184,127.0763532,37.6098593
경기도 하남시 미사강변대로 228,127.1839923,37.5698893
서울특별시 성북구 길음로 11,127.0234488,37.6037929
경기도 성남시 중원구 산성대로 490,127.1620264,37.4549769
서울특별시 송파구 오금로 396,127.1342344,37.4979554
경기도 김포시 걸포2로 45,126.7028522,37.6341859
서울특별시 송파구 올림픽로 119,127.0841992,37.512085
인천광역시 부평구 경원대로 1252,126.7093476,37.4883288
인천광역시 서구 청라커낼로 300,126.6470159,37.5349887
경기도 포천시 소흘읍 태봉로 138,127.1399455,37.8300006
경기도 하남시 미사강변대로 228,127.1839923,37.5698893
서울특별시 구로구 구로중앙로 216,126.8774863,37.5052286
서울특별시 구로구 구로중앙로 216,126.8774863,37.5052286
경기도 고양시 덕양구 화중로 60,126.8308021,37.6324148
서울특별시 동작구 상도로 250,126.9462386,37.5045915
서울특별시 강서구 강서로 33,126.8470761,37.5307773
서울특별시 성북구 길음로 11,127.0234488,37.6037929
경기도 안산시 단원구 중앙대로 921,126.8389077,37.3171312
경기도 의왕시 내손순환로 4,126.9746115,37.3881457
서울특별시 구로구 구로동로 131-1,126.8838829,37.490359
경기도 이천시 이섭대천로 1374-1,127.454542,37.2902752
서울특별시 관악구 조원로6길 16,126.9047538,37.4828594
서울특별시 송파구 올림픽로 145,127.0870623,37.5119811
서울특별시 강서구 강서로 33,126.8470761,37.5307773
서울특별시 강서구 강서로 33,126.8470761,37.5307773
경기도 부천시 소사구 소사로 250,126.7957692,37.4806725
강원 원주시 문막읍 건등로 10-19,127.8193718,37.3108762
경기도 평택시 영신2길 13,127.0827618,37.0213591
경기도용인시기흥구죽전로23,127.1111906,37.3206881
경기도 수원시 팔달구 인계로 154,127.0343067,37.2663091
경기도 광주시 고불로 94,127.2280482,37.3931714
경기도 용인시 기흥구 서천로127번길 4,127.0721737,37.2362993
경기도 안산시 단원구 선부광장북로 36,126.8113865,37.338204
경기도 평택시 평택로32번길 3,127.0881943,36.9908888
서울특별시노원구중계로201,127.0777883,37.6504711
경기도 용인시 기흥구 동백죽전대로 444,127.1516212,37.2780841
서울특별시은평구통일로1034,126.9182828,37.638232
서울특별시 은평구 은평로 101,126.9190405,37.5999905
서울특별시 강북구 솔샘로 254,127.0207881,37.6192866
인천광역시 계양구 안남로 568,126.7103324,37.5336249
경기도김포시김포한강1로57,126.6682308,37.6436211
경기도 파주시 금빛로 24,126.766886,37.7519847
경기도이천시향교로82번길58,127.4462581,37.2818114
인천광역시 계양구 장제로 877,126.7386124,37.5453824
경기도 부천시 오정구 역곡로 485,126.8158505,37.5278553
경기도 수원시 장안구 창룡대로 181-4,127.030058,37.292532
"서울 관악구 남부순환로 1652,",126.9343197,37.4845534
서울특별시 송파구 삼전로 66,127.0886013,37.5044872
서울특별시 노원구 중계로14길 29,127.0819099,37.6498275
서울특별시 광진구 광나루로56길 85,127.0957117,37.5357272
경기도 성남시 분당구 양현로94번길 7,127.1254171,37.3917901
경기도 의정부시 행복로 33,127.0498012,37.7416937
서울특별시 성동구 성수일로8길 30,127.053821,37.5457971
서울특별시 송파구 백제고분로33길 9,127.0985989,37.5035998
인천광역시 부평구 마장로 470,126.7048768,37.5200048
경기도 광주시 경안로 13,127.2591333,37.40986
경기도 안성시 공도읍 공도로 109,127.1729488,37.000611
강원 원주시 현충로 243,127.9505451,37.3753969
경기도 용인시 기흥구 사은로126번길 2,127.1184165,37.2554944
서울특별시 은평구 진흥로 114,126.9234066,37.6066349
서울특별시 성북구 보국문로 48,127.0100895,37.6085832
서울특별시 성동구 왕십리광장로 17,127.0384274,37.5592604
인천광역시 중구 하늘중앙로195번길 14,126.5607953,37.4893244
경기도 평택시 용죽3로 16,127.125698,36.9933517
인천광역시 계양구 경명대로 1071,126.7262273,37.5436996
서울특별시 은평구 서오릉로 200,126.911645,37.6140235
인천광역시 계양구 계양대로 32,126.722885,37.5266883
경기도 부천시 원미구 상일로 96,126.7528884,37.4913013
경기도 시흥시 옥구천동로 422,126.7315819,37.3581805
인천광역시 서구 검단로623번길 7,126.6699215,37.6097985
인천광역시 부평구 동수로 121,126.732051,37.4850967
경기도 화성시 동부대로 1062,127.0888936,37.1964114
인천광역시 서구 청라에메랄드로 99,126.6557301,37.5336106
경기도 포천시 중앙로 143-1,127.204524,37.8989219
서울특별시 영등포구 디지털로51길 10,126.9011094,37.4908268
경기도 용인시 수지구 수지로 119,127.0790046,37.3130171
경기도 안성시 공도읍 서동대로 3874,127.1376608,36.9934842
서울특별시 마포구 토정로31길 23,126.9417473,37.5423139
경기도 평택시 비전5로 20-24,127.114164,36.9988712
서울특별시 노원구 마들로 31,127.0694311,37.6163645
경기도 용인시 처인구 금령로 109,127.2083903,37.2356842
서울특별시 서대문구 연희로 119,126.9318924,37.5684002
경기도 시흥시 서울대학로278번길 61,126.7306797,37.3681814
서울특별시 도봉구 도봉로 504,127.0361115,37.650201
경기도 고양시 덕양구 삼송로 8,126.8749626,37.6497924
경기도 의정부시 비우로92번길 6,127.0368366,37.758005
경기도 남양주시 진접읍 부마로 4,127.2010814,37.7448255
경기도 수원시 장안구 금당로 42,127.0157689,37.3028755
인천광역시 서구 검단로768번1길 4,126.6859894,37.6132041
경기도 용인시 기흥구 죽전로 6,127.1093906,37.3202511
서울특별시 성동구 장터길 36-1,127.0199303,37.5482328
서울특별시 중랑구 숙선옹주로 45,127.0826218,37.6168101
강원특별자치도 원주시 혁신로 35,127.9781443,37.3243215
경기도 성남시 분당구 성남대로925번길 16,127.1272932,37.4130962
경기도 여주시 우암로 50,127.6310589,37.2950841
경기도 김포시 유현로 233,126.7305172,37.6116373
서울특별시 은평구 응암로 247,126.9178561,37.594195
인천광역시 부평구 육동로 24,126.7251725,37.4873202
서울특별시 관악구 관악로 212,126.9551942,37.4836316
경기도 파주시 와석순환로 507,126.7619069,37.7245873
서울특별시 양천구 오목로 326,126.8735887,37.5245007
경기도 성남시 분당구 성남대로925번길 16,127.1272932,37.4130962
경기도 여주시 우암로 50,127.6310589,37.2950841
경기도 성남시 분당구 판교역로 136,127.1104453,37.3924803
서울특별시 관악구 관악로 212,126.9551942,37.4836316
경기도 파주시 와석순환로 507,126.7619069,37.7245873
인천광역시 서구 검단로768번1길 4,126.6859894,37.6132041
경기도 용인시 기흥구 죽전로 6,127.1093906,37.3202511
서울특별시 성동구 장터길 36-1,127.0199303,37.5482328
인천광역시 부평구 육동로 24,126.7251725,37.4873202
인천광역시 부평구 동수로 36,126.7222924,37.4838112
인천광역시 부평구 동수로 36,126.7222924,37.4838112
경기도 고양시 덕양구 삼송로 8,126.8749626,37.6497924
서울특별시 양천구 오목로 326,126.8735887,37.5245007
경기도 의정부시 비우로92번길 6,127.0368366,37.758005
경기도 남양주시 진접읍 부마로 4,127.2010814,37.7448255
서울특별시 중랑구 숙선옹주로 45,127.0826218,37.6168101
경기도 김포시 유현로 233,126.7305172,37.6116373
경기도 수원시 장안구 금당로 42,127.0157689,37.3028755
인천광역시 서구 가정로 406,126.6748598,37.521609
서울특별시 노원구 마들로 31,127.0694311,37.6163645
서울특별시 서대문구 연희로 119,126.9318924,37.5684002
경기도 성남시 분당구 판교역로 136,127.1104453,37.3924803
경기도 시흥시 서울대학로278번길 61,126.7306797,37.3681814
인천광역시 서구 가정로 406,126.6748598,37.521609
서울특별시 도봉구 도봉로 504,127.0361115,37.650201
강원특별자치도 원주시 혁신로 35,127.9781443,37.3243215
경기도 포천시 중앙로 143-1,127.204524,37.8989219
서울특별시 영등포구 디지털로51길 10,126.9011094,37.4908268
경기도 용인시 수지구 수지로 119,127.0790046,37.3130171
경기도 안성시 공도읍 서동대로 3874,127.1376608,36.9934842
경기도 용인시 처인구 금령로 109,127.2083903,37.2356842
서울특별시 은평구 응암로 247,126.9178561,37.594195
서울특별시 은평구 응암로 247,126.9178561,37.594195
경기도 성남시 분당구 판교역로 136,127.1104453,37.3924803
경기도 시흥시 옥구천동로 422,126.7315819,37.3581805
인천광역시 서구 검단로623번길 7,126.6699215,37.6097985
인천광역시 부평구 동수로 121,126.732051,37.4850967
경기도 화성시 동부대로 1062,127.0888936,37.1964114
서울특별시 마포구 토정로31길 23,126.9417473,37.5423139
인천광역시 서구 청라에메랄드로 99,126.6557301,37.5336106
경기도 평택시 비전5로 20-24,127.114164,36.9988712
인천광역시 서구 가정로 406,126.6748598,37.521609
인천광역시 서구 가정로 406,126.6748598,37.521609
인천광역시 부평구 동수로 36,126.7222924,37.4838112
서울특별시 양천구 오목로 326,126.8735887,37.5245007
인천광역시 중구 하늘중앙로195번길 14,126.5607953,37.4893244
경기도 평택시 용죽3로 16,127.125698,36.9933517
인천광역시 계양구 경명대로 1071,126.7262273,37.5436996
서울특별시 은평구 서오릉로 200,126.911645,37.6140235
인천광역시 계양구 계양대로 32,126.722885,37.5266883
경기도 김포시 유현로 233,126.7305172,37.6116373
강원특별자치도 원주시 혁신로 35,127.9781443,37.3243215
서울특별시 양천구 오목로 326,126.8735887,37.5245007
경기도 광주시 경안로 13,127.2591333,37.40986
경기도 안성시 공도읍 공도로 109,127.1729488,37.000611
강원 원주시 현충로 243,127.9505451,37.3753969
경기도 용인시 기흥구 사은로126번길 2,127.1184165,37.2554944
경기도 용인시 처인구 금령로 109,127.2083903,37.2356842
서울특별시 은평구 진흥로 114,126.9234066,37.6066349
서울특별시 마포구 토정로31길 23,126.9417473,37.5423139
서울특별시 중랑구 숙선옹주로 45,127.0826218,37.6168101
서울특별시 성북구 보국문로 48,127.0100895,37.6085832
서울특별시 성동구 왕십리광장로 17,127.0384274,37.5592604
인천광역시 부평구 육동로 24,126.7251725,37.4873202
경기도 평택시 비전5로 20-24,127.114164,36.9988712
경기도 부천시 원미구 상일로 96,126.7528884,37.4913013
경기도 부천시 원미구 상일로 96,126.7528884,37.4913013
서울특별시 마포구 월드컵로13길 62,126.9067157,37.5553391
인천광역시 중구 참외전로 지하125,126.631728,37.4750031
서울특별시 종로구 사직로8길 4,126.968925,37.5745592
서울특별시 양천구 중앙로 276,126.8528854,37.5208324
경기도 수원시 권선구 금곡로212번길 13,126.9542357,37.2736485
서울특별시 영등포구 여의대방로62길 4,126.9270039,37.5138071
서울특별시 구로구 새말로 97,126.8902727,37.5071154
서울특별시 성북구 돌곶이로40길 46,127.0495293,37.6190351
경기도 수원시 영통구 영통로153번길 98,127.0499414,37.2414124
인천광역시 연수구 랜드마크로 110,126.6158217,37.4148818
경기도 수원시 영통구 매여울로67번길 48,127.0426245,37.2745405
경기도 용인시 수지구 현암로 81,127.1183613,37.331744
경기도부천시원미로131,126.7912286,37.4944209
인천광역시계양구효서로341,126.7342423,37.5280991
경기도 화성시 동탄지성로 148,127.0595831,37.2101403
경기도 안산시 단원구 사세충열로 1,126.8297933,37.3352338
인천광역시 미추홀구 매소홀로 284,126.6538591,37.4437485
서울특별시 마포구 큰우물로 75,126.9462893,37.5412012
경기도 화성시 동탄대로시범길 134,127.1140256,37.1991521
서울특별시 송파구 올림픽로 119,127.0841992,37.512085
경기도 김포시 통진읍 조강로 66,126.5989862,37.6913463
인천광역시 서구 완정로 70,126.6674726,37.5978776
인천광역시 서구 검단로 842,126.6909119,37.6186288
"인천 남동구 청능대로 596,",126.7255824,37.4005461
"경기 화성시 동탄대로 636-14,",127.0997315,37.2104883
서울특별시 강서구 강서로 433,126.8396536,37.5643941
경기도 의왕시 시청중심1길 19,126.9719469,37.3450876
경기도 안양시 만안구 관악대로 54,126.9304393,37.3965757
"서울 구로구 새말로 97,",126.8902727,37.5071154
경기도 화성시 봉담읍 매봉로 443,126.947373,37.2239291
서울특별시 강동구 천호대로 1024,127.1257304,37.5376562
서울특별시 성동구 왕십리광장로 17,127.0384274,37.5592604
서울특별시 강남구 영동대로 513,127.0593412,37.5117365
서울특별시 강동구 양재대로138길 32,127.1457596,37.5494624
강원특별자치도 속초시 중앙로 162,128.5923603,38.2050313
인천광역시 남동구 만수서로 56,126.732213,37.4614554
서울특별시 중랑구 양원역로10길 25,127.1072525,37.6068984
서울특별시 영등포구 신길로 36-1,126.908646,37.4958885
인천광역시 서구 고산후로 222,126.6989133,37.6034182
인천광역시 남구 학익소로63번길 5,126.670815,37.4421925
강원 횡성군 횡성로 401,127.9857521,37.4891245
서울특별시 노원구 초안산로2라길 26,127.0578226,37.6305808
강원 삼척시 중앙로 231,129.1674913,37.4439274
경기도 화성시 장조2로 12,126.9994006,37.2040965
경기도 오산시 경기대로 271,127.0730556,37.1494583
인천광역시 부평구 안남로 261,126.7083867,37.5060414
서울특별시 중랑구 사가정로 397,127.088917,37.5808173
경기도 고양시 덕양구 화중로 100,126.8314689,37.6361336
경기도 평택시 비전4로 47,127.1145717,37.0024607
서울특별시 송파구 올림픽로37길 130,127.104432,37.5208813
경기도 남양주시 진접읍 해밀예당3로 130,127.1957672,37.7210563
서울특별시 영등포구 여의대방로 145,126.9199944,37.5002096
경기도 이천시 어재연로 42-2,127.4460117,37.2800441
경기도 안산시 상록구 장화2길 7,126.8484193,37.2837766
경기도 시흥시 도일로123번길 4,126.7838391,37.3417535
강원특별자치도 원주시 행구로 11,127.957023,37.3414548
경기도 의정부시 오목로 227,127.0997472,37.7463836
경기도 안양시 동안구 흥안대로492번길 7,126.9777462,37.397634
경기도 고양시 덕양구 충경로 27,126.8326503,37.6156562
서울특별시 강동구 풍성로54길 37,127.1334477,37.5278556
경기도 과천시 별양상가1로 25,126.9925491,37.4282709
서울특별시 강서구 양천로 87,126.8136659,37.5736145
서울특별시 서초구 서초대로 14,126.9840264,37.4853428
서울특별시 성동구 왕십리광장로 17,127.0384274,37.5592604
경기도 오산시 운천로 65,127.0743508,37.1484862
서울특별시 마포구 새창로 52,126.9540672,37.540099
경기도 김포시 양촌읍 황금로 117,126.6206854,37.6173242
경기도 광주시 경안로41번길 6,127.2563695,37.4083468
서울특별시 중구 다산로36길 30,127.016636,37.5620994
서울특별시 중구 다산로36길 30,127.016636,37.5620994
경기도 과천시 별양상가로 7,126.9929594,37.4280041
경기도 과천시 별양상가로 7,126.9929594,37.4280041
"강원 원주시 지정면 무릉로 15,",127.8747368,37.3749174
"강원 원주시 지정면 무릉로 15,",127.8747368,37.3749174
경기도 양주시 옥정동로7길 91,127.0941646,37.8217195
경기도 양주시 옥정동로7길 91,127.0941646,37.8217195
서울특별시 구로구 새말로 97,126.8902727,37.5071154
서울특별시 구로구 새말로 97,126.8902727,37.5071154
경기도 평택시 고덕로1길 8,127.0245953,37.034367
서울특별시 서초구 서초대로 14,126.9840264,37.4853428
"인천 연수구 센트럴로 160,",126.6441152,37.3925217
서울특별시 성동구 왕십리광장로 17,127.0384274,37.5592604
경기도 오산시 운천로 65,127.0743508,37.1484862
"서울 관악구 남부순환로 1588,",126.9270619,37.4836678
"서울 관악구 남부순환로 1588,",126.9270619,37.4836678
경기도 김포시 양촌읍 황금로 117,126.6206854,37.6173242
강원 동해시 한섬로 126,129.1177821,37.5215732
강원 동해시 한섬로 126,129.1177821,37.5215732
경기도 과천시 별양상가1로 25,126.9925491,37.4282709
인천 부평구 부평대로 25,126.7226099,37.4937169
경기도 평택시 비전5로 10,127.1125201,36.9991743
경기도 평택시 비전5로 10,127.1125201,36.9991743
경기도 평택시 고덕로1길 8,127.0245953,37.034367
서울특별시 강서구 양천로 87,126.8136659,37.5736145
"인천 연수구 센트럴로 160,",126.6441152,37.3925217
경기도 시흥시 도일로123번길 4,126.7838391,37.3417535
강원특별자치도 원주시 행구로 11,127.957023,37.3414548
경기도 의정부시 오목로 227,127.0997472,37.7463836
서울특별시 마포구 새창로 52,126.9540672,37.540099
경기도 안양시 동안구 흥안대로492번길 7,126.9777462,37.397634
인천 부평구 부평대로 25,126.7226099,37.4937169
서울특별시 강동구 풍성로54길 37,127.1334477,37.5278556
서울특별시 중랑구 사가정로 397,127.088917,37.5808173
"인천 연수구 센트럴로 160,",126.6441152,37.3925217
경기도 고양시 덕양구 화중로 100,126.8314689,37.6361336
경기도 평택시 비전4로 47,127.1145717,37.0024607
경기도 남양주시 진접읍 해밀예당3로 130,127.1957672,37.7210563
서울특별시 영등포구 여의대방로 145,126.9199944,37.5002096
경기도 광주시 경안로41번길 6,127.2563695,37.4083468
경기도 평택시 비전5로 10,127.1125201,36.9991743
경기도 이천시 어재연로 42-2,127.4460117,37.2800441
경기도 안산시 상록구 장화2길 7,126.8484193,37.2837766
강원 횡성군 횡성로 401,127.9857521,37.4891245
서울특별시 노원구 초안산로2라길 26,127.0578226,37.6305808
강원 삼척시 중앙로 231,129.1674913,37.4439274
경기도 화성시 장조2로 12,126.9994006,37.2040965
경기도 오산시 경기대로 271,127.0730556,37.1494583
인천 부평구 부평대로 25,126.7226099,37.4937169
경기도 고양시 덕양구 충경로 27,126.8326503,37.6156562
경기도 광주시 경안로41번길 6,127.2563695,37.4083468
강원 동해시 한섬로 126,129.1177821,37.5215732
강원 동해시 한섬로 126,129.1177821,37.5215732
서울특별시 강동구 양재대로138길 32,127.1457596,37.5494624
강원특별자치도 속초시 중앙로 162,128.5923603,38.2050313
인천광역시 남동구 만수서로 56,126.732213,37.4614554
서울특별시 송파구 올림픽로37길 130,127.104432,37.5208813
서울특별시 송파구 올림픽로37길 130,127.104432,37.5208813
서울특별시 중랑구 양원역로10길 25,127.1072525,37.6068984
서울특별시 마포구 새창로 52,126.9540672,37.540099
인천광역시 부평구 안남로 261,126.7083867,37.5060414
서울특별시 영등포구 신길로 36-1,126.908646,37.4958885
인천 부평구 부평대로 25,126.7226099,37.4937169
경기도 고양시 덕양구 충경로 27,126.8326503,37.6156562
인천광역시 남구 학익소로63번길 5,126.670815,37.4421925
경기도 평택시 고덕로1길 8,127.0245953,37.034367
경기도 화성시 봉담읍 매봉로 443,126.947373,37.2239291
서울특별시 강동구 천호대로 1024,127.1257304,37.5376562
"서울 관악구 남부순환로 1588,",126.9270619,37.4836678
"서울 관악구 남부순환로 1588,",126.9270619,37.4836678
서울특별시 성동구 왕십리광장로 17,127.0384274,37.5592604
인천광역시 부평구 안남로 261,126.7083867,37.5060414
인천광역시 서구 고산후로 222,126.6989133,37.6034182
인천광역시 서구 고산후로 222,126.6989133,37.6034182
서울특별시 강남구 영동대로 513,127.0593412,37.5117365
서울특별시 성북구 종암로 100,127.0347331,37.5990742
서울특별시 중랑구 면목로 279,127.0856713,37.5777377
인천광역시 계양구 계양산로 214,126.7395858,37.547384
경기도 고양시 덕양구 백양로 47,126.8331624,37.6299965
서울특별시 강남구 일원로3길 56,127.0844837,37.4924983
경기도 시흥시 배곧4로 99,126.7342726,37.3740587
경기도 하남시 신평로 60,127.2053214,37.5388134
경기도 광명시 오리로 346,126.8797706,37.4332839
인천광역시 남구 길파로 15,126.6792918,37.4671739
경기도 안산시 상록구 샘골로 111,126.8626809,37.2937632
경기도 화성시 봉담읍 동화길 81-10,126.9586323,37.2171894
경기도 부천시 삼작로 289,126.7936848,37.5202876
경기도 안산시 상록구 해양1로 199,126.8283514,37.2820028
경기도 수원시 장안구 연무로42번길 5,127.0268299,37.2953529
경기도 화성시 봉담읍 삼봉안3길 6-5,126.9246748,37.2250227
경기도 안산시 상록구 부곡로 117,126.8630434,37.3326026
경기도 광주시 중앙로 113,127.2580482,37.4099343
강원강릉시임영로142,128.8923224,37.7539494
강원강릉시입암로148번길62,128.9168712,37.7541755
서울특별시 관악구 남부순환로 1597,126.9278789,37.4842609
경기도 용인시 기흥구 동백5로 21-11,127.1525986,37.2774063
서울특별시 용산구 한강대로 115,126.9684261,37.5302778
강원특별자치도춘천시동내면춘천순환로58,127.7490275,37.8551107
인천광역시 남동구 장승로 22,126.7351211,37.4458356
인천광역시 부평구 청중로 65,126.7046565,37.5176958
서울특별시 동대문구 이문로 120,127.0638824,37.5972637
서울특별시 서초구 동작대로 22,126.9821071,37.4784602
인천광역시 남동구 구월로 284,126.7219946,37.4554886
강원특별자치도속초시조양로181,128.5798166,38.1869034
경기도 성남시 중원구 광명로 322,127.1617308,37.445
경기도 화성시 효행로 1068,127.0438992,37.2147185
서울특별시 강서구 화곡로 142,126.8375788,37.5405685
경기도 군포시 공단로 356-54,126.9440174,37.3738199
서울특별시 광진구 천호대로102길 20,127.0737774,37.5581554
경기도 용인시 처인구 모현읍 백옥대로2476번길 25,127.2536578,37.3445962
경기도 군포시 대야1로 7,126.937273,37.36634
"경기 과천시 중앙로 131,",126.9913499,37.4283868
"서울 금천구 독산로75길 9,",126.9017589,37.4688564
서울특별시 광진구 광나루로56길 85,127.0957117,37.5357272
경기도 평택시 안중읍 안현로 304,126.9256102,36.9780754
경기도 의정부시 부용로 203,127.0793301,37.7503616
서울특별시 구로구 새말로 97,126.8902727,37.5071154
강원특별자치도춘천시세실로269,127.7544651,37.8808194
서울특별시 은평구 은평로 41,126.9125152,37.598597
서울특별시 강동구 동남로71길 20,126.97112,37.55962
경기도 고양시 덕양구 지축로 62,126.9150249,37.6495549
"서울 성동구 마장로 305,",127.0433129,37.5666616
경기도양주시광적면가래비길62,126.985644,37.8235199
인천광역시 남동구 호구포로535번길 39,126.7160566,37.429943
경기도 시흥시 오이도어시장로 19,126.6899477,37.3448057
"경기 안양시 동안구 비산로 22,",126.9325583,37.4008569
"서울 강북구 노해로 91,",127.0226068,37.6438908
서울특별시 동작구 서달로 153,126.9615845,37.5071782
경기도 파주시 해올1길 7,126.7300215,37.7338527
서울특별시 동작구 사당로17길 2,126.9746211,37.4835225
서울특별시 서대문구 증가로 124,126.9238146,37.5775264
경기도 평택시 팽성읍 부용로 36,127.0605704,36.9634953
경기도 화성시 향남읍 향남로 430-16,126.922995,37.1330693
서울특별시 서초구 청계산로 10,127.0434585,37.4630873
서울특별시 구로구 경인로 638,126.8862497,37.5068793
경기도 성남시 분당구 판교대장로6길 10,127.0683798,37.3667282
서울특별시 중구 세종대로 86-1,126.9771776,37.5638185
경기도 김포시 유현로 233,126.7305172,37.6116373
경기도 화성시 동탄순환대로10길 88,127.1304965,37.1655639
경기도 용인시 기흥구 구성로 103,127.1207431,37.2938982
강원 강릉시 하평길 37,128.9129414,37.7705234
경기도 김포시 태장로 823,126.6805791,37.6354256
서울특별시 은평구 진관3로 70,126.9219876,37.6413834
경기도 안성시 안성맞춤대로 794,127.2683388,36.9850799
경기도 의정부시 범골로63번길 13,127.0365711,37.7294677
"강원 춘천시 동면 춘천순환로 515,",127.7615201,37.8857084
경기도 평택시 평택로39번길 17-15,127.0877833,36.989561
인천광역시 계양구 경명대로 1116,126.7303948,37.5421677
서울특별시 송파구 올림픽로 119,127.0841992,37.512085
경기도 연천군 전곡읍 은전로78번길 21,127.0688687,38.0274163
경기도 안양시 만안구 양화로 37,126.9137545,37.3968381
서울특별시 도봉구 노해로63다길 13,127.0463371,37.6534377
인천광역시 서구 가남로291번길 2,126.6758938,37.5079071
서울특별시 노원구 동일로 1538,127.0579558,37.6657941
서울특별시 강동구 상암로 48,127.1286594,37.5494726
경기도 성남시 중원구 산성대로 지하204-5,127.140863,37.4375785
서울특별시 종로구 종로 19,126.9798436,37.5708427
경기도 수원시 팔달구 덕영대로 지하911,126.9984689,37.2694355
서울특별시 강남구 압구정로 162,127.0274689,37.5263276
경기도 평택시 팽성읍 송화택지로 139,127.0642906,36.9632363
경기도 용인시 처인구 명지로60번길 8-12,127.1879313,37.2318422
강원특별자치도 원주시 무실로 181,127.9395866,37.3406452
강원특별자치도 원주시 평원로 61,127.9505046,37.351049
경기도 광명시 광명로848번길 8,126.8531058,37.4746294
경기도 성남시 분당구 판교로 432,127.1217492,37.4051348
경기도 고양시 일산서구 킨텍스로 255,126.7497879,37.6688047
경기도 성남시 수정구 산성대로 255,127.1454852,37.4405225
경기도 용인시 기흥구 구갈로 55,127.1108876,37.2793531
"경기 광주시 곤지암읍 곤지암로 47,",127.3415012,37.3495781
서울특별시 송파구 송파대로 345,127.109266,37.4977427
경기도 용인시 수지구 풍덕천로 122,127.0955538,37.322498
경기도 수원시 장안구 율전로 104,126.9691624,37.2985951
경기도 남양주시 미금로 42,127.1522082,37.6085635
경기도 김포시 김포한강8로 386,126.6261844,37.6434903
경기도 성남시 수정구 산성대로 255,127.1454852,37.4405225
경기도 용인시 기흥구 구갈로 55,127.1108876,37.2793531
"경기 광주시 곤지암읍 곤지암로 47,",127.3415012,37.3495781
경기도 용인시 수지구 풍덕천로 122,127.0955538,37.322498
경기도 수원시 장안구 율전로 104,126.9691624,37.2985951
경기도 부천시 원미구 송내대로73번길 22,126.7529361,37.4904729
인천광역시 서구 이음5로 39,126.7112614,37.5946518
경기도 남양주시 미금로 42,127.1522082,37.6085635
경기도 김포시 김포한강8로 386,126.6261844,37.6434903
서울특별시 송파구 올림픽로 145,127.0870623,37.5119811
서울특별시 강남구 압구정로 162,127.0274689,37.5263276
경기도 평택시 팽성읍 송화택지로 139,127.0642906,36.9632363
경기도 용인시 처인구 명지로60번길 8-12,127.1879313,37.2318422
경기도 광명시 광명로848번길 8,126.8531058,37.4746294
경기도 부천시 원미구 송내대로73번길 22,126.7529361,37.4904729
경기도 용인시 수지구 광교중앙로 298,127.0694602,37.2965608
경기도 고양시 일산서구 킨텍스로 255,126.7497879,37.6688047
인천광역시 계양구 경명대로 1116,126.7303948,37.5421677
서울특별시 송파구 올림픽로 119,127.0841992,37.512085
경기도 안양시 만안구 양화로 37,126.9137545,37.3968381
강원특별자치도 원주시 무실로 181,127.9395866,37.3406452
강원특별자치도 원주시 평원로 61,127.9505046,37.351049
경기도 성남시 중원구 산성대로 지하204-5,127.140863,37.4375785
경기도 용인시 수지구 광교중앙로 298,127.0694602,37.2965608
서울특별시 종로구 종로 19,126.9798436,37.5708427
경기도 수원시 팔달구 덕영대로 지하911,126.9984689,37.2694355
경기도 연천군 전곡읍 은전로78번길 21,127.0688687,38.0274163
서울특별시 은평구 진관3로 70,126.9219876,37.6413834
경기도 안성시 안성맞춤대로 794,127.2683388,36.9850799
경기도 의정부시 범골로63번길 13,127.0365711,37.7294677
인천광역시 서구 가남로291번길 2,126.6758938,37.5079071
서울특별시 노원구 동일로 1538,127.0579558,37.6657941
서울특별시 송파구 송파대로 345,127.109266,37.4977427
경기도 용인시 수지구 광교중앙로 298,127.0694602,37.2965608
인천광역시 서구 이음5로 39,126.7112614,37.5946518
인천광역시 서구 이음5로 39,126.7112614,37.5946518
서울특별시 송파구 올림픽로 145,127.0870623,37.5119811
서울특별시 송파구 올림픽로 145,127.0870623,37.5119811
경기도 성남시 분당구 판교대장로6길 10,127.0683798,37.3667282
서울특별시 도봉구 노해로63다길 13,127.0463371,37.6534377
"강원 춘천시 동면 춘천순환로 515,",127.7615201,37.8857084
서울특별시 중구 세종대로 86-1,126.9771776,37.5638185
경기도 김포시 유현로 233,126.7305172,37.6116373
경기도 화성시 동탄순환대로10길 88,127.1304965,37.1655639
경기도 용인시 기흥구 구성로 103,127.1207431,37.2938982
강원 강릉시 하평길 37,128.9129414,37.7705234
서울특별시 강동구 상암로 48,127.1286594,37.5494726
경기도 성남시 분당구 판교로 432,127.1217492,37.4051348
경기도 김포시 태장로 823,126.6805791,37.6354256
경기도 평택시 평택로39번길 17-15,127.0877833,36.989561
서울특별시 동작구 서달로 153,126.9615845,37.5071782
경기도 파주시 해올1길 7,126.7300215,37.7338527
서울특별시 송파구 송파대로 345,127.109266,37.4977427
서울특별시 서대문구 증가로 124,126.9238146,37.5775264
경기도 평택시 팽성읍 부용로 36,127.0605704,36.9634953
서울특별시 강동구 상암로 48,127.1286594,37.5494726
경기도 성남시 분당구 판교로 432,127.1217492,37.4051348
경기도 화성시 향남읍 향남로 430-16,126.922995,37.1330693
경기도 부천시 원미구 송내대로73번길 22,126.7529361,37.4904729
서울특별시 서초구 청계산로 10,127.0434585,37.4630873
서울특별시 구로구 경인로 638,126.8862497,37.5068793
경기도 연천군 전곡읍 은전로78번길 21,127.0688687,38.0274163
인천광역시 남동구 호구포로535번길 39,126.7160566,37.429943
경기도 시흥시 오이도어시장로 19,126.6899477,37.3448057
서울특별시 도봉구 노해로63다길 13,127.0463371,37.6534377
서울특별시 도봉구 노해로63다길 13,127.0463371,37.6534377
강원특별자치도 원주시 무실로 181,127.9395866,37.3406452
강원특별자치도 원주시 평원로 61,127.9505046,37.351049
인천광역시 서구 가남로291번길 2,126.6758938,37.5079071
서울특별시 노원구 동일로 1538,127.0579558,37.6657941
"강원 춘천시 동면 춘천순환로 515,",127.7615201,37.8857084
서울특별시 송파구 송파대로 345,127.109266,37.4977427
서울특별시 동작구 사당로17길 2,126.9746211,37.4835225
서울특별시 동작구 사당로17길 2,126.9746211,37.4835225
경기도 성남시 분당구 판교로 432,127.1217492,37.4051348
경기도 평택시 평택로39번길 17-15,127.0877833,36.989561
"경기 안양시 동안구 비산로 22,",126.9325583,37.4008569
"서울 강북구 노해로 91,",127.0226068,37.6438908
강원원주시치악로1780,127.9559734,37.3414093
경기도 의정부시 호국로 1181,127.035166,37.7433318
경기도 안성시 중앙로367번길 3,127.2675666,37.0082074
경기도 구리시 검배로 13,127.1421934,37.5999132
경기도 화성시 동탄순환대로20길 104,127.1242902,37.1842972
인천광역시 남동구 인하로 555,126.7084078,37.4430688
인천광역시 미추홀구 신기길 1,126.6767007,37.4480701
경기도 군포시 삼성로20번길 3-3,126.9330723,37.3374718
서울특별시 서초구 동산로 14,127.0412752,37.469413
경기도 군포시 금산로 96,126.937098,37.370505
경기도파주시광탄면혜음로1119,126.8477136,37.7813102
인천광역시 부평구 마곡로 14,126.7001613,37.5127359
경기도 화성시 병점노을4로 5,127.0292315,37.2049215
경기도 고양시 덕양구 벽제관로 23,126.9019096,37.7036746
서울특별시 금천구 독산로65길 18,126.9018833,37.4642172
경기도 고양시 덕양구 신원로 40,126.8884856,37.6639764
서울특별시 마포구 독막로2길 6,126.9146271,37.5482939
인천광역시 서구 가정로 309,126.6724094,37.5124272
경기도이천시장호원읍장감로66,127.63008,37.1168568
서울특별시 강동구 구천면로34길 7,127.13166,37.5425026
경기도 용인시 기흥구 한보라2로14번길 4-10,127.1106453,37.2539315
서울특별시광진구자양로2791,127.0870866,37.5443379
인천광역시 남구 인하로 131,126.6627704,37.4497334
서울특별시 마포구 월드컵북로 396,126.8898561,37.5794825
경기도 성남시 수정구 수정로 208,127.1428131,37.4439452
경기도 김포시 풍무로146번길 26,126.7249362,37.6074955
서울특별시 송파구 위례광장로 290,127.1428578,37.4746898
경기도 용인시 기흥구 구성3로28번길 32,127.1520812,37.2963795
서울특별시 마포구 서강로 51,126.9311797,37.5477691
경기도 동두천시 중앙로 204,127.052947,37.899692
경기도 고양시 덕양구 화신로 295,126.8284792,37.6309952
경기도 군포시 산본천로 62,126.9305214,37.3605791
경기도 의정부시 세석로 24,127.1094904,37.7296536
인천광역시 서구 승학로 567,126.6826415,37.5666928
경기도 의왕시 계원대학로 2,126.9716428,37.379785
경기도 포천시 호국로 994,127.166367,37.8533464
경기도 남양주시 와부읍 덕소로97번길 65,127.2186335,37.5881807
경기도 안산시 단원구 화랑로 123,126.8017121,37.3263296
서울특별시 양천구 남부순환로40길 6,126.8280117,37.5351398
서울특별시 동대문구 한천로 196,127.0683709,37.5778547
경기도 수원시 권선구 곡반정로 160,127.0341694,37.2417444
경기도 수원시 장안구 서부로 2139,126.971666,37.2994549
경기도 용인시 기흥구 동백중앙로 175,127.1542158,37.2699298
경기도 의정부시 평화로 490,127.048165,37.7356708
인천광역시 미추홀구 주안로 지하 86,126.6801199,37.464435
서울특별시 구로구 새말로 97,126.8902727,37.5071154
경기도 평택시 함박산9길 3,127.031446,37.0392441
경기도 남양주시 화도읍 경춘로 1992,127.3092898,37.6501795
인천광역시 서구 청라커낼로 252,126.6467831,37.5309675
서울특별시 송파구 마천로 35,127.1248846,37.5093299
서울특별시 광진구 광나루로56길 85,127.0957117,37.5357272
경기도 안성시 장기로 24,127.2668076,37.0065176
서울특별시 송파구 오금로 507,127.1451903,37.4932415
경기도 하남시 미사강변동로 100-1,127.1940833,37.564201
경기도 하남시 신장로 151,127.2016261,37.5394102
"경기 화성시 병점구 동탄지성로 310,",127.0516569,37.2214309
"경기 안양시 동안구 시민대로 190,",126.9518521,37.3909196
경기도 오산시 죽담3로 12,127.0510953,37.1636841
인천광역시 남동구 논고개로 323,126.7289747,37.4190269
서울특별시 강서구 마곡중앙5로 87,126.8177751,37.5671774
서울특별시 강북구 도봉로67길 8,127.0237519,37.6308534
인천광역시 미추홀구 용정공원로 33,126.6441066,37.4481332
서울특별시 광진구 용마산로 57,127.0874988,37.5587939
서울특별시 양천구 목동남로 46,126.8647315,37.5087559
경기도 고양시 일산서구 주엽로 97,126.7545336,37.6683414
"서울 은평구 통일로 610,",126.936052,37.6014425
인천광역시 서구 청라커낼로288번길 26,126.6474586,37.5336603
서울특별시 강북구 도봉로 366,127.0279412,37.6397451
인천광역시 부평구 주부토로 231,126.7260333,37.515856
서울특별시 성동구 왕십리광장로 17,127.0384274,37.5592604
경기도 남양주시 경춘로1256번길 25,127.2364167,37.6451891
경기도 시흥시 죽율로 47,126.7612584,37.3485294
경기도 안산시 단원구 광덕대로 182,126.8309436,37.3127007
서울특별시 송파구 올림픽로 119,127.0841992,37.512085
경기도 성남시 분당구 성남대로43번길 11,127.1066667,37.3387568
경기도 여주시 세종로 69,127.6355539,37.2915296
강원 평창군 평창읍 백오로 73,128.3940347,37.3678845
경기도 안양시 만안구 박달로 522,126.9107486,37.402415
경기도 화성시 만세구 향남읍 상신하길로298번길 11,126.9110461,37.114767
경기도 고양시 덕양구 화신로272번길 58,126.8321081,37.6336622
서울특별시 강서구 마곡중앙1로 71,126.8178743,37.5573212
"인천 부평구 부흥북로 144,",126.7383746,37.5003827
경기도 파주시 문화로 79,126.775128,37.7613959
경기도 파주시 조리읍 봉천로 44-1,126.8068116,37.7438993
"경기 평택시 안중읍 송담5길 28-17,",126.9270129,36.9773672
경기도 김포시 사우중로 79,126.7205222,37.6218639
경기도 군포시 산본천로 200-1,126.9401379,37.370298
서울특별시 노원구 노원로 421,127.0669982,37.6542337
서울특별시 강북구 솔샘로 254,127.0207881,37.6192866
서울특별시 강북구 솔매로 110,127.024544,37.6257241
경기도 하남시 미사강변동로 95,127.1928163,37.5620298
서울특별시 동대문구 천호대로 129-1,127.0378813,37.5744385
서울특별시 노원구 한글비석로22길 26,127.0737184,37.6606299
서울특별시 송파구 백제고분로48길 12,127.1144775,37.5113248
경기도 수원시 권선구 서수원로577번길 341,126.9380483,37.2757571
경기도 평택시 고덕면 고덕여염12길 64,127.0515786,37.0419299
"경기 평택시 포승읍 여술4길 2,",126.8454384,36.9885056
서울특별시 노원구 동일로 1701,127.054904,37.6803122
인천광역시 계양구 주부토로 476,126.7281483,37.5365302
인천광역시 계양구 주부토로 476,126.7281483,37.5365302
경기도 고양시 덕양구 혜음로 66,126.9027879,37.7064039
경기도 고양시 덕양구 혜음로 66,126.9027879,37.7064039
경기도 수원시 권선구 권광로 69,127.0287456,37.2542341
경기도 수원시 권선구 권광로 69,127.0287456,37.2542341
서울특별시 노원구 한글비석로22길 26,127.0737184,37.6606299
서울특별시 송파구 백제고분로48길 12,127.1144775,37.5113248
경기도 수원시 권선구 서수원로577번길 341,126.9380483,37.2757571
경기도 평택시 고덕면 고덕여염12길 64,127.0515786,37.0419299
"경기 평택시 포승읍 여술4길 2,",126.8454384,36.9885056
서울특별시 노원구 동일로 1701,127.054904,37.6803122
경기도 하남시 미사강변동로 95,127.1928163,37.5620298
서울특별시 동대문구 천호대로 129-1,127.0378813,37.5744385
경기도 파주시 조리읍 봉천로 44-1,126.8068116,37.7438993
"경기 평택시 안중읍 송담5길 28-17,",126.9270129,36.9773672
경기도 김포시 사우중로 79,126.7205222,37.6218639
경기도 군포시 산본천로 200-1,126.9401379,37.370298
서울특별시 강북구 솔샘로 254,127.0207881,37.6192866
서울특별시 강북구 솔매로 110,127.024544,37.6257241
경기도 시흥시 죽율로 47,126.7612584,37.3485294
경기도 안산시 단원구 광덕대로 182,126.8309436,37.3127007
경기도 여주시 세종로 69,127.6355539,37.2915296
강원 평창군 평창읍 백오로 73,128.3940347,37.3678845
경기도 안양시 만안구 박달로 522,126.9107486,37.402415
서울특별시 노원구 노원로 421,127.0669982,37.6542337
경기도 화성시 만세구 향남읍 상신하길로298번길 11,126.9110461,37.114767
경기도 고양시 덕양구 화신로272번길 58,126.8321081,37.6336622
서울특별시 강서구 마곡중앙1로 71,126.8178743,37.5573212
"인천 부평구 부흥북로 144,",126.7383746,37.5003827
경기도 파주시 문화로 79,126.775128,37.7613959
서울특별시 송파구 올림픽로 119,127.0841992,37.512085
경기도 성남시 분당구 성남대로43번길 11,127.1066667,37.3387568
서울특별시 강북구 도봉로 366,127.0279412,37.6397451
인천광역시 부평구 주부토로 231,126.7260333,37.515856
서울특별시 성동구 왕십리광장로 17,127.0384274,37.5592604
경기도 남양주시 경춘로1256번길 25,127.2364167,37.6451891
서울특별시 송파구 올림픽로 119,127.0841992,37.512085
경기도 오산시 죽담3로 12,127.0510953,37.1636841
경기도 성남시 분당구 성남대로43번길 11,127.1066667,37.3387568
인천광역시 남동구 논고개로 323,126.7289747,37.4190269
서울특별시 강서구 마곡중앙5로 87,126.8177751,37.5671774
서울특별시 강북구 도봉로67길 8,127.0237519,37.6308534
인천광역시 미추홀구 용정공원로 33,126.6441066,37.4481332
서울특별시 노원구 노원로 421,127.0669982,37.6542337
서울특별시 광진구 용마산로 57,127.0874988,37.5587939
서울특별시 양천구 목동남로 46,126.8647315,37.5087559
경기도 고양시 일산서구 주엽로 97,126.7545336,37.6683414
"서울 은평구 통일로 610,",126.936052,37.6014425
인천광역시 서구 청라커낼로288번길 26,126.6474586,37.5336603
서울특별시 동작구 등용로 127,126.9308881,37.5127071
서울특별시 구로구 경인로47길 118,126.8637313,37.5038536
서울특별시 양천구 목동중앙북로7길 6,126.8672451,37.5482363
서울특별시 송파구 바람드리길 59,127.1224581,37.5368841
서울특별시 서초구 동산로 74,127.0469919,37.4723697
경기도 여주시 가남읍 태평로 38,127.5453801,37.2035932
경기도 안산시 상록구 화랑로 513,126.8447172,37.3208554
경기도성남시수정구수정로106,127.1322047,37.4407231
인천광역시 남동구 장아산로 176,126.7511707,37.4355092
서울특별시 동대문구 답십리로 108,127.0518425,37.5733351
경기도 여주시 세종로 43,127.6362534,37.2938296
서울특별시 용산구 청파로 333,126.9696911,37.5493549
경기도 안산시 상록구 월피로 49,126.8502483,37.3332718
경기도 용인시 기흥구 동백3로11번길 3,127.1532866,37.2693374
서울특별시강동구고덕로262,127.1546294,37.5547163
인천광역시 남동구 구월남로 280,126.7208115,37.4519527
경기도 광명시 오리로 952,126.8574635,37.4787533
경기도 고양시 덕양구 행신로 276,126.8450613,37.6195266
서울특별시강동구올림픽로98길21,127.1293284,37.5513067
경기도 평택시 안중읍 안현로 338,126.9275971,36.9805534
경기도 수원시 팔달구 팔달문로163번길 52,127.032386,37.2851261
서울특별시 광진구 뚝섬로56길 14,127.082431,37.5308582
경기도안산시상록구도매시장로105,126.8640208,37.314906
경기도 평택시 함박산9길 11,127.0307664,37.03877
서울특별시 송파구 올림픽로 119,127.0841992,37.512085
경기도 이천시 안흥로 57,127.4550448,37.2831137
경기도 의정부시 가능로74번길 2,127.039141,37.7465539
서울특별시 종로구 종로 226,127.0028358,37.5707778
서울특별시 구로구 새말로 97,126.8902727,37.5071154
서울특별시 도봉구 도봉로 891,127.0457416,37.6840227
서울특별시 동작구 사당로 300,126.9801944,37.4844267
서울특별시 은평구 통일로 1034,126.9182828,37.638232
경기도 화성시 팔탄면 버들로 1339,126.8542436,37.127685
강원 속초시 동해대로 4299,128.5709188,38.1993803
경기도오산시궐리사로18,127.0544399,37.1600163
서울특별시 관악구 은천로 33,126.9389641,37.4863523
인천광역시 미추홀구 남주길 150,126.6782802,37.4527191
강원특별자치도강릉시교동광장로149,128.8812445,37.7642954
경기도 안양시 동안구 관악대로 91,126.9338395,37.3989132
경기도 안산시 상록구 장화2길 9,126.8486452,37.2837518
경기도남양주시사릉로14,127.2076931,37.6343134
경기도광명시오리로970,126.8556326,37.4794474
경기도 고양시 일산동구 위시티2로11번길 11,126.8114628,37.6772091
,,
경기도 성남시 중원구 산성대로 360,127.1564047,37.4442773
인천광역시 미추홀구 미추홀대로 576,126.6800107,37.4487829
인천광역시 남동구 논고개로 61,126.7274529,37.3974667
경기도 고양시 덕양구 용현로 27,126.8356246,37.6152261
서울특별시 구로구 고척로40길 19,126.8511719,37.5019931
서울특별시 강서구 금낭화로 135,126.8124503,37.5774497
서울특별시 강서구 마곡중앙2로 5,126.8274538,37.5584799
인천광역시 계양구 효서로 278-1,126.7270845,37.527887
경기도군포시대야1로7,126.9184446,37.3266163
서울특별시 성북구 동소문로 83-1,127.0145372,37.592528
서울특별시 강동구 양재대로 1514,127.1414909,37.5407724
경기도 고양시 일산동구 일산로 328,126.7843799,37.6647514
인천광역시 남동구 서창남순환로215번길 48,126.7476086,37.4261818
서울특별시 도봉구 도봉로145길 14,127.0417838,37.6647087
서울특별시 동작구 성대로 5,126.932321,37.5002586
인천광역시 서구 이음5로 39,126.7112614,37.5946518
서울특별시 중구 다산로8길 15,127.010408,37.5528838
인천광역시 중구 개항로 31,126.626368,37.4719856
서울특별시 금천구 독산로 53,126.9058254,37.4520085
경기도 김포시 풍무로146번길 18,126.724404,37.6074898
경기도 고양시 덕양구 중앙로 442,126.8460216,37.6182205
경기도 안성시 공도읍 서동대로 4437,127.1951784,37.0085406
강원도 춘천시 중앙로 지하50-5,127.7274447,37.8805076
강원특별자치도 원주시 무실로 182,127.9388188,37.3411044
강원특별자치도 원주시 북원로 2268,127.9343207,37.3482838
인천광역시 남동구 백범로 326,126.7141923,37.4642791
경기도 파주시 법원읍 사임당로 849,126.8752143,37.8490332
경기도 김포시 고촌읍 상미1로 7,126.7471441,37.6190501
경기도 부천시 원미로 146,126.7919241,37.4954733
인천광역시 미추홀구 인주대로 74,126.6455246,37.4578625
경기도 고양시 덕양구 도래울로 85,126.8696608,37.6347307
인천광역시 서구 가정로 121,126.6714197,37.4955129
서울특별시 서초구 방배중앙로 159,126.986236,37.493363
경기도 화성시 남양읍 시청로45번길 3-1,126.8211175,37.2056643
인천광역시 미추홀구 용정공원로 33,126.6441066,37.4481332
경기도 부천시 원미구 길주로 288,126.7742322,37.5027155
경기도 이천시 장호원읍 장감로77번길 5-1,127.6311343,37.117572
서울특별시 양천구 신목로 89,126.874565,37.522771
인천광역시 서구 가정로 364-1,126.673159,37.5173642
경기도 용인시 기흥구 신구로42번길 2,127.1096768,37.2758748
인천광역시 미추홀구 석산로 42,126.6966438,37.4613117
서울특별시 노원구 동일로 1356,127.0621563,37.6499424
경기도 고양시 덕양구 충경로 53,126.8355041,37.6156934
경기도 고양시 일산서구 중앙로 1425,126.761637,37.6692361
서울특별시 강동구 명일로 167,127.1445681,37.5338926
경기도 안산시 단원구 삼일로 310,126.8120987,37.333823
서울특별시 동작구 상도로 276,126.9477242,37.5026945
경기도 부천시 원미구 신흥로 223,126.7752395,37.5040505
서울특별시 강서구 등촌로 215,126.8632394,37.5489546
경기도 의왕시 부곡중앙로 6-4,126.9494431,37.3207232
서울특별시 은평구 서오릉로 86,126.9217919,37.6078726
경기도 구리시 이문안로 131,127.1462875,37.5914641
경기도 군포시 삼성로 6,126.9345207,37.3363946
경기도 평택시 청원로 1200,127.056287,37.052051
서울특별시 은평구 서오릉로 86,126.9217919,37.6078726
경기도 군포시 삼성로 6,126.9345207,37.3363946
경기도 시흥시 서울대학로278번길 43-7,126.7297443,37.3687571
경기도 수원시 권선구 세류로 36,127.0077201,37.2621245
경기도 수원시 권선구 세류로 36,127.0077201,37.2621245
경기도 평택시 청원로 1200,127.056287,37.052051
경기도 의왕시 부곡중앙로 6-4,126.9494431,37.3207232
경기도 고양시 일산서구 중앙로 1425,126.761637,37.6692361
경기도 안산시 단원구 삼일로 310,126.8120987,37.333823
서울특별시 동작구 상도로 276,126.9477242,37.5026945
서울특별시 양천구 목동로 210,126.8644604,37.5273957
서울특별시 강서구 등촌로 215,126.8632394,37.5489546
서울특별시 양천구 신목로 89,126.874565,37.522771
인천광역시 서구 가정로 364-1,126.673159,37.5173642
경기도 용인시 기흥구 신구로42번길 2,127.1096768,37.2758748
서울특별시 양천구 목동로 210,126.8644604,37.5273957
경기도 부천시 원미구 신흥로 223,126.7752395,37.5040505
서울특별시 노원구 동일로 1356,127.0621563,37.6499424
경기도 구리시 이문안로 131,127.1462875,37.5914641
경기도 시흥시 서울대학로278번길 43-7,126.7297443,37.3687571
경기도 고양시 덕양구 충경로 53,126.8355041,37.6156934
서울특별시 강동구 명일로 167,127.1445681,37.5338926
경기도 화성시 남양읍 시청로45번길 3-1,126.8211175,37.2056643
인천광역시 미추홀구 용정공원로 33,126.6441066,37.4481332
서울특별시 양천구 목동로 210,126.8644604,37.5273957
인천광역시 미추홀구 석산로 42,126.6966438,37.4613117
경기도 이천시 장호원읍 장감로77번길 5-1,127.6311343,37.117572
인천광역시 남동구 백범로 326,126.7141923,37.4642791
경기도 파주시 법원읍 사임당로 849,126.8752143,37.8490332
경기도 김포시 고촌읍 상미1로 7,126.7471441,37.6190501
경기도 부천시 원미로 146,126.7919241,37.4954733
서울특별시 강동구 명일로 167,127.1445681,37.5338926
인천광역시 미추홀구 인주대로 74,126.6455246,37.4578625
경기도 고양시 덕양구 도래울로 85,126.8696608,37.6347307
인천광역시 서구 가정로 121,126.6714197,37.4955129
경기도 부천시 원미구 길주로 288,126.7742322,37.5027155
서울특별시 서초구 방배중앙로 159,126.986236,37.493363
경기도 구리시 이문안로 131,127.1462875,37.5914641
경기도 시흥시 서울대학로278번길 43-7,126.7297443,37.3687571
경기도 의왕시 부곡중앙로 6-4,126.9494431,37.3207232
경기도 고양시 덕양구 중앙로 442,126.8460216,37.6182205
경기도 안성시 공도읍 서동대로 4437,127.1951784,37.0085406
강원도 춘천시 중앙로 지하50-5,127.7274447,37.8805076
서울특별시 양천구 목동로 210,126.8644604,37.5273957
강원특별자치도 원주시 무실로 182,127.9388188,37.3411044
경기도 부천시 원미구 신흥로 223,126.7752395,37.5040505
경기도 부천시 원미구 길주로 288,126.7742322,37.5027155
인천광역시 미추홀구 석산로 42,126.6966438,37.4613117
강원특별자치도 원주시 북원로 2268,127.9343207,37.3482838
경기도 시흥시 서울대학로278번길 43-7,126.7297443,37.3687571
경기도 수원시 권선구 세류로 36,127.0077201,37.2621245
경기도 김포시 양촌읍 양곡로 530,126.624496,37.6551655
강원춘천시영서로2788,127.7283883,37.9021703
인천광역시 서구 승학로 250,126.6728299,37.5448775
경기도 성남시 중원구 금상로57번길 1,127.1623918,37.4404543
경기도 오산시 경기대로 166,127.0737192,37.1393531
경기도 군포시 군포로456번길 13,126.9449943,37.3467876
경기도 화성시 효행로 233,126.9721317,37.2270481
서울특별시 강서구 양천로 73,126.8118188,37.5737311
경기도 고양시 일산서구 일현로 122,126.7660307,37.6975466
강원 횡성군 횡성읍 문정로 22,127.9857859,37.489557
경기도 남양주시 경춘로1256번길 34,127.2368195,37.644579
서울특별시 마포구 월드컵로 100,126.9089911,37.5576307
서울특별시 노원구 동일로207길 18,127.0632591,37.6442476
서울특별시 중랑구 면목로 360,127.0885271,37.584013
인천광역시 서구 청중로478번길 24,126.6656848,37.5286328
서울특별시 노원구 동일로 1538,127.0579558,37.6657941
서울특별시 양천구 중앙로 254,126.8536574,37.519173
경기도포천시중앙로167,127.2062569,37.9006094
서울특별시 은평구 통일로 1034,126.9182828,37.638232
경기도 고양시 덕양구 화중로104번길 30,126.8332382,37.636016
경기도남양주시와부읍덕소로57,127.2079464,37.5922814
경기도파주시문산읍문향로521,126.7859299,37.8572464
인천광역시 계양구 경명대로 1043,126.7227512,37.5438243
서울특별시광진구뚝섬로634,127.0799546,37.5316679
인천광역시 남동구 만수서로 76,126.7345271,37.4616424
경기도 의왕시 안양판교로 101,126.9853203,37.3954375
경기도 화성시 동탄치동천로1길 8,127.1243457,37.2029054
인천광역시 남동구 호구포로 796,126.7193519,37.4533786
서울특별시 광진구 천호대로112길 10,127.0813787,37.555764
경기도 시흥시 배곧3로 80,126.7290705,37.3705519
서울특별시 송파구 올림픽로 119,127.0841992,37.512085
강원특별자치도강릉시남부로125번길8,128.8939218,37.7425755
인천광역시 동구 송림로 106,126.6464391,37.4761006
경기도수원시장안구정조로933번길3,127.0125669,37.2906843
서울특별시 동대문구 왕산로 239,127.048233,37.5829832
경기도 가평군 설악면 신천중앙로 91,127.4931382,37.6767025
경기도 김포시 김포대로 709,126.7318546,37.6122463
경기도 용인시 처인구 금령로 94,127.2066357,37.2353481
서울특별시 동작구 성대로 52,126.9336691,37.4985047
경기도 화성시 동탄순환대로20길 118,127.1248231,37.1830125
경기도 시흥시 신천3길 27-2,126.7828742,37.438489
경기도 평택시 비전4로 142,127.107206,37.0087856
경기도 광명시 광명로 877,126.8522464,37.4783423
경기도 안산시 상록구 도매시장로 30,126.8590597,37.309497
서울특별시동작구상도로376,126.9541607,37.495309
강원특별자치도속초시동해대로4161,128.5795957,38.1907246
경기도 안산시 상록구 예술광장로 31,126.8475209,37.3286138
서울특별시 성북구 길음로 11,127.0234488,37.6037929
경기도평택시오성면숙성시장길30,126.9814448,37.0074305
강원정선군정선읍비봉로61,128.6651242,37.3814216
경기도 고양시 덕양구 혜음로 61,126.902109,37.7062984
인천광역시 계양구 경명대로 1096,126.7287175,37.5429876
경기도 부천시 원미구 부천로3번길 48,126.7801336,37.4854678
서울특별시 강서구 마곡중앙5로 87,126.8177751,37.5671774
경기도화성시병점서로34,127.0402724,37.2057413
서울특별시 구로구 새말로 97,126.8902727,37.5071154
인천광역시 남동구 에코중앙로156번길 5-16,126.7267608,37.3916475
인천광역시 남동구 장승남로 36,126.7362163,37.4432073
경기도오산시발안로1367,127.0478839,37.1423383
인천광역시 서구 완정로 163,126.6579577,37.6018153
서울특별시 성동구 무학로6길 50,127.034797,37.5643037
서울특별시 강남구 강남대로118길 46,127.0269139,37.5072119
서울특별시 송파구 마천로 26,127.1237522,37.5094386
서울특별시 서초구 동산로 62,127.0455863,37.4717726
경기도 하남시 미사강변동로 81,127.1927234,37.5622544
인천광역시중구하늘중앙로231,126.5577756,37.4875936
경기도 시흥시 장현능곡로 155,126.8073798,37.3710522
경기도 파주시 초롱꽃로 130,126.7205516,37.7112615
인천광역시 중구 참외전로 지하 123,126.6314308,37.4758016
경기도 수원시 영통구 매탄로79번길 6-12,127.0423407,37.2586701
경기도 안산시 상록구 후곡로 81,126.8512629,37.2955271
경기도 시흥시 비둘기공원7길 27,126.7930419,37.443558
서울특별시 강서구 곰달래로 147,126.8492359,37.5308524
서울특별시 광진구 영화사로 30,127.0902383,37.5568958
경기도 용인시 수지구 만현로 100,127.084527,37.3078877
경기도 파주시 경의로 1090,126.7600558,37.7145127
경기도 부천시 소사구 옥길로 123,126.8224929,37.467994
경기도 여주시 도예로 81,127.6437335,37.3100994
인천광역시 서구 승학로 494,126.6745183,37.5651873
인천광역시 남구 토금중로51번길 3,126.6387989,37.4522799
경기도 수원시 팔달구 고등로 32,127.0005324,37.272832
경기도 부천시 오정구 오정로 254,126.7870344,37.5299866
경기도 평택시 함박산8길 35,127.0319233,37.0388335
서울특별시 금천구 독산로35길 25,126.9037779,37.4583329
경기도 동두천시 중앙로 247,127.0533515,37.9036236
강원 춘천시 퇴계농공로 15,127.7449823,37.8517051
인천광역시 계양구 효서로 145,126.7135356,37.5289385
경기도 광주시 오포읍 마루들길 228,127.25673,37.3775592
"경기 의정부시 민락로 195,",127.1003687,37.7428474
경기도 양주시 회천남로 92,127.092227,37.8185511
서울특별시 구로구 구로중앙로14길 12,126.8915756,37.4931976
경기도 파주시 광탄면 동거리길 12,126.8481754,37.7808102
인천광역시 중구 영종대로 184,126.4987835,37.4922647
인천광역시 연수구 앵고개로 242,126.6708428,37.4086654
경기도 고양시 덕양구 동송로 20,126.898879,37.6486305
경기도 시흥시 비둘기공원5길 23-1,126.7901074,37.4419241
경기도 용인시 기흥구 새천년로 20,127.1114157,37.2890978
서울특별시 동작구 양녕로 191,126.943499,37.4983498
인천광역시 남동구 석정로 516,126.6929786,37.4653709
서울특별시 영등포구 당산로 26,126.8948568,37.5168626
경기도 화성시 남양읍 남양성지로 6-4,126.8042248,37.2053417
서울특별시 강동구 아리수로50길 50,127.1508504,37.5595999
경기도 시흥시 도일로 118,126.7839314,37.3409255
강원특별자치도 춘천시 춘천로 185,127.7349042,37.8767313
경기도 하남시 미사강변중앙로111번길 3,127.1917886,37.5565804
경기도 군포시 금산로 65,126.9379444,37.3681248
강원특별자치도 동해시 한섬로 73,129.1119514,37.5204929
강원 원주시 남원로 618,127.9517657,37.3382088
서울특별시 성북구 길음로 11,127.0234488,37.6037929
경기도 시흥시 월곶중앙로 58,126.7390137,37.3889405
경기도 부천시 소향로 117,126.7607978,37.5026204
강원 춘천시 동내면 공지로 70-51,127.7513241,37.8547731
서울특별시 강서구 강서로 391,126.838423,37.5605436
경기도 하남시 미사강변동로84번길 39,127.1952804,37.5634072
경기도 의정부시 천보로 14,127.0995586,37.7432196
경기도 안산시 단원구 선부광장북로 36,126.8113865,37.338204
경기도 고양시 일산서구 일산로 556,126.7665945,37.6785684
경기도 고양시 일산서구 일산로 556,126.7665945,37.6785684
경기도 남양주시 늘을2로 26,127.2441126,37.655078
경기도 남양주시 늘을2로 26,127.2441126,37.655078
경기도 광주시 곤지암읍 곤지암로 39,127.342224,37.3495371
경기도 광주시 곤지암읍 곤지암로 39,127.342224,37.3495371
서울특별시 영등포구 선유로 63,126.8890691,37.5196466
서울특별시 영등포구 선유로 63,126.8890691,37.5196466
경기도 고양시 일산동구 숲속마을로 26,126.8003765,37.6673209
경기도 고양시 일산동구 숲속마을로 26,126.8003765,37.6673209
경기도 부천시 석천로 181,126.7626798,37.5037123
경기도 부천시 석천로 181,126.7626798,37.5037123
서울특별시 광진구 군자로 179-2,127.0780044,37.5568099
서울특별시 광진구 군자로 179-2,127.0780044,37.5568099
경기도 용인시 수지구 정평로 40-1,127.0876529,37.3199323
경기도 용인시 수지구 정평로 40-1,127.0876529,37.3199323
서울특별시 영등포구 영등포로49길 2,126.9097763,37.5192629
서울특별시 영등포구 영등포로49길 2,126.9097763,37.5192629
경기도 의정부시 시민로 지하 100,127.0483204,37.7368253
강원 춘천시 동내면 공지로 70-51,127.7513241,37.8547731
서울특별시 강서구 강서로 391,126.838423,37.5605436
경기도 하남시 미사강변동로84번길 39,127.1952804,37.5634072
경기도 안산시 단원구 선부광장북로 36,126.8113865,37.338204
서울특별시 동작구 양녕로 191,126.943499,37.4983498
인천광역시 남동구 석정로 516,126.6929786,37.4653709
서울특별시 영등포구 당산로 26,126.8948568,37.5168626
경기도 화성시 남양읍 남양성지로 6-4,126.8042248,37.2053417
경기도 시흥시 도일로 118,126.7839314,37.3409255
경기도 하남시 미사강변중앙로111번길 3,127.1917886,37.5565804
경기도 군포시 금산로 65,126.9379444,37.3681248
강원특별자치도 동해시 한섬로 73,129.1119514,37.5204929
강원 원주시 남원로 618,127.9517657,37.3382088
서울특별시 성북구 길음로 11,127.0234488,37.6037929
경기도 의정부시 시민로 지하 100,127.0483204,37.7368253
경기도 시흥시 월곶중앙로 58,126.7390137,37.3889405
경기도 부천시 소향로 117,126.7607978,37.5026204
서울특별시 강동구 아리수로50길 50,127.1508504,37.5595999
서울특별시 구로구 구로중앙로14길 12,126.8915756,37.4931976
경기도 파주시 광탄면 동거리길 12,126.8481754,37.7808102
강원특별자치도 춘천시 춘천로 185,127.7349042,37.8767313
인천광역시 중구 영종대로 184,126.4987835,37.4922647
경기도 고양시 덕양구 동송로 20,126.898879,37.6486305
경기도 의정부시 천보로 14,127.0995586,37.7432196
경기도 시흥시 비둘기공원5길 23-1,126.7901074,37.4419241
경기도 용인시 기흥구 새천년로 20,127.1114157,37.2890978
서울특별시 금천구 독산로35길 25,126.9037779,37.4583329
경기도 양주시 회천남로 92,127.092227,37.8185511
경기도 동두천시 중앙로 247,127.0533515,37.9036236
강원 춘천시 퇴계농공로 15,127.7449823,37.8517051
인천광역시 연수구 앵고개로 242,126.6708428,37.4086654
경기도 의정부시 천보로 14,127.0995586,37.7432196
경기도 광주시 오포읍 마루들길 228,127.25673,37.3775592
경기도 의정부시 시민로 지하 100,127.0483204,37.7368253
"경기 의정부시 민락로 195,",127.1003687,37.7428474
경기도 평택시 함박산8길 35,127.0319233,37.0388335
경기도 평택시 함박산8길 35,127.0319233,37.0388335
경기도 양주시 회천남로 92,127.092227,37.8185511
서울특별시 강동구 아리수로50길 50,127.1508504,37.5595999
서울특별시 강서구 곰달래로 147,126.8492359,37.5308524
강원특별자치도 춘천시 춘천로 185,127.7349042,37.8767313
서울특별시 광진구 영화사로 30,127.0902383,37.5568958
경기도 용인시 수지구 만현로 100,127.084527,37.3078877
인천광역시 연수구 앵고개로 242,126.6708428,37.4086654
경기도 파주시 경의로 1090,126.7600558,37.7145127
경기도 부천시 소사구 옥길로 123,126.8224929,37.467994
경기도 여주시 도예로 81,127.6437335,37.3100994
인천광역시 서구 승학로 494,126.6745183,37.5651873
인천광역시 계양구 효서로 145,126.7135356,37.5289385
인천광역시 계양구 효서로 145,126.7135356,37.5289385
인천광역시 남구 토금중로51번길 3,126.6387989,37.4522799
경기도 수원시 팔달구 고등로 32,127.0005324,37.272832
경기도 부천시 오정구 오정로 254,126.7870344,37.5299866
경기도 포천시 일동면 화동로 1047,127.3171912,37.9570232
경기도 이천시 영창로 162,127.4404865,37.2815049
서울특별시구로구새말로93,126.8884848,37.5064138
서울특별시도봉구노해로63다길37,127.0458807,37.6545693
서울특별시 서대문구 응암로 53,126.9097779,37.5781995
서울특별시 서초구 서초대로 334,127.0182561,37.4946517
경기도 부천시 부일로 712,126.8089319,37.4848155
서울특별시 중랑구 동일로129길 19,127.078602,37.5992537
경기도 하남시 미사강변동로 127,127.1910396,37.5661805
경기도 안산시 상록구 석호로 316,126.8655642,37.2932772
경기도 하남시 미사강변서로 45,127.1829286,37.5543118
인천광역시 남동구 담방로 39,126.7385337,37.4431599
경기도 양평군 양서면 양수로 158,127.3188757,37.544731
인천광역시 서구 검단로 836,126.6923046,37.6180136
서울특별시 강남구 강남대로 지하396,127.0283092,37.4981678
경기도부천시조종로49,126.7905739,37.4929456
경기도 화성시 동탄지성로 126,127.0617906,37.2092838
경기도 오산시 수목원로 466,127.049982,37.1752724
서울특별시 동작구 노량진로 40,126.930284,37.513026
경기도파주시와석순환로66,126.7517559,37.7103166
서울특별시 금천구 문성로 2,126.9038925,37.4760305
서울특별시 송파구 송파대로30길 7,127.1182945,37.4945396
경기도 시흥시 복지로 61,126.7897101,37.4448394
경기도 안양시 만안구 충훈로 83,126.8989849,37.4074511
인천광역시 남동구 은봉로165번길 86,126.7107947,37.4093241
경기도 성남시 수정구 산성대로 지하272-3,127.1472432,37.4409587
경기도김포시풍무로97,126.7218891,37.6042189
인천광역시 부평구 경인로 669,126.7076915,37.4695963
경기도 고양시 덕양구 화신로 102,126.8406556,37.6216728
경기도 수원시 팔달구 팔달로 116,127.0041718,37.279017
경기도 파주시 양지로 123,126.7226551,37.7096265
경기도 군포시 송부로 36,126.9184224,37.315569
경기도 남양주시 다산중앙로123번길 22-24,127.1520488,37.6245918
경기도 파주시 초롱꽃로 133-21,126.719725,37.7131626
경기도 오산시 동부대로 332-13,127.079075,37.1320778
"경기 수원시 팔달구 갓매산로 43,",127.0050341,37.2683375
서울특별시송파구올림픽로4길42,127.0723842,37.5070821
경기도 수원시 권선구 탑동로58번길 6-2,126.9740762,37.2739663
강원특별자치도 춘천시 중앙로 79,127.7257015,37.8785213
경기도하남시감일백제로83번길24,127.161011,37.5043659
경기도 김포시 김포한강9로 40,126.6270889,37.6405185
경기도 김포시 중봉로 4,126.6979498,37.6229595
경기도 성남시 분당구 구미로 16,127.1110016,37.3376901
서울특별시 성동구 성덕정길 102,127.054731,37.5373616
경기도 수원시 장안구 서부로2135번길 13,126.9712309,37.2990997
경기도 남양주시 화도읍 마석중앙로37번길 45,127.3033007,37.6568391
서울특별시 성북구 장월로 126,127.0493115,37.6165735
경기도 김포시 김포한강1로 227,126.6825595,37.6541615
서울특별시 서초구 서초대로 240,127.0082769,37.4916039
경기도 부천시 원미구 삼작로 252,126.7895496,37.519966
인천광역시 계양구 계양산로 196,126.7375954,37.5473087
경기도 수원시 권선구 상탑로 133,126.9856841,37.2710477
서울특별시 광진구 광나루로56길 85,127.0957117,37.5357272
경기도남양주시화도읍마석중앙로661,127.3076837,37.6522876
서울특별시강동구성안로159,127.135113,37.537464
서울특별시영등포구은행로37,126.9226276,37.5294544
경기도 부천시 오정구 소사로 680,126.8043769,37.516621
서울특별시 강서구 마곡서1로 100,126.8199489,37.5657125
경기도 안양시 만안구 만안로 210,126.9240484,37.3996354
경기도 양주시 회천남로 88,127.0928064,37.8185375
경기도 안산시 상록구 성호로21길 9,126.8632158,37.3338927
경기도 화성시 남양읍 남양로862번길 13,126.8338718,37.2135848
인천광역시 남동구 석촌로36번길 25,126.7104972,37.463545
경기도 고양시 일산서구 고양대로 666,126.7698298,37.6837919
경기도 남양주시 다산중앙로123번길 22-30,127.1521066,37.6254933
서울특별시 양천구 오목로 206,126.8603608,37.525437
경기도 화성시 남양읍 화성시청역로 36,126.8213255,37.1930152
경기도 안양시 동안구 경수대로544번길 16,126.9589112,37.3712487
경기도 의정부시 시민로 80,127.044085,37.7379804
인천광역시 미추홀구 숙골로 102,126.6626916,37.4712941
경기도 파주시 책향기로 423,126.7189328,37.724921
경기도 용인시 기흥구 동백7로 83,127.1604224,37.2816341
경기도 화성시 떡전골로 60,127.0362056,37.2048522
경기도 안산시 단원구 광덕1로 61,126.8163618,37.3087983
,,
,,
서울특별시 강북구 덕릉로 82,127.022878,37.6344323
서울특별시 송파구 토성로 59,127.1167669,37.5291737
경기도 성남시 수정구 수정로 277,127.1459358,37.4495995
서울특별시 강북구 수유로 81,127.0225014,37.6363664
경기도 안성시 안성맞춤대로 1068,127.270012,37.008646
경기도김포시김포한강10로133번길144,126.722924,37.606362
서울특별시 구로구 구로중앙로 32,126.8910719,37.4928505
강원 홍천군 서석면 구룡령로 2530,128.185637,37.712291
경기도 평택시 평택2로 19,127.0884033,36.9931432
경기도 안성시 중앙로 180,127.2490868,37.0123633
경기도 파주시 청암로17번길 53,126.7352231,37.7281783
서울특별시 송파구 오금로 504,127.1446745,37.4928593
경기도 안산시 단원구 새뿔길 21-4,126.7735454,37.3369798
경기도 파주시 가람로 49,126.7556041,37.734513
경기도 남양주시 진접읍 금강로 1445,127.1888266,37.7209277
서울특별시 송파구 마천로 315,127.1509252,37.495112
경기도 안산시 상록구 석호로 282,126.8617501,37.2934118
경기도 이천시 장호원읍 장감로 88,127.6323609,37.1175668
서울특별시 노원구 한글비석로 384,127.0732529,37.6597883
강원특별자치도 원주시 영랑길 2,127.9712661,37.341414
경기도 김포시 풍무2로 11,126.7256381,37.6075121
서울특별시 노원구 덕릉로 814,127.0805484,37.6692521
경기도 광명시 새터로 44-7,126.8549261,37.4724034
서울특별시 성동구 독서당로 228,127.0159317,37.5442169
경기도 시흥시 봉우재로 57,126.7459788,37.3477106
서울특별시 종로구 세종대로23길 54,126.9732762,37.5717949
경기도 시흥시 은계번영길 23,126.8039252,37.4371271
서울특별시 서초구 잠원로14길 29,127.0154635,37.5178575
"인천 연수구 원인재로 300,",126.6951127,37.4212619
경기도 이천시 서희로 26,127.4422395,37.2777646
서울특별시 은평구 통일로 796,126.9257707,37.6162884
경기도 용인시 수지구 풍덕천로96번길 3-15,127.094023,37.3212518
경기도 의정부시 장금로 13,127.0555485,37.7412083
경기도 이천시 증신로 185,127.4492357,37.2910256
경기도 안양시 동안구 관악대로 103,126.9354399,37.3991528
경기도 부천시 소사로 712,126.8051216,37.5195749
경기도 안양시 동안구 경수대로 558,126.9583387,37.3726493
경기도 평택시 청북읍 안청로 336,126.9157445,37.0179412
서울특별시 마포구 대흥로 183,126.9446075,37.5553505
서울특별시 강북구 오현로32길 24-5,127.0403877,37.6278723
서울특별시 관악구 남부순환로218길 1,126.9506962,37.4810508
서울특별시 동작구 장승배기로 118,126.9402639,37.507998
경기도 용인시 처인구 중부대로 1136,127.1714778,37.2400904
경기도 파주시 청석로 262,126.7183048,37.7251574
강원 원주시 중앙로 127,127.949873,37.3503729
경기도 용인시 기흥구 언동로217번길 2,127.1443103,37.2764366
경기도 이천시 마장면 오천로 49,127.353358,37.2527844
경기도 수원시 영통구 센트럴타운로 106,127.0501535,37.29274
서울특별시 성동구 왕십리광장로 17,127.0384274,37.5592604
경기도 고양시 일산서구 후곡로 19,126.7632939,37.6793537
경기도 여주시 세종로 42,127.6358003,37.2942337
서울특별시 종로구 성균관로 15,126.9975287,37.5841313
경기도 평택시 송탄로 407,127.0576954,37.0799878
서울특별시 동작구 사당로14길 6,126.9720287,37.4837432
경기도 여주시 여흥로 110,127.6354105,37.2955301
경기도 화성시 병점서로 31-6,127.0397715,37.2052597
경기도 안산시 상록구 부곡로 123,126.8633312,37.3329748
강원 춘천시 동면 만천로 244,127.7555491,37.8899129
경기도 광주시 태전동로 29,127.2340168,37.3859655
경기도 안양시 동안구 관악대로 388,126.9659769,37.4042806
경기도 수원시 팔달구 권광로 373,127.0354579,37.2812405
경기도 안양시 만안구 예술공원로 72,126.9173407,37.4144686
경기도 김포시 통진읍 서암로 68,126.5985789,37.6912964
경기도 화성시 병점구 영통로 14-10,127.0651021,37.2330808
인천광역시 서구 이음5로 60,126.714461,37.5942812
경기도 고양시 일산서구 후곡로 19,126.7632939,37.6793537
서울특별시 종로구 성균관로 15,126.9975287,37.5841313
경기도 평택시 송탄로 407,127.0576954,37.0799878
서울특별시 동작구 사당로14길 6,126.9720287,37.4837432
경기도 화성시 병점서로 31-6,127.0397715,37.2052597
강원 동해시 천곡로 12,129.1066016,37.5251565
경기도 안산시 상록구 부곡로 123,126.8633312,37.3329748
강원 춘천시 동면 만천로 244,127.7555491,37.8899129
경기도 광주시 태전동로 29,127.2340168,37.3859655
경기도 안양시 동안구 관악대로 388,126.9659769,37.4042806
경기도 수원시 팔달구 권광로 373,127.0354579,37.2812405
경기도 안양시 만안구 예술공원로 72,126.9173407,37.4144686
인천광역시 연수구 신송로 121,126.6519012,37.3953859
인천광역시 연수구 신송로 121,126.6519012,37.3953859
경기도 김포시 통진읍 서암로 68,126.5985789,37.6912964
경기도 화성시 병점구 영통로 14-10,127.0651021,37.2330808
인천광역시 서구 이음5로 60,126.714461,37.5942812
서울특별시 강북구 오현로32길 24-5,127.0403877,37.6278723
서울특별시 동작구 장승배기로 118,126.9402639,37.507998
경기도 여주시 여흥로 110,127.6354105,37.2955301
경기도 용인시 처인구 중부대로 1136,127.1714778,37.2400904
강원 동해시 천곡로 12,129.1066016,37.5251565
경기도 파주시 청석로 262,126.7183048,37.7251574
강원 원주시 중앙로 127,127.949873,37.3503729
경기도 용인시 기흥구 언동로217번길 2,127.1443103,37.2764366
경기도 이천시 마장면 오천로 49,127.353358,37.2527844
경기도 수원시 영통구 센트럴타운로 106,127.0501535,37.29274
서울특별시 은평구 통일로 738,126.9294208,37.6113569
경기도 여주시 세종로 42,127.6358003,37.2942337
경기도 안양시 동안구 관악대로 103,126.9354399,37.3991528
경기도 부천시 소사로 712,126.8051216,37.5195749
경기도 안양시 동안구 경수대로 558,126.9583387,37.3726493
서울특별시 은평구 통일로 738,126.9294208,37.6113569
서울특별시 마포구 대흥로 183,126.9446075,37.5553505
서울특별시 성동구 왕십리광장로 17,127.0384274,37.5592604
서울특별시 관악구 남부순환로218길 1,126.9506962,37.4810508
서울특별시 관악구 남부순환로218길 1,126.9506962,37.4810508
경기도 시흥시 봉우재로 57,126.7459788,37.3477106
강원 동해시 천곡로 12,129.1066016,37.5251565
서울특별시 서초구 잠원로14길 29,127.0154635,37.5178575
"인천 연수구 원인재로 300,",126.6951127,37.4212619
경기도 이천시 서희로 26,127.4422395,37.2777646
서울특별시 은평구 통일로 796,126.9257707,37.6162884
경기도 평택시 청북읍 안청로 336,126.9157445,37.0179412
서울특별시 은평구 통일로 738,126.9294208,37.6113569
경기도 용인시 수지구 풍덕천로96번길 3-15,127.094023,37.3212518
경기도 의정부시 장금로 13,127.0555485,37.7412083
경기도 이천시 증신로 185,127.4492357,37.2910256
서울특별시 구로구 구로중앙로 32,126.8910719,37.4928505
경기도 여주시 세종로 42,127.6358003,37.2942337
경기도 여주시 세종로 42,127.6358003,37.2942337
강원 홍천군 서석면 구룡령로 2530,128.185637,37.712291
경기도 평택시 평택2로 19,127.0884033,36.9931432
경기도 안성시 중앙로 180,127.2490868,37.0123633
경기도 파주시 청암로17번길 53,126.7352231,37.7281783
경기도 여주시 여흥로 110,127.6354105,37.2955301
서울특별시 송파구 오금로 504,127.1446745,37.4928593
경기도 안산시 단원구 새뿔길 21-4,126.7735454,37.3369798
서울특별시 종로구 세종대로23길 54,126.9732762,37.5717949
서울특별시 종로구 세종대로23길 54,126.9732762,37.5717949
경기도 파주시 가람로 49,126.7556041,37.734513
경기도 시흥시 은계번영길 23,126.8039252,37.4371271
경기도 시흥시 은계번영길 23,126.8039252,37.4371271
경기도 남양주시 진접읍 금강로 1445,127.1888266,37.7209277
서울특별시 송파구 마천로 315,127.1509252,37.495112
경기도 안산시 상록구 석호로 282,126.8617501,37.2934118
인천광역시 연수구 신송로 121,126.6519012,37.3953859
경기도 이천시 장호원읍 장감로 88,127.6323609,37.1175668
경기도 평택시 청북읍 안청로 336,126.9157445,37.0179412
서울특별시 노원구 한글비석로 384,127.0732529,37.6597883
강원특별자치도 원주시 영랑길 2,127.9712661,37.341414
경기도 김포시 풍무2로 11,126.7256381,37.6075121
서울특별시 노원구 덕릉로 814,127.0805484,37.6692521
경기도 광명시 새터로 44-7,126.8549261,37.4724034
서울특별시 성동구 독서당로 228,127.0159317,37.5442169
서울특별시 은평구 통일로 738,126.9294208,37.6113569
서울특별시 은평구 통일로 738,126.9294208,37.6113569
서울특별시 성동구 왕십리광장로 17,127.0384274,37.5592604
인천광역시 서구 장고개로 276,126.6826183,37.4882499
서울특별시성북구동소문로161,127.0210169,37.5966456
인천광역시 부평구 동암남로 3,126.7038549,37.4711581
서울특별시 양천구 곰달래로 47,126.837921,37.530183
경기도 용인시 기흥구 새천년로 18,127.1111903,37.2890871
경기도 안산시 상록구 광덕산2로 14,126.8445556,37.3358294
경기도 군포시 군포로 535,126.9461701,37.3539165
서울 동대문구 한천로 195,127.0681148,37.5784204
강원 춘천시 중앙로 73,127.7261096,37.8788196
서울특별시 광진구 용마산로 55,127.0875352,37.5585869
강원 홍천군 홍천읍 공작산로 37,127.8971214,37.6921005
서울특별시 마포구 양화로 156,126.923456,37.5560335
서울특별시 강서구 화곡로 429,126.8550574,37.561526
경기도 성남시 중원구 광명로 260-1,127.1554382,37.4427926
서울특별시 노원구 노원로 257,127.0727702,37.6402681
인천광역시 서구 길주로 91,126.6720244,37.5067014
경기도 시흥시 하상로4번길 9,126.813552,37.3913338
서울특별시 강서구 양천로6길 15,126.8077144,37.5720048
경기도 광명시 광명로848번길 54,126.8514562,37.470874
서울특별시 마포구 새창로 13,126.9516034,37.5423117
서울특별시마포구백범로17,126.9373844,37.5531232
서울특별시 강남구 학동로68길 7,127.0467577,37.5174924
경기도 수원시 장안구 경수대로1081번길 9-2,126.9937621,37.3087817
경기도 남양주시 별내면 청학로68번길 9,127.1193863,37.7082746
경기도 수원시 권선구 덕영대로1201번길 16,127.0226928,37.2498231
서울특별시 금천구 금하로 619,126.8999202,37.4547019
강원 강릉시 토성로 152-1,128.8932554,37.7550957
경기도 의정부시 비우로 89,127.0365357,37.758453
경기도 수원시 권선구 정조로 504-1,127.0114759,37.2542354
경기도 부천시 소사동로 78,126.8031647,37.4728005
서울특별시 강동구 양재대로 1637,127.1438099,37.551719
서울특별시 구로구 경인로53길 15,126.8749084,37.5014017
서울특별시 마포구 월드컵로 64,126.9113711,37.5550757
경기도 양주시 고암길 306-77,127.068635,37.8367384
경기도 고양시 일산서구 고양대로 667-1,126.7702376,37.684499
서울특별시 용산구 이촌로75길 6,126.974507,37.5199778
경기도 의정부시 오목로225번길 147,127.0957209,37.7452986
서울특별시 성북구 정릉로38길 4,127.0187024,37.6021587
강원 삼척시 도계읍 도계로 244,129.0444908,37.2311557
경기도화성시우정읍조암동로36번길11,126.8255398,37.0866026
경기도 안양시 만안구 충훈로 95,126.8979798,37.4074417
서울특별시 영등포구 영중로 64,126.9053144,37.5219157
경기도 화성시 우정읍 조암남로 8,126.8170601,37.0822021
경기도 수원시 권선구 삼천병마로 1553,126.9624687,37.2414532
경기도 수원시 장안구 창룡대로 195,127.0314097,37.2926692
경기도 화성시 우정읍 조암로 11,126.8194709,37.0841184
서울특별시 은평구 연서로 230,126.9208108,37.6185498
경기도 용인시 수지구 성복2로 174,127.0680601,37.3186172
서울특별시 양천구 지양로 79,126.8329958,37.5224306
경기도안산시상록구광덕산2로38,126.8469789,37.3345466
경기도 용인시 기흥구 금화로 101,127.1069496,37.2661946
"경기 안산시 상록구 감골2로 39,",126.8520134,37.2906686
경기도 용인시 처인구 명지로40번길 13,127.1869004,37.2323487
경기도 남양주시 진접읍 장현로 68,127.1807388,37.7168261
경기도 수원시 팔달구 중부대로 24,127.0193337,37.2750437
서울특별시 금천구 금하로14길 6,126.9038296,37.4532425
경기도 수원시 장안구 금당로39번길 6,127.0160807,37.3031845
경기도 하남시 신장로 172,127.2004447,37.5408979
서울특별시 금천구 가산디지털2로 46,126.8826524,37.472759
경기도 화성시 병점구 효행로 1043,127.0413282,37.2140039
강원 인제군 남면 신남로58번길 16,128.0809893,37.9672209
경기도 용인시 기흥구 한보라1로10번길 5,127.1089361,37.2535672
서울특별시 강북구 노해로 95,127.0226845,37.6440176
경기도 연천군 연천읍 연천로 247-1,127.0742303,38.0991216
서울특별시 은평구 가좌로 277,126.913001,37.5932314
서울특별시 성동구 행당로 106,127.0306486,37.5577461
경기도용인시처인구금령로14,127.1978638,37.2346492
서울특별시 중랑구 용마산로90길 7,127.0965075,37.5879038
경기도 수원시 권선구 효원로 174,127.020736,37.2642783
"서울 구로구 새말로 97,",126.8902727,37.5071154
경기도 평택시 평택로32번길 1,127.0879593,36.9908149
서울특별시 은평구 백련산로14길 1,126.9272175,37.6007318
인천광역시 서구 원적로 103,126.682647,37.4956296
경기도 남양주시 와부읍 덕소로116번길 12,127.2114142,37.5845105
경기도 평택시 팽성읍 부용로55번길 4,127.0602361,36.9660248
서울특별시 노원구 동일로 1651,127.0550155,37.6759882
경기도 평택시 관광특구로 9,127.0600226,37.0673005
경기도 김포시 김포한강11로 288-32,126.6841775,37.6543057
인천광역시 미추홀구 인주대로 5,126.639165,37.4613935
경기도 수원시 영통구 동탄원천로1109번길 102,127.0533482,37.2708963
서울특별시 동대문구 왕산로32길 46,127.0415488,37.5771264
서울특별시 강서구 양천로59길 42,126.859798,37.5609141
경기도 안양시 만안구 안양로 174,126.9297115,37.3897752
서울특별시종로구종로255,127.0061458,37.5712923
경기도 수원시 영통구 효원로 387,127.0439455,37.2592417
강원태백시감천로20,128.9881728,37.1589748
서울특별시 구로구 새말로 97,126.8902727,37.5071154
경기도 용인시 기흥구 신갈로58번길 8-1,127.1068253,37.2719516
경기도 김포시 김포한강4로 119,126.6677436,37.6442553
경기도 의정부시 비우로 88,127.0365058,37.7581374
강원 양구군 양구읍 양구새싹로 27,127.9883703,38.1026237
서울특별시 금천구 독산로64길 20,126.9037913,37.465154
인천광역시 남동구 구월남로 284,126.7211052,37.4519649
"경기 파주시 가온로 200,",126.7541637,37.7209468
서울특별시 구로구 구일로8길 56,126.8741009,37.4956814
강원특별자치도 춘천시 춘천로 7,127.7208493,37.8660037
경기도 의정부시 용민로 74,127.0864376,37.7371179
경기도 광명시 서부샛길 778,126.87352,37.4869177
인천광역시 서구 가정로 128,126.6718291,37.4960221
서울특별시 양천구 목동중앙북로 31,126.8670871,37.5482077
서울특별시 도봉구 마들로11길 73,127.0490263,37.6531801
서울특별시 강서구 강서로 360,126.8383993,37.5576961
경기도 포천시 송우로 62,127.1290015,37.8381193
경기도 고양시 일산동구 백마로 195,126.7704888,37.6555343
경기도 성남시 중원구 성남대로 985,127.128178,37.4176532
서울특별시 금천구 범안로 1256,126.9015363,37.4663044
경기도 평택시 서정북로 88,127.0593041,37.0708452
서울특별시 금천구 시흥대로73길 67,126.8957426,37.4559424
"경기 용인시 처인구 금령로 97,",127.2069811,37.2357288
서울특별시 송파구 백제고분로48길 15,127.1149866,37.5113196
서울특별시 은평구 응암로 248,126.9183119,37.594001
서울특별시 강서구 마곡서로 56,126.8239256,37.5590035
인천광역시 서구 완정로 46,126.6696747,37.5963077
경기도 성남시 수정구 수정로187번길 12-1,127.1403759,37.4446033
"경기 안산시 상록구 충장로 584,",126.8509284,37.3301067
서울특별시 동작구 사당로16길 15,126.9736133,37.4828019
서울특별시 영등포구 도림로 191,126.9020236,37.4963497
경기도 화성시 향남읍 행정중앙1로 10,126.9158263,37.1259393
서울특별시 양천구 목동동로12길 53,126.8773194,37.5224098
경기도 용인시 수지구 동천로 69,127.095642,37.3396101
서울특별시 노원구 상계로1길 14-11,127.0618419,37.6569229
경기도 남양주시 평내로29번안길 30,127.2343302,37.6453288
서울특별시 서초구 강남대로 275,127.0320041,37.4879081
경기도 고양시 일산서구 일산로 543,126.7674501,37.6775592
서울특별시 양천구 곰달래로5길 34,126.8332095,37.5326774
서울특별시 은평구 갈현로 82,126.9106853,37.6052747
경기도 김포시 통진읍 조강로 57,126.5992833,37.69062
인천광역시 남동구 만수로 9,126.7301537,37.4582346
경기도 용인시 수지구 풍덕천로 149,127.0975931,37.3246221
"경기 남양주시 와부읍 수레로27번길 2,",127.2153469,37.587384
서울특별시 관악구 호암로24길 2,126.9333283,37.4699836
서울특별시 도봉구 노해로63다길 29,127.0460214,37.654201
서울특별시 노원구 동일로 986,127.0759998,37.6182812
경기도 수원시 권선구 금곡로 225,126.9548351,37.2751496
강원도 동해시 일출로 2,129.1091881,37.549316
서울특별시 노원구 마들로 111,127.0656567,37.6238042
서울특별시 구로구 개봉로3길 6,126.8558752,37.4865229
인천광역시 부평구 동수로 174,126.7377045,37.4857699
강원 원주시 시청로 84,127.9280676,37.3363855
서울특별시 강남구 테헤란로 101,127.0281,37.4986076
경기도 용인시 처인구 모현면 백옥대로 2404,127.2502126,37.3380776
서울특별시 강남구 삼성로 237,127.0608546,37.4983769
경기도 수원시 팔달구 권광로367번길 11,127.0368696,37.2793056
서울특별시 강북구 도봉로 272,127.0238504,37.6328545
경기도 이천시 모가면 진상미로 1274,127.479979,37.1698565
서울특별시 강서구 공항대로41길 44,126.8459625,37.5597165
인천광역시 남동구 장승남로 54,126.7382843,37.4432113
강원 동해시 효자로 687,129.1092434,37.4926853
경기도 안산시 단원구 선부로 253,126.8232404,37.3415213
경기도 평택시 평택4로 103,127.1025682,36.9970719
서울특별시 동대문구 장한로5길 41,127.0641275,37.5650264
서울특별시 양천구 목동동로 309,126.8759735,37.5291727
서울특별시 송파구 오금로36길 29,127.124121,37.5011066
경기도 시흥시 평안상가4길 24,126.7499781,37.3372647
경기도 평택시 상서재로 50,127.102163,37.0191105
경기도 파주시 청암로17번길 33,126.7364174,37.7286596
서울특별시 영등포구 국회대로 646,126.9057968,37.52529
서울특별시 양천구 등촌로 28,126.8640425,37.5325726
서울특별시 강동구 상암로 26,127.1263962,37.55042
인천광역시 부평구 마장로 287,126.7010144,37.5033206
서울특별시 양천구 오목로 72,126.845662,37.5226902
강원 원주시 현충로 310,127.9480573,37.3808115
경기도 남양주시 화도읍 맷돌로 114,127.3029216,37.6573865
경기도 남양주시 화도읍 맷돌로 114,127.3029216,37.6573865
경기도 평택시 신촌2로 22,127.1040594,37.0260455
경기도 안양시 만안구 덕천로 126,126.9346977,37.3917395
경기도 안양시 만안구 덕천로 126,126.9346977,37.3917395
서울특별시 양천구 목동서로 37,126.8816761,37.5374803
서울특별시 구로구 오리로 1289,126.8293615,37.496544
서울특별시 구로구 오리로 1289,126.8293615,37.496544
경기도 시흥시 목감남서로 9-27,126.8534393,37.3779502
서울특별시 중랑구 면목로 338,127.0888212,37.5821772
서울특별시 중랑구 면목로 338,127.0888212,37.5821772
서울 송파구 가락로 113,127.1086764,37.5016759
서울 송파구 가락로 113,127.1086764,37.5016759
서울특별시 송파구 백제고분로50길 35,127.1185835,37.5132477
경기도 광명시 금하로 534,126.891529,37.4511905
경기도 광명시 금하로 534,126.891529,37.4511905
경기도 수원시 팔달구 효원로 278,127.032233,37.2609578
경기도 수원시 팔달구 효원로 278,127.032233,37.2609578
경기도 여주시 우암로 14,127.6331219,37.2976407
서울특별시 구로구 개봉로3길 6,126.8558752,37.4865229
인천광역시 부평구 동수로 174,126.7377045,37.4857699
경기도 평택시 신촌2로 22,127.1040594,37.0260455
서울특별시 강남구 테헤란로 101,127.0281,37.4986076
경기도 용인시 처인구 모현면 백옥대로 2404,127.2502126,37.3380776
서울특별시 양천구 목동서로 37,126.8816761,37.5374803
경기도 시흥시 목감남서로 9-27,126.8534393,37.3779502
경기도 이천시 증신로 242,127.4438764,37.2943707
경기도 이천시 증신로 242,127.4438764,37.2943707
서울특별시 강남구 삼성로 237,127.0608546,37.4983769
경기도 수원시 팔달구 권광로367번길 11,127.0368696,37.2793056
서울특별시 강북구 도봉로 272,127.0238504,37.6328545
경기도 이천시 모가면 진상미로 1274,127.479979,37.1698565
서울특별시 강서구 공항대로41길 44,126.8459625,37.5597165
인천광역시 남동구 장승남로 54,126.7382843,37.4432113
강원 동해시 효자로 687,129.1092434,37.4926853
경기도 안산시 단원구 선부로 253,126.8232404,37.3415213
경기도 평택시 평택4로 103,127.1025682,36.9970719
서울특별시 동대문구 장한로5길 41,127.0641275,37.5650264
서울특별시 양천구 목동동로 309,126.8759735,37.5291727
경기도 시흥시 평안상가4길 24,126.7499781,37.3372647
경기도 평택시 상서재로 50,127.102163,37.0191105
경기도 부천시 중동로254번길 64,126.772371,37.501723
경기도 부천시 중동로254번길 64,126.772371,37.501723
경기도 파주시 청암로17번길 33,126.7364174,37.7286596
경기도 여주시 우암로 14,127.6331219,37.2976407
서울특별시 영등포구 국회대로 646,126.9057968,37.52529
서울특별시 양천구 등촌로 28,126.8640425,37.5325726
서울특별시 강동구 상암로 26,127.1263962,37.55042
서울특별시 양천구 오목로 72,126.845662,37.5226902
강원 원주시 현충로 310,127.9480573,37.3808115
경기도 화성시 향남읍 행정중앙1로 10,126.9158263,37.1259393
강원 원주시 시청로 84,127.9280676,37.3363855
서울특별시 양천구 목동동로12길 53,126.8773194,37.5224098
경기도 용인시 수지구 동천로 69,127.095642,37.3396101
서울특별시 노원구 상계로1길 14-11,127.0618419,37.6569229
경기도 고양시 일산서구 일산로 543,126.7674501,37.6775592
서울특별시 양천구 곰달래로5길 34,126.8332095,37.5326774
서울특별시 송파구 백제고분로50길 35,127.1185835,37.5132477
서울특별시 은평구 갈현로 82,126.9106853,37.6052747
서울특별시 송파구 오금로36길 29,127.124121,37.5011066
경기도 김포시 통진읍 조강로 57,126.5992833,37.69062
인천광역시 남동구 만수로 9,126.7301537,37.4582346
경기도 용인시 수지구 풍덕천로 149,127.0975931,37.3246221
"경기 남양주시 와부읍 수레로27번길 2,",127.2153469,37.587384
서울특별시 관악구 호암로24길 2,126.9333283,37.4699836
인천광역시 부평구 마장로 287,126.7010144,37.5033206
서울특별시 노원구 동일로 986,127.0759998,37.6182812
경기도 수원시 권선구 금곡로 225,126.9548351,37.2751496
강원도 동해시 일출로 2,129.1091881,37.549316
서울특별시 금천구 범안로 1256,126.9015363,37.4663044
경기도 평택시 서정북로 88,127.0593041,37.0708452
경기도 남양주시 평내로29번안길 30,127.2343302,37.6453288
서울특별시 서초구 강남대로 275,127.0320041,37.4879081
경기도 이천시 증신로 242,127.4438764,37.2943707
서울특별시 송파구 백제고분로48길 15,127.1149866,37.5113196
서울특별시 은평구 응암로 248,126.9183119,37.594001
서울특별시 송파구 백제고분로50길 35,127.1185835,37.5132477
서울특별시 강서구 마곡서로 56,126.8239256,37.5590035
인천광역시 서구 완정로 46,126.6696747,37.5963077
경기도 부천시 중동로254번길 64,126.772371,37.501723
경기도 성남시 수정구 수정로187번길 12-1,127.1403759,37.4446033
"경기 안산시 상록구 충장로 584,",126.8509284,37.3301067
서울특별시 동작구 사당로16길 15,126.9736133,37.4828019
서울특별시 도봉구 노해로63다길 29,127.0460214,37.654201
서울특별시 영등포구 도림로 191,126.9020236,37.4963497
서울특별시 노원구 마들로 111,127.0656567,37.6238042
경기도 의정부시 비우로 88,127.0365058,37.7581374
강원 양구군 양구읍 양구새싹로 27,127.9883703,38.1026237
강원 원주시 시청로 84,127.9280676,37.3363855
경기도 평택시 신촌2로 22,127.1040594,37.0260455
서울특별시 금천구 독산로64길 20,126.9037913,37.465154
인천광역시 남동구 구월남로 284,126.7211052,37.4519649
서울특별시 양천구 목동서로 37,126.8816761,37.5374803
"경기 파주시 가온로 200,",126.7541637,37.7209468
서울특별시 금천구 시흥대로73길 67,126.8957426,37.4559424
서울특별시 금천구 시흥대로73길 67,126.8957426,37.4559424
"경기 용인시 처인구 금령로 97,",127.2069811,37.2357288
"경기 용인시 처인구 금령로 97,",127.2069811,37.2357288
경기도 남양주시 평내로29번안길 30,127.2343302,37.6453288
서울특별시 구로구 구일로8길 56,126.8741009,37.4956814
서울특별시 서초구 강남대로 275,127.0320041,37.4879081
경기도 시흥시 목감남서로 9-27,126.8534393,37.3779502
강원특별자치도 춘천시 춘천로 7,127.7208493,37.8660037
경기도 의정부시 용민로 74,127.0864376,37.7371179
경기도 광명시 서부샛길 778,126.87352,37.4869177
서울특별시 송파구 오금로36길 29,127.124121,37.5011066
인천광역시 서구 가정로 128,126.6718291,37.4960221
서울특별시 양천구 목동중앙북로 31,126.8670871,37.5482077
경기도 여주시 우암로 14,127.6331219,37.2976407
서울특별시 도봉구 마들로11길 73,127.0490263,37.6531801
서울특별시 강서구 강서로 360,126.8383993,37.5576961
서울특별시 도봉구 노해로63다길 29,127.0460214,37.654201
경기도 포천시 송우로 62,127.1290015,37.8381193
인천광역시 부평구 마장로 287,126.7010144,37.5033206
경기도 고양시 일산동구 백마로 195,126.7704888,37.6555343
경기도 성남시 중원구 성남대로 985,127.128178,37.4176532
서울특별시 노원구 마들로 111,127.0656567,37.6238042
경기도 수원시 팔달구 덕영대로 지하907-65,127.0010864,37.2676014
서울특별시 서대문구 세검정로 57,126.9472011,37.5930098
서울특별시중랑구중랑역로207,127.0756024,37.6119528
경기도 남양주시 화도읍 마석로 59,127.3058229,37.6561782
경기도 이천시 영창로 197,127.4445139,37.2812986
인천광역시 남동구 논고개로123번길 17,126.7228421,37.4016338
경기도 고양시 덕양구 혜음로 62,126.9026015,37.7059697
경기도 화성시 향남읍 상신하길로328번길 26,126.9135324,37.1163667
경기도 용인시 수지구 광교중앙로 319,127.0690872,37.2984591
경기도 용인시 기흥구 동백죽전대로 444,127.1516212,37.2780841
경기도고양시일산동구탄중로425번길3,126.7792411,37.6871604
서울특별시 동작구 신대방2길 2-1,126.9127903,37.4877272
경기도 포천시 소흘읍 솔모루로 98-6,127.1481871,37.8295018
경기도 용인시 기흥구 강남로 9,127.1267649,37.2715417
서울특별시 동작구 상도로 247,126.9462437,37.505033
서울특별시 강북구 노해로 87,127.0222823,37.6435818
경기도성남시분당구서현로210번길16,127.1243656,37.3860695
경기도 성남시 수정구 산성대로 481,127.1608991,37.4547076
인천광역시 부평구 길주남로 159,126.7396157,37.503919
경기도 화성시 송산면 사강로 172,126.7349548,37.2128129
강원삼척시진주로9,129.1638955,37.4416022
경기도수원시권선구여기산로24,126.9787573,37.2796836
서울특별시구로구경인로379,126.8623904,37.4968216
강원 홍천군 홍천읍 번영로 10,127.8813869,37.6894907
경기도포천시영북면영북로177번길4,127.2744355,38.0901762
인천광역시 서구 원적로 120,126.6845093,37.4964793
경기도 부천시 오정구 소사로 748,126.8051524,37.5226117
인천광역시 연수구 신송로 121,126.6519012,37.3953859
서울특별시 용산구 청파로47길 26,126.9690284,37.5448799
경기도 안산시 단원구 원곡로 40,126.7932713,37.330623
경기도 파주시 금빛로 24-18,126.767629,37.7516591
경기도 용인시 처인구 중부대로 1352,127.1947414,37.2347091
서울특별시 강서구 공항대로 261,126.8364981,37.559137
서울특별시강남구도곡로225,127.0431024,37.4936842
서울특별시 마포구 백범로 110,126.9434119,37.5470412
강원동해시평원로110,129.113719,37.5336224
인천광역시 남동구 구월말로58번길 4,126.7251624,37.453973
서울종로구사직로1111,126.9711138,37.5759208
경기도 용인시 수지구 신봉2로 5,127.0773747,37.3236101
경기도고양시일산동구정발산로24,126.7724198,37.6552661
서울특별시 서대문구 세검정로1길 99,126.9459765,37.5947378
경기도 수원시 팔달구 권광로 208,127.0339402,37.2658736
경기도 하남시 신장로 197,127.1989992,37.5427443
경기도 오산시 경기대로 155,127.0731199,37.1386545
경기도 시흥시 정왕천로411번길 20,126.7502714,37.3454404
경기도남양주시와부읍수레로1번길3,127.2122478,37.5870661
강원 동해시 평릉1길 28,129.1016945,37.529194
경기도수원시권선구매실로32,126.9545707,37.2673619
경기도 고양시 덕양구 고양대로1384번길 6,126.83715,37.6539938
경기도 화성시 봉담읍 동화서북안길 70,126.966669,37.2227294
경기도 남양주시 오남읍 진건오남로 512,127.2100723,37.6792551
서울특별시 노원구 동일로203가길 29,127.0642771,37.6398767
경기도 부천시 길주로 243,126.769567,37.504433
경기도 하남시 신평로 59,127.2051379,37.5390374
서울특별시 성동구 왕십리로 336,127.032763,37.5631607
경기도 시흥시 장곡로 35-1,126.7847592,37.3791836
경기도 시흥시 매화로 46,126.8145719,37.4154831
서울특별시도봉구도당로27길59,127.0407747,37.6700256
경기도 고양시 덕양구 호국로 792,126.8365992,37.6566103
인천광역시 서구 탁옥로 31,126.6731473,37.5442053
경기도남양주시화도읍경춘로1876번길3,127.1960536,37.6272876
경기도 남양주시 다산중앙로 17,127.1551155,37.6148736
서울특별시강동구고덕로256,127.1541098,37.5546315
경기도수원시영통구태장로73,127.0543178,37.2393389
서울특별시 서대문구 가재울로 59,126.9212164,37.5755655
서울특별시성북구월계로40길7,127.0483692,37.6229633
경기도 용인시 기흥구 마북로 152,127.1234295,37.3034426
서울특별시 구로구 오류로 20,126.8395076,37.4861741
서울특별시 송파구 올림픽로12길 26,127.0831819,37.5092569
인천광역시 계양구 작전시장로 20,126.7249831,37.5323694
경기남양주시진접읍봉현로26,127.1802024,37.7160926
경기도 남양주시 와부읍 덕소로 85,127.2123551,37.5865532
인천광역시 부평구 부평문화로 167,126.7348753,37.493957
서울특별시 구로구 새말로 97,126.8902727,37.5071154
경기도 광명시 광명로 837,126.851137,37.4739975
서울특별시 강서구 화곡로 196,126.8429951,37.5430094
서울특별시 송파구 충민로 66,127.1249941,37.4776495
서울특별시 영등포구 여의대방로29길 10,126.918871,37.4996858
서울특별시 구로구 부일로15길 4,126.8344299,37.4935036
경기도 양평군 양서면 양수로155번길 4,127.3186076,37.544342
경기도 부천시 소사구 경인로498번길 14,126.8110592,37.4832872
경기도 시흥시 서울대학로278번길 43-7,126.7297443,37.3687571
경기도 안산시 단원구 화랑로 102,126.7999025,37.3265996
경기도 고양시 일산서구 원일로 75,126.770615,37.686359
서울특별시 은평구 서오릉로 94,126.9214915,37.6090682
인천광역시 부평구 마장로 385,126.7036254,37.5125667
경기도 성남시 수정구 수정로 350,127.15007,37.4548014
경기도 수원시 팔달구 정조로 746,127.0167799,37.274599
서울특별시 강서구 까치산로4길 11,126.8442747,37.54222
경기도파주시문산읍문향로431,126.7859299,37.8572464
경기도화성시동탄대로10나길21,127.1143966,37.1751045
경기도 부천시 원미구 상동로 84,126.7534831,37.5045076
서울특별시 금천구 금하로 726-1,126.9104256,37.4504381
경기도 시흥시 은계번영길 1,126.8016174,37.4365811
인천광역시 서구 도요지로 25,126.6533694,37.5591815
경기도 화성시 동탄광역환승로 63,127.0889737,37.2028729
인천광역시 부평구 부개로 61-6,126.739615,37.5032882
경기도 성남시 분당구 성남대로925번길 16,127.1272932,37.4130962
서울특별시 용산구 한강대로 208,126.9745137,37.5368454
서울특별시 양천구 지양로7길 12,126.8327391,37.521482
서울특별시 서초구 서초대로 3-4,126.9830348,37.4859289
경기도 고양시 일산동구 정발산로 24,126.7724198,37.6552661
인천광역시계양구봉오대로691번길222,126.7258801,37.5328476
경기도남양주시화도읍경춘로창벌2길31,127.1960536,37.6272876
경기도 의왕시 보식골로 1,126.9682156,37.3587874
경기도 안양시 동안구 관악대로339번길 18,126.96018,37.404464
경기도 평택시 비전5로 3,127.1116575,36.9999248
서울특별시 광진구 능동로4길 38,127.0691482,37.5326735
서울특별시 성북구 삼양로4길 4,127.0244894,37.6056306
서울특별시 영등포구 도림로 195,126.9024154,37.4966236
경기도 성남시 중원구 순환로465번길 27,127.1686246,37.46134
경기도 의정부시 의정로 131,127.0344437,37.7447765
경기도 수원시 장안구 서부로 2130,126.9719291,37.2983579
경기도 성남시 중원구 광명로 339,127.1634827,37.4460036
경기도 수원시 권선구 세류로 51-1,127.0077632,37.2639901
경기도 오산시 대원로 26,127.0712826,37.1462365
서울특별시 강서구 강서로17길 114,126.839447,37.5324596
서울특별시 은평구 서오릉로 72,126.9226787,37.6068535
경기도 파주시 금빛로 24-9,126.7672604,37.7519886
서울특별시 동작구 동작대로33다길 5,126.9808052,37.4902347
서울특별시 강동구 올림픽로98길 63,127.1298722,37.5493104
경기도 안산시 상록구 원당골1길 19,126.8773232,37.3640868
서울특별시 금천구 금하로 714,126.9089394,37.4508299
경기도 양평군 양평읍 양근로 211,127.4923434,37.4884492
서울특별시 중랑구 용마산로118길 31,127.1022264,37.6010306
경기도 부천시 소사동로 82,126.8039608,37.473214
경기도 김포시 김포한강8로 173-59,126.6392097,37.6363161
,,
경기도 양평군 양평읍 흥청길 17,127.496177,37.4934846
서울특별시 양천구 월정로29길 3,126.8356975,37.5334769
경기도 성남시 수정구 시민로 176,127.1428712,37.4438105
경기도 시흥시 정왕대로 230,126.7385197,37.3449462
경기도 안성시 중앙로 354,127.2660735,37.008072
서울특별시 양천구 목동남로4길 2,126.8644902,37.508258
인천광역시 남구 소성로 88,126.6587553,37.4448404
경기도 군포시 용호1로 20,126.9384237,37.3445212
서울특별시 서대문구 신촌로 15,126.9287321,37.558271
서울특별시 영등포구 대림로 87,126.9044602,37.4898037
서울특별시 중랑구 신내로 225,127.0913646,37.6169589
경기도 고양시 일산서구 가좌3로 11,126.7199465,37.6857748
경기도 용인시 기흥구 동백죽전대로 444,127.1516212,37.2780841
서울특별시 동대문구 왕산로 228,127.0477609,37.5818261
서울특별시 광진구 뚝섬로 508-1,127.0667695,37.5356102
경기도 용인시 처인구 고림로 136,127.2182197,37.2442289
강원 삼척시 정상로 72,129.1752651,37.4481844
경기도 오산시 성호대로 72,127.0692705,37.1487618
강원 강릉시 성덕포남로 45-8,128.9194652,37.7593001
서울특별시 강남구 테헤란로 101,127.0281,37.4986076
인천광역시 계양구 계양대로 38,126.7227847,37.5272639
경기도 오산시 궐동로69번길 67,127.0609613,37.1579866
서울특별시 강북구 한천로 1014,127.0289505,37.6388073
경기도 부천시 역곡로482번길 19,126.8170231,37.5273895
강원특별자치도 원주시 현충로 300,127.9486111,37.3800728
"인천 중구 신도시남로 137,",126.4900707,37.4936764
강원 원주시 문막읍 왕건로 75,127.8290392,37.3261824
인천광역시 남구 석산로 36,126.6962913,37.4620827
서울특별시 서초구 잠원로8길 25,127.0115158,37.5144095
경기도 화성시 동탄순환대로 263,127.1185753,37.1711528
인천광역시 미추홀구 수봉로 18,126.6560966,37.4645877
강원 속초시 장안로 15,128.5911221,38.2114704
경기도 수원시 장안구 금당로10번길 31,127.0148752,37.3030753
서울특별시 광진구 자양로 286,127.0918802,37.5512319
서울특별시 동작구 동작대로29길 110,126.9781904,37.4895994
서울특별시 중랑구 망우로 384,127.0948965,37.5984517
인천광역시 미추홀구 인주대로 413,126.6825173,37.451496
서울특별시 성동구 왕십리광장로 17,127.0384274,37.5592604
경기도 부천시 원미구 조마루로297번길 61,126.7759106,37.5003542
경기도 화성시 병점1로 218,127.0427184,37.2136547
인천광역시 남동구 석정로566번길 2,126.6982731,37.4664294
서울특별시 양천구 신월로 184,126.8436137,37.5190751
경기도 김포시 유현로238번길 26,126.7321111,37.6111499
경기도 구리시 이문안로 85,127.1409344,37.5922001
경기도 고양시 일산동구 위시티로 81,126.8112613,37.6791802
서울특별시 도봉구 도봉로 517,127.0361604,37.6516791
경기도 평택시 고덕로 246,127.0279015,37.0360072
경기도 평택시 정암로 102,127.0652958,37.0563575
서울특별시 도봉구 삼양로 586,127.0133221,37.6553557
경기도 화성시 동탄기흥로353번길 99-3,127.08617,37.187812
경기도 김포시 통진읍 조강로 65-1,126.5987392,37.6912172
경기도 연천군 전곡읍 온골로 56,127.0679891,38.0258236
서울특별시 광진구 면목로 37,127.076424,37.5573923
강원특별자치도 춘천시 금강로 70,127.728803,37.8790241
서울특별시 서대문구 응암로 69,126.9107447,37.5794428
경기도 남양주시 퇴계원면 퇴계원로 17,127.1404453,37.6484755
인천광역시 부평구 마장로 387,126.7035995,37.5127556
경기도 화성시 병점2로 65,127.0433645,37.207992
서울특별시 동대문구 고산자로 407,127.0379957,37.5761064
서울특별시 구로구 개봉로 24-2,126.8565105,37.4878716
강원 홍천군 홍천읍 번영로 26,127.8832688,37.6897268
경기도 남양주시 와부읍 덕소로 177,127.2172071,37.5805845
인천광역시 계양구 동양로 101,126.7561409,37.5590025
경기도 성남시 수정구 산성대로 489,127.1614129,37.4552609
인천광역시 부평구 동수로120번길 11,126.732069,37.4840336
경기도 화성시 효행구 봉담읍 참샘길 33,126.9740922,37.214585
경기도 안산시 상록구 건건로 41,126.9019474,37.3049649
서울특별시 은평구 서오릉로 150,126.9165682,37.6119514
서울특별시 금천구 시흥대로 212,126.9016551,37.4527718
경기도 평택시 평택5로 94,127.1118919,36.9942675
경기도 성남시 수정구 산성대로 267,127.146448,37.4413224
경기도 성남시 수정구 남문로 70,127.1345726,37.4460838
서울특별시 강동구 양재대로 1638,127.1443531,37.5517229
서울특별시 강서구 방화동로 26-4,126.8102658,37.5631915
서울특별시 관악구 관악로 183,126.9525079,37.4816706
인천광역시 부평구 원적로 282,126.6975437,37.5045438
경기도 시흥시 능곡군자로 50,126.8061996,37.3693012
서울특별시 은평구 연서로29길 7,126.9193931,37.618672
인천광역시 서구 가정로 246,126.6724866,37.5067877
경기도 구리시 동구릉로 86,127.1343339,37.6077399
경기도 부천시 원미구 부천로 19,126.7828823,37.4860998
경기도 부천시 부일로298번길 3,126.7629465,37.4882354
경기도 평택시 지산로 85,127.0642669,37.0806255
경기도 화성시 병점1로 236-12,127.0427221,37.2151415
경기도 수원시 영통구 도청로17번길 40,127.05263,37.2850195
인천광역시 부평구 경원대로 1366,126.7206325,37.4909744
경기도 의정부시 오목로225번길 147,127.0957209,37.7452986
경기도 의왕시 성고개로 53,126.9874154,37.3975279
서울특별시 구로구 개봉로20길 6,126.8597355,37.4921827
서울특별시 강남구 언주로 313,127.0456788,37.4956152
경기도 광주시 초월읍 경충대로 1253,127.2875969,37.3862824
서울특별시 강남구 선릉로 326,127.052017,37.4987749
"경기 용인시 처인구 백암면 백암로 214,",127.3743135,37.165498
경기도 오산시 동부대로338번길 38,127.0821573,37.133129
서울특별시 성동구 금호로 148-1,127.0205517,37.554365
인천광역시 미추홀구 낙섬중로 43,126.6376606,37.4521046
서울특별시 중랑구 신내로 80,127.0955716,37.6062959
인천광역시 계양구 봉오대로518번길 21,126.7070009,37.5280202
강원 원주시 단관길 113,127.9588288,37.3206578
경기도 안산시 단원구 광덕동로 91,126.832603,37.3126359
경기도 파주시 조리읍 통일로 324,126.8090453,37.7447057
경기도 수원시 영통구 광교호수공원로 277,127.0579283,37.2824667
인천광역시 연수구 해돋이로172번길 42,126.709361,37.458322
경기도 부천시 부일로298번길 3,126.7629465,37.4882354
경기도 화성시 병점1로 236-12,127.0427221,37.2151415
인천광역시 부평구 부평대로 153,126.7209127,37.5050424
인천광역시 부평구 부평대로 153,126.7209127,37.5050424
인천광역시 부평구 경원대로 1366,126.7206325,37.4909744
경기도 의정부시 오목로225번길 147,127.0957209,37.7452986
서울특별시 구로구 개봉로20길 6,126.8597355,37.4921827
서울특별시 강남구 언주로 313,127.0456788,37.4956152
서울특별시 강남구 선릉로 326,127.052017,37.4987749
"경기 용인시 처인구 백암면 백암로 214,",127.3743135,37.165498
경기도 오산시 동부대로338번길 38,127.0821573,37.133129
서울특별시 성동구 금호로 148-1,127.0205517,37.554365
경기도 수원시 장안구 금당로9번길 60,127.0122346,37.3040175
인천광역시 미추홀구 낙섬중로 43,126.6376606,37.4521046
서울특별시 중랑구 신내로 80,127.0955716,37.6062959
인천광역시 계양구 봉오대로518번길 21,126.7070009,37.5280202
서울특별시 동작구 사당로16길 28,126.972884,37.4823901
서울특별시 동작구 사당로16길 28,126.972884,37.4823901
강원 원주시 단관길 113,127.9588288,37.3206578
경기도 안산시 단원구 광덕동로 91,126.832603,37.3126359
경기도 파주시 조리읍 통일로 324,126.8090453,37.7447057
경기도 김포시 통진읍 조강로 65-1,126.5987392,37.6912172
경기도 연천군 전곡읍 온골로 56,127.0679891,38.0258236
서울특별시 광진구 면목로 37,127.076424,37.5573923
강원특별자치도 춘천시 금강로 70,127.728803,37.8790241
서울특별시 서대문구 응암로 69,126.9107447,37.5794428
경기도 평택시 지산로 85,127.0642669,37.0806255
경기도 수원시 영통구 도청로17번길 40,127.05263,37.2850195
경기도 남양주시 퇴계원면 퇴계원로 17,127.1404453,37.6484755
경기도 화성시 병점2로 65,127.0433645,37.207992
서울특별시 동대문구 고산자로 407,127.0379957,37.5761064
서울특별시 구로구 개봉로 24-2,126.8565105,37.4878716
경기도 광주시 초월읍 경충대로 1253,127.2875969,37.3862824
강원 홍천군 홍천읍 번영로 26,127.8832688,37.6897268
경기도 시흥시 중심상가3길 10,126.7368767,37.3453341
경기도 시흥시 중심상가3길 10,126.7368767,37.3453341
경기도 시흥시 중심상가3길 10,126.7368767,37.3453341
경기도 남양주시 와부읍 덕소로 177,127.2172071,37.5805845
인천광역시 계양구 동양로 101,126.7561409,37.5590025
경기도 성남시 수정구 산성대로 489,127.1614129,37.4552609
인천광역시 부평구 동수로120번길 11,126.732069,37.4840336
경기도 화성시 효행구 봉담읍 참샘길 33,126.9740922,37.214585
경기도 수원시 장안구 금당로9번길 60,127.0122346,37.3040175
서울특별시 은평구 서오릉로 150,126.9165682,37.6119514
서울특별시 금천구 시흥대로 212,126.9016551,37.4527718
경기도 성남시 수정구 산성대로 267,127.146448,37.4413224
경기도 성남시 수정구 남문로 70,127.1345726,37.4460838
서울특별시 강동구 양재대로 1638,127.1443531,37.5517229
서울특별시 강서구 방화동로 26-4,126.8102658,37.5631915
인천광역시 부평구 원적로 282,126.6975437,37.5045438
경기도 시흥시 능곡군자로 50,126.8061996,37.3693012
서울특별시 은평구 연서로29길 7,126.9193931,37.618672
인천광역시 서구 가정로 246,126.6724866,37.5067877
경기도 구리시 동구릉로 86,127.1343339,37.6077399
경기도 부천시 원미구 부천로 19,126.7828823,37.4860998
경기도 수원시 영통구 광교호수공원로 277,127.0579283,37.2824667
서울특별시 서초구 잠원로8길 25,127.0115158,37.5144095
경기도 화성시 동탄순환대로 263,127.1185753,37.1711528
인천광역시 미추홀구 수봉로 18,126.6560966,37.4645877
강원 속초시 장안로 15,128.5911221,38.2114704
인천광역시 부평구 마장로 387,126.7035995,37.5127556
경기도 수원시 장안구 금당로10번길 31,127.0148752,37.3030753
경기도 의왕시 성고개로 53,126.9874154,37.3975279
경기도 의왕시 성고개로 53,126.9874154,37.3975279
서울특별시 광진구 자양로 286,127.0918802,37.5512319
서울특별시 동작구 동작대로29길 110,126.9781904,37.4895994
서울특별시 중랑구 망우로 384,127.0948965,37.5984517
인천광역시 미추홀구 인주대로 413,126.6825173,37.451496
서울특별시 성동구 왕십리광장로 17,127.0384274,37.5592604
경기도 부천시 원미구 조마루로297번길 61,126.7759106,37.5003542
경기도 안산시 상록구 건건로 41,126.9019474,37.3049649
경기도 화성시 병점1로 218,127.0427184,37.2136547
경기도 수원시 장안구 금당로9번길 60,127.0122346,37.3040175
인천광역시 남동구 석정로566번길 2,126.6982731,37.4664294
서울특별시 양천구 신월로 184,126.8436137,37.5190751
경기도 김포시 유현로238번길 26,126.7321111,37.6111499
경기도 평택시 평택5로 94,127.1118919,36.9942675
경기도 구리시 이문안로 85,127.1409344,37.5922001
경기도 고양시 일산동구 위시티로 81,126.8112613,37.6791802
서울특별시 도봉구 도봉로 517,127.0361604,37.6516791
경기도 평택시 정암로 102,127.0652958,37.0563575
서울특별시 도봉구 삼양로 586,127.0133221,37.6553557
경기도 화성시 동탄기흥로353번길 99-3,127.08617,37.187812
인천광역시 연수구 해돋이로172번길 42,126.709361,37.458322
서울특별시 양천구 목동남로4길 2,126.8644902,37.508258
인천광역시 남구 소성로 88,126.6587553,37.4448404
경기도 군포시 용호1로 20,126.9384237,37.3445212
경기도 평택시 지산로 85,127.0642669,37.0806255
서울특별시 서대문구 신촌로 15,126.9287321,37.558271
경기도 수원시 영통구 도청로17번길 40,127.05263,37.2850195
서울특별시 영등포구 대림로 87,126.9044602,37.4898037
인천광역시 부평구 마장로 387,126.7035995,37.5127556
서울특별시 중랑구 신내로 225,127.0913646,37.6169589
경기도 고양시 일산서구 가좌3로 11,126.7199465,37.6857748
인천광역시 부평구 부평대로 153,126.7209127,37.5050424
경기도 용인시 기흥구 동백죽전대로 444,127.1516212,37.2780841
서울특별시 동대문구 왕산로 228,127.0477609,37.5818261
경기도 광주시 초월읍 경충대로 1253,127.2875969,37.3862824
서울특별시 광진구 뚝섬로 508-1,127.0667695,37.5356102
경기도 용인시 처인구 고림로 136,127.2182197,37.2442289
강원 삼척시 정상로 72,129.1752651,37.4481844
경기도 안산시 상록구 건건로 41,126.9019474,37.3049649
경기도 오산시 성호대로 72,127.0692705,37.1487618
강원 강릉시 성덕포남로 45-8,128.9194652,37.7593001
서울특별시 강남구 테헤란로 101,127.0281,37.4986076
서울특별시 동작구 사당로16길 28,126.972884,37.4823901
경기도 평택시 평택5로 94,127.1118919,36.9942675
인천광역시 계양구 계양대로 38,126.7227847,37.5272639
경기도 오산시 궐동로69번길 67,127.0609613,37.1579866
서울특별시 강북구 한천로 1014,127.0289505,37.6388073
경기도 평택시 고덕로 246,127.0279015,37.0360072
경기도 평택시 고덕로 246,127.0279015,37.0360072
경기도 부천시 역곡로482번길 19,126.8170231,37.5273895
강원특별자치도 원주시 현충로 300,127.9486111,37.3800728
서울특별시 관악구 관악로 183,126.9525079,37.4816706
서울특별시 관악구 관악로 183,126.9525079,37.4816706
서울특별시 관악구 관악로 183,126.9525079,37.4816706
"인천 중구 신도시남로 137,",126.4900707,37.4936764
강원 원주시 문막읍 왕건로 75,127.8290392,37.3261824
인천광역시 남구 석산로 36,126.6962913,37.4620827
경기도 수원시 영통구 광교호수공원로 277,127.0579283,37.2824667
인천광역시 연수구 해돋이로172번길 42,126.709361,37.458322
인천광역시 연수구 해돋이로172번길 42,126.709361,37.458322
인천광역시 부평구 부평문화로 167,126.7348753,37.493957
경기도 평택시 정암로 102,127.0652958,37.0563575
인천광역시 남구 석정로 433,126.6837519,37.4668182
서울특별시 동대문구 고산자로29길 6,127.0378153,37.5760508
인천광역시 남구 석정로 385-6,126.6785793,37.4671929
경기도 고양시 일산서구 원일로 106,126.7736479,37.6853183
경기도 평택시 포승읍 여술2길 38,126.8447499,36.9887242
강원춘천시춘천로17번길31,127.7185939,37.8673138
경기도 안성시 공도읍 공도로 132,127.1750854,37.0014729
서울특별시 금천구 독산로35길 15,126.9041436,37.458057
경기도 화성시 화산중앙로 25,127.0136979,37.2065503
경기도 양주시 옥정로6길 8,127.0922279,37.8221911
강원 원주시 양지로 20,127.9810216,37.3244571
인천광역시 부평구 광장로 지하30,126.7234318,37.4906082
서울특별시 양천구 신월로 310,126.8554033,37.5211452
경기도 용인시 처인구 양지면 양지로 142,127.2839353,37.2343178
서울특별시 송파구 마천로 255,127.1457384,37.4987329
경기도 구리시 벌말로 200,127.1510028,37.594039
경기도 광명시 광명로832번길 5,126.8523672,37.4733968
인천광역시 서구 고산후로95번안길 21,126.6972396,37.592894
서울특별시 강동구 아리수로 427,127.1745839,37.5648862
경기도 남양주시 다산중앙로172번길 36,127.1560635,37.6282068
경기도 포천시 일동면 화동로 1048-1,127.3175115,37.9568448
인천광역시 부평구 원적로 429,126.7141253,37.5038064
인천광역시 서구 완정로8번길 2,126.6729532,37.594065
강원특별자치도 화천군 화천읍 중앙로 3,127.7049358,38.1052091
경기도오산시법원로25,127.0562385,37.1557144
경기도 수원시 권선구 덕영대로1126번길 54,127.0129879,37.2498057
강원 속초시 동해대로 3997,128.5976944,38.1899041
경기도 화성시 동탄순환대로 708,127.1104185,37.2080009
"경기 화성시 향남읍 발안남로55번길 26-5,",126.9043384,37.1304924
강원특별자치도 춘천시 퇴계로 241,127.7452295,37.8558143
경기도 화성시 봉담읍 상리중심상가길 6-4,126.9463866,37.2243619
인천 남구 석정로 380-3,126.6777015,37.4669669
서울특별시 도봉구 노해로63길 84-12,127.0467708,37.6523149
경기도 시흥시 월곶중앙로 64,126.7385126,37.3891965
인천광역시 남동구 구월로 212,126.7141189,37.4560249
경기도 의왕시 계원대학로 2,126.9716428,37.379785
경기도 화성시 동탄반석로 204,127.0728296,37.2066584
경기도 남양주시 덕송2로6번길 28-26,127.1175348,37.665462
경기도 화성시 봉담읍 동화새터길 98,126.9597457,37.2173343
경기도 화성시 장조4로 14,127.0003561,37.2051048
강원특별자치도 원주시 치악로 1740,127.9564155,37.3380484
경기도 부천시 옥산로 152,126.7804476,37.5071859
서울특별시 광진구 면목로 197,127.0831747,37.5708344
서울특별시 은평구 통일로87길 7-1,126.9187487,37.6232793
서울특별시 용산구 효창원로 271,126.9631707,37.5511179
경기도 부천시 부흥로303번길 31,126.7740125,37.4953968
서울특별시 강서구 양천로 651,126.869843,37.5530546
인천광역시 부평구 경원대로1344번길 34,126.7189481,37.4902894
인천광역시 계양구 동양로 101,126.7561409,37.5590025
서울특별시 광진구 면목로17길 40,127.0810123,37.5708536
경기도 오산시 남부대로 412,127.081159,37.1356443
서울특별시 강동구 명일로 375,127.1494766,37.5520122
경기도양주시덕계로15024,127.0578222,37.8168753
경기도 오산시 수청로 201,127.04454,37.1764
경기도 남양주시 별내중앙로 49,127.1236589,37.6468472
서울특별시 동대문구 사가정로25길 66,127.0712443,37.5816798
강원특별자치도 속초시 수복로 51,128.5760767,38.1975983
경기도 수원시 권선구 세화로151번길 30-17,126.9917974,37.2658106
인천광역시 부평구 길주로 623,126.7320394,37.5078565
서울특별시 성동구 무학봉길 68,127.0301337,37.5607964
경기도 수원시 팔달구 중부대로 23,127.0193745,37.2753774
경기도양평군양평읍양평시장길17번길31,127.491057,37.4897142
"서울 강북구 한천로 1121,",127.0195455,37.6448926
경기도 남양주시 다산지금로 141,127.1743181,37.6002324
경기도구리시이문안로72,127.1393842,37.5920987
경기도 안양시 동안구 관평로 314,126.9575834,37.404369
경기도 수원시 권선구 서수원로47번길 11,126.9778464,37.2336124
경기도 용인시 수지구 용구대로 2702,127.109233,37.3269089
경기도 용인시 수지구 손곡로 107,127.0906987,37.3358868
인천광역시 남동구 호구포로 218,126.7101717,37.4021811
경기도 안산시 단원구 석수로5길 23,126.8050168,37.3427893
서울강서구방화동로80,126.8128594,37.5673713
경기도고양시덕양구도래울1로57,126.8691184,37.6286527
경기도이천시이섭대천로1403,127.4550048,37.2933591
경기도 구리시 경춘북로 252,127.1172565,37.6343922
경기도 수원시 장안구 수성로 247,126.9996001,37.2896022
서울특별시 금천구 독산로85길 35,126.9011523,37.4724549
서울특별시 강서구 등촌로13길 10,126.8628414,37.5356696
경기도 군포시 산본로323번길 20-21,126.9310105,37.3595203
경기도 안산시 단원구 초지로 90,126.8150973,37.3067132
강원인제군북면원통로171,128.2032767,38.1224414
경기도 고양시 덕양구 권율대로 889,126.8894792,37.6634722
경기도 안산시 상록구 본오로 144,126.8669176,37.2977865
경기도 고양시 일산동구 중앙로 1160,126.7788941,37.6509183
서울특별시성북구보국문로2길21,127.0129943,37.6047511
경기도 김포시 솔터로 22,126.630826,37.6449408
강원평창군진부면진부중앙로71,128.5585327,37.638562
경기도 의정부시 송양로 29,127.1092533,37.7522854
"서울 중랑구 봉화산로 59,",127.0809832,37.6017681
서울특별시 서대문구 거북골로 180,126.9106399,37.5773154
서울특별시 용산구 한강대로23길 55,126.9646109,37.5296317
강원특별자치도원주시서원대로406,127.9496494,37.330215
서울특별시 강동구 양재대로124길 41,127.1445116,37.5428036
경기도 광명시 오리로 352,126.8796582,37.4340037
인천광역시 미추홀구 경인로 지하 343,126.6793323,37.4603716
경기도 포천시 중앙로 133,127.2037587,37.8981869
인천광역시 미추홀구 경원대로 737,126.6895886,37.448466
경기도 김포시 김포한강2로 96,126.6728022,37.6388793
서울특별시 노원구 공릉로38길 17,127.0804234,37.6233255
경기도김포시김포한강11로140번길15,126.6811848,37.6466678
인천광역시 부평구 배곶남로21번길 1,126.6959941,37.4726845
서울특별시 양천구 신정중앙로17길 8,126.8602829,37.5275807
인천광역시 중구 영종대로196번길 15-7,126.4999294,37.4903781
서울특별시 도봉구 해등로 190,127.0356898,37.6582708
서울특별시 강서구 곰달래로 239,126.8596948,37.5320261
경기도시흥시함송로14번길1317,126.7293017,37.3628685
경기도용인시기흥구중부대로788번길6,127.1420142,37.2581728
강원특별자치도원주시북원로2543,127.9414925,37.371509
서울특별시 중랑구 봉우재로 42,127.0779629,37.5904815
강원특별자치도속초시중앙로1391,128.5888963,38.2087427
경기도 양주시 남면 개나리길 90,126.9753855,37.8966998
서울특별시 은평구 서오릉로 46,126.9248454,37.6050352
인천광역시 미추홀구 낙섬중로 68,126.6393466,37.453863
서울특별시 중랑구 동일로 817,127.0788577,37.6033193
인천광역시 계양구 작전시장로 8,126.7236009,37.5324806
경기도 시흥시 월곶중앙로30번안길 33,126.739614,37.3901814
경기도 광명시 광명로 908,126.8549476,37.4798823
"경기 이천시 신둔면 도자예술로 54,",127.385057,37.29435
인천광역시 부평구 후정동로 60,126.738508,37.5226935
경기도 이천시 영창로 306,127.4566051,37.2809853
인천광역시 부평구 평천로 286,126.7222221,37.5164726
경기도 성남시 중원구 갈마치로288번길 14,127.1738497,37.4395077
경기도 수원시 장안구 파장로 74,126.9927242,37.3062499
경기도 안산시 상록구 중보로 17,126.8494028,37.3058353
인천광역시 남구 독정이로 30,126.6539536,37.4586526
경기도 남양주시 진접읍 장현로 85-1,127.181903,37.7182218
경기도 평택시 송탄로 72,127.0562792,37.0517716
인천광역시 서구 서곶로 45,126.6783486,37.5207111
서울특별시 도봉구 도봉로110길 11,127.0342689,37.6463476
경기도 용인시 처인구 중부대로 1357,127.195729,37.2351033
서울특별시 중랑구 면목로 259,127.0856592,37.5759536
서울특별시 금천구 벚꽃로 278,126.8846895,37.479464
강원 춘천시 영서로 2779,127.7284368,37.9013415
서울특별시 강서구 방화대로34길 92,126.8214526,37.5708543
경기도 수원시 영통구 매봉로46번길 4,127.0533266,37.2717251
경기도용인시처인구포곡읍포곡로297번길1,127.2124966,37.2634654
경기도남양주시다산중앙로82번길84,127.1639302,37.6197299
경기도 고양시 일산서구 대화로 124,126.7345007,37.6699391
경기도 김포시 중봉1로 21,126.6996639,37.6234018
경기도 수원시 장안구 덕영대로425번길 14-1,126.9697962,37.3017454
경기도 부천시 오정구 고리울로52번길 19-4,126.8216915,37.5262108
인천광역시 서구 고래울로 36,126.6858717,37.4864931
경기도포천시영북면영북로177번길54,127.2691044,38.0897648
강원영월군영월읍하송안길1241,128.4662263,37.1819122
경기도 성남시 수정구 수정로 115-1,127.1330757,37.4416215
서울특별시 영등포구 신길로 158,126.9112567,37.5061303
서울특별시 서초구 효령로 314,127.0185706,37.4853104
경기도 김포시 사우중로 48,126.7191197,37.6191006
경기도 남양주시 진건읍 진건오남로 117,127.1790149,37.6612656
경기도 성남시 수정구 수정로 340,127.1499551,37.4539626
경기도 양주시 회천중앙로 248,127.053539,37.8196521
강원 원주시 나비허리길 146,127.9642227,37.3195152
경기도 양평군 양동면 쌍학새마을1길 1,127.7557022,37.4177859
경기도 오산시 발안로 1355,127.0472854,37.1415945
서울특별시 은평구 연서로 74,126.9157187,37.6057085
경기도 부천시 상일로 96,126.7528884,37.4913013
"경기 평택시 안중읍 안현로서3길 94,",126.9212508,36.9877319
인천광역시 연수구 샘말로62번길 19,126.680768,37.4133719
경기도 고양시 덕양구 권율대로 903,126.8908053,37.6642325
경기도 오산시 성호대로 100,127.0724243,37.1486063
경기도 남양주시 다산중앙로146번길 12-1,127.1540288,37.6258134
인천광역시 서구 탁옥로 54,126.6754303,37.5437264
경기도 하남시 신장로 142,127.2028312,37.5388867
강원도 화천군 화천읍 중앙로 20-3,127.7062743,38.1041132
서울특별시 도봉구 도봉로181길 5,127.0454046,37.6837767
서울특별시 강남구 헌릉로 569,127.1012126,37.4657572
서울특별시 도봉구 도봉로113길 37,127.0321121,37.6483842
서울특별시 송파구 송이로32길 37,127.1272378,37.486938
경기도 포천시 삼육사로 2229,127.1627413,37.8514016
경기도 수원시 팔달구 정조로 667,127.0167288,37.2681198
경기도 남양주시 호평로68번길 2,127.2475147,37.6559918
경기도 고양시 일산동구 중산로 105,126.7812968,37.6813972
서울특별시 동대문구 전농로 95,127.0572192,37.5733871
인천광역시 남구 인하로 195,126.6696888,37.4489916
서울특별시 송파구 오금로44가길 9,127.1348291,37.4973831
서울특별시 도봉구 마들로11길 71,127.0493303,37.6533357
경기도 하남시 미사강변대로226번안길 35,127.1855605,37.5682963
서울특별시 동대문구 천호대로 26,127.0260017,37.5738906
경기도 김포시 김포한강1로 77-4,126.724998,37.605612
경기도 안산시 단원구 중앙대로 885,126.8351492,37.3172384
서울특별시 은평구 은평로 82,126.916937,37.5990161
경기도 시흥시 함송로 24,126.7303909,37.3632136
서울특별시 노원구 동일로180길 28,127.0758128,37.6224065
서울특별시 마포구 포은로 110,126.9047249,37.5568073
경기 동두천시 중앙로 234,127.0533003,37.9022897
서울특별시 강북구 솔샘로 222,126.972247,37.573149
서울특별시 관악구 관천로19길 97,126.9166156,37.4867081
인천광역시 남구 토금중로 63,126.6405726,37.4516967
인천광역시 계양구 계양산로215번길 22,126.7412297,37.5492216
인천광역시 계양구 안남로 502,126.7111477,37.5276691
경기도 의왕시 부곡중앙남6길 4,126.9537734,37.3208788
경기도 고양시 일산동구 숲속마을로 26,126.8003765,37.6673209
"경기 용인시 처인구 모현읍 백옥대로2402번길 13,",127.2512225,37.3375253
서울특별시 강서구 강서로 499,126.8413525,37.5701683
경기도 안산시 상록구 건건로 44,126.9022956,37.3050672
경기도 고양시 덕양구 권율대로 671,126.8729834,37.650278
경기도 용인시 수지구 현암로 153,127.1263598,37.3319295
경기도 남양주시 퇴계원면 퇴계원로 37-1,127.1411583,37.650517
서울특별시 관악구 난곡로 83,126.9187681,37.4628862
경기도 고양시 덕양구 동산2로 1,126.886153,37.6448619
인천광역시 서구 청라커낼로 270,126.6449787,37.5325236
경기도 용인시 수지구 신봉1로 157,127.1260463,37.2937032
강원 원주시 능라동길 81,127.9296511,37.3325838
경기도 평택시 특구로27번길 46,127.0607987,37.0691089
인천광역시 동구 송현로 44,126.6363985,37.4780395
경기도 안성시 중앙로372번길 26,127.267143,37.0066908
서울특별시 관악구 인헌2길 19,126.965858,37.4753277
경기도 남양주시 다산지금로 136,127.1735182,37.6008756
서울특별시 마포구 월드컵북로 502,126.8798666,37.5850466
인천광역시 중구 하늘중앙로225번길 11,126.5592294,37.4878457
서울특별시 구로구 개봉로12길 10,126.8569036,37.4880466
경기도 의정부시 신곡로 11,127.0563444,37.7276724
서울특별시 중랑구 중랑역로 33,127.0758072,37.5972315
인천광역시 미추홀구 신기길 6,126.6765114,37.4479058
"경기 파주시 청암로17번길 31,",126.7358989,37.7284649
경기도 안산시 단원구 선부광장1로 82,126.8126691,37.3355858
강원특별자치도 동해시 청운1길 73,129.1111126,37.486802
강원특별자치도 동해시 청운1길 73,129.1111126,37.486802
강원 춘천시 남춘천새길 11,127.7334027,37.8612303
강원 춘천시 남춘천새길 11,127.7334027,37.8612303
경기도 안양시 동안구 평촌대로 141,126.9587605,37.3846011
서울특별시 동작구 상도로 88,126.9307574,37.4996678
서울특별시 동작구 상도로 88,126.9307574,37.4996678
인천광역시 남동구 독곡로48번길 6,126.7487482,37.4344203
인천광역시 남동구 독곡로48번길 6,126.7487482,37.4344203
경기도 성남시 분당구 성남대로925번길 16,127.1272932,37.4130962
경기도 용인시 처인구 포곡읍 포곡로108번길 13-6,127.219119,37.2684924
경기도 용인시 처인구 포곡읍 포곡로108번길 13-6,127.219119,37.2684924
경기도 군포시 당정역로 92,126.9488771,37.3443443
경기도 군포시 당정역로 92,126.9488771,37.3443443
서울특별시 관악구 남부순환로 1679,126.937497,37.484555
서울특별시 관악구 남부순환로 1679,126.937497,37.484555
경기도 김포시 고촌읍 태리로 285,126.7639057,37.5932146
경기도 수원시 영통구 도청로 65,127.0499107,37.2887282
경기도 수원시 영통구 도청로 65,127.0499107,37.2887282
인천광역시 미추홀구 숙골로87번길 5,126.6634306,37.469158
인천광역시 미추홀구 숙골로87번길 5,126.6634306,37.469158
경기도 부천시 경인로 148,126.7718301,37.4836518
경기도 부천시 경인로 148,126.7718301,37.4836518
경기도 포천시 원앙로 31,127.2023333,37.8996188
경기도 포천시 원앙로 31,127.2023333,37.8996188
서울특별시 관악구 관천로19길 97,126.9166156,37.4867081
인천광역시 남구 토금중로 63,126.6405726,37.4516967
인천광역시 계양구 계양산로215번길 22,126.7412297,37.5492216
인천광역시 계양구 안남로 502,126.7111477,37.5276691
경기도 의왕시 부곡중앙남6길 4,126.9537734,37.3208788
경기도 고양시 일산동구 숲속마을로 26,126.8003765,37.6673209
"경기 용인시 처인구 모현읍 백옥대로2402번길 13,",127.2512225,37.3375253
서울특별시 강서구 강서로 499,126.8413525,37.5701683
경기도 안산시 상록구 건건로 44,126.9022956,37.3050672
경기도 안산시 단원구 선부광장1로 82,126.8126691,37.3355858
경기도 안양시 동안구 평촌대로 141,126.9587605,37.3846011
경기도 용인시 수지구 현암로 153,127.1263598,37.3319295
경기도 남양주시 퇴계원면 퇴계원로 37-1,127.1411583,37.650517
서울특별시 관악구 난곡로 83,126.9187681,37.4628862
경기도 고양시 덕양구 동산2로 1,126.886153,37.6448619
인천광역시 서구 청라커낼로 270,126.6449787,37.5325236
경기도 용인시 수지구 신봉1로 157,127.1260463,37.2937032
강원 원주시 능라동길 81,127.9296511,37.3325838
경기도 김포시 고촌읍 태리로 285,126.7639057,37.5932146
경기도 평택시 특구로27번길 46,127.0607987,37.0691089
인천광역시 동구 송현로 44,126.6363985,37.4780395
서울특별시 관악구 인헌2길 19,126.965858,37.4753277
경기도 남양주시 다산지금로 136,127.1735182,37.6008756
서울특별시 마포구 월드컵북로 502,126.8798666,37.5850466
인천광역시 중구 하늘중앙로225번길 11,126.5592294,37.4878457
서울특별시 구로구 개봉로12길 10,126.8569036,37.4880466
경기도 의정부시 신곡로 11,127.0563444,37.7276724
서울특별시 중랑구 중랑역로 33,127.0758072,37.5972315
인천광역시 미추홀구 신기길 6,126.6765114,37.4479058
"경기 파주시 청암로17번길 31,",126.7358989,37.7284649
인천광역시 서구 탁옥로 54,126.6754303,37.5437264
경기도 하남시 신장로 142,127.2028312,37.5388867
강원도 화천군 화천읍 중앙로 20-3,127.7062743,38.1041132
서울특별시 도봉구 도봉로181길 5,127.0454046,37.6837767
서울특별시 강남구 헌릉로 569,127.1012126,37.4657572
서울특별시 도봉구 도봉로113길 37,127.0321121,37.6483842
서울특별시 송파구 송이로32길 37,127.1272378,37.486938
경기도 포천시 삼육사로 2229,127.1627413,37.8514016
경기도 수원시 팔달구 정조로 667,127.0167288,37.2681198
경기도 고양시 덕양구 권율대로 671,126.8729834,37.650278
경기도 남양주시 호평로68번길 2,127.2475147,37.6559918
경기도 고양시 일산동구 중산로 105,126.7812968,37.6813972
서울특별시 동대문구 전농로 95,127.0572192,37.5733871
인천광역시 남구 인하로 195,126.6696888,37.4489916
서울특별시 송파구 오금로44가길 9,127.1348291,37.4973831
서울특별시 도봉구 마들로11길 71,127.0493303,37.6533357
경기도 성남시 분당구 성남대로925번길 16,127.1272932,37.4130962
경기도 성남시 분당구 성남대로925번길 16,127.1272932,37.4130962
경기도 하남시 미사강변대로226번안길 35,127.1855605,37.5682963
서울특별시 동대문구 천호대로 26,127.0260017,37.5738906
경기도 김포시 김포한강1로 77-4,126.724998,37.605612
경기도 안산시 단원구 중앙대로 885,126.8351492,37.3172384
경기도 안성시 중앙로372번길 26,127.267143,37.0066908
서울특별시 은평구 은평로 82,126.916937,37.5990161
경기도 시흥시 함송로 24,126.7303909,37.3632136
서울특별시 노원구 동일로180길 28,127.0758128,37.6224065
서울특별시 마포구 포은로 110,126.9047249,37.5568073
경기 동두천시 중앙로 234,127.0533003,37.9022897
서울특별시 강북구 솔샘로 222,126.972247,37.573149
경기도 성남시 수정구 수정로 115-1,127.1330757,37.4416215
서울특별시 영등포구 신길로 158,126.9112567,37.5061303
서울특별시 서초구 효령로 314,127.0185706,37.4853104
경기도 김포시 사우중로 48,126.7191197,37.6191006
경기도 안산시 단원구 선부광장1로 82,126.8126691,37.3355858
경기도 고양시 덕양구 권율대로 671,126.8729834,37.650278
경기도 남양주시 진건읍 진건오남로 117,127.1790149,37.6612656
경기도 성남시 수정구 수정로 340,127.1499551,37.4539626
경기도 양주시 회천중앙로 248,127.053539,37.8196521
경기도 안양시 동안구 평촌대로 141,126.9587605,37.3846011
강원 원주시 나비허리길 146,127.9642227,37.3195152
경기도 양평군 양동면 쌍학새마을1길 1,127.7557022,37.4177859
경기도 오산시 발안로 1355,127.0472854,37.1415945
서울특별시 은평구 연서로 74,126.9157187,37.6057085
경기도 김포시 고촌읍 태리로 285,126.7639057,37.5932146
경기도 안성시 중앙로372번길 26,127.267143,37.0066908
경기도 부천시 상일로 96,126.7528884,37.4913013
"경기 평택시 안중읍 안현로서3길 94,",126.9212508,36.9877319
인천광역시 연수구 샘말로62번길 19,126.680768,37.4133719
경기도 고양시 덕양구 권율대로 903,126.8908053,37.6642325
경기도 오산시 성호대로 100,127.0724243,37.1486063
경기도 남양주시 다산중앙로146번길 12-1,127.1540288,37.6258134
인천광역시 서구 가정로 297,126.6722439,37.5115513
경기도 안산시 상록구 각골로 131,126.8727546,37.3011762
경기도 부천시 오정구 원종로 37,126.8041655,37.5241965
경기도 하남시 신장로 143,127.202414,37.5387487
경기도 수원시 팔달구 세지로 421,127.0307105,37.2865091
서울특별시 중랑구 공릉로 58,127.0792704,37.6157749
서울특별시 강동구 천호대로187길 30,127.1427379,37.5356274
경기도수원시팔달구덕영대로지하90765,127.0358302,37.2865329
경기도 파주시 송화로 11,126.7771456,37.7718864
서울특별시강남구언주로427,127.0426534,37.5013935
서울특별시 마포구 백범로31길 7,126.9487857,37.5455394
서울특별시 영등포구 신풍로 52,126.9116745,37.499944
경기도수원시장안구파장로99,126.9904491,37.3076722
서울특별시 마포구 토정로31길 23,126.9417473,37.5423139
경기도 의정부시 평화로 229-1,127.0472266,37.7123899
경기도 수원시 권선구 매송고색로 703,126.9812839,37.2511771
인천광역시 부평구 열우물로 39,126.7008288,37.4716024
경기도 평택시 동삭1로22번길 19-17,127.0929747,37.0206356
경기도 김포시 걸포2로 74,126.700015,37.634461
경기도 고양시 덕양구 으뜸로 130,126.8706327,37.5794623
인천광역시 서구 원적로 75,126.6806899,37.4937427
서울특별시 송파구 위례광장로 120,127.1416247,37.474762
서울특별시마포구만리재옛길21,126.9553084,37.5460298
서울특별시영등포구영중로50,126.9053098,37.5206812
경기도 부천시 소사로 776,126.8052007,37.5252522
인천광역시남동구석산로17,126.6953284,37.4635047
경기도용인시처인구이동읍경기동로687번길20,127.1979737,37.1411961
강원홍천군홍천읍갈마로7길2826,127.9015945,37.6964564
경기도 시흥시 은행로 130,126.8000163,37.442737
서울특별시 중구 퇴계로 417,127.017832,37.5658397
서울특별시 양천구 목동중앙북로7길 22,126.8676772,37.5488441
경기도 구리시 검배로 36,127.143065,37.5979733
경기도 의정부시 평화로 374,127.0485256,37.7252219
서울특별시 금천구 독산로 274,126.9032728,37.4712402
경기도 안산시 상록구 석호로 288,126.8625401,37.2933744
인천광역시 부평구 주부토로 36,126.7252372,37.4981513
서울특별시 송파구 올림픽로 119,127.0841992,37.512085
서울특별시 동작구 성대로 42,126.9333929,37.4988446
인천광역시 남동구 서창남순환로 60,126.751003,37.4292813
서울특별시 광진구 광나루로56길 85,127.0957117,37.5357272
인천광역시 부평구 마장로220번길 13,126.7032632,37.4988492
서울특별시 서대문구 증가로20가길 82,126.9199717,37.5825731
경기도 수원시 권선구 금곡로 100,126.941277,37.2738757
인천광역시 부평구 동암남로7번길 8,126.7047341,37.4713029
경기도 김포시 김포한강2로 88,126.6734718,37.6388147
인천광역시 부평구 경인로1104번길 14-1,126.7420586,37.4850415
경기도 수원시 영통구 봉영로 1590,127.0734369,37.2527901
경기도 안산시 상록구 부곡로 61,126.8603822,37.3279996
인천광역시 부평구 경원대로 1395,126.7244624,37.4918447
경기도 고양시 일산동구 정발산로 23,126.7713192,37.6567232
경기도 화성시 동탄순환대로27길 30,127.1054476,37.2082248
경기도 수원시 권선구 당수로 124,126.9430916,37.2852185
경기도 여주시 도예로 55,127.6424898,37.3083114
서울특별시 동대문구 망우로 67,127.0606456,37.5899035
경기도 이천시 서희로 70,127.4432485,37.2816171
경기도 남양주시 진접읍 해밀예당3로 142,127.1946946,37.7216437
서울특별시 성북구 동소문로 19,127.0080887,37.5895276
인천광역시 서구 새오개로111번안길 31,126.6648565,37.5224244
서울특별시성동구성덕정길107,127.0555476,37.5372059
서울특별시구로구고척로204,126.8559902,37.5049322
인천광역시 부평구 수변로 333,126.7377297,37.5145039
서울특별시 강서구 공항대로 28,126.810287,37.5611464
경기도 시흥시 신천3길 26-1,126.7833192,37.4389171
경기도양주시평화로1408,127.0465582,37.8166586
강원원주시나비허리길169,127.9659043,37.3185154
경기도수원시권선구덕영대로1205,127.0225311,37.2492541
강원특별자치도 춘천시 명동길 37-2,127.7252499,37.8776733
인천광역시 계양구 봉오대로 677,126.7240675,37.53099
서울특별시 도봉구 해등로 198,127.0349067,37.6583545
인천광역시 서구 가정로 130,126.671859,37.4962477
서울특별시구로구천왕로42,126.8389963,37.4812223
서울특별시 동대문구 고산자로 484,127.0388496,37.582781
경기도 성남시 분당구 탄천상로151번길 20,127.106744,37.3408118
강원춘천시행촌로32번길1,127.7244767,37.8594258
경기도 김포시 양촌읍 양곡2로 50,126.6275131,37.6556421
서울특별시마포구월드컵로25길26,126.9062068,37.5584069
강원도철원군갈말읍삼부연로9,127.3089028,38.1453163
경기도 양주시 덕계로4길 24,127.0573917,37.8185748
경기도 안산시 상록구 도매시장로 44,126.859971,37.3104068
경기도 수원시 팔달구 행궁로 98,127.0155945,37.2738413
경기도고양시일산동구하늘마을1로14,126.7870576,37.6750234
인천광역시 남동구 남동대로 729,126.7069977,37.4475225
경기도 안산시 상록구 오목로 8,126.8586845,37.2902826
서울특별시 관악구 조원로 132,126.9169191,37.4852692
서울특별시 강북구 삼양로77길 2,127.0175362,37.6305405
경기도남양주시진접읍장현로99,127.1829265,37.7190128
경기도부천시원미구계남로339,126.7833337,37.5007913
서울특별시 동작구 상도로 181,126.9388701,37.504985
경기도 시흥시 마유로418번길 12,126.7422943,37.3514019
서울특별시 강서구 공항대로41길 65,126.8460714,37.5607267
경기도성남시분당구불정로260,127.1273671,37.3667726
경기도 파주시 책향기로 423,126.7189328,37.724921
경기도수원시권선구세지로61,127.0170004,37.2576334
경기도 군포시 산본로323번길 16-29,126.9311628,37.3599271
서울특별시 금천구 금하로23길 10,126.9087691,37.4516573
경기도광명시오리로371,126.8792728,37.4356039
서울특별시 중랑구 면목로33길 33,127.0840224,37.5764905
인천광역시 남동구 논고개로123번길 28,126.7223024,37.4021506
경기도 양주시 백석읍 호명로 76,126.9918582,37.7866953
인천광역시 부평구 길주로 491,126.7173043,37.5083821
인천광역시 부평구 부일로 30,126.733364,37.489706
경기도부천시장말로2052,126.7674927,37.4923286
서울특별시 강남구 선릉로 749,127.0394554,37.521488
강원강릉시경강로2093,128.8958157,37.7547338
경기도 용인시 기흥구 동백죽전대로 444,127.1516212,37.2780841
경기도안성시죽산면죽주로287,127.3959314,37.0749566
경기도 용인시 기흥구 용구대로2394번길 2,127.1076238,37.2998192
경기도 안산시 단원구 광덕4로 246,126.8398867,37.3143565
경기도 평택시 송탄로 116,127.0567232,37.054965
경기도 고양시 일산서구 중앙로 1456,126.7589686,37.6715596
인천광역시 중구 하늘중앙로195번길 14,126.5607953,37.4893244
인천광역시 미추홀구 경인로 372,126.6810583,37.4573454
서울특별시 송파구 동남로4길 25,127.1249759,37.4879395
경기도 화성시 남양읍 시청로 12,126.8183005,37.2078799
경기도 수원시 권선구 금호로 64-3,126.9587385,37.2700929
경기도 고양시 덕양구 덕수천2로 150,126.8951864,37.6492897
경기도 의정부시 평화로 191,127.047839,37.7088538
인천광역시 부평구 충선로 168,126.7366008,37.5043012
서울특별시 관악구 호암로 534,126.9316543,37.465274
서울특별시 강동구 양재대로91길 50,127.1333381,37.5285306
경기 안양시 만안구 안양동,126.9156481,37.3861239
서울특별시 서대문구 신촌역로 16,126.9431995,37.558077
경기도 광명시 양달로20번길 1,126.881609,37.4145235
서울특별시 노원구 동일로 1393,127.0605546,37.6529481
경기도 평택시 소사5길 5,127.1268266,36.9909359
경기도 의정부시 신흥로222번길 5-30,127.0452528,37.7362779
경기도 화성시 동탄구 동탄솔빛로 44,127.0729654,37.1927916
경기도안양시동안구시민대로190,126.9518521,37.3909196
서울특별시 관악구 난곡로 366,126.971668,37.560136
서울특별시 강서구 곰달래로 226,126.8580948,37.5315962
인천광역시 연수구 벚꽃로 106,126.6772476,37.4176395
경기도 용인시 처인구 이동읍 경기동로 716-1,127.1984854,37.1374959
경기도 평택시 용죽2로 32-44,127.1255175,36.9924402
서울특별시 서대문구 명지대길 34,126.9246017,37.5818315
서울특별시 관악구 봉천로 387,126.9425811,37.484042
서울특별시 도봉구 노해로41길 38,127.0253815,37.6500768
경기도 광주시 양벌로 300-1,127.2474659,37.3724365
경기도 동두천시 생연로 21,127.0485656,37.8946832
경기도 용인시 처인구 포곡읍 포곡로 103,127.216909,37.2695951
,,
경기도 고양시 일산동구 강송로 115,126.7863775,37.6492656
경기도 평택시 중앙로 176,127.1023539,36.9914112
경기도 파주시 조리읍 고봉로 1042,126.8086416,37.7437016
경기도 평택시 탄현로 333-1,127.0561067,37.0820297
서울특별시 서대문구 증가로 130,126.9233156,37.5775849
경기도 안양시 만안구 박달로 572-1,126.9162811,37.402547
경기도 하남시 덕풍남로 11-1,127.2094883,37.547122
경기도 고양시 일산동구 정발산로 24,126.7724198,37.6552661
경기도 김포시 통진읍 서암로 73,126.5985913,37.6918461
인천광역시 부평구 부흥로 269,126.721777,37.4987987
서울특별시금천구금하로6991,126.9110829,37.451093
서울특별시강서구방화동로92,126.8130096,37.5686073
서울특별시 강동구 아리수로93나길 50,127.1746742,37.5720862
,,
강원원주시서원대로396,127.9486898,37.3307913
경기도 성남시 중원구 산성대로 지하 244-4,127.1444904,37.4395602
경기도 수원시 팔달구 덕영대로 지하 911,126.9984689,37.2694355
경기도 용인시 처인구 중부대로 1479,127.208584,37.2333246
인천광역시 부평구 원적로 434,126.7146312,37.5033254
경기도 안양시 만안구 안양로 지하 301,126.9213886,37.3976649
서울특별시 강서구 강서로 304,126.8367224,37.5527149
경기화성시향남읍삼천병마로207,126.944108,37.2043284
경기도구리시체육관로82,127.1381522,37.5919095
서울특별시 영등포구 도영로 25,126.8960631,37.5086924
인천광역시남동구백범로360번길2,126.7110109,37.4658843
경기도포천시화동로1092,127.320415,37.9603665
서울특별시마포구와우산로19길27,126.9216696,37.5511967
인천광역시 연수구 용담로 11,126.6691476,37.421486
경기도 부천시 소사구 경인로 218-1,126.779743,37.483067
경기도 수원시 팔달구 효원로 278,127.032233,37.2609578
경기도 화성시 떡전골로 60,127.0362056,37.2048522
경기도 용인시 기흥구 사은로126번길 10,127.1177315,37.2533357
서울특별시 노원구 한글비석로 77,127.0704477,37.6375197
경기도 부천시 오정구 역곡로481번길 14,126.8153734,37.5279767
경기도 의정부시 오목로225번길 147,127.0957209,37.7452986
경기도 수원시 장안구 대평로 72,126.9939482,37.2948076
경기도 파주시 한울로 67,126.7391464,37.7108762
인천광역시 서구 새오개로111번안길 21,126.6638035,37.5224756
경기도 안산시 상록구 건건로 28,126.9014809,37.30369
인천광역시 서구 원적로 99,126.6824031,37.4953476
서울특별시 강북구 도봉로 259,127.0237329,37.6314389
경기도 의정부시 충의로 69,127.0865631,37.7379838
서울특별시 동작구 사당로 220,126.9722187,37.4839071
서울특별시 강북구 오패산로 385,127.0280841,37.6357367
서울특별시 양천구 목동중앙북로 82,126.8723209,37.5463386
경기도 안산시 상록구 부곡로 144,126.8646175,37.3344829
서울특별시 강동구 풍성로 91,127.1224035,37.532847
서울특별시 강북구 삼양로77길 16,127.0171235,37.6300505
서울특별시 송파구 올림픽로32길 58,127.1124443,37.5120393
인천광역시 미추홀구 매소홀로 436,126.670622,37.4396854
서울특별시 성북구 삼양로 63,127.0228868,37.6086628
인천광역시 서구 가정로 382,126.6733574,37.5189342
경기도 의정부시 오목로 207,127.0985849,37.7449151
서울특별시 구로구 고척로 202,126.8557084,37.5048664
"경기 안산시 단원구 원초로 30,",126.8017019,37.3283929
강원 홍천군 홍천읍 홍천로3길 16,127.8807063,37.6897153
경기도 평택시 이충로 84-5,127.0670721,37.0646348
경기도 부천시 소사구 송내대로 33,126.75281,37.486498
서울특별시 동작구 신대방길 18,126.9117008,37.4879965
서울특별시 성북구 돌곶이로27길 78,127.0517371,37.6102047
강원특별자치도 양양군 양양읍 양양로 69,128.6217645,38.074968
경기도 오산시 대원로 17,127.0704895,37.1466538
경기도 동두천시 동두천로 119,127.054625,37.8920651
경기도 용인시 기흥구 덕영대로2077번길 33,127.0966161,37.2648186
경기도 광주시 태성1로 14,127.2292565,37.3777348
서울특별시 동대문구 전농로 33,127.0567446,37.5679321
서울특별시 강서구 방화동로 32,126.8107577,37.5635749
인천광역시 서구 청라에메랄드로149번길 4-2,126.6562621,37.5386443
서울특별시 금천구 벚꽃로36길 30,126.8851007,37.4807023
경기도 고양시 덕양구 지축1로 73,126.9147711,37.6490841
경기도 평택시 관광특구로 38,127.0629788,37.0664859
서울특별시 영등포구 영신로19길 22,126.9055679,37.5138537
경기도 양주시 평화로 1441,127.0465664,37.8195508
서울특별시 은평구 연서로 137,126.9168854,37.6111615
경기도 부천시 원미구 부천로 41,126.7833824,37.4880332
경기도 남양주시 화도읍 맷돌로 93,127.3007259,37.6582745
서울특별시 광진구 자양로 172,127.0846372,37.5428953
인천광역시 남동구 백범로 236,126.7231602,37.4607182
서울특별시 송파구 거마로20길 17,127.148658,37.4975826
경기 김포시 통진읍 김포대로 2236,126.5978508,37.6902246
서울특별시 동대문구 회기로 157,127.0537124,37.5910645
서울특별시 강북구 솔샘로64길 29,127.0281823,37.6160139
경기도 광명시 광화로 14,126.849781,37.4732185
경기도 평택시 송탄로 247,127.0582642,37.0658177
서울특별시 강북구 솔매로 62-1,127.0192211,37.6247519
경기도 안양시 만안구 양화로136번길 3,126.9094019,37.4049346
인천광역시 부평구 부일로 87,126.7397535,37.4889904
인천광역시 계양구 효서로 385,126.7392684,37.5279276
경기도 시흥시 중심상가로 155,126.7333151,37.3463953
서울특별시 성동구 왕십리광장로 17,127.0384274,37.5592604
강원특별자치도 강릉시 원대로 6,128.8818742,37.7551904
강원특별자치도 춘천시 방송길 70,127.7180954,37.8698715
서울특별시 노원구 섬밭로 134,127.0691793,37.6283913
경기도 평택시 지제동삭1로 41,127.076588,37.0226269
경기도 부천시 원미구 부천로 102,126.7851174,37.4933131
서울특별시 동대문구 전농로 156,127.0572195,37.5787483
인천광역시 계양구 장제로 721,126.7335501,37.5322363
인천광역시 남구 소성로 313-1,126.6821705,37.4377604
인천광역시 연수구 인천타워대로 257,126.6321912,37.3936909
인천광역시 서구 가정로 322,126.6729644,37.5136588
인천광역시 미추홀구 경인로 372,126.6810583,37.4573454
서울특별시 강서구 양천로 476,126.853268,37.5615987
인천광역시 동구 송림로 112,126.6471137,37.4763066
서울 송파구 마천동,127.1499084,37.4960238
경기도 평택시 송탄공원로 81,127.0581585,37.0752786
서울특별시 강남구 언주로 604,127.0389769,37.509401
인천광역시 서구 중봉대로586번길 22,126.6514896,37.5309673
경기도 양주시 고읍남로 23,127.0795152,37.7940261
경기도 안양시 동안구 동안로 194,126.9488724,37.3956598
경기도 부천시 소사구 경인옛로22번길 24,126.7936604,37.4803266
경기도 파주시 숲속노을로 128,126.7151806,37.7123023
서울특별시 강서구 강서로 161,126.8405574,37.5411294
"서울 관악구 남부순환로 1742,",126.943526,37.481978
서울특별시 노원구 동일로 1004,127.0752339,37.6197619
경기도 평택시 평남로 941,127.1041761,37.0046175
경기도 고양시 일산동구 숲속마을1로 76,126.8003584,37.6677442
서울특별시 중랑구 동일로143길 24,127.0772239,37.605388
경기도 안산시 단원구 북촌3길 18,126.8060298,37.3429617
경기도 성남시 중원구 자혜로 73-2,127.1676162,37.4513581
경기도 광주시 오포로 125,127.1799391,37.3442794
경기도 성남시 분당구 성남대로43번길 10,127.1078368,37.3400181
경기도 화성시 동탄장지천5길 30-9,127.1045922,37.1595048
서울특별시 마포구 망원로8길 53,126.9065045,37.5550758
서울특별시 중랑구 면목로 254,127.0857437,37.5755217
"경기 김포시 고촌읍 김포대로 339,",126.7703589,37.6008506
인천광역시 미추홀구 제일로 38,126.6744016,37.4585954
인천광역시 미추홀구 경인로 27,126.6460859,37.4637166
서울특별시 성북구 정릉로 307,127.0182943,37.6030473
경기도 부천시 은성로 76,126.7992048,37.475112
경기도 성남시 중원구 자혜로67번길 1,127.1667826,37.4511089
경기도 용인시 처인구 한터로 99,127.2223418,37.2511224
경기도 평택시 함박산8길 13,127.0338262,37.0376956
강원 양양군 양양읍 양양로 65,128.6220391,38.0750927
서울특별시 강북구 한천로123길 26,127.0303307,37.6363589
경기도 부천시 소사구 소사동로 82,126.8039608,37.473214
경기도 양주시 고읍남로 24,127.0789535,37.7944542
서울특별시 동대문구 고산자로 562,127.0367467,37.5895757
경기도 광주시 퇴촌면 광동로 50,127.3080991,37.4703305
"서울 서대문구 거북골로14길 32,",126.914503,37.5763509
경기도 파주시 청암로 75,126.7330341,37.7348131
경기도 남양주시 늘을3로 65-16,127.2480453,37.6606896
경기도 양주시 회정로 134,127.0684707,37.8371605
경기도 용인시 기흥구 동백중앙로 191,127.1529648,37.270885
경기도 의정부시 발곡로 23,127.0574086,37.7314202
강원 속초시 중앙로 89-1,128.5858836,38.2018473
경기도 수원시 팔달구 월드컵로357번길 42,127.0292323,37.2883261
인천광역시 남동구 구월로 60,126.6968756,37.4570704
인천광역시 남동구 소래로669번길 34,126.7324387,37.4500958
인천광역시 중구 우현로 지하 67,126.6278223,37.4703536
경기도 안산시 단원구 대부중앙로 92,126.58395,37.2432263
서울특별시 노원구 동일로 1004,127.0752339,37.6197619
경기도 평택시 평남로 941,127.1041761,37.0046175
경기도 고양시 일산동구 숲속마을1로 76,126.8003584,37.6677442
인천광역시 계양구 계산로 89,126.7219716,37.537788
인천광역시 계양구 계산로 89,126.7219716,37.537788
서울특별시 관악구 난곡로 170,126.9201202,37.4702601
서울특별시 중랑구 동일로143길 24,127.0772239,37.605388
경기도 안산시 단원구 북촌3길 18,126.8060298,37.3429617
경기도 성남시 중원구 자혜로 73-2,127.1676162,37.4513581
경기도 광주시 오포로 125,127.1799391,37.3442794
경기도 성남시 분당구 성남대로43번길 10,127.1078368,37.3400181
경기도 화성시 동탄장지천5길 30-9,127.1045922,37.1595048
서울특별시 마포구 망원로8길 53,126.9065045,37.5550758
서울특별시 중랑구 면목로 254,127.0857437,37.5755217
"경기 김포시 고촌읍 김포대로 339,",126.7703589,37.6008506
인천광역시 미추홀구 제일로 38,126.6744016,37.4585954
인천광역시 미추홀구 경인로 27,126.6460859,37.4637166
서울특별시 성북구 정릉로 307,127.0182943,37.6030473
경기도 부천시 은성로 76,126.7992048,37.475112
경기도 성남시 중원구 자혜로67번길 1,127.1667826,37.4511089
경기도 용인시 처인구 한터로 99,127.2223418,37.2511224
경기도 평택시 함박산8길 13,127.0338262,37.0376956
강원 양양군 양양읍 양양로 65,128.6220391,38.0750927
서울특별시 강북구 한천로123길 26,127.0303307,37.6363589
경기도 부천시 소사구 소사동로 82,126.8039608,37.473214
경기도 남양주시 화도읍 마석로 80-2,127.3057939,37.6580792
경기도 남양주시 화도읍 마석로 80-2,127.3057939,37.6580792
경기도 양주시 고읍남로 24,127.0789535,37.7944542
서울특별시 동대문구 고산자로 562,127.0367467,37.5895757
경기도 광주시 퇴촌면 광동로 50,127.3080991,37.4703305
경기도 파주시 청암로 75,126.7330341,37.7348131
경기도 남양주시 늘을3로 65-16,127.2480453,37.6606896
경기도 양주시 회정로 134,127.0684707,37.8371605
경기도 용인시 기흥구 동백중앙로 191,127.1529648,37.270885
경기도 의정부시 발곡로 23,127.0574086,37.7314202
강원 속초시 중앙로 89-1,128.5858836,38.2018473
경기도 수원시 팔달구 월드컵로357번길 42,127.0292323,37.2883261
인천광역시 남동구 구월로 60,126.6968756,37.4570704
인천광역시 남동구 소래로669번길 34,126.7324387,37.4500958
경기도 안산시 단원구 대부중앙로 92,126.58395,37.2432263
경기도 동두천시 동두천로 119,127.054625,37.8920651
경기도 용인시 기흥구 덕영대로2077번길 33,127.0966161,37.2648186
서울특별시 관악구 난곡로 170,126.9201202,37.4702601
서울특별시 관악구 난곡로 170,126.9201202,37.4702601
경기도 광주시 태성1로 14,127.2292565,37.3777348
서울특별시 동대문구 전농로 33,127.0567446,37.5679321
서울특별시 강서구 방화동로 32,126.8107577,37.5635749
인천광역시 서구 청라에메랄드로149번길 4-2,126.6562621,37.5386443
서울특별시 금천구 벚꽃로36길 30,126.8851007,37.4807023
경기도 고양시 덕양구 지축1로 73,126.9147711,37.6490841
경기도 평택시 관광특구로 38,127.0629788,37.0664859
경기도 양주시 평화로 1441,127.0465664,37.8195508
서울특별시 은평구 연서로 137,126.9168854,37.6111615
경기도 부천시 원미구 부천로 41,126.7833824,37.4880332
경기도 남양주시 화도읍 맷돌로 93,127.3007259,37.6582745
서울특별시 광진구 자양로 172,127.0846372,37.5428953
인천광역시 남동구 백범로 236,126.7231602,37.4607182
서울특별시 송파구 거마로20길 17,127.148658,37.4975826
경기 김포시 통진읍 김포대로 2236,126.5978508,37.6902246
서울특별시 동대문구 회기로 157,127.0537124,37.5910645
서울특별시 강북구 솔샘로64길 29,127.0281823,37.6160139
경기도 광명시 광화로 14,126.849781,37.4732185
경기도 평택시 송탄로 247,127.0582642,37.0658177
서울특별시 강북구 솔매로 62-1,127.0192211,37.6247519
인천광역시 계양구 효서로 385,126.7392684,37.5279276
경기도 시흥시 중심상가로 155,126.7333151,37.3463953
서울특별시 성동구 왕십리광장로 17,127.0384274,37.5592604
강원특별자치도 강릉시 원대로 6,128.8818742,37.7551904
강원특별자치도 춘천시 방송길 70,127.7180954,37.8698715
서울특별시 노원구 섬밭로 134,127.0691793,37.6283913
경기도 평택시 지제동삭1로 41,127.076588,37.0226269
서울특별시 동대문구 전농로 156,127.0572195,37.5787483
"서울 서대문구 거북골로14길 32,",126.914503,37.5763509
경기도 남양주시 경춘로1256번길 10,127.2347348,37.6456558
경기도 남양주시 경춘로1256번길 10,127.2347348,37.6456558
경기도 남양주시 경춘로1256번길 10,127.2347348,37.6456558
인천광역시 남구 소성로 313-1,126.6821705,37.4377604
인천광역시 연수구 인천타워대로 257,126.6321912,37.3936909
인천광역시 서구 가정로 322,126.6729644,37.5136588
인천광역시 미추홀구 경인로 372,126.6810583,37.4573454
인천광역시 동구 송림로 112,126.6471137,37.4763066
서울 송파구 마천동,127.1499084,37.4960238
경기도 평택시 송탄공원로 81,127.0581585,37.0752786
서울특별시 강남구 언주로 604,127.0389769,37.509401
인천광역시 서구 중봉대로586번길 22,126.6514896,37.5309673
경기도 양주시 고읍남로 23,127.0795152,37.7940261
경기도 안양시 동안구 동안로 194,126.9488724,37.3956598
경기도 부천시 소사구 경인옛로22번길 24,126.7936604,37.4803266
경기도 파주시 숲속노을로 128,126.7151806,37.7123023
서울특별시 강서구 강서로 161,126.8405574,37.5411294
인천광역시 중구 우현로 지하 67,126.6278223,37.4703536
"서울 관악구 남부순환로 1742,",126.943526,37.481978
인천광역시 연수구 용담로 11,126.6691476,37.421486
경기도 오산시 대원로 17,127.0704895,37.1466538
경기도 오산시 대원로 17,127.0704895,37.1466538
인천광역시 계양구 계산로 89,126.7219716,37.537788
경기도 부천시 소사구 경인로 218-1,126.779743,37.483067
경기도 수원시 팔달구 효원로 278,127.032233,37.2609578
경기도 화성시 떡전골로 60,127.0362056,37.2048522
경기도 용인시 기흥구 사은로126번길 10,127.1177315,37.2533357
서울특별시 노원구 한글비석로 77,127.0704477,37.6375197
경기도 부천시 오정구 역곡로481번길 14,126.8153734,37.5279767
경기도 의정부시 오목로225번길 147,127.0957209,37.7452986
경기도 수원시 장안구 대평로 72,126.9939482,37.2948076
서울특별시 영등포구 영신로19길 22,126.9055679,37.5138537
서울특별시 영등포구 영신로19길 22,126.9055679,37.5138537
경기도 파주시 한울로 67,126.7391464,37.7108762
인천광역시 서구 새오개로111번안길 21,126.6638035,37.5224756
경기도 안산시 상록구 건건로 28,126.9014809,37.30369
인천광역시 서구 원적로 99,126.6824031,37.4953476
서울특별시 강북구 도봉로 259,127.0237329,37.6314389
경기도 의정부시 충의로 69,127.0865631,37.7379838
경기도 안양시 만안구 양화로136번길 3,126.9094019,37.4049346
경기도 안양시 만안구 양화로136번길 3,126.9094019,37.4049346
인천광역시 부평구 부일로 87,126.7397535,37.4889904
인천광역시 부평구 부일로 87,126.7397535,37.4889904
서울특별시 동작구 사당로 220,126.9722187,37.4839071
서울특별시 강북구 오패산로 385,127.0280841,37.6357367
경기도 남양주시 화도읍 마석로 80-2,127.3057939,37.6580792
서울특별시 양천구 목동중앙북로 82,126.8723209,37.5463386
경기도 안산시 상록구 부곡로 144,126.8646175,37.3344829
서울특별시 강동구 풍성로 91,127.1224035,37.532847
서울특별시 강북구 삼양로77길 16,127.0171235,37.6300505
서울특별시 송파구 올림픽로32길 58,127.1124443,37.5120393
인천광역시 미추홀구 매소홀로 436,126.670622,37.4396854
서울특별시 성북구 삼양로 63,127.0228868,37.6086628
경기도 부천시 원미구 부천로 102,126.7851174,37.4933131
경기도 부천시 원미구 부천로 102,126.7851174,37.4933131
인천광역시 계양구 장제로 721,126.7335501,37.5322363
인천광역시 계양구 장제로 721,126.7335501,37.5322363
"서울 서대문구 거북골로14길 32,",126.914503,37.5763509
인천광역시 서구 가정로 382,126.6733574,37.5189342
경기도 남양주시 경춘로1256번길 10,127.2347348,37.6456558
경기도 의정부시 오목로 207,127.0985849,37.7449151
서울특별시 강서구 양천로 476,126.853268,37.5615987
서울특별시 강서구 양천로 476,126.853268,37.5615987
서울특별시 구로구 고척로 202,126.8557084,37.5048664
"경기 안산시 단원구 원초로 30,",126.8017019,37.3283929
강원 홍천군 홍천읍 홍천로3길 16,127.8807063,37.6897153
경기도 평택시 이충로 84-5,127.0670721,37.0646348
경기도 부천시 소사구 송내대로 33,126.75281,37.486498
서울특별시 동작구 신대방길 18,126.9117008,37.4879965
서울특별시 성북구 돌곶이로27길 78,127.0517371,37.6102047
강원특별자치도 양양군 양양읍 양양로 69,128.6217645,38.074968
인천광역시 중구 우현로 지하 67,126.6278223,37.4703536
경기도 남양주시 금곡로 66,127.2105244,37.6344315
강원원주시상지대길68,127.9352613,37.3701181
서울특별시성북구돌곶이로23길3,127.0576075,37.6099273
경기도 용인시 수지구 풍덕천로 130,127.0961218,37.323115
경기도성남시분당구성남대로925번길16,127.1272932,37.4130962
서울특별시 금천구 시흥대로 238,126.9007506,37.4551061
"서울 구로구 구로동로28길 84-6,",126.8887105,37.4911884
경기도 의왕시 내손중앙로 4,126.9779878,37.3889949
서울특별시동대문구천호대로77길94,127.0635979,37.565734
인천광역시 부평구 열우물로 37,126.7009443,37.4714595
인천광역시 서구 청라라임로 51,126.652884,37.5320735
인천광역시 서구 고산후로95번길 20,126.6967454,37.5926633
경기도화성시효행로1052,127.0425006,37.2139503
서울특별시 중랑구 겸재로 216,127.0916016,37.5890916
서울특별시 종로구 종로 370,127.0185446,37.5736396
경기도 남양주시 진접읍 부평로48번길 110,127.1984959,37.735212
경기도 부천시 부일로483번길 29,126.7839761,37.4869851
서울특별시 강남구 개포로82길 9-15,127.0682658,37.4889836
강원 원주시 치악로 1796,127.9553518,37.342914
경기도 안산시 단원구 라성안길 17,126.8023661,37.3277779
경기도 용인시 기흥구 동백죽전대로 444,127.1516212,37.2780841
인천광역시서구청라라임로17,126.6514198,37.5285608
경기도포천시중앙로119번길8,127.2023001,37.8974292
경기도 안산시 단원구 광덕동로 61,126.8323625,37.3099484
서울특별시서대문구홍은중앙로97,126.9483554,37.5994985
경기도 파주시 해올2길 16,126.7316399,37.7340774
경기도 부천시 중동로 144,126.7671251,37.4926761
서울특별시서대문구통일로429,126.9454341,37.5874346
강원정선군사북읍사북3길213,128.8179282,37.2275126
서울특별시 송파구 석촌호수로12길 25,127.083596,37.5086924
서울특별시 중랑구 용마산로 501,127.099911,37.5958139
강원춘천시후석로355,127.7478092,37.8824812
인천광역시 부평구 열우물로 31,126.7011995,37.4710839
서울특별시 중랑구 중랑천로14길 58,127.0758528,37.5944657
경기도 남양주시 오남읍 진건오남로 567,127.2107002,37.6841879
서울특별시 광진구 광장로 45,127.1023317,37.5469868
경기도 동두천시 중앙로 305,127.0546501,37.9087697
경기도 남양주시 오남읍 진건오남로 813,127.201891,37.6989957
경기도 성남시 중원구 박석로5번길 20-4,127.1640615,37.433591
서울특별시 중랑구 망우로62길 19,127.0977302,37.5982391
경기도 안산시 단원구 화정로1길 6,126.819088,37.3321089
인천광역시부평구영성중로40,126.7452412,37.5198639
경기도 안양시 동안구 평촌대로 142,126.9598842,37.3849985
"경기 용인시 처인구 양지면 양지로138번길 14,",127.2828613,37.2334823
인천광역시 계양구 효서로 59,126.7022283,37.5279228
경기도 수원시 팔달구 팔달문로153번길 80,127.0301767,37.285919
인천광역시 미추홀구 인하로 271,126.6782109,37.4483033
경기도 수원시 권선구 동수원로242번길 9,127.0351533,37.2512048
인천광역시 서구 서곶로 355-1,126.6767548,37.5494537
경기도 양주시 회정로 126,127.067277,37.8372232
경기도 고양시 덕양구 원당로125번길 21,126.8378689,37.6631281
경기도용인시처인구양지면양지로1392,127.283961,37.2339846
경기도 이천시 이섭대천로 1236,127.4471364,37.2804458
인천광역시동구수문통로49,126.6347049,37.4803986
경기도 부천시 오정구 소사로 713,126.8045207,37.519659
서울특별시 강서구 곰달래로 197,126.8548709,37.531556
경기도 시흥시 비둘기공원로 21,126.7921768,37.4439456
서울특별시영등포구대림로7길161,126.9039738,37.4890423
경기도 안성시 안성맞춤대로 1063,127.2695543,37.0083278
인천광역시 부평구 길주로 623,126.7320394,37.5078565
강원 동해시 효자남길 20,129.1089259,37.4880389
서울특별시 도봉구 도당로 79,127.0358303,37.6649395
강원원주시문막읍건등리,127.9198011,37.3417057
경기도 수원시 권선구 구운로45번길 1,126.9733947,37.2776548
경기도 김포시 사우중로73번길 24,126.7202476,37.6220231
서울특별시 영등포구 여의대방로 197,126.9218531,37.5046507
서울특별시 광진구 용마산로 58,127.0879622,37.5588425
경기도 부천시 오정구 삼작로 327,126.7981116,37.5200534
인천광역시 부평구 후정동로 54,126.7385051,37.5221979
인천광역시 미추홀구 주안로 지하86,126.6801199,37.464435
인천광역시 미추홀구 경원대로 지하 848,126.6897839,37.4567036
경기도 의정부시 태평로 109,127.0513472,37.7423549
경기도 수원시 장안구 서부로 2139,126.971666,37.2994549
서울특별시 마포구 만리재옛길 12,126.9547996,37.5451873
인천광역시 서구 이음5로 39,126.7112614,37.5946518
서울특별시 종로구 송월길 155,126.9614613,37.5715384
인천부평구시장로58,126.727863,37.4953594
경기도오산시수청로30,127.058595,37.1726738
"경기 파주시 광탄면 혜음로 1118,",126.847904,37.7814743
경기도평택시세교공원로101,127.0826375,37.0027229
서울특별시송파구오금로11길7,127.1079802,37.5145647
서울특별시 강서구 금낭화로 135,126.8124503,37.5774497
강원특별자치도 춘천시 김유정로 1864,127.7352619,37.8530172
경기도 이천시 어재연로 4,127.4425442,37.27773
경기도 고양시 일산동구 일산로 449,126.7768587,37.6734404
인천광역시 미추홀구 염창로 80,126.6828267,37.4654293
경기도 안산시 단원구 와동공원로 157,126.8213704,37.3456385
강원강릉시주문진읍연주로304,128.8363374,37.8673199
강원강릉시경강로2245,128.9080772,37.7644521
서울특별시 동대문구 왕산로 116,127.0361602,37.5779836
경기도 수원시 팔달구 동말로 64,127.0011092,37.2786759
강원 원주시 치악로 1570,127.9621898,37.3233983
인천광역시 연수구 인천타워대로132번길 9,126.6415155,37.3851395
인천광역시 중구 신도시남로142번길 17,126.4926536,37.4940067
경기도 고양시 일산서구 중앙로 1406,126.7638791,37.6693677
경기도 부천시 부일로763번길 47,126.8131454,37.4886423
경기도 수원시 권선구 세권로195번길 13,127.0253766,37.2558645
"경기 김포시 풍무로 73,",126.7212231,37.6021034
서울특별시 성북구 동소문로 107,127.0170423,37.5931886
경기도 부천시 지봉로 103,126.8106637,37.4882659
경기도 양주시 부흥로 2128,127.0916598,37.8055181
경기도 평택시 안중읍 안현로서6길 48,126.9241113,36.9848202
경기도 성남시 중원구 성남대로 1158,127.1293079,37.43325
경기도 평택시 평남로 641,127.1067161,36.9911107
서울특별시 강서구 등촌로 61,126.863206,37.5355019
경기도 의정부시 시민로 지하100,127.0483204,37.7368253
인천광역시 서구 심곡로 195,126.6818755,37.550421
인천광역시 동구 샛골로 160-1,126.6449933,37.4766517
서울특별시 동대문구 천장산로 3-1,127.0605149,37.5975973
"인천 연수구 원인재로 180,",126.685656,37.4116152
경기도 화성시 병점구 병점2로 65,127.0433645,37.207992
서울특별시강북구수유로651,127.0197616,37.6344875
경기도 부천시 원미구 조종로49번길 8,126.790414,37.493043
서울특별시 양천구 오목로 233,126.8632913,37.526159
서울특별시 강서구 허준로 121,126.8539175,37.5664886
인천광역시 부평구 부평대로 152,126.7217052,37.5049969
경기도 부천시 부천로 1,126.7825762,37.4840603
서울특별시구로구구일로4길33,126.8758067,37.4920304
경기도수원시영통구대학로109,127.047167,37.3050788
경기도 고양시 일산동구 무궁화로 20-11,126.7675401,37.6618376
강원특별자치도 동해시 청운1길 47,129.108425,37.4862776
인천광역시 계양구 계양대로 122,126.7230542,37.5346822
경기안성시죽산면죽주로265,127.3959314,37.0749566
서울특별시구로구구로중앙로7길25,126.8907861,37.4907664
강원강릉시경강로2537,128.9369837,37.774254
경기도 의정부시 평화로542번길 6-1,127.0478006,37.7402089
서울특별시 마포구 방울내로11길 26,126.9040272,37.5619457
서울특별시 중랑구 신내로 65-2,127.0952139,37.6049686
경기도 안산시 상록구 용신로 382,126.8643591,37.3014113
서울특별시 광진구 능동로49길 9,127.0827676,37.5643347
경기도 안양시 만안구 장내로99번길 28,126.9185875,37.3968914
경기도 수원시 장안구 만석로19번길 11-8,126.9831839,37.2959771
경기도 부천시 원미구 부천로 76,126.7845583,37.4908295
서울특별시 종로구 종로 19,126.9798436,37.5708427
인천광역시 부평구 경인로 1099,126.7420294,37.4861134
인천광역시 미추홀구 주승로 181,126.6906567,37.4455405
서울특별시 양천구 오목로 155-4,126.8547768,37.5251307
경기도 구리시 경춘로 216,127.1394487,37.6002716
서울특별시 관악구 신림로 151-1,126.9329522,37.4725842
경기도안성시중앙로352,127.2658482,37.0081337
서울특별시 은평구 서오릉로 196,126.9119983,37.6138736
인천광역시 남구 미추홀대로 586,126.6800406,37.4496573
경기도 고양시 일산서구 강성로 247,126.7494045,37.6761168
서울특별시 강북구 삼양로 172,127.0213338,37.619138
경기도 군포시 산본천로 176,126.9380687,37.3689189
경기도 수원시 권선구 세권로304번길 62,127.0353878,37.2496118
인천 미추홀구 석정로92번길 175,126.6561193,37.4671108
경기도 화성시 동탄광역환승로 73,127.0906926,37.2023184
경기도 김포시 통진읍 조강로 51,126.5998333,37.6903112
서울특별시 관악구 호암로 605,126.9336361,37.471392
서울특별시 강동구 상암로 78,127.1315368,37.5482504
인천광역시 남동구 문화서로3번길 1,126.6950821,37.4458057
경기도파주시조리읍고봉로1043,126.7889918,37.7240758
서울특별시 구로구 개봉로17길 21,126.8546237,37.4914755
서울특별시 강동구 천호대로188길 8,127.1429534,37.5336016
강원 동해시 청운1길 58,129.1095962,37.4859602
경기도고양시일산동구중앙로1182,126.7781184,37.6526132
인천광역시 부평구 시장로51번길 27,126.7260201,37.4953395
서울특별시 강남구 일원로5길 24,127.0827112,37.4913312
경기도 부천시 원미구 신흥로276번길 15,126.7761185,37.5077087
경기도 안양시 동안구 흥안대로 459,126.9753615,37.3952706
경기도 시흥시 은계중앙로 374,126.7950599,37.450904
경기도 광주시 역동로 111,127.2536022,37.3992105
경기도 평택시 평택로32번길 10,127.0886337,36.990775
경기도 고양시 일산서구 일산로 569,126.7649041,37.6786498
경기도 안산시 상록구 광덕1로 358,126.8498711,37.3069301
서울특별시 양천구 목동중앙남로3길 64,126.8640512,37.5357263
인천광역시 서구 금정로 12,126.7014219,37.6050407
인천광역시 부평구 마장로 489,126.7032887,37.5215642
인천광역시 부평구 수변로 2,126.7394737,37.4867979
경기 파주시 문산읍 문향로67번길 2,126.7850056,37.8581739
서울특별시 중구 서애로1길 11,126.9985925,37.5613441
경기도 파주시 미래로602번길 3,126.7516645,37.7313088
경기도 파주시 번영로 16,126.7716452,37.7578818
서울특별시 도봉구 도봉로110나길 27,127.0348777,37.6474608
경기도 김포시 김포한강2로23번길 22,126.6791818,37.6420413
경기도 남양주시 도농로 27,127.1572313,37.6080588
인천광역시서구솔빛로86,126.6305002,37.5255269
경기도안성시공도읍공도로91,127.1711233,37.0000756
경기도 평택시 정암로 12,127.0551031,37.0568625
강원특별자치도 춘천시 동내면 춘천순환로 70,127.7516404,37.8553595
서울특별시 송파구 중대로 226,127.1283349,37.5015072
서울특별시 강북구 도봉로 380,127.0288923,37.640672
경기도 김포시 김포한강4로 487,126.6301437,37.6463114
경기도 고양시 일산서구 중앙로 1496,126.7552176,37.6735383
경기도 부천시 오정구 역곡로504번길 104,126.8219111,37.5287899
경기도 광명시 오리로 970,126.8556326,37.4794474
인천광역시계양구주부토로506,126.728361,37.5393257
경기도가평군가평읍가화로481,127.5005793,37.9223007
서울특별시 도봉구 도봉로110길 71,127.0375543,37.6464105
경기도 평택시 고덕국제3길 148,127.0472693,37.0503389
경기도 안성시 중앙로 364,127.2671766,37.0078715
서울특별시 서초구 사평대로57길 45,127.0225155,37.5062384
서울특별시 동대문구 전농로 94,127.0577054,37.5734271
서울특별시 관악구 인헌6길 16,126.9660104,37.4741126
서울특별시 서초구 서래로 44,126.9985672,37.4989196
경기도 안산시 단원구 중앙대로 915,126.8382979,37.3171703
서울특별시 광진구 능동로13길 58,127.0696819,37.5443553
서울특별시 도봉구 도봉로145길 93,127.0375048,37.6651694
경기도 수원시 팔달구 인계로 72,127.025415,37.2686331
경기도 시흥시 하상로 6,126.8126829,37.3913071
경기도 평택시 지제동삭2로 181-26,127.0941166,37.0172201
서울특별시 서초구 효령로 304,127.0178205,37.4847365
강원 정선군 정선읍 비봉로 45,128.6635314,37.3813404
서울특별시 양천구 목동동로 63,126.8623245,37.5153193
강원횡성군횡성읍횡성로412,127.986374,37.4893859
인천광역시 연수구 한나루로196번길 3,126.6572577,37.4268298
경기도 의왕시 바라산로 16,127.0092615,37.3740961
인천광역시 계양구 병방시장로 81,126.7407181,37.5480178
서울특별시 은평구 불광로 38,126.9300159,37.6109298
인천광역시 미추홀구 경인로 312,126.6747696,37.4595186
경기도 고양시 덕양구 중앙로 542,126.8369932,37.6233487
인천광역시 강화군 강화읍 남문로 74,126.4876556,37.7444796
서울특별시 마포구 월드컵로 108,126.9084389,37.5582473
서울특별시 관악구 관악로 208,126.9546786,37.4833027
서울특별시 도봉구 노해로63가길 10,127.045231,37.6530864
경기도 부천시 고리울로51번길 67,126.8221492,37.5301979
강원 원주시 지정면 신지정로 322,127.8723867,37.3824931
경기도 화성시 동탄구 동탄반석로 120,127.0716431,37.1995935
강원특별자치도 동해시 천곡로 49-1,129.1109001,37.5243593
경기도 김포시 대곶면 율생로 74,126.5836238,37.6507625
경기도 시흥시 은행로 265,126.7975228,37.443901
인천광역시 부평구 주부토로 236,126.7274446,37.5153486
서울특별시 마포구 월드컵로 159,126.9046407,37.5617892
경기도 용인시 수지구 현암로 157,127.1269469,37.3318978
"경기 용인시 처인구 백옥대로 1115,",127.2085763,37.2351448
강원 철원군 동송읍 금학로 219,127.2178304,38.2080736
인천광역시 중구 참외전로 지하125,126.631728,37.4750031
서울특별시 동작구 흑석로 105,126.9609508,37.5080196
서울특별시 서초구 남부순환로356길 43,127.0383872,37.4830585
서울특별시 구로구 고척로 126,126.8479152,37.5019614
서울특별시 마포구 월드컵북로 347,126.8932083,37.5763514
경기도 용인시 수지구 성복2로 226,127.178395,37.237085
서울특별시 노원구 월계로55길 3,127.0605842,37.631702
서울특별시 서대문구 세무서길 53,126.9460727,37.5903236
인천광역시 미추홀구 경인로 38,126.6473299,37.4636857
서울특별시 송파구 성내천로 224,127.1523013,37.499429
서울특별시 금천구 시흥대로 471-1,126.8982099,37.4757434
서울특별시 성북구 오패산로 24,127.0375415,37.6043502
경기도 여주시 청심로 32,127.6242173,37.3009198
서울특별시 은평구 응암로12길 28,126.9195561,37.5870474
경기도 안성시 남파로 75-1,127.2582956,37.0164042
경기도 화성시 봉담읍 와우안길 46,126.9765763,37.21585
서울특별시 구로구 공원로7길 29,126.8875967,37.5014768
인천광역시 계양구 효서로 358,126.7360472,37.52774
경기도 평택시 송탄공원로 146,127.0647665,37.0774936
인천광역시 미추홀구 인주대로366번길 2,126.6769273,37.4512443
인천광역시 부평구 마장로 154,126.7048847,37.4920552
인천광역시 서구 가정로 214,126.6723365,37.5037676
강원 원주시 원일로 90,127.9502126,37.3487601
서울특별시 강동구 양재대로89길 31,127.1337777,37.5267137
경기도 용인시 기흥구 동백죽전대로 444,127.1516212,37.2780841
경기도 군포시 번영로 618,126.9438782,37.3636186
서울특별시 중랑구 망우로32길 20,127.0764937,37.593002
경기도 부천시 부천로464번길 44,126.7858295,37.5254511
서울특별시 관악구 난곡로26길 3,126.9202257,37.4707836
서울특별시 도봉구 도봉로 585,127.0394093,37.6572289
인천광역시 남동구 용천로 167,126.7142461,37.4644329
서울특별시 강북구 오현로6길 88,127.0327239,37.6125553
서울특별시 영등포구 도림로39길 21,126.8979328,37.4946086
인천광역시 남구 용정공원로 33,126.6441066,37.4481332
서울특별시 강서구 양천로 344,126.8403632,37.5682664
경기도 고양시 일산서구 강선로 152,126.7698484,37.676485
경기도 수원시 장안구 수성로262번길 2,127.0011546,37.2897415
서울특별시 송파구 송파대로 345,127.109266,37.4977427
인천광역시 미추홀구 독배로317번길 21,126.6474445,37.4479101
서울특별시 관악구 조원로 133,126.9172089,37.4855602
인천광역시 서구 가정로 283,126.6721554,37.5101628
경기도 의정부시 승지로 8,127.0899964,37.7383528
강원 홍천군 홍천읍 홍천로5길 15,127.8829283,37.6899157
경기도 안산시 상록구 각골로 60,126.8728964,37.2946989
경기도 안산시 상록구 부곡로 132,126.8640675,37.3335405
서울특별시 은평구 연서로 284,126.9259407,37.6210113
경기도 광주시 퇴촌면 광동로 53,127.3087069,37.4706224
경기도 안양시 동안구 흥안대로 420,126.9745978,37.3916417
경기도 파주시 문산읍 문향로 39,126.7856201,37.8553511
경기도 파주시 번영로 10,126.7721103,37.7578957
경기도 용인시 수지구 대지로 19,127.1120912,37.3285343
인천광역시 서구 솔빛로 24,126.6240514,37.523704
강원특별자치도 원주시 중앙로 40,127.9534756,37.3472205
서울특별시 마포구 대흥로 193,126.9457021,37.5563784
서울특별시 관악구 당곡길 6,126.9289358,37.4894245
경기도 안산시 단원구 와동로 18,126.8275843,37.3321483
경기도 시흥시 승지로60번길 25,126.812249,37.3679835
경기도 부천시 원미구 길주로 262,126.7714102,37.5030736
경기 김포시 풍무동,126.7220486,37.6021754
서울특별시 관악구 난곡로 82,126.9192111,37.462737
서울특별시 양천구 목동중앙북로 95,126.8738485,37.5463442
경기도 수원시 권선구 당진로15번길 56,126.9389802,37.2921019
경기도 안성시 공도읍 진사길 11,127.1384319,36.99285
경기도 안성시 공도읍 진사길 11,127.1384319,36.99285
인천광역시 남구 낙섬중로32번길 3,126.6373711,37.4512453
인천광역시 남구 낙섬중로32번길 3,126.6373711,37.4512453
강원특별자치도 춘천시 우두1길 140,127.7371032,37.9104705
강원특별자치도 춘천시 우두1길 140,127.7371032,37.9104705
경기도 남양주시 늘을3로 65-4,127.2474352,37.6593702
경기도 남양주시 늘을3로 65-4,127.2474352,37.6593702
서울특별시 강서구 강서로 242,126.83676,37.5473812
경기도 평택시 용죽3로 15,127.1252056,36.9931858
경기도 평택시 용죽3로 15,127.1252056,36.9931858
서울특별시 관악구 남부순환로 1849,126.9555551,37.4804451
강원 태백시 대학길 56,128.9804248,37.159679
강원 태백시 대학길 56,128.9804248,37.159679
경기도 안산시 상록구 해양4로 26,126.8290512,37.2841452
경기도 안산시 상록구 해양4로 26,126.8290512,37.2841452
서울특별시 광진구 용마산로 163,127.085889,37.5682694
서울특별시 광진구 용마산로 163,127.085889,37.5682694
경기도 광주시 이배재로 13,127.2471054,37.4186506
경기도 광주시 이배재로 13,127.2471054,37.4186506
강원 춘천시 동면 만천로 51,127.7677274,37.8784676
강원 춘천시 동면 만천로 51,127.7677274,37.8784676
경기도 남양주시 화도읍 먹갓로28번길 5,127.2750681,37.6569393
경기도 남양주시 화도읍 먹갓로28번길 5,127.2750681,37.6569393
경기도 고양시 일산서구 일산로636번길 23-1,126.7590873,37.6828054
경기도 광주시 이배재로 127,127.2412635,37.4277141
경기도 광주시 이배재로 127,127.2412635,37.4277141
경기도 부천시 원미구 소향로 119,126.7613759,37.5025453
강원 삼척시 교동로 27,129.165568,37.4474334
경기도 의왕시 장안중앙로 3,126.9580375,37.3184745
경기도 의왕시 장안중앙로 3,126.9580375,37.3184745
경기도 성남시 분당구 운중로 239,127.0898218,37.3898274
경기도 성남시 분당구 운중로 239,127.0898218,37.3898274
인천광역시 미추홀구 인주대로366번길 2,126.6769273,37.4512443
인천광역시 부평구 마장로 154,126.7048847,37.4920552
인천광역시 서구 가정로 214,126.6723365,37.5037676
강원 원주시 원일로 90,127.9502126,37.3487601
서울특별시 강동구 양재대로89길 31,127.1337777,37.5267137
경기도 용인시 기흥구 동백죽전대로 444,127.1516212,37.2780841
경기도 군포시 번영로 618,126.9438782,37.3636186
서울특별시 중랑구 망우로32길 20,127.0764937,37.593002
서울특별시 강서구 강서로 242,126.83676,37.5473812
경기도 부천시 부천로464번길 44,126.7858295,37.5254511
서울특별시 관악구 난곡로26길 3,126.9202257,37.4707836
서울특별시 도봉구 도봉로 585,127.0394093,37.6572289
인천광역시 남동구 용천로 167,126.7142461,37.4644329
서울특별시 관악구 남부순환로 1849,126.9555551,37.4804451
서울특별시 강북구 오현로6길 88,127.0327239,37.6125553
서울특별시 영등포구 도림로39길 21,126.8979328,37.4946086
경기도 광명시 광명로 824,126.8515289,37.4727669
경기도 광명시 광명로 824,126.8515289,37.4727669
인천광역시 남구 용정공원로 33,126.6441066,37.4481332
서울특별시 강서구 양천로 344,126.8403632,37.5682664
경기도 고양시 일산서구 강선로 152,126.7698484,37.676485
서울특별시 송파구 송파대로 345,127.109266,37.4977427
인천광역시 미추홀구 독배로317번길 21,126.6474445,37.4479101
서울특별시 관악구 조원로 133,126.9172089,37.4855602
인천광역시 서구 가정로 283,126.6721554,37.5101628
경기도 의정부시 승지로 8,127.0899964,37.7383528
강원 홍천군 홍천읍 홍천로5길 15,127.8829283,37.6899157
경기도 안산시 상록구 각골로 60,126.8728964,37.2946989
경기도 안산시 상록구 부곡로 132,126.8640675,37.3335405
서울특별시 은평구 연서로 284,126.9259407,37.6210113
경기도 남양주시 다산중앙로 119,127.153009,37.6238328
경기도 남양주시 다산중앙로 119,127.153009,37.6238328
경기도 남양주시 다산중앙로 119,127.153009,37.6238328
경기도 광주시 퇴촌면 광동로 53,127.3087069,37.4706224
경기도 안양시 동안구 흥안대로 420,126.9745978,37.3916417
경기도 파주시 문산읍 문향로 39,126.7856201,37.8553511
경기도 고양시 일산서구 일산로636번길 23-1,126.7590873,37.6828054
인천광역시 서구 솔빛로 24,126.6240514,37.523704
강원특별자치도 원주시 중앙로 40,127.9534756,37.3472205
서울특별시 마포구 대흥로 193,126.9457021,37.5563784
강원 삼척시 교동로 27,129.165568,37.4474334
서울특별시 관악구 당곡길 6,126.9289358,37.4894245
경기도 안산시 단원구 와동로 18,126.8275843,37.3321483
경기도 시흥시 승지로60번길 25,126.812249,37.3679835
경기도 부천시 원미구 길주로 262,126.7714102,37.5030736
경기 김포시 풍무동,126.7220486,37.6021754
서울특별시 관악구 난곡로 82,126.9192111,37.462737
서울특별시 양천구 목동중앙북로 95,126.8738485,37.5463442
경기도 수원시 권선구 당진로15번길 56,126.9389802,37.2921019
서울특별시 동대문구 전농로 94,127.0577054,37.5734271
서울특별시 관악구 인헌6길 16,126.9660104,37.4741126
서울특별시 서초구 서래로 44,126.9985672,37.4989196
경기도 안산시 단원구 중앙대로 915,126.8382979,37.3171703
경기도 평택시 송탄공원로 146,127.0647665,37.0774936
경기도 평택시 송탄공원로 146,127.0647665,37.0774936
서울특별시 광진구 능동로13길 58,127.0696819,37.5443553
서울특별시 도봉구 도봉로145길 93,127.0375048,37.6651694
경기도 수원시 팔달구 인계로 72,127.025415,37.2686331
경기도 시흥시 하상로 6,126.8126829,37.3913071
서울특별시 강서구 강서로 242,126.83676,37.5473812
경기도 평택시 지제동삭2로 181-26,127.0941166,37.0172201
서울특별시 서초구 효령로 304,127.0178205,37.4847365
강원 정선군 정선읍 비봉로 45,128.6635314,37.3813404
서울특별시 양천구 목동동로 63,126.8623245,37.5153193
강원횡성군횡성읍횡성로412,127.986374,37.4893859
인천광역시 연수구 한나루로196번길 3,126.6572577,37.4268298
서울특별시 관악구 남부순환로 1849,126.9555551,37.4804451
경기도 광명시 광명로 824,126.8515289,37.4727669
경기도 광명시 광명로 824,126.8515289,37.4727669
경기도 의왕시 바라산로 16,127.0092615,37.3740961
인천광역시 계양구 병방시장로 81,126.7407181,37.5480178
경기도 수원시 장안구 수성로262번길 2,127.0011546,37.2897415
경기도 수원시 장안구 수성로262번길 2,127.0011546,37.2897415
서울특별시 은평구 불광로 38,126.9300159,37.6109298
인천광역시 미추홀구 경인로 312,126.6747696,37.4595186
경기도 고양시 덕양구 중앙로 542,126.8369932,37.6233487
인천광역시 강화군 강화읍 남문로 74,126.4876556,37.7444796
서울특별시 마포구 월드컵로 108,126.9084389,37.5582473
서울특별시 관악구 관악로 208,126.9546786,37.4833027
서울특별시 도봉구 노해로63가길 10,127.045231,37.6530864
경기도 부천시 고리울로51번길 67,126.8221492,37.5301979
강원 원주시 지정면 신지정로 322,127.8723867,37.3824931
경기도 화성시 동탄구 동탄반석로 120,127.0716431,37.1995935
강원특별자치도 동해시 천곡로 49-1,129.1109001,37.5243593
경기도 김포시 대곶면 율생로 74,126.5836238,37.6507625
경기도 시흥시 은행로 265,126.7975228,37.443901
인천광역시 부평구 주부토로 236,126.7274446,37.5153486
서울특별시 마포구 월드컵로 159,126.9046407,37.5617892
경기도 용인시 수지구 현암로 157,127.1269469,37.3318978
"경기 용인시 처인구 백옥대로 1115,",127.2085763,37.2351448
강원 철원군 동송읍 금학로 219,127.2178304,38.2080736
인천광역시 중구 참외전로 지하125,126.631728,37.4750031
서울특별시 동작구 흑석로 105,126.9609508,37.5080196
경기도 파주시 번영로 10,126.7721103,37.7578957
경기도 파주시 번영로 10,126.7721103,37.7578957
경기도 용인시 수지구 대지로 19,127.1120912,37.3285343
경기도 용인시 수지구 대지로 19,127.1120912,37.3285343
서울특별시 서초구 남부순환로356길 43,127.0383872,37.4830585
서울특별시 구로구 고척로 126,126.8479152,37.5019614
서울특별시 마포구 월드컵북로 347,126.8932083,37.5763514
경기도 용인시 수지구 성복2로 226,127.178395,37.237085
서울특별시 노원구 월계로55길 3,127.0605842,37.631702
경기도 고양시 일산서구 일산로636번길 23-1,126.7590873,37.6828054
서울특별시 서대문구 세무서길 53,126.9460727,37.5903236
경기도 부천시 원미구 소향로 119,126.7613759,37.5025453
경기도 부천시 원미구 소향로 119,126.7613759,37.5025453
경기도 부천시 원미구 소향로 119,126.7613759,37.5025453
인천광역시 미추홀구 경인로 38,126.6473299,37.4636857
서울특별시 송파구 성내천로 224,127.1523013,37.499429
서울특별시 금천구 시흥대로 471-1,126.8982099,37.4757434
강원 삼척시 교동로 27,129.165568,37.4474334
서울특별시 성북구 오패산로 24,127.0375415,37.6043502
경기도 여주시 청심로 32,127.6242173,37.3009198
서울특별시 은평구 응암로12길 28,126.9195561,37.5870474
경기도 안성시 남파로 75-1,127.2582956,37.0164042
경기도 화성시 봉담읍 와우안길 46,126.9765763,37.21585
서울특별시 구로구 공원로7길 29,126.8875967,37.5014768
인천광역시 계양구 효서로 358,126.7360472,37.52774
경기도 시흥시 배곧4로 87,126.7334056,37.37459
경기도 부천시 소사구 소사로 171,126.7953195,37.4734686
인천광역시 강화군 강화읍 강화대로 403,126.4859983,37.7461882
경기도 안산시 단원구 화랑로 102,126.7999025,37.3265996
인천광역시 부평구 배곶로 64-1,126.6962474,37.4737234
경기도 의정부시 호동로 67,127.0433294,37.7279279
경기도 평택시 팽성읍 송화택지로 161,127.0659468,36.9646281
서울특별시강남구도산대로지하102,127.0473819,37.5173353
경기도 수원시 영통구 매영로 58,127.0490369,37.2685459
서울특별시 구로구 남부순환로97길 3,126.8581468,37.4940325
경기도 용인시 처인구 금령로 129,127.210793,37.235475
인천광역시 남구 낙섬중로 47,126.6379038,37.4524048
경기도 시흥시 배곧3로 96,126.7303367,37.3697816
경기도 군포시 번영로 489,126.9315861,37.3579396
경기도포천시소흘읍송우로65,127.1290015,37.8381193
서울특별시 강동구 올림픽로92길 66,127.129695,37.5489757
서울특별시 광진구 광나루로56길 85,127.0957117,37.5357272
경기도 부천시 오정로 210,126.7833247,37.5271283
서울특별시중랑구동일로101길57,127.0767615,37.5887332
경기도 시흥시 솔고개길 4-3,126.8615321,37.3826238
경기 평택시 평택로 31,127.0878635,36.9903636
경기도 시흥시 장현능곡로 155,126.8073798,37.3710522
인천광역시 부평구 이규보로 131,126.7068317,37.4834087
경기성남시수정구탄리로73,127.135733,37.44247
경기도 의정부시 용민로 192,127.0936841,37.7457695
경기도 성남시 수정구 단대로5번길 11-2,127.1589497,37.4511435
경기도 파주시 교하로 79,126.7334397,37.7283213
경기도 남양주시 별내3로 334,127.1170857,37.6670084
경기도 성남시 수정구 산성대로 529,127.1639906,37.4582436
인천광역시 부평구 주부토로 259,126.7267863,37.5181437
인천광역시 부평구 장제로 155,126.7302815,37.499458
인천광역시 서구 이음5로 80,126.7163353,37.5952567
인천광역시 미추홀구 수봉로 26-1,126.6561336,37.4637862
강원원주시무실로172,127.9400036,37.3414023
강원특별자치도 춘천시 공지로 85,127.7499038,37.8547251
경기화성시향남읍행정중앙2로67,126.922668,37.1299395
경기도 부천시 원미구 장말로 171,126.761051,37.4934596
경기도 안양시 만안구 만안로 209,126.9237346,37.3994614
서울특별시 서대문구 가재울로 38,126.9219843,37.5749147
강원동해시지양길2,129.1085541,37.4927188
서울특별시 관악구 봉천로 580,126.9618003,37.4768869
서울특별시 구로구 고척로 151,126.8505867,37.5032759
서울특별시 송파구 백제고분로40길 32,127.1076553,37.5019475
경기도구리시동구릉로56,127.1340818,37.605062
서울 서초구 서초대로23길 118-101,126.9910399,37.4901694
서울특별시 강서구 등촌로5길 2,126.8633836,37.5334943
경기도 시흥시 삼미시장4길 18,126.7831252,37.439735
경기도 의정부시 시민로 지하100,127.0483204,37.7368253
경기도 안양시 동안구 관악대로 347,126.9614031,37.4042315
인천광역시 계양구 봉오대로 468,126.7012039,37.5276322
경기도 시흥시 정왕대로 64,126.7234984,37.3542641
서울특별시 관악구 난곡로 234,126.9170421,37.4751786
경기도 부천시 중동로 398,126.7703372,37.5153975
서울특별시 노원구 동일로204가길 34,127.0681642,37.6407274
인천광역시미추홀구주안로지하86,126.6505869,37.4635968
경기도 양평군 양평읍 양평시장길 14-2,127.4919796,37.490403
서울특별시 금천구 시흥대로148길 36,126.900777,37.4749203
경기도 고양시 일산서구 후곡로 22,126.7637849,37.6791426
경기도 수원시 장안구 연무로42번길 60,127.0286076,37.297449
경기도 평택시 안중읍 안현로서6길 3,126.9285845,36.9830314
인천광역시 서구 염곡로 321,126.6684342,37.5133465
경기도 연천군 전곡읍 전곡로 166,127.0679996,38.0267967
인천광역시 연수구 청학로 10,126.6635984,37.4279649
경기도 오산시 운암로 113,127.078118,37.15622
경기도 시흥시 매화마을로 1,126.8155646,37.4170068
인천광역시 남구 소성로 242,126.6742666,37.4387082
강원 춘천시 춘천로 316,127.7479933,37.8818238
서울특별시 성북구 서경로 25,127.0148124,37.6060097
"강원 원주시 남원로534번길 28,",127.9492771,37.3300527
경기도 성남시 수정구 위례순환로 130,127.1423744,37.4704964
서울특별시 강서구 곰달래로53길 38,126.8591528,37.5334445
경기도파주시번영로1,126.7729539,37.7576612
경기도 남양주시 도농로 24,127.1585516,37.6084917
경기도 성남시 중원구 희망로 348,127.1583647,37.4367764
인천광역시 남동구 만수로 8-1,126.7303271,37.4580112
서울특별시 성동구 장터길 40-3,127.0204057,37.5482277
서울특별시 종로구 종로 411-1,127.0224815,37.5755825
인천광역시 부평구 동수북로 158,126.7237217,37.4888543
경기안성시공도읍진사길32,127.138163,36.9907935
경기도 여주시 세종로14번길 6-2,127.6360811,37.2968208
경기도파주시적성면청송로1041,126.9203256,37.9555101
인천광역시 남동구 만수로 39,126.7327635,37.460317
경기도수원시권선구삼천병마로1598번길6,126.9639055,37.2451783
서울특별시 관악구 양녕로 37,126.9466901,37.4853311
경기도 화성시 만세구 향남읍 행정중앙2로 33,126.919167,37.1300068
경기도 성남시 중원구 둔촌대로425번길 15,127.1640975,37.4344202
서울특별시 강남구 학동로20길 42,127.0275559,37.5109114
서울특별시 강북구 삼양로 304-1,127.0180001,37.6305894
서울특별시 금천구 독산로85길 16,126.9022365,37.4725281
강원특별자치도 원주시 건강로 23,127.9878367,37.3253231
인천광역시 부평구 부흥북로 29,126.7251342,37.501547
서울특별시 동대문구 답십리로 166,127.0584843,37.5727034
서울특별시 성동구 왕십리로 102,127.0448817,37.5466261
경기도 용인시 수지구 풍덕천로96번길 3-1,127.0932876,37.3214173
경기도 안산시 단원구 와동로 11,126.8269316,37.3320338
서울특별시 강북구 한천로 1046-1,127.0261841,37.6406767
경기도 안양시 만안구 병목안로 127,126.909685,37.3924125
인천광역시 남동구 호구포로 818,126.7196797,37.4553644
경기도 안산시 단원구 중앙대로 921,126.8389077,37.3171312
경기이천시신둔면이여로101번길178,127.4630774,37.308057
경기도용인시처인구포곡읍전대로78,127.2176056,37.2850806
경기도 남양주시 화도읍 경춘보학1길 7,127.2971351,37.6508466
경기도 평택시 서재5길 3,127.0956623,37.0091127
서울특별시 서대문구 응암로 99,126.9124543,37.5817742
서울특별시 성동구 성덕정길 103,127.0549554,37.5375075
경기도 부천시 소사구 경인옛로 25,126.794894,37.4816637
강원특별자치도 춘천시 행촌로 50,127.7255743,37.8606988
경기도 화성시 효행로 1052,127.0425006,37.2139503
서울특별시 광진구 뚝섬로 502,127.065975,37.5358111
인천광역시 부평구 마장로324번길 70,126.7073504,37.5064535
인천광역시 제물포구 송현로 19,126.701025,37.454939
서울특별시 노원구 노원로19길 23,127.0694861,37.6446664
경기도용인시기흥구공세로76,127.1097305,37.2310819
경기도 이천시 장호원읍 샘재로147번길 4,127.6288262,37.1178441
경기도고양시덕양구호국로789번길3,126.8359962,37.6567665
인천광역시 동구 송림로 109,126.6468012,37.4767085
경기도 성남시 수정구 수정남로 22,127.1304888,37.4395841
경기도 성남시 중원구 금빛로 101,127.1657474,37.4506961
경기도 김포시 감정로 6,126.6996831,37.6229515
경기도 남양주시 와부읍 덕소로97번길 9,127.2132991,37.586154
경기도 시흥시 신천로 80,126.7862239,37.4374872
서울특별시 중구 마른내로 19,126.990168,37.5649485
인천광역시 중구 연안부두로33번길 22,126.6045904,37.4539803
강원특별자치도 삼척시 진주로 28-25,129.1645955,37.4430189
경기도 평택시 청북읍 안청로 340,126.9156717,37.018319
인천광역시 서구 승학로 584,126.6839153,37.567635
경기도 안산시 단원구 와동로 22,126.8278716,37.3325387
경기도 광명시 하안로287번길 8,126.8793435,37.4611673
경기도 수원시 팔달구 일월로22번길 3,126.980065,37.2855609
인천광역시 연수구 해돋이로120번길 23,126.6508037,37.3942381
인천광역시 남동구 남촌동로 30,126.715567,37.4321452
서울특별시 금천구 은행나무로 51,126.9081435,37.4511559
서울특별시 강서구 양천로 683,126.8723077,37.5509698
서울특별시 중구 마른내로 42-1,126.9926463,37.5641498
서울특별시 용산구 보광로 14,127.0020085,37.5258629
서울특별시 금천구 독산로50길 84,126.9088391,37.4623984
경기도 고양시 일산서구 대화로 362,126.7481891,37.6830056
경기도 수원시 팔달구 인계로 52,127.0233117,37.2691114
서울특별시 서대문구 홍은중앙로 100-4,126.9485626,37.599257
서울특별시 강동구 암사길 51,127.1350127,37.5520243
경기도 화성시 수노을1로 191,126.8225071,37.2843687
서울특별시 성북구 숭인로 70-2,127.0295449,37.6122679
"서울 구로구 새말로 97,",126.8902727,37.5071154
경기도 평택시 관광특구로 42,127.0632933,37.0665154
경기도 부천시 소사구 소사로159번길 6,126.7953202,37.4727208
경기도포천시소흘읍호국로425,127.1698,37.8613356
인천광역시 남동구 장승로 1,126.7334967,37.4469985
서울특별시 성동구 상원길 52,127.0483645,37.5486185
서울특별시 금천구 독산로 110-1,126.9056479,37.4572149
인천광역시 계양구 계산로 85,126.7217001,37.5377851
경기도 수원시 팔달구 세지로 398,127.0287559,37.2850333
인천광역시 남동구 남동대로 880,126.708868,37.4610044
강원 홍천군 홍천읍 꽃뫼로 110,127.8859422,37.6913333
강원 춘천시 안마산로 97,127.7265157,37.8550605
인천광역시 동구 송화로 11,126.6312736,37.4782235
경기도 포천시 소흘읍 솔모루로 43,127.1440318,37.8263452
강원도원주시시청로11,127.9221719,37.3410495
서울특별시 금천구 가산디지털1로 168,126.8834517,37.4790648
경기도 시흥시 은계번영길 23,126.8039252,37.4371271
경기도 양주시 평화로1429번길 37,127.043966,37.8195027
경기도 화성시 송산면 사강로 193,126.7374129,37.2133618
경기도 부천시 부천로263번길 53,126.7829007,37.5072652
강원특별자치도 원주시 원일로 130,127.948044,37.3509489
서울특별시 강서구 강서로12길 8-8,126.8474296,37.5313304
경기도 시흥시 서울대학로 77,126.7093362,37.3580209
서울특별시 강북구 삼양로 162,127.0216149,37.6184285
경기도 안산시 상록구 반석로 54,126.865821,37.2964515
인천광역시 남동구 인주대로 590,126.7025068,37.4497349
경기도 화성시 동탄순환대로20길 118,127.1248231,37.1830125
서울특별시 금천구 금하로 710,126.90869,37.4508817
서울특별시 영등포구 여의대방로 65,126.9135779,37.4973666
인천광역시 연수구 학나래로118번길 47,126.698293,37.4261536
서울특별시 강북구 도봉로 34,127.0307366,37.6120794
인천광역시 부평구 후정로 4,126.7330623,37.5202745
경기도파주시문산읍문향로621,126.7859299,37.8572464
서울특별시 종로구 평창길 2,126.9652413,37.605144
강원영월군영월읍중앙로37,128.5288287,37.1505966
강원 홍천군 홍천읍 남산강변로 6,127.8790562,37.6864157
서울특별시 은평구 불광로 48,126.9309582,37.6115601
경기도 남양주시 진접읍 해밀예당1로 28,127.1861761,37.7112504
서울특별시 송파구 풍성로25길 41,127.1214384,37.5369937
서울특별시 강서구 까치산로 109,126.8493577,37.5479642
서울특별시 송파구 백제고분로9길 35,127.0830275,37.5098594
인천광역시 남구 한나루로 495,126.6670615,37.4512055
인천광역시 미추홀구 낙섬중로 76-4,126.6397574,37.4542732
강원강릉시홍제로19번길30,128.88461,37.7505026
서울특별시 광진구 능동로49길 24,127.082004,37.5647613
경기도의정부시장곡로626,127.0722935,37.7504506
"서울 마포구 굴레방로 17,",126.9555479,37.555628
,,
인천광역시 미추홀구 독배로 422,126.6498282,37.4573891
경기도 고양시 덕양구 화신로260번길 57,126.8327431,37.6336234
경기도 부천시 소사구 심곡로33번길 41,126.777791,37.4807402
경기도 고양시 덕양구 향기4로 1,126.8952034,37.6006888
서울특별시 은평구 응암로 240,126.9181417,37.5932425
경기도 안산시 상록구 상록수로 50,126.8655654,37.3022068
강원특별자치도춘천시후석로307,127.7506646,37.8785228
경기도 수원시 장안구 조원로 92,127.0157456,37.3011993
인천광역시 중구 우현로 지하 69,126.6302964,37.4741576
경기도광주시신현로66,127.1542051,37.3604978
경기도안산시상록구샘골로57,126.863452,37.2889859
서울특별시 영등포구 도림로41길 20,126.8978159,37.4956347
경기도 안산시 상록구 오목로 46,126.863153,37.2901184
경기도 이천시 중리천로 68,127.4449802,37.2792283
경기도 안산시 상록구 석호로 286,126.8623143,37.2933902
서울특별시 용산구 청파로 274-1,126.9709303,37.5440045
서울특별시 강서구 까치산로 30,126.8437882,37.5422153
,,
경기도 성남시 수정구 위례서일로3길 28-4,127.1400697,37.467398
서울특별시 영등포구 당산로 175,126.8982694,37.5301848
경기도 광명시 도덕로 51,126.8533362,37.4691713
서울특별시 강서구 방화동로 108,126.8128966,37.5700207
경기도 고양시 덕양구 화신로 309,126.8267481,37.6315727
서울특별시노원구한글비석로22길20,127.0734828,37.6604388
"경기 평택시 안중읍 안현로서8길 33,",126.9220979,36.9794403
"경기 수원시 팔달구 중부대로239번길 5,",127.0421489,37.2755909
인천광역시 계양구 양지로 144,126.7479773,37.5673137
서울특별시 구로구 구로동로 70,126.886188,37.4851457
서울구로구개봉로3길36,126.8542592,37.4864622
인천광역시 서구 검암로 27,126.6802663,37.5665852
서울특별시 광진구 뚝섬로 613-1,127.0780759,37.5326264
경기도 안산시 단원구 당곡로 27,126.833171,37.3196788
"서울 관악구 봉천로 615,",126.9655355,37.4757573
경기도 평택시 모산1길 17,127.0894963,37.0164187
경기 광주시 초월읍 경충대로 996,127.3054209,37.3686731
서울특별시 동대문구 장한로18길 54-1,127.0719851,37.5676023
경기도 용인시 수지구 만현로 120,127.0846847,37.3060507
인천광역시 서구 청마로51번안길 11,126.6712227,37.5914056
서울특별시 양천구 신목로 33,126.8735437,37.5184633
서울특별시 강동구 천중로 237,127.1467292,37.5408464
서울특별시 광진구 뚝섬로 480,127.0636027,37.536405
경기도 고양시 덕양구 꽃마을로 66,126.8933489,37.6012661
서울특별시 강서구 강서로18길 33,126.8474636,37.5342681
경기도 오산시 독산성로 425,127.0414561,37.1887472
서울특별시 송파구 오금로44길 20,127.1345514,37.4959664
인천광역시 서구 가정로 123,126.6712574,37.4957363
경기도 시흥시 배곧4로 32-9,126.7272148,37.3768122
경기도 안산시 상록구 해양5로 11,126.8337358,37.2801908
경기도 성남시 중원구 산성대로 482,127.1615917,37.4544242
서울특별시 강남구 헌릉로569길 3,127.1013358,37.4667944
경기도남양주시평내로29번길49,127.2356619,37.64586
인천광역시 미추홀구 인주대로 173,126.6565465,37.4558709
서울특별시구로구경인로381,126.8624921,37.4968226
경기도 파주시 문산읍 문산로 41,126.7836867,37.8575206
경기용인시처인구백옥대로1388,127.2129506,37.2588368
경기도평택시고덕국제대로94,127.0442076,37.045259
,,
강원도강릉시하평길38,128.9126877,37.770201
경기도 수원시 영통구 매영로 42,127.0473393,37.2690459
서울특별시 구로구 새말로 97,126.8902727,37.5071154
서울특별시 강북구 월계로7길 66,127.0342137,37.6129639
서울특별시 양천구 중앙로 267,126.8526135,37.520118
경기도 안산시 상록구 구룡로 14,126.8674663,37.3115871
인천광역시 남동구 논고개로 331,126.7294867,37.4194829
경기도 고양시 덕양구 화신로 263,126.832045,37.6304539
경기도 부천시 오정구 소사로775번길 36,126.8027881,37.525435
경기도 부천시 원종로 33,126.8037696,37.5241925
경기도 구리시 갈매중앙로 79,127.1169265,37.6316416
인천광역시 연수구 경원대로483번길 6,126.698495,37.4275344
경기도 고양시 일산서구 대화로 130,126.7347327,37.670293
서울특별시서대문구거북골로120,126.9157763,37.5759842
경기도양주시고읍남로39번길17,127.0790782,37.7926441
경기도수원시권선구곡선로50번길43,127.0289236,37.2368536
서울특별시구로구구로중앙로14길42,126.8929338,37.4938861
경기도고양시일산서구일산로555,126.7662178,37.6780418
경기도 양주시 회천남로 80,127.0934308,37.8185603
강원춘천시퇴계로175,127.7383914,37.858151
서울특별시 광진구 광나루로56길 85,127.0957117,37.5357272
경기도 양주시 옥정로 139,127.0898091,37.8147392
경기도 안양시 동안구 경수대로544번길 20,126.9591927,37.3713052
경기도 남양주시 별내중앙로 10,127.1272958,37.644964
인천광역시 부평구 세월천로 42,126.7049053,37.5131214
경기도 고양시 덕양구 중앙로 452,126.8452013,37.6185278
경기도 파주시 운정로 29,126.7703252,37.72518
서울특별시 중랑구 용마산로 338,127.0936357,37.5819529
인천광역시미추홀구수봉로7,126.6566257,37.4653416
강원강릉시경강로2074,128.8942896,37.7533398
강원철원군서면와수로181,127.4607426,38.2565429
서울특별시 중랑구 사가정로 382,127.08687,37.5806303
강원동해시일출로1,129.1089095,37.5496069
서울특별시 강서구 양천로57길 13,126.8520374,37.5636051
서울특별시 강서구 양천로57길 13,126.8520374,37.5636051
서울특별시 중랑구 면목로33길 35,127.0838069,37.5765249
경기도 시흥시 정왕신길로49번길 59,126.7301192,37.3625889
서울특별시 금천구 범안로17길 9,126.97079,37.568737
경기도수원시팔달구매산로210,127.025927,37.259443
서울특별시 동작구 상도로 357,126.95346,37.4968977
서울특별시 관악구 시흥대로 556,126.9016371,37.4825872
서울특별시 서초구 청계산로 189,127.0553559,37.4482614
인천광역시 연수구 먼우금로 197,126.6761871,37.4149966
경기도 부천시 부천로90번길 67,126.7882637,37.4917505
경기도 평택시 중앙로 38,127.0871953,36.9945757
경기도 오산시 성호대로 92,127.524004,37.412921
인천광역시 부평구 후정동로 35,126.7378634,37.5206683
서울특별시 노원구 화랑로51길 38,127.0891034,37.6249697
서울특별시 구로구 경인로3길 61,126.8244394,37.4916746
서울특별시 서대문구 증가로 256,126.9118379,37.5836787
"서울 금천구 독산로 276,",126.9032826,37.4713484
경기도 성남시 수정구 수정로 142,127.1358866,37.4418854
"경기 남양주시 와부읍 덕소로 88,",127.2120286,37.5863708
서울특별시 강서구 화곡로 178,126.8414632,37.5418231
경기도 수원시 팔달구 팔달문로163번길 38,127.0328767,37.2846706
인천광역시 서구 이음대로 392,126.7127234,37.5926044
경기도 안산시 상록구 도매시장로 114,126.8649854,37.3152757
경기도 성남시 수정구 복정로 28,127.1275584,37.4554663
경기도 화성시 영통로50번길 41,127.0662393,37.2349911
서울특별시 서대문구 홍은중앙로 94,126.9479187,37.5991432
서울특별시 도봉구 도봉로150길 27,127.0447571,37.6661925
경기도 안산시 상록구 월피로 50,126.8506235,37.3330863
경기도 안산시 단원구 달미로 100,126.8155284,37.3446521
서울특별시 동작구 상도로 275,126.948263,37.5029876
경기도 부천시 소사로 793,126.8045742,37.5269398
서울특별시 도봉구 덕릉로 221,127.0372544,37.6380374
서울 성동구 금호로 86,127.025765,37.5512094
서울특별시 은평구 갈현로 88,126.9108362,37.6057987
경기도 안양시 만안구 경수대로 1175,126.9170237,37.4153037
서울특별시 중랑구 망우로 381,127.0946194,37.598891
경기도 안양시 만안구 양화로72번길 83,126.9176778,37.3996764
경기도 부천시 역곡로471번가길 33,126.8147291,37.5279432
경기도 용인시 수지구 광교중앙로 297,127.0685794,37.2966439
서울특별시 은평구 응암로12길 11-1,126.9181165,37.5879443
경기도 평택시 안중읍 안현로서6길 72,126.9212814,36.9847675
서울특별시 구로구 새말로 97,126.8902727,37.5071154
경기도 양평군 양평읍 양근로 206,127.4918436,37.4887805
경기도 성남시 중원구 둔촌대로 246,127.1456932,37.4281884
인천광역시 미추홀구 염창로 73,126.6820046,37.4658977
경기도 부천시 소사구 경인로 110-1,126.767701,37.48378
서울특별시 서초구 바우뫼로7길 8,127.0253957,37.4708599
"서울 강남구 강남대로 396,",127.0285959,37.4978638
서울특별시 관악구 신원로 22,126.928105,37.4810913
서울특별시 노원구 동일로 1007,126.978285,37.560493
서울특별시 중랑구 면목로55길 46,127.0857698,37.5844963
"서울 구로구 구로동로 118-2,",126.8845327,37.4892478
경기도 하남시 미사강변대로226번길 14,127.1847076,37.5696961
경기도 평택시 팽성읍 동서촌로 111,127.0643188,36.9645973
경기도 군포시 번영로 505,126.9332106,37.3588013
경기도 오산시 초평중앙로 22,127.0476656,37.1364072
인천광역시 서구 봉화로 50,126.6375233,37.5977429
인천광역시 미추홀구 경인로 372,126.6810583,37.4573454
경기도 성남시 중원구 제일로35번길 37,127.1328316,37.4314377
경기도 수원시 장안구 금당로 32,127.0151609,37.3036544
강원 화천군 사내면 수피령로 30,127.5251037,38.0703824
강원특별자치도 춘천시 중앙로 지하51-1,127.7278889,37.8802744
경기도 성남시 분당구 느티로87번길 1,127.1142129,37.3688554
인천광역시 남동구 백범로 267,126.7196964,37.4610141
서울특별시 영등포구 디지털로 437-1,126.968929,37.568348
경기도 부천시 오정구 여월로 66,126.8058833,37.5115274
경기도 성남시 중원구 도촌남로 27,127.1506159,37.4145006
서울특별시 송파구 충민로 66,127.1249941,37.4776495
경기도 광명시 오리로 383,126.8793582,37.436695
경기도 부천시 부천로 12,126.7833033,37.4852392
경기도 이천시 중리천로 64,127.4446288,37.2794699
경기도 하남시 위례중앙로 215,127.151833,37.4748357
서울특별시 중랑구 사가정로52길 37,127.0864338,37.5792664
인천광역시 미추홀구 제일로 21,126.6725615,37.4591064
인천광역시 서구 원적로 79-1,126.6810345,37.4940799
인천광역시 남동구 앵고개로 928,126.7338407,37.4017611
경기도 시흥시 정왕대로 74,126.7246743,37.3534748
경기도 하남시 신우실로 61,127.1617177,37.5099394
서울특별시 도봉구 도봉로150길 43,127.0456372,37.666506
경기도 평택시 지산로5번길 63,127.0576889,37.0805104
경기도 연천군 전곡읍 전곡로 154,127.0685112,38.0259719
경기도 화성시 봉담읍 샘마을길 18,126.9496125,37.2184433
경기도 용인시 처인구 남사읍 한숲로 60,127.1715706,37.1532606
경기도 오산시 대원로 12-2,127.0698191,37.146243
경기도 안성시 공도읍 서동대로 4079,127.1593081,36.9986769
서울특별시 서대문구 신촌로 63,126.9337361,37.5565863
경기도 평택시 안중읍 송담2로 21,126.9270784,36.9775029
서울특별시 동작구 여의대방로 188,126.9219478,37.5035703
서울특별시 동대문구 한천로11길 6,127.0619133,37.5673786
서울특별시 은평구 갈현로 47,126.9101772,37.6020624
경기도 안양시 만안구 안양로 지하301,126.9213886,37.3976649
서울특별시 금천구 가산로 115-2,126.8925413,37.4760418
서울특별시 서대문구 북아현로 20,126.9568118,37.5591442
서울특별시 은평구 은평로 66,126.9151282,37.5988013
서울특별시 금천구 벚꽃로 40,126.8933945,37.4595787
강원 원주시 문막읍 건등로 42,127.8206734,37.3138248
경기도 평택시 평택5로20번길 39,127.1131884,36.9899968
서울특별시 광진구 자양로13길 108,127.0796297,37.5323231
경기도 가평군 설악면 신천중앙로 98,127.4929421,37.6771972
강원 춘천시 춘천로 268,127.7431917,37.8797862
경기도 부천시 지봉로121번길 5,126.8123052,37.4888591
"서울 은평구 서오릉로 140,",126.9175966,37.6113302
인천광역시 강화군 강화읍 강화대로 399,126.4864866,37.7456088
경기도 오산시 고을1길 36,127.0545786,37.1443563
경기도 의정부시 청사로 50,127.0701529,37.7528484
경기도 고양시 일산동구 중산로 67,126.7819515,37.6781063
서울특별시 동대문구 왕산로 217,127.0466442,37.5814927
서울특별시 노원구 동일로180길 14,127.0752845,37.622078
서울특별시 금천구 남부순환로 1372,126.9031309,37.4794024
경기도 안양시 동안구 경수대로 428,126.9625125,37.3622517
"경기 남양주시 진접읍 장현로 78,",127.1813679,37.7173711
경기도 수원시 장안구 조원로89번길 27,127.0147347,37.3000105
경기도 평택시 평택4로 56,127.102185,36.9924012
경기도 평택시 정암로 15,127.0554597,37.0571177
강원 철원군 동송읍 금학로 191,127.2194522,38.2058951
경기도 부천시 오정구 여월로 66,126.8058833,37.5115274
서울특별시 송파구 충민로 66,127.1249941,37.4776495
경기도 광명시 오리로 383,126.8793582,37.436695
경기도 평택시 송탄로 398,127.0581016,37.0789727
경기도 평택시 송탄로 398,127.0581016,37.0789727
경기도 부천시 부천로 12,126.7833033,37.4852392
경기도 이천시 중리천로 64,127.4446288,37.2794699
강원 강릉시 성덕포남로 53,128.9189478,37.7596735
강원 강릉시 성덕포남로 53,128.9189478,37.7596735
경기도 하남시 위례중앙로 215,127.151833,37.4748357
서울특별시 중랑구 사가정로52길 37,127.0864338,37.5792664
인천광역시 미추홀구 제일로 21,126.6725615,37.4591064
서울특별시 동작구 상도로 152-1,126.9363304,37.503034
서울특별시 동작구 상도로 152-1,126.9363304,37.503034
인천광역시 연수구 컨벤시아대로230번길 54,126.6340379,37.3890088
인천광역시 연수구 컨벤시아대로230번길 54,126.6340379,37.3890088
인천광역시 서구 원적로 79-1,126.6810345,37.4940799
경기도 안산시 상록구 광덕산3로 40,126.8462218,37.3353501
경기도 안산시 상록구 광덕산3로 40,126.8462218,37.3353501
인천광역시 남동구 앵고개로 928,126.7338407,37.4017611
경기도 시흥시 정왕대로 74,126.7246743,37.3534748
경기도 하남시 신우실로 61,127.1617177,37.5099394
강원특별자치도 원주시 양지로 2,127.49341,36.502151
강원특별자치도 원주시 양지로 2,127.49341,36.502151
서울특별시 도봉구 도봉로150길 43,127.0456372,37.666506
경기도 평택시 지산로5번길 63,127.0576889,37.0805104
경기도 연천군 전곡읍 전곡로 154,127.0685112,38.0259719
경기도 화성시 봉담읍 샘마을길 18,126.9496125,37.2184433
경기도 오산시 대원로 12-2,127.0698191,37.146243
경기도 안성시 공도읍 서동대로 4079,127.1593081,36.9986769
서울특별시 서대문구 신촌로 63,126.9337361,37.5565863
경기도 평택시 안중읍 송담2로 21,126.9270784,36.9775029
서울특별시 노원구 동일로 986,127.0759998,37.6182812
서울특별시 노원구 동일로 986,127.0759998,37.6182812
서울특별시 동작구 여의대방로 188,126.9219478,37.5035703
서울특별시 동대문구 한천로11길 6,127.0619133,37.5673786
서울특별시 은평구 갈현로 47,126.9101772,37.6020624
경기도 안양시 만안구 안양로 지하301,126.9213886,37.3976649
서울특별시 금천구 가산로 115-2,126.8925413,37.4760418
서울특별시 서대문구 북아현로 20,126.9568118,37.5591442
서울특별시 은평구 은평로 66,126.9151282,37.5988013
서울특별시 금천구 벚꽃로 40,126.8933945,37.4595787
경기도 하남시 감일백제로 109,127.1608139,37.504797
경기도 하남시 감일백제로 109,127.1608139,37.504797
경기도 평택시 평택5로20번길 39,127.1131884,36.9899968
서울특별시 광진구 자양로13길 108,127.0796297,37.5323231
경기도 가평군 설악면 신천중앙로 98,127.4929421,37.6771972
강원 춘천시 춘천로 268,127.7431917,37.8797862
경기도 부천시 지봉로121번길 5,126.8123052,37.4888591
"서울 은평구 서오릉로 140,",126.9175966,37.6113302
인천광역시 강화군 강화읍 강화대로 399,126.4864866,37.7456088
경기도 오산시 고을1길 36,127.0545786,37.1443563
경기도 의정부시 청사로 50,127.0701529,37.7528484
경기도 고양시 일산동구 중산로 67,126.7819515,37.6781063
서울특별시 동대문구 왕산로 217,127.0466442,37.5814927
서울특별시 노원구 동일로180길 14,127.0752845,37.622078
강원 삼척시 정상로 78,129.1753775,37.4488681
강원 삼척시 정상로 78,129.1753775,37.4488681
서울특별시 금천구 남부순환로 1372,126.9031309,37.4794024
경기도 안양시 동안구 경수대로 428,126.9625125,37.3622517
"경기 남양주시 진접읍 장현로 78,",127.1813679,37.7173711
경기도 김포시 풍무로 104,126.7224215,37.6048734
경기도 김포시 풍무로 104,126.7224215,37.6048734
경기도 수원시 장안구 조원로89번길 27,127.0147347,37.3000105
경기도 평택시 평택4로 56,127.102185,36.9924012
경기도 평택시 정암로 15,127.0554597,37.0571177
경기도 의정부시 신촌로 29-1,127.0378655,37.7504178
경기도 의정부시 신촌로 29-1,127.0378655,37.7504178
서울특별시 동작구 상도로 357,126.95346,37.4968977
서울특별시 관악구 시흥대로 556,126.9016371,37.4825872
서울특별시 서초구 청계산로 189,127.0553559,37.4482614
경기도 성남시 중원구 도촌남로 27,127.1506159,37.4145006
경기도 성남시 중원구 도촌남로 27,127.1506159,37.4145006
인천광역시 연수구 먼우금로 197,126.6761871,37.4149966
경기도 부천시 부천로90번길 67,126.7882637,37.4917505
경기도 평택시 중앙로 38,127.0871953,36.9945757
경기도 평택시 송탄로 398,127.0581016,37.0789727
경기도 오산시 성호대로 92,127.524004,37.412921
인천광역시 부평구 후정동로 35,126.7378634,37.5206683
서울특별시 노원구 화랑로51길 38,127.0891034,37.6249697
강원 강릉시 성덕포남로 53,128.9189478,37.7596735
서울특별시 구로구 경인로3길 61,126.8244394,37.4916746
서울특별시 서대문구 증가로 256,126.9118379,37.5836787
서울특별시 동작구 상도로 152-1,126.9363304,37.503034
인천광역시 연수구 컨벤시아대로230번길 54,126.6340379,37.3890088
경기도 안산시 상록구 광덕산3로 40,126.8462218,37.3353501
강원특별자치도 원주시 양지로 2,127.49341,36.502151
"서울 금천구 독산로 276,",126.9032826,37.4713484
경기도 성남시 수정구 수정로 142,127.1358866,37.4418854
경기도 용인시 처인구 남사읍 한숲로 60,127.1715706,37.1532606
경기도 용인시 처인구 남사읍 한숲로 60,127.1715706,37.1532606
"경기 남양주시 와부읍 덕소로 88,",127.2120286,37.5863708
서울특별시 강서구 화곡로 178,126.8414632,37.5418231
경기도 수원시 팔달구 팔달문로163번길 38,127.0328767,37.2846706
인천광역시 서구 이음대로 392,126.7127234,37.5926044
경기도 안산시 상록구 도매시장로 114,126.8649854,37.3152757
경기도 성남시 수정구 복정로 28,127.1275584,37.4554663
경기도 화성시 영통로50번길 41,127.0662393,37.2349911
서울특별시 서대문구 홍은중앙로 94,126.9479187,37.5991432
서울특별시 도봉구 도봉로150길 27,127.0447571,37.6661925
서울특별시 노원구 동일로 986,127.0759998,37.6182812
경기도 안산시 상록구 월피로 50,126.8506235,37.3330863
경기도 안산시 단원구 달미로 100,126.8155284,37.3446521
서울특별시 동작구 상도로 275,126.948263,37.5029876
경기도 부천시 소사로 793,126.8045742,37.5269398
서울특별시 도봉구 덕릉로 221,127.0372544,37.6380374
서울 성동구 금호로 86,127.025765,37.5512094
서울특별시 은평구 갈현로 88,126.9108362,37.6057987
경기도 안양시 만안구 경수대로 1175,126.9170237,37.4153037
서울특별시 중랑구 망우로 381,127.0946194,37.598891
경기도 안양시 만안구 양화로72번길 83,126.9176778,37.3996764
경기도 부천시 역곡로471번가길 33,126.8147291,37.5279432
경기도 용인시 수지구 광교중앙로 297,127.0685794,37.2966439
서울특별시 은평구 응암로12길 11-1,126.9181165,37.5879443
경기도 평택시 안중읍 안현로서6길 72,126.9212814,36.9847675
서울특별시 구로구 새말로 97,126.8902727,37.5071154
경기도 양평군 양평읍 양근로 206,127.4918436,37.4887805
경기도 성남시 중원구 둔촌대로 246,127.1456932,37.4281884
인천광역시 미추홀구 염창로 73,126.6820046,37.4658977
경기도 부천시 소사구 경인로 110-1,126.767701,37.48378
경기도 하남시 감일백제로 109,127.1608139,37.504797
서울특별시 서초구 바우뫼로7길 8,127.0253957,37.4708599
강원 원주시 문막읍 건등로 42,127.8206734,37.3138248
강원 원주시 문막읍 건등로 42,127.8206734,37.3138248
"서울 강남구 강남대로 396,",127.0285959,37.4978638
서울특별시 관악구 신원로 22,126.928105,37.4810913
서울특별시 노원구 동일로 1007,126.978285,37.560493
서울특별시 중랑구 면목로55길 46,127.0857698,37.5844963
"서울 구로구 구로동로 118-2,",126.8845327,37.4892478
경기도 하남시 미사강변대로226번길 14,127.1847076,37.5696961
경기도 평택시 팽성읍 동서촌로 111,127.0643188,36.9645973
경기도 군포시 번영로 505,126.9332106,37.3588013
경기도 오산시 초평중앙로 22,127.0476656,37.1364072
강원 삼척시 정상로 78,129.1753775,37.4488681
인천광역시 서구 봉화로 50,126.6375233,37.5977429
인천광역시 미추홀구 경인로 372,126.6810583,37.4573454
경기도 성남시 중원구 제일로35번길 37,127.1328316,37.4314377
경기도 김포시 풍무로 104,126.7224215,37.6048734
경기도 수원시 장안구 금당로 32,127.0151609,37.3036544
강원 화천군 사내면 수피령로 30,127.5251037,38.0703824
강원특별자치도 춘천시 중앙로 지하51-1,127.7278889,37.8802744
경기도 성남시 분당구 느티로87번길 1,127.1142129,37.3688554
인천광역시 남동구 백범로 267,126.7196964,37.4610141
강원 철원군 동송읍 금학로 191,127.2194522,38.2058951
강원 철원군 동송읍 금학로 191,127.2194522,38.2058951
경기도 의정부시 신촌로 29-1,127.0378655,37.7504178
서울특별시 영등포구 디지털로 437-1,126.968929,37.568348
경기도 광주시 경안로 21,127.2581633,37.4097187
경기도 파주시 와석순환로 421,126.7522954,37.7234588
경기도 용인시 처인구 이동읍 백옥대로 602,127.2069821,37.1904213
경기도 성남시 중원구 산성대로 지하244-6,127.1442558,37.4393242
"경기 양주시 독바위로 19,",127.0629531,37.8395585
서울특별시 중랑구 동일로 873,127.077878,37.6083665
경기도 양주시 회정로 134,127.0684707,37.8371605
경기도 남양주시 화도읍 마석로 8-1,127.3065788,37.6516684
경기도수원시팔달구동말로47번길1,126.9994248,37.278995
경기도 수원시 팔달구 중부대로 29,127.0201521,37.2754109
서울특별시 용산구 청파로 100,126.9623624,37.5326845
경기도 고양시 일산동구 정발산로 24,126.7724198,37.6552661
경기도 양주시 회천남로 80,127.0934308,37.8185603
서울특별시 은평구 가좌로7길 28,126.9183821,37.5860185
서울특별시강남구역삼로161,127.0366487,37.4951725
경기도 고양시 덕양구 화중로138번길 5-23,126.8337241,37.639724
인천광역시 부평구 열우물로 54,126.700547,37.4728608
경기도 평택시 청북읍 안청로 328,126.9159463,37.0171861
경기도 수원시 권선구 노림로 20,126.9545212,37.2676769
서울특별시 금천구 독산로 366,126.9041343,37.4796009
서울특별시광진구천호대로671,127.090521,37.5513295
서울특별시성동구사근동길2,127.0413385,37.5599689
인천광역시 미추홀구 독배로 384,126.6488383,37.453981
경기도부천시오정구중동로398,126.7703372,37.5153975
인천광역시 남동구 담방로 45,126.7383779,37.4436899
경기도 안산시 단원구 원곡로 47,126.7932942,37.331308
서울특별시 양천구 중앙로32길 61,126.8602397,37.5200116
경기도 군포시 군포로 487,126.9441148,37.3499515
경기도구리시이문안로132,127.1459978,37.5910565
경기도 수원시 팔달구 창룡대로150번길 67-2,127.0288671,37.2886656
인천광역시 미추홀구 숙골로112번길 2,126.6623678,37.4717049
강원특별자치도 강릉시 강릉대로 378,128.9076018,37.768276
경기도 성남시 분당구 동판교로 58,127.1152309,37.3879118
경기도 부천시 원미구 부천로 105,126.7845354,37.4936405
인천광역시 계양구 아나지로 171,126.7109583,37.5255226
서울특별시 영등포구 신길로 41,126.9081071,37.4963971
서울특별시 영등포구 영등포로 33,126.8852364,37.5232957
서울특별시 관악구 봉천로 377-1,126.9421021,37.4835331
경기도용인시기흥구흥덕2로87번길18,127.0718925,37.2757648
경기도 평택시 탄현로 90,127.0538992,37.0605565
서울특별시동대문구장한로165,127.0716769,37.5751056
인천광역시 서구 완정로 163,126.6579577,37.6018153
인천광역시 계양구 장제로883번길 2,126.7390003,37.545864
경기도이천시증신로2564,127.4481823,37.2916425
경기도 시흥시 대야로13번길 14,126.7879048,37.4453615
경기도 화성시 동탄지성로 109,127.0629518,37.2083108
서울특별시 영등포구 디지털로37길 17,126.8981896,37.4902139
경기도 시흥시 시흥대로1074번길 6,126.7935868,37.4314355
경기도 광주시 회안대로 350-2,127.2359909,37.3839418
경기도 수원시 팔달구 경수대로495번길 19,127.0266435,37.2704184
경기도 고양시 일산동구 위시티로 67,126.8108259,37.6780496
경기도 화성시 여울로4길 2,127.0581157,37.2167067
강원원주시능라동길74,127.9299213,37.3333499
경기도 안양시 만안구 양화로136번길 59,126.9122103,37.4059967
강원특별자치도속초시동해대로4018,128.5954474,38.1901317
서울특별시 은평구 진흥로1길 21,126.918428,37.6024086
경기도 성남시 중원구 산성대로 지하 204-5,127.140863,37.4375785
경기광주시오포읍오포로519,127.2119526,37.3448123
경기도 화성시 동탄대로5길 15,127.1058377,37.1665518
경기도 용인시 처인구 이동읍 백옥대로 627,127.206687,37.1927893
경기도수원시장안구조원로87,127.0157504,37.3008299
서울특별시 성북구 성북로4길 52,127.0086293,37.5923073
경기도 의왕시 백운중앙로 46,127.0042889,37.3693327
경기도광주시순암로22,127.2468591,37.3947254
서울특별시 노원구 동일로 1649,127.0550424,37.675655
서울특별시 송파구 성내천로 263,127.1543297,37.4970737
경기도 시흥시 도일로124번길 3,126.7842589,37.3416137
인천광역시 동구 운교로 16,126.6287395,37.4801674
강원철원군동송읍금학로224,127.2180992,38.2085619
경기도 화성시 화산남로 39,127.0140116,37.206688
서울특별시 강서구 곰달래로 224,126.8578816,37.531477
인천광역시 계양구 계양대로 118,126.7228811,37.5342208
인천광역시 동구 솔빛로 5-1,126.6339455,37.4767768
서울특별시강남구선릉로161길31,127.0378617,37.5275481
경기도 용인시 수지구 문정로 46,127.0946832,37.3245277
인천광역시 강화군 강화읍 강화대로 403,126.4859983,37.7461882
서울특별시 강남구 학동로 170,127.029651,37.5133345
경기도 안양시 동안구 관악대로287번길 4,126.9549131,37.403084
경기도 부천시 원미구 부일로297번길 10,126.7632782,37.4886894
경기도수원시권선구정조로572,127.0130586,37.2599344
경기도 고양시 덕양구 세솔로 76,126.889021,37.6508627
서울특별시 금천구 시흥대로28길 15,126.9046197,37.4424643
경기도 부천시 원미구 부일로 748,126.8127671,37.4861066
강원강릉시입암로148번길2,128.9176539,37.7587465
경기도 평택시 팽성읍 동서촌로 87-1,127.0618893,36.9649115
경기도 평택시 평택2로20번길 4,127.0886084,36.9929015
경기도 광주시 초월읍 현산로 91,127.2913019,37.395766
경기도 남양주시 다산지금로 127,127.1744498,37.601639
경기도부천시원미구삼작로292,126.7940293,37.5199668
서울특별시노원구광운로64,127.0601861,37.6228327
서울특별시 강동구 풍성로 109,127.1244235,37.5323394
경기도 광주시 중앙로187번길 3,127.2566536,37.41617
경기도 하남시 미사강변동로 100-1,127.1940833,37.564201
강원특별자치도 속초시 조양상가길 25,128.579957,38.1902093
인천광역시 서구 연희로 20,126.6749231,37.549361
경기도 수원시 장안구 정조로 922,127.0136815,37.2899637
강원영월군영월읍중앙로251,128.5288287,37.1505966
경기도 고양시 덕양구 통일로 781,126.863766,37.6877438
서울특별시 은평구 연서로 252,126.9228935,37.6194428
서울특별시 중랑구 망우로 285,127.0840633,37.5962506
서울특별시 강동구 상암로3길 78,127.1279292,37.5538644
경기도 성남시 중원구 제일로63번길 32,127.1323624,37.4319569
서울특별시 서대문구 거북골로 192,126.9095866,37.5781166
서울특별시 광진구 광나루로56길 85,127.0957117,37.5357272
경기도 화성시 향남읍 향남로 392,126.9215077,37.1300191
경기도 안산시 단원구 원곡로 34,126.792919,37.3300697
강원 원주시 무실로 107,127.9438274,37.3443328
경기도안성시공도읍공도로94,127.1715087,36.9997539
경기도 수원시 장안구 연무로32번길 2,127.0279338,37.294587
경기도 광주시 초월읍 경충대로 926,127.3114711,37.3651041
서울특별시 중랑구 면목로39길 5,127.0869514,37.5795317
서울특별시 성동구 행당로 87,127.0285378,37.5573053
강원 춘천시 공지로 116,127.747908,37.8568202
경기도 평택시 서정역로36번길 2,127.0560196,37.0573024
경기도성남시분당구돌마로80,127.1103861,37.3496879
경기도남양주시화도읍먹갓로27번길1,127.2744491,37.6564939
경기도 시흥시 시청로68번길 4,126.8003906,37.3803164
인천광역시부평구육동로19,126.7247595,37.4870094
서울특별시 구로구 새말로 97,126.8902727,37.5071154
서울특별시 강동구 진황도로 5,127.1285064,37.5402538
경기도 성남시 수정구 수정로120번길 7,127.1340002,37.4408354
경기도 남양주시 화도읍 마석로 25,127.3063369,37.6533159
경기도 안산시 상록구 석호로 170,126.8505657,37.2968719
경기도 화성시 병점2로 71,127.0441048,37.2082503
"인천 강화군 강화읍 강화대로 400,",126.4869659,37.7460294
경기도 시흥시 서울대학로278번길 19-13,126.7272973,37.3705959
"경기 평택시 서정역로 29,",127.0555987,37.0567944
경기도 평택시 경기대로 271,127.1127252,36.9950577
서울특별시 강동구 올림픽로 800,127.1286037,37.5523105
서울특별시 강북구 삼양로 456,127.0161788,37.6441347
경기도 남양주시 와부읍 덕소로 213,127.2193279,37.5802381
서울특별시 강서구 양천로 583,126.864147,37.5570096
서울특별시 중랑구 상봉로 68,127.0936397,37.5919005
서울특별시 은평구 갈현로1길 18,126.9082448,37.5994496
경기도 수원시 장안구 만석로159번길 40,126.9971171,37.3033407
경기도 부천시 소사로 697,126.8045642,37.5183529
경기도 안성시 일죽면 주래본죽로 36,127.4784759,37.0935603
서울특별시 노원구 한글비석로 401,127.0714631,37.6606211
경기도 안양시 만안구 냉천로 171,126.9208443,37.3954523
서울특별시 강동구 올림픽로 781,127.1275664,37.5510054
강원 인제군 기린면 기린로 41,128.3179319,37.9560071
서울특별시 도봉구 해등로 218,127.0324275,37.6581359
경기도 고양시 일산서구 원일로 121,126.7756445,37.685249
경기도 평택시 모산영신1길 27,127.0877188,37.0212802
경기도 성남시 수정구 제일로 153,127.1319056,37.4401983
경기도 남양주시 다산순환로 20,127.527278,37.405101
서울특별시 노원구 한글비석로 384,127.0732529,37.6597883
서울특별시 중랑구 망우로42길 26,127.0830903,37.5943329
경기도 안양시 만안구 안양로 지하301,126.9213886,37.3976649
인천광역시 미추홀구 주승로 163,126.6884754,37.4455524
인천광역시 미추홀구 염전로202번길 48-4,126.6613662,37.4758833
경기도 시흥시 해송십리로 472-12,126.729174,37.3824828
서울특별시동작구장승배기로1392,126.9407483,37.5065337
인천광역시남동구석산로62번길2,126.6985999,37.4606214
경기도 안산시 상록구 용신로 268,126.8520854,37.3030049
경기도 광명시 광명로 834,126.8522026,37.4738097
경기도 파주시 새꽃로 195,126.7743119,37.7654599
인천광역시 남동구 남동대로747번길 11,126.7066667,37.4490236
경기도 군포시 송부로291번안길 3-11,126.9438252,37.3222771
경기도 안산시 단원구 와동로 124,126.8270078,37.3409189
인천광역시 미추홀구 독배로 430,126.6496714,37.457937
강원동해시효자남길293,129.1078256,37.4893377
서울특별시 강북구 오현로31길 75,127.0367747,37.6313118
경기도 성남시 중원구 성남대로 1124,127.1298999,37.4299384
경기도 부천시 장말로 209,126.7654488,37.4928388
서울특별시 구로구 새말로 102,126.8918878,37.505743
경기도 이천시 어재연로 2,127.4423767,37.277513
인천광역시서구청라루비로76,126.6413657,37.5321127
인천광역시서구거북로84,126.6709577,37.5030763
서울특별시 양천구 신목로 38,126.873637,37.5190318
"서울 도봉구 도봉로181길 38,",127.0438095,37.6843945
인천광역시 서구 원당대로 859,126.6969607,37.5939541
강원 원주시 만대공원길 50,127.9258415,37.3393308
경기도 안산시 상록구 선암로 43,126.8635665,37.2888699
경기도 성남시 분당구 황새울로258번길 43,127.1155017,37.3783174
경기도 부천시 고리울로52번길 14,126.821494,37.5265422
인천광역시 부평구 원길로 34,126.7149254,37.5066173
서울특별시 관악구 남부순환로 1927,126.9634433,37.477442
인천광역시 남구 경인로 180,126.662475,37.4656872
경기도 화성시 꽃내음1길 19-22,126.8185078,37.2833917
경기 화성시 우정읍 조암남로 20,126.8178471,37.0829398
경기도파주시심학산로423번길737,126.7383144,37.7191474
서울특별시 영등포구 영등포로 219,126.9057938,37.520073
서울특별시 광진구 광나루로56길 85,127.0957117,37.5357272
경기도 평택시 안중읍 안중로 127,126.9307486,36.9889172
인천광역시 남동구 서창남순환로216번길 17,126.7494268,37.423516
경기도화성시동탄기흥로247번길8,127.0917728,37.1826737
강원 동해시 평원로 100,129.1147136,37.5320272
서울특별시 도봉구 도당로 105,127.0382123,37.6665538
경기도 시흥시 군서로42번길 9,126.7481429,37.3465261
,,
경기도 평택시 현신로 16,127.1355225,36.9948204
서울특별시 도봉구 도봉로153길 33,127.0415813,37.669879
서울특별시동작구여의대방로22길121,126.9263408,37.4985014
강원특별자치도 원주시 백간공원길 14-1,127.9270168,37.3493608
경기도 안성시 중앙로 260,127.524468,37.423113
경기도 안양시 만안구 와룡로28번길 7,126.8981328,37.4070197
"서울 양천구 신월로 292,",126.8533926,37.5209545
"강원 원주시 단구로 406,",127.9544392,37.3215123
경기도 안산시 상록구 석호로 179,126.8516194,37.2965578
서울특별시 은평구 녹번로 37,126.9289281,37.6054327
경기도 평택시 평택로32번길 24,127.0892708,36.9910502
경기도 부천시 원미구 원미로 129,126.7908707,37.494174
경기도 성남시 중원구 산성대로 지하204-5,127.140863,37.4375785
경기도 성남시 중원구 둔촌대로171번길 6,127.1384654,37.4308481
경기도 김포시 김포한강8로 378,126.6269519,37.6436524
경기도 광주시 오포읍 양벌로 207,127.2544079,37.3783015
경기도 평택시 비전5로 20-9,127.1139557,36.9993923
서울특별시 동대문구 장한로 115,127.0705513,37.5709429
경기도 구리시 건원대로 95,127.1380528,37.609353
경기도 성남시 분당구 성남대로925번길 16,127.1272932,37.4130962
경기도 안산시 단원구 원곡로 45,126.7931724,37.3311626
인천광역시 미추홀구 한나루로358번길 23-31,126.6641025,37.439648
경기도 김포시 월곶면 군하로 266,126.5530925,37.7157041
서울특별시 금천구 독산로40길 17,126.9056956,37.4601438
인천광역시 남동구 만수로 75,126.7358506,37.4622512
경기도 고양시 일산동구 숲속마을1로 77,126.7998692,37.6678563
경기도 용인시 처인구 포곡읍 포곡로 120,127.2185522,37.2698763
경기도 부천시 성지로71번길 20,126.8102208,37.5254381
인천광역시 부평구 체육관로 40,126.7361497,37.5082519
인천광역시 서구 서달로 150-4,126.679038,37.5117627
경기도 파주시 문화로 110-1,126.7745413,37.7639396
서울특별시 도봉구 도봉로181길 12,127.0452426,37.6840367
서울특별시 용산구 청파로 100,126.9623624,37.5326845
"인천 연수구 독배로40번길 11,",126.6456733,37.4245352
인천광역시 계양구 용종로 2,126.7415068,37.5340874
서울특별시 중구 중림로 10,126.9654927,37.5583465
경기도수원시팔달구정조로783,127.0164878,37.2779846
인천광역시계양구계양대로173,126.7223402,37.5393958
경기도 광명시 안현로 19,126.8742656,37.4643538
경기도 성남시 수정구 논골로 3,127.1605392,37.4545518
경기도오산시내삼미로32,127.0681548,37.1653694
서울중랑구상봉로39,127.0934428,37.5894571
서울특별시 광진구 광나루로56길 85,127.0957117,37.5357272
경기도 의정부시 오목로 105,127.0925264,37.7374262
경기도 고양시 일산서구 중앙로 1371,126.7661791,37.6666888
서울특별시 도봉구 도봉로110길 41,127.0357886,37.6462519
인천광역시 서구 이음5로 39,126.7112614,37.5946518
서울특별시 동대문구 이문로 136,127.0619731,37.5987082
경기도 포천시 중앙로 131,127.2036465,37.898051
경기도 화성시 비봉면 푸른들판로 1628,126.8731727,37.2474223
서울특별시 금천구 금하로 748,126.912727,37.4499457
경기도 안산시 상록구 영화7길 25,126.8521593,37.2810647
서울특별시 양천구 목동중앙북로 29,126.8668261,37.5482503
인천광역시 연수구 송도과학로27번길 15,126.6622489,37.3850515
"서울 종로구 혜화로3길 5,",127.0002568,37.5858664
인천광역시 부평구 화랑남로5번길 1,126.7051718,37.4924548
인천광역시 부평구 경인로 885,126.7185066,37.4856803
경기도 시흥시 은계남로 12,126.8026881,37.4346277
"경기 성남시 중원구 산성대로 지하 204-5,",127.140863,37.4375785
인천광역시 부평구 후정동로25번길 4,126.7378452,37.5197311
서울특별시 양천구 목동중앙남로11길 5,126.8655824,37.539219
경기도 오산시 오산로 67-1,127.068891,37.1328813
서울특별시 동대문구 답십리로 163-1,127.0583673,37.5730089
경기도 안산시 상록구 안산대학로 107,126.8696452,37.309968
서울특별시 광진구 면목로 130,127.0809035,37.564969
서울특별시관악구장군봉1길46,126.9425144,37.4815545
경기도부천시원미구장말로257,126.7707882,37.4920295
서울특별시 도봉구 덕릉로57길 19,127.0372689,37.6395513
경기화성시남양읍역골중앙로41,126.8271239,37.2026242
강원특별자치도동해시중앙로234,129.115077,37.5214816
강원 원주시 중평길 16,127.9504943,37.3495352
강원원주시서원대로500,127.9573819,37.3254242
강원 춘천시 후석로 43,127.7415607,37.8585544
경기도 수원시 권선구 호매실로90번길 57,126.963514,37.2581234
경기도 수원시 권선구 금호로 220,126.9740958,37.2750207
경기도 시흥시 정왕천로 411,126.7519245,37.3444396
인천광역시 서구 탁옥로 30,126.672791,37.5438769
경기도 안산시 단원구 원본로 19,126.7921493,37.3309269
경기도 성남시 분당구 미금로 44,127.1165361,37.337281
서울특별시 마포구 성암로11길 28,126.9019485,37.5732433
경기도화성시향남읍평1길15,126.9090339,37.1326713
경기도 성남시 수정구 수정북로 46-1,127.1347376,37.4425438
서울특별시구로구구로동로98,126.8851018,37.4874781
경기도파주시후곡로21,126.7738973,37.7555086
서울특별시금천구가산디지털1로1,126.8871463,37.4662779
,,
서울특별시 강북구 노해로 55,127.0223676,37.640528
경기도 양주시 평화로 1440,127.0470718,37.8191134
경기도 시흥시 봉우재로 58-1,126.7463869,37.3476068
경기도 의정부시 오목로205번길 21,127.09737,37.7449869
서울특별시 강남구 학동로6길 45,127.0261923,37.5096477
경기도이천시설봉로38번길4,127.4379846,37.279772
서울특별시 도봉구 도당로13길 22,127.0352867,37.665773
인천광역시 남동구 구월로 223,126.7157497,37.4564931
인천광역시 부평구 장제로231번길 8,126.697153,37.452392
인천광역시 부평구 평천로 381,126.704003,37.459985
경기도 안산시 단원구 와동공원로 146,126.821692,37.3445604
경기도 화성시 남양읍 남양로 829,126.8322747,37.2097485
서울특별시 구로구 구로동로 131-2,126.8839157,37.4904404
경기도 오산시 수청로106번길 6-3,127.0537322,37.1770505
경기도 평택시 안중읍 안현로서5길 66,126.9282492,36.9885162
경기도 김포시 풍무로96번길 8,126.7228381,37.6036886
경기도 의정부시 용민로 11,127.0802169,37.7346368
서울특별시 광진구 광나루로 521,127.0875863,37.5451167
인천광역시 미추홀구 경인로 135,126.6579511,37.4664469
서울특별시 동작구 상도로 364,126.9533678,37.4962121
서울특별시 노원구 덕릉로 721,127.0754588,37.66195
서울특별시 양천구 월정로 50,126.8421885,37.524188
경기도 양주시 옥정로6길 18,127.0927511,37.8221321
인천광역시 미추홀구 독배로 417,126.649486,37.4569347
경기도 부천시 원미구 삼작로 257,126.7900869,37.5203229
경기도 남양주시 화도읍 비룡로 341,127.3037519,37.681341
인천광역시 서구 청라커낼로 264,126.6449752,37.5320911
경기도 김포시 김포한강11로 288-32,126.6841775,37.6543057
서울특별시 중랑구 중랑역로 54-1,127.0775701,37.5984527
경기도 부천시 중동로248번길 31,126.7703791,37.5018105
경기도 평택시 고덕중앙로 200-4,127.0442098,37.0477731
"경기 부천시 부일로 468,",126.7820384,37.4858478
인천광역시 서구 가정로 200,126.6723466,37.5025603
인천광역시 부평구 부일로 12,126.7315007,37.4902266
경기도 안양시 동안구 시민대로159번길 25,126.9474862,37.3906015
경기도 성남시 중원구 광명로 360,127.1658426,37.4461915
경기도 광주시 경안안길 81,127.2578335,37.4099419
경기도 시흥시 신천5길 22,126.779945,37.4379452
경기도 용인시 기흥구 동백7로 73,127.1595837,37.2820156
서울특별시 용산구 한강대로 95,126.9670038,37.5292202
서울특별시 노원구 월계로45가길 89,127.0501715,37.6317719
서울특별시 동대문구 답십리로66길 75,127.0670262,37.5694825
경기도 평택시 청북읍 안청로2길 33-36,126.9161895,37.0182606
서울특별시 도봉구 도봉로113길 12,127.0334745,37.6481882
서울특별시 노원구 공릉로46길 6,127.0796199,37.6269324
경기도 파주시 송학1길 65-1,126.7621792,37.7123186
강원 원주시 예술관길 13,127.9431695,37.3336183
경기도 구리시 건원대로34번길 9,127.140851,37.6043816
서울특별시 강북구 삼양로 227,127.0185443,37.623665
서울특별시 금천구 시흥대로26길 16,126.9048241,37.4416192
서울특별시 도봉구 도봉로109길 19,127.0322125,37.6467632
인천광역시 남동구 호구포로 790,126.7192814,37.4528732
"경기 여주시 가남읍 태평로 56,",127.5443377,37.2045805
경기도 수원시 팔달구 일월로22번길 11,126.9804456,37.2857714
서울특별시 송파구 가락로 152,127.1126784,37.5027783
강원 홍천군 남면 양덕원로 89-2,127.7678398,37.6173453
경기도 안양시 동안구 평촌대로 123,126.9596634,37.3830052
경기도 김포시 풍무로 69,126.7212079,37.6016707
경기도 광주시 경안로41번길 6,127.2563695,37.4083468
경기도 성남시 중원구 금상로 80,127.1641867,37.4416384
경기도 안양시 동안구 귀인로 101-1,126.9509328,37.3823334
경기도 김포시 대곶면 율생로 82,126.5827385,37.6508329
경기도 시흥시 황고개로 531,126.788592,37.3781597
경기도 여주시 세종로 30-1,127.6360882,37.295343
강원특별자치도 원주시 봉화로 66,127.9291154,37.3502452
경기도 김포시 하성면 하성로 489,126.6356347,37.7183552
경기도 안성시 공도읍 공도4로 3,127.1721076,37.000479
경기도 김포시 양촌읍 양곡로 512,126.6262842,37.6552945
경기 평택시 팽성읍 동서촌로 77,127.0606339,36.9647214
강원특별자치도 춘천시 춘천로 297,127.7459146,37.8813598
경기도 구리시 이문안로 95,127.1422155,37.5920653
경기도 안산시 단원구 원초로 30,126.8017019,37.3283929
강원 삼척시 진주로 18,129.1642798,37.4423372
서울특별시 구로구 구로동로22길 1,126.8845851,37.4895276
서울특별시 강동구 양재대로116길 8,126.977904,37.558941
인천광역시 서구 청라커낼로 252,126.6467831,37.5309675
인천광역시 서구 청라커낼로 252,126.6467831,37.5309675
서울특별시 관악구 관악로 211,126.9541641,37.4837126
서울특별시 관악구 관악로 211,126.9541641,37.4837126
인천광역시 서구 가정로 406,126.6748598,37.521609
인천광역시 서구 금정로 12,126.7014219,37.6050407
인천광역시 서구 금정로 12,126.7014219,37.6050407
서울특별시 중구 동호로 178,127.0114423,37.5542621
서울특별시 중구 동호로 178,127.0114423,37.5542621
인천광역시 서구 장고개로337번길 16,126.6853375,37.4931007
인천광역시 서구 장고개로337번길 16,126.6853375,37.4931007
경기도 평택시 안중읍 현화중앙길 108,126.9212994,36.988264
경기도 평택시 안중읍 현화중앙길 108,126.9212994,36.988264
강원 원주시 흥업면 남원로 76,127.9203162,37.3028412
경기도 남양주시 오남읍 진건오남로 560-5,127.2113414,37.6835975
경기도 남양주시 오남읍 진건오남로 560-5,127.2113414,37.6835975
서울특별시 관악구 신원로 12,126.9279675,37.4804323
서울특별시 관악구 신원로 12,126.9279675,37.4804323
"서울 노원구 섬밭로 229,",127.0638383,37.6360168
"서울 노원구 섬밭로 229,",127.0638383,37.6360168
경기도 하남시 미사강변대로 70,127.1874357,37.5561541
경기도 하남시 미사강변대로 70,127.1874357,37.5561541
경기도 용인시 기흥구 갈천로7번길 63-8,127.1062124,37.2713342
경기도 용인시 기흥구 갈천로7번길 63-8,127.1062124,37.2713342
인천광역시 중구 자연대로 47,126.5589858,37.4887527
서울특별시 중구 다산로12길 21,127.012467,37.5555141
서울특별시 중구 다산로12길 21,127.012467,37.5555141
경기도 부천시 원미구 길주로 272,126.7724976,37.5029678
경기도 부천시 원미구 길주로 272,126.7724976,37.5029678
경기도 수원시 팔달구 세지로174번길 31-3,127.0235467,37.2666354
경기도 수원시 팔달구 세지로174번길 31-3,127.0235467,37.2666354
경기도 평택시 안중읍 안중로 132,126.9311684,36.9886236
경기도 평택시 안중읍 안중로 132,126.9311684,36.9886236
서울특별시 관악구 청룡2길 33,126.9442013,37.4813984
서울특별시 관악구 청룡2길 33,126.9442013,37.4813984
경기도 의정부시 용민로 52,127.0845177,37.7364002
경기도 의정부시 용민로 52,127.0845177,37.7364002
서울특별시 서대문구 응암로 116,126.9137091,37.5826868
서울특별시 서대문구 응암로 116,126.9137091,37.5826868
강원 원주시 평원로 59,127.9506062,37.351013
강원 원주시 평원로 59,127.9506062,37.351013
경기도 안양시 동안구 관평로170번길 33,126.9622581,37.3930118
경기도 안양시 동안구 관평로170번길 33,126.9622581,37.3930118
서울특별시 서대문구 세무서길 85,126.9469825,37.5916473
서울특별시 서대문구 세무서길 85,126.9469825,37.5916473
서울특별시 동작구 신대방길 98,126.9088673,37.4900067
서울특별시 동작구 신대방길 98,126.9088673,37.4900067
서울특별시 마포구 양화로6길 86,126.9188716,37.5482427
경기도 평택시 평택5로 30,127.1117367,36.9882918
경기도 평택시 평택5로 30,127.1117367,36.9882918
경기도 고양시 덕양구 통일로 760,126.8660416,37.6879549
경기도 고양시 덕양구 통일로 760,126.8660416,37.6879549
서울 강동구 상일동,127.1683021,37.5505785
서울 강동구 상일동,127.1683021,37.5505785
인천광역시 연수구 한나루로 126-1,126.6518357,37.4223621
인천광역시 연수구 한나루로 126-1,126.6518357,37.4223621
서울특별시 강북구 도봉로 143,127.0276684,37.6215511
서울특별시 송파구 마천로 335,127.1521628,37.4936702
서울특별시 송파구 마천로 335,127.1521628,37.4936702
경기도 의왕시 포일로 43,126.9774428,37.3900444
경기도 의왕시 포일로 43,126.9774428,37.3900444
"강원 춘천시 중앙로 50,",127.7283188,37.880852
서울특별시 강북구 솔매로30길 1,127.0206836,37.6246649
서울특별시 강북구 솔매로30길 1,127.0206836,37.6246649
서울특별시 노원구 동일로 1032,127.0744206,37.6223145
서울특별시 노원구 동일로 1032,127.0744206,37.6223145
인천광역시 연수구 청량로 217,126.6525592,37.4261186
인천광역시 연수구 청량로 217,126.6525592,37.4261186
경기도 부천시 소사구 자유로 43-8,126.7807482,37.4838342
경기도 부천시 소사구 자유로 43-8,126.7807482,37.4838342
경기도 성남시 중원구 금상로 70,127.1636057,37.4410396
경기도 성남시 중원구 금상로 70,127.1636057,37.4410396
경기도 평택시 지산로5번길 35,127.0561595,37.0804982
경기도 평택시 지산로5번길 35,127.0561595,37.0804982
경기도 고양시 덕양구 호국로790번길 101,126.8410731,37.6546
경기도 안산시 상록구 본삼로 38,126.8639201,37.3006052
경기도 안산시 상록구 본삼로 38,126.8639201,37.3006052
경기도 이천시 영창로 143-1,127.4387562,37.2821636
경기도 이천시 영창로 143-1,127.4387562,37.2821636
인천광역시 연수구 선학로68번길 3,126.7013968,37.4237189
인천광역시 연수구 선학로68번길 3,126.7013968,37.4237189
서울특별시 관악구 봉천로 230,126.9270717,37.4893084
서울특별시 관악구 봉천로 230,126.9270717,37.4893084
서울특별시 관악구 쑥고개로11길 41,126.9422315,37.48157
서울특별시 관악구 쑥고개로11길 41,126.9422315,37.48157
경기도 용인시 처인구 금령로 86,127.2059955,37.2351455
경기도 용인시 처인구 금령로 86,127.2059955,37.2351455
인천광역시 중구 관창로4번길 24,126.5331901,37.493571
인천광역시 중구 관창로4번길 24,126.5331901,37.493571
서울특별시 노원구 동일로 1041,127.0735046,37.6231002
서울특별시 노원구 동일로 1041,127.0735046,37.6231002
경기도 남양주시 진접읍 장현로 69-4,127.526486,37.404488
경기도 남양주시 진접읍 장현로 69-4,127.526486,37.404488
경기도 안산시 단원구 와동공원로 146,126.821692,37.3445604
경기도 화성시 남양읍 남양로 829,126.8322747,37.2097485
서울특별시 구로구 구로동로 131-2,126.8839157,37.4904404
경기도 오산시 수청로106번길 6-3,127.0537322,37.1770505
인천광역시 서구 가정로 406,126.6748598,37.521609
인천광역시 서구 가정로 406,126.6748598,37.521609
경기도 평택시 안중읍 안현로서5길 66,126.9282492,36.9885162
경기도 김포시 풍무로96번길 8,126.7228381,37.6036886
경기도 의정부시 용민로 11,127.0802169,37.7346368
서울특별시 광진구 광나루로 521,127.0875863,37.5451167
인천광역시 미추홀구 경인로 135,126.6579511,37.4664469
서울특별시 동작구 상도로 364,126.9533678,37.4962121
서울특별시 노원구 덕릉로 721,127.0754588,37.66195
서울특별시 양천구 월정로 50,126.8421885,37.524188
강원 원주시 흥업면 남원로 76,127.9203162,37.3028412
강원 원주시 흥업면 남원로 76,127.9203162,37.3028412
경기도 양주시 옥정로6길 18,127.0927511,37.8221321
인천광역시 미추홀구 독배로 417,126.649486,37.4569347
경기도 부천시 원미구 삼작로 257,126.7900869,37.5203229
경기도 남양주시 화도읍 비룡로 341,127.3037519,37.681341
인천광역시 서구 청라커낼로 264,126.6449752,37.5320911
경기도 김포시 김포한강11로 288-32,126.6841775,37.6543057
서울특별시 중랑구 중랑역로 54-1,127.0775701,37.5984527
경기도 부천시 중동로248번길 31,126.7703791,37.5018105
경기도 평택시 고덕중앙로 200-4,127.0442098,37.0477731
"경기 부천시 부일로 468,",126.7820384,37.4858478
인천광역시 서구 가정로 200,126.6723466,37.5025603
인천광역시 부평구 부일로 12,126.7315007,37.4902266
인천광역시 중구 자연대로 47,126.5589858,37.4887527
인천광역시 중구 자연대로 47,126.5589858,37.4887527
경기도 안양시 동안구 시민대로159번길 25,126.9474862,37.3906015
경기도 성남시 중원구 광명로 360,127.1658426,37.4461915
경기도 광주시 경안안길 81,127.2578335,37.4099419
경기도 시흥시 신천5길 22,126.779945,37.4379452
경기도 용인시 기흥구 동백7로 73,127.1595837,37.2820156
서울특별시 용산구 한강대로 95,126.9670038,37.5292202
서울특별시 노원구 월계로45가길 89,127.0501715,37.6317719
서울특별시 동대문구 답십리로66길 75,127.0670262,37.5694825
경기도 평택시 청북읍 안청로2길 33-36,126.9161895,37.0182606
서울특별시 도봉구 도봉로113길 12,127.0334745,37.6481882
서울특별시 노원구 공릉로46길 6,127.0796199,37.6269324
경기도 파주시 송학1길 65-1,126.7621792,37.7123186
강원 원주시 예술관길 13,127.9431695,37.3336183
경기도 구리시 건원대로34번길 9,127.140851,37.6043816
서울특별시 강북구 삼양로 227,127.0185443,37.623665
서울특별시 마포구 양화로6길 86,126.9188716,37.5482427
서울특별시 마포구 양화로6길 86,126.9188716,37.5482427
서울특별시 금천구 시흥대로26길 16,126.9048241,37.4416192
서울특별시 도봉구 도봉로109길 19,127.0322125,37.6467632
인천광역시 남동구 호구포로 790,126.7192814,37.4528732
"경기 여주시 가남읍 태평로 56,",127.5443377,37.2045805
경기도 수원시 팔달구 일월로22번길 11,126.9804456,37.2857714
서울특별시 송파구 가락로 152,127.1126784,37.5027783
강원 홍천군 남면 양덕원로 89-2,127.7678398,37.6173453
경기도 안양시 동안구 평촌대로 123,126.9596634,37.3830052
서울특별시 강북구 도봉로 143,127.0276684,37.6215511
서울특별시 강북구 도봉로 143,127.0276684,37.6215511
경기도 김포시 풍무로 69,126.7212079,37.6016707
경기도 광주시 경안로41번길 6,127.2563695,37.4083468
"강원 춘천시 중앙로 50,",127.7283188,37.880852
"강원 춘천시 중앙로 50,",127.7283188,37.880852
경기도 성남시 중원구 금상로 80,127.1641867,37.4416384
경기도 안양시 동안구 귀인로 101-1,126.9509328,37.3823334
경기도 김포시 대곶면 율생로 82,126.5827385,37.6508329
경기도 시흥시 황고개로 531,126.788592,37.3781597
경기도 여주시 세종로 30-1,127.6360882,37.295343
경기도 고양시 덕양구 호국로790번길 101,126.8410731,37.6546
경기도 고양시 덕양구 호국로790번길 101,126.8410731,37.6546
강원특별자치도 원주시 봉화로 66,127.9291154,37.3502452
경기도 김포시 하성면 하성로 489,126.6356347,37.7183552
경기도 안성시 공도읍 공도4로 3,127.1721076,37.000479
경기도 김포시 양촌읍 양곡로 512,126.6262842,37.6552945
경기 평택시 팽성읍 동서촌로 77,127.0606339,36.9647214
강원특별자치도 춘천시 춘천로 297,127.7459146,37.8813598
경기도 구리시 이문안로 95,127.1422155,37.5920653
경기도 안산시 단원구 원초로 30,126.8017019,37.3283929
강원 삼척시 진주로 18,129.1642798,37.4423372
서울특별시 구로구 구로동로22길 1,126.8845851,37.4895276
서울특별시 강동구 양재대로116길 8,126.977904,37.558941
강원 춘천시 공지로 116,127.747908,37.8568202
인천광역시 남동구 염전로 407,126.6855234,37.469586
경기도 수원시 권선구 하탑로 38,126.975771,37.2687187
인천광역시 부평구 길주남로 38,126.7256622,37.504418
서울특별시 광진구 군자로 85-1,127.070947,37.5509248
인천광역시 중구 축항대로86번길 28,126.6054071,37.4544315
인천광역시 남동구 용천로87번길 23,126.713596,37.4568571
경기도 안양시 동안구 흥안대로 509,126.9764128,37.3993525
경기도 평택시 중앙로 159,127.1006915,36.9923448
경기도남양주시화도읍마석중앙로661,127.3076837,37.6522876
인천광역시 미추홀구 독정이로 16,126.6546644,37.4574623
강원특별자치도 춘천시 동내면 춘천순환로 75,127.752013,37.8560631
경기도 남양주시 진건읍 진건오남로 83,127.1780509,37.6582404
경기파주시문산읍문산로461,126.7821429,37.8574235
서울특별시 송파구 올림픽로43길 88,127.1096728,37.5263452
인천광역시 서구 청라커낼로 252,126.6467831,37.5309675
경기도화성시향남읍3.1만세로1108,126.8747599,37.1109049
인천광역시 남구 독정이로 15-3,126.6543966,37.45727
경기도 광주시 오포읍 능평로 177,127.1750417,37.3462637
서울특별시 마포구 망원로3길 47,126.9003973,37.5586322
경기도 평택시 신촌2로 21,127.1045314,37.026049
경기도 의정부시 평화로552번길 35,127.0492265,37.7413828
서울특별시 구로구 경인로53길 15,126.8749084,37.5014017
경기도 부천시 원미로 123-5,126.7908918,37.4935705
경기도 평택시 평택로32번길 2,127.0883322,36.9906285
서울특별시 구로구 구로동로 116,126.8846746,37.4888347
경기도 시흥시 솔고개길 3-4,126.8609715,37.3823571
강원 강릉시 임영로 154,128.892198,37.7549325
서울특별시 마포구 백범로 113-1,126.9440107,37.5471097
경기도 수원시 권선구 장다리로 20,127.0184323,37.25241
경기도 용인시 기흥구 한보라1로 5,127.1098738,37.2543492
인천광역시 서구 승학로 508,126.6761596,37.5651877
서울특별시 영등포구 디지털로37길 2,126.8990781,37.4890058
경기도 광명시 양지로 11,126.8814303,37.4189459
경기도 고양시 일산서구 원일로73번길 6,126.7707156,37.6864501
경기도 화성시 동탄대로4길 39,127.1102507,37.1618182
인천광역시 서구 고래울로 25,126.6852707,37.4872343
서울특별시 강서구 화곡로 203,126.8430738,37.5437761
서울특별시 구로구 구로동로 107-1,126.8844224,37.4883007
경기도 남양주시 다산순환로 350,127.1553677,37.6256248
경기도평택시현촌3길21,127.1298933,37.0007988
서울특별시 구로구 고척로 127,126.8481693,37.5023513
인천광역시 미추홀구 한나루로 461,126.6675341,37.4481383
서울특별시 중랑구 사가정로 385-1,127.0875908,37.5809423
경기도 화성시 수노을중앙로 255,126.8251006,37.276402
경기도 광명시 양지로 19,126.8826267,37.4190203
경기도여주시가남읍태평로22,127.5469838,37.2029235
경기도 남양주시 미금로 235,127.1643868,37.6113174
경기도 화성시 우정읍 조암남로 13,126.8172992,37.0827361
인천광역시 서구 서달로49번길 10-1,126.6771094,37.5031183
경기도 오산시 오산로 53,127.0683637,37.1318319
경기도 안산시 상록구 본오로 56,126.8665158,37.2899884
경기도 고양시 일산서구 중앙로 1567,126.7474726,37.6757269
인천광역시 남동구 석정로 501,126.6912265,37.4660182
서울특별시 영등포구 디지털로53길 15,126.90028,37.4918643
경기도 용인시 수지구 달맞이로 63,127.1179503,37.3263615
경기도포천시일동면화동로10452,127.3052813,37.9009472
서울특별시 중랑구 면목로74길 7,127.0879992,37.589226
서울특별시 은평구 응암로 223,126.9174014,37.5919743
서울특별시 동대문구 서울시립대로12길 14,127.0505778,37.5784338
강원 평창군 진부면 진부중앙로 56,128.5581657,37.6364553
경기도 포천시 구절초로 20,127.2026672,37.8960712
경기도 의정부시 시민로 지하100,127.0483204,37.7368253
경기도 시흥시 신천3길 30,126.7829145,37.4387867
서울특별시 은평구 은평터널로 62,126.9005599,37.5860701
인천광역시계양구안남로577,126.7100127,37.5344503
강원특별자치도 춘천시 벌말길 112,127.739672,37.8624067
서울특별시 관악구 난곡로 231,126.9166268,37.4749676
서울특별시 강동구 구천면로 277,127.1327866,37.5448896
서울특별시노원구섬밭로263,127.0638332,37.6391343
경기도 평택시 세교6로 12-34,127.0914023,37.0111257
서울특별시 도봉구 해등로 255,127.0281189,37.6574157
서울특별시도봉구도봉로109길69,127.0295408,37.647435
경기도 수원시 영통구 중부대로448번길 100,127.0591037,37.2668602
경기도 안양시 만안구 만안로 지하 231,126.9213886,37.3976649
인천광역시 남구 아암대로29번길 53-4,126.6396017,37.4572538
경기도 고양시 덕양구 고양대로1384번길 20,126.8371402,37.6531738
경기도여주시점동면청안로136,127.662529,37.2063188
인천광역시 연수구 해돋이로 107,126.6477067,37.3912474
서울특별시 노원구 한글비석로 359,127.0747412,37.6576735
인천광역시 서구 가정로 294,126.6728762,37.5109728
경기도 평택시 평택1로 2,127.0868643,36.9921942
경기도 부천시 소사로 296,126.7943644,37.4843614
경기도 수원시 권선구 금곡로73번길 71,126.93439,37.2753097
인천광역시 미추홀구 매소홀로 366,126.6626517,37.4405326
인천광역시 강화군 강화읍 강화대로 404,126.4863918,37.7463644
경기도 부천시 소사구 성주로 219,126.7807024,37.4783014
강원 평창군 평창읍 백오로 91,128.3949941,37.3678363
경기도 화성시 향남읍 상신하길로298번길 7-1,126.9102661,37.1150211
서울특별시강북구도봉로41,127.0299023,37.6126582
경기도고양시덕양구푸른마을로6,126.9028764,37.7088645
경기도 이천시 마장면 오천로 28,127.351453,37.2540896
서울특별시구로구디지털로27길63,126.8904909,37.4839607
서울특별시 구로구 개봉로17길 25,126.8543293,37.4914997
경기도 남양주시 오남읍 진건오남로 653,127.2140596,37.6913826
서울특별시동대문구답십리로66길136,127.0646882,37.5672564
강원특별자치도강릉시가작로315,128.9096719,37.7714136
서울특별시 광진구 광나루로56길 85,127.0957117,37.5357272
서울특별시중랑구면목로357,127.0881311,37.5839829
경기도 부천시 원미구 장말로216번길 3,126.766226,37.4923424
경기도 안양시 만안구 안양로 512,126.9085217,37.4150003
서울특별시도봉구도당로13길49,127.0340752,37.666547
경기도남양주시진접읍장현로103,127.1832078,37.719222
서울특별시도봉구마들로684,127.0466341,37.6709831
서울특별시 금천구 두산로 71,126.8956737,37.4706198
경기도 남양주시 별내면 청학로중앙길 37,127.1154749,37.7091193
경기도 남양주시 화도읍 수레로 1169,127.3031032,37.6415922
서울특별시광진구군자로1051,127.0729947,37.550986
강원 평창군 대관령면 눈마을길 39,128.7095213,37.6714226
서울특별시 중랑구 상봉로 49,127.0933765,37.5902586
서울특별시 구로구 개봉로20길 60,126.8577041,37.4933975
서울특별시마포구독막로146,126.9297705,37.5473869
경기도 부천시 원미구 부일로 740,126.8119233,37.4858368
서울특별시 구로구 구로동로 128,126.8843958,37.4900935
서울특별시 중랑구 용마산로 423,127.0964904,37.5893183
경기도 부천시 소사구 소삼로 9,126.7939885,37.4789063
인천광역시 연수구 센트럴로 313,126.6315161,37.4016302
경기도 시흥시 배곧4로 30,126.7275108,37.377338
강원 동해시 한섬로 10,129.104924,37.5195678
경기도 성남시 수정구 수정로 287,127.1464472,37.450342
인천광역시 계양구 경명대로1045번길 15,126.7228214,37.5450144
경기도양주시옥정동로4길11,127.0996123,37.8145983
인천광역시 서구 가정로 107,126.6713409,37.4942146
서울특별시 강동구 올림픽로100길 6,127.1288757,37.5522765
인천광역시 서구 건지로284번길 39,126.6737258,37.4955568
서울특별시 영등포구 영중로 139,126.9055315,37.5287386
서울특별시 동대문구 홍릉로 71,127.0428665,37.5865079
경기도 고양시 일산동구 장백로 60,126.7862705,37.6433089
인천광역시 서구 고산후로95번길 24,126.6964053,37.5926866
서울특별시 송파구 마천로 68,127.1279012,37.5076762
서울특별시 관악구 신림로 208,126.9373944,37.475832
,,
경기도 화성시 남양읍 남양시장로 80,126.8181386,37.2095903
서울특별시 송파구 석촌호수로 61,127.086206,37.510776
경기도 의정부시 신촌로29번길 24,127.0379769,37.7514549
서울특별시 은평구 은평터널로 193,126.9087854,37.5957784
인천광역시 미추홀구 인주대로251번길 92,126.6688194,37.4546853
서울특별시동대문구이문로19,127.0550654,37.5897328
서울특별시 중랑구 양원역로 20,127.1081924,37.6021661
서울특별시종로구종로258,127.0064829,37.5706283
서울특별시 중랑구 망우로 464,127.1036858,37.6002127
강원태백시연지로13,128.9888688,37.1752339
경기도 수원시 권선구 금호로 59,126.9578497,37.2699499
경기도 의정부시 시민로 지하 100,127.0483204,37.7368253
서울특별시 노원구 공릉로 217,127.0771288,37.62867
경기도 화성시 향남읍 삼천병마로 225-8,126.9102749,37.1332414
서울특별시강북구솔매로119,127.0252621,37.6262526
인천광역시 남동구 장승남로 46,126.7372553,37.4432454
서울특별시 영등포구 도신로 229-2,126.9166985,37.5122804
경기도 평택시 평택로64번길 46,127.0870377,36.9946106
경기도 안성시 남파로 89,127.2601823,37.0165331
서울특별시 도봉구 방학로 160,127.0342839,37.6626923
경기도 평택시 통복시장로47번길 31,127.084294,36.9985634
경기도 동두천시 행선로 97,127.0621003,37.8969993
서울특별시 동대문구 휘경로 33,127.0636159,37.595036
인천광역시 서구 가정로 300,126.6727862,37.5115845
경기도 화성시 봉담읍 동화서북안2길 9,126.9703805,37.2190943
경기도 광주시 중앙로 91,127.2589826,37.4079668
서울특별시 강동구 진황도로 22,127.129832,37.5391372
경기오산시부산중앙로256,127.0912345,37.1505092
서울특별시 강동구 구천면로 326,127.135859,37.5483181
서울특별시 서초구 사평대로45길 10-25,127.0139482,37.5066358
경기도 광주시 포돌이로 4,127.2507204,37.4152585
경기도 성남시 중원구 성남대로 1155,127.1286777,37.4330201
서울특별시 마포구 월드컵로 111,126.9078735,37.558206
서울특별시 성북구 지봉로24길 70-19,127.0196953,37.5817225
경기도 안산시 상록구 항가울로 17-1,126.847103,37.2835746
인천광역시 부평구 일신로14번길 23,126.7441097,37.4827476
인천광역시 미추홀구 소성로 147,126.6651434,37.4427593
경기도 안산시 단원구 화랑로 98,126.799684,37.3268587
경기도 성남시 중원구 자혜로 82,127.1684531,37.4513099
경기도동두천시큰시장로42,127.0530612,37.9005399
경기도 화성시 봉담읍 상리3길 43-18,126.9424215,37.2283093
경기도 파주시 조리읍 능안로 35,126.8028994,37.7416432
경기도 남양주시 다산중앙로 132,127.1533304,37.625466
서울특별시성북구동소문로23길26,127.0169233,37.5944941
서울특별시 송파구 백제고분로32길 5,127.0952723,37.5018443
서울특별시 구로구 새말로 97,126.8902727,37.5071154
강원 춘천시 후석로 304,127.7514834,37.8784254
인천광역시 남동구 구월로 68,126.697736,37.4569898
서울특별시송파구마천로192,127.1399508,37.5024303
강원특별자치도 춘천시 우석로101번길 37,127.7559534,37.8672981
서울특별시 용산구 원효로19길 71,126.9556738,37.5336257
경기도남양주시진접읍해밀예당3로87,127.1980006,37.7117008
강원특별자치도 원주시 오성마을길 63-30,127.9472434,37.3174633
인천광역시 중구 연안부두로33번길 36,126.6057507,37.4535795
경기도 화성시 동탄대로411번길 15,127.0970909,37.1900403
경기도성남시중원구박석로89,127.1645715,37.4405688
강원 강릉시 범일로 637,128.8824676,37.7440043
서울특별시 용산구 청파로 74,126.9600293,37.5328532
강원특별자치도 원주시 중앙시장길 11,127.9488794,37.350778
경기도 안산시 상록구 부곡로 60,126.8605789,37.3276771
"경기 의정부시 평화로 219,",127.0473988,37.7113461
,,
강원특별자치도 춘천시 안마산로 214,127.736673,37.849236
서울특별시 구로구 새말로 97,126.8902727,37.5071154
서울특별시 용산구 효창원로 145,126.9618496,37.5411138
서울특별시 영등포구 경인로 846,126.9080384,37.5158679
"경기 평택시 포승읍 서동대로 1241,",126.8907341,36.9867117
경기도 오산시 성호대로 65,127.0686581,37.1491264
서울특별시 노원구 공릉로 173,127.079697,37.6252751
서울특별시 서초구 사임당로8길 4,127.0152283,37.4884002
경기도 의정부시 능곡로 16-7,127.0599254,37.7396305
인천광역시 부평구 충선로 176-5,126.7367567,37.5051228
서울특별시광진구구의로4길2,127.0896852,37.540024
서울특별시관악구관악로1,126.9529385,37.4645815
서울특별시 종로구 종로41길 36,127.0066224,37.5729091
서울특별시 강남구 봉은사로30길 24,127.0353335,37.5059834
경기도 시흥시 함송로14번길 13-17,126.7299746,37.3624612
경기도 성남시 분당구 성남대로916번길 5,127.1298641,37.4115473
서울특별시 강서구 강서로39길 30,126.8359936,37.5442741
경기도 양주시 고읍남로191번길 84,127.0797958,37.7915415
서울특별시 서대문구 명물길 36,126.9386465,37.5582975
인천광역시 중구 우현로 55,126.6285708,37.4720743
경기도부천시오정구삼작로311,126.796264,37.5202869
"강원 원주시 늘품로 11,",127.949362,37.3212759
경기도 하남시 위례대로 220,127.1489871,37.4815371
경기도 부천시 소사동로 170,126.8122256,37.4774602
서울특별시 종로구 숭인동길 35,127.0218114,37.5766131
서울특별시 종로구 숭인동길 46,127.0222133,37.5770399
경기도 성남시 분당구 돌마로 361,127.1229645,37.3706237
경기도 동두천시 큰시장로 22,127.0554234,37.9007661
서울특별시 서대문구 신촌로 239,126.9525799,37.5574398
서울특별시 중랑구 면목로74길 40,127.0897642,37.5893477
경기도 고양시 일산서구 중앙로 1388,126.7652969,37.6686257
경기도 군포시 군포로 542,126.9468427,37.3542469
서울특별시 강남구 압구정로 334,127.0380572,37.5281804
서울특별시 강동구 아리수로93길 27,127.1737841,37.5655564
서울특별시 중랑구 상봉중앙로1길 12,127.0874429,37.5995476
서울특별시 강북구 한천로105길 7,127.0471613,37.6261792
경기도 의정부시 백석로52번길 41,127.0442304,37.7284398
서울특별시 강북구 삼양로 469,127.015499,37.644985
경기도 하남시 신장로 169,127.2004609,37.5404475
경기도 남양주시 미금로 38,127.1523031,37.6081857
서울특별시 도봉구 해등로 190,127.0356898,37.6582708
서울특별시 노원구 석계로 49,127.0623699,37.6194261
경기도 파주시 파주읍 파발로 5,126.8179566,37.8328043
경기도 수원시 장안구 수성로 253,127.0001504,37.2897781
강원 춘천시 백령로 215,127.7471673,37.877371
경기도 시흥시 군자로 507,126.7852689,37.3447687
경기도 화성시 효행구 봉담읍 삼봉안3길 6-5,126.9246748,37.2250227
경기도 수원시 영통구 중부대로 268,127.03185,37.258776
경기도 평택시 특구로27번길 73,127.059213,37.0682132
경기도 수원시 영통구 광교호수공원로 20,127.0600739,37.2713463
경기도 이천시 어재연로 3,127.4424637,37.2779369
경기도 안양시 만안구 경수대로 1207,126.913764,37.4165173
경기도 시흥시 군자로481번길 2,126.7841612,37.3469739
인천광역시 계양구 장제로 998,126.7455527,37.5546197
인천광역시 강화군 강화읍 강화대로 416,126.4855533,37.7468672
강원 양양군 양양읍 양양로 48-1,128.6236319,38.0760934
강원 속초시 동해대로 4236,128.5774895,38.1972219
인천광역시 미추홀구 경인로 436,126.6885342,37.4577169
인천광역시 계양구 효서로 281,126.7273509,37.5281872
경기도 수원시 팔달구 동말로67번길 13,127.0014145,37.2794624
경기도 시흥시 한우물로 30,126.7843366,37.3451916
인천광역시 남동구 인주대로 539,126.6966605,37.4505806
서울특별시 금천구 시흥대로63길 27,126.8981636,37.4550189
서울특별시 은평구 수색로22가길 9-1,126.8904589,37.5861648
경기도 평택시 평택2로 29-2,127.0893502,36.9938083
서울특별시 용산구 한강대로 109,126.9681697,37.5300053
경기도 부천시 경인로 253,126.7837078,37.4833061
인천광역시 계양구 병방로 7,126.7415233,37.5472425
경기도안산시상록구예술광장로1,126.8442412,37.3283656
서울특별시강북구오현로32길28,127.0406804,37.6280189
서울특별시중구마른내로46,126.99312,37.56428
경기도의정부시시민로지하100,127.033907,37.7380596
경기도고양시일산동구장항로283,126.768254,37.6426356
인천광역시남동구방축로503,126.6951003,37.4675207
경기도의정부시용민로397,127.1124604,37.7554992
경기도고양시일산서구원일로128,126.7761834,37.6848762
경기도광주시퇴촌면광동로42,127.3073643,37.4703262
경기양평군양평읍양근로198,127.4911058,37.4891918
경기양평군양평읍시민로13,127.4931379,37.4896871
인천광역시 서구 고래울로 44,126.6865817,37.4859785
,,
강원양양군양양읍남문5길4,128.6222103,38.0751188
강원 평창군 봉평면 기풍5길 18,128.3766284,37.6162068
경기도 평택시 고덕갈평5길 32,127.0474052,37.0565577
서울특별시 은평구 갈현로 182,126.9120743,37.6140996
서울특별시 성동구 독서당로 223,127.0183197,37.5424707
경기도 파주시 문산읍 문산로 46,126.7843249,37.85741
경기도 의정부시 평화로244번길 25,127.0481386,37.7138028
서울특별시 강서구 금낭화로 80,126.8116896,37.5726035
경기도 안양시 만안구 성결대학로 16-3,126.932188,37.3831658
경기도 안산시 상록구 장화3길 44,126.8531943,37.2842014
경기도 화성시 동탄순환대로12길 85,127.1305743,37.1666367
경기도 군포시 고산로 695,126.9352791,37.3721917
서울특별시 강서구 곰달래로49길 18,126.8578883,37.5325222
서울특별시 양천구 목동서로 57,126.8798667,37.5366523
인천광역시 부평구 마장로 412,126.7043192,37.514962
경기도 파주시 조리읍 대원로 24,126.8189943,37.7269661
경기도 양주시 고읍남로191번길 86-21,127.0792754,37.7923033
경기도 고양시 일산서구 고양대로 666,126.7698298,37.6837919
서울특별시 성동구 성덕정길 78,127.0520885,37.5378359
경기도 광주시 태봉로 23,127.2305664,37.3909892
경기도 남양주시 오남읍 양지로281번길 8-1,127.1922466,37.6995067
경기도고양시일산동구중앙로1080,126.7852354,37.6456408
경기도 양평군 용문면 용문로 366,127.5944186,37.4848339
서울특별시양천구오목로71,126.8455883,37.523068
경기도광주시중앙로145,127.2569611,37.4124865
경기도안성시일죽면주래본죽로34,127.4782508,37.0935773
경기도 양주시 삼숭로38번길 71,127.1051203,37.7967462
강원원주시문막읍원문로1621,127.9343247,37.35661
강원춘천시후석로186번길10,127.7530998,37.8675174
,,
경기도 시흥시 도일로 121,126.7837101,37.3413557
경기도 광명시 시청로138번안길 2-10,126.8687245,37.4869981
경기도 고양시 덕양구 지도로 78,126.824588,37.6241358
경기도 의정부시 시민로 80,127.044085,37.7379804
서울특별시 영등포구 디지털로 349,126.8992252,37.4889982
서울특별시 동작구 장승배기로 142,126.9404027,37.5101798
인천광역시 남동구 인하로 613,126.715029,37.443123
경기도 시흥시 능곡로 178,126.8113999,37.3681372
인천광역시 미추홀구 인주대로266번길 1,126.6659981,37.452536
서울특별시송파구백제고분로42길13,127.1101583,37.5054625
경기도성남시중원구산성대로372번길10,127.1579391,37.4445045
경기도성남시수정구수정남로18,127.1299593,37.4394451
경기도수원시권선구세권로195번길204,127.0265474,37.2559912
서울특별시 구로구 구로동로28길 124,126.8904556,37.4924662
서울특별시 은평구 갈현로 87,126.9103732,37.6057044
인천광역시 옹진군 백령면 백령로278번길 11,124.7176257,37.9718889
서울특별시 강서구 공항대로41길 66,126.8465935,37.5606327
서울특별시 강북구 도봉로13가길 3,127.0293663,37.6146812
경기도 고양시 일산서구 현중로 8,126.7688058,37.6915569
경기도화성시우정읍조암남로251,126.8187253,37.0836064
경기도 성남시 중원구 산성대로 512-1,127.1634769,37.4566722
경기도용인시처인구포곡읍포곡로83,127.2107591,37.2646703
경기도용인시수지구정든로6번길2,127.1129199,37.3271529
경기도성남시수정구수정로354,127.1501108,37.4551891
강원특별자치도동해시발한로151,129.1037037,37.5457723
서울특별시 강서구 방화동로 95,126.8126067,37.5690267
경기도 성남시 중원구 제일로35번길 43,127.1323078,37.4317853
인천광역시 남동구 호구포로 763,126.7185196,37.4504863
"서울 마포구 양화로12길 19,",126.9182172,37.5520211
서울특별시광진구용마산로54,127.0879783,37.5584552
서울특별시 노원구 동일로 1345,127.0618431,37.6487145
경기도 부천시 부천로 지하 1-1,126.7828468,37.484802
인천광역시 연수구 함박로 49-1,126.6827875,37.4257656
인천광역시 남동구 예술로 198,126.7019626,37.4517923
인천광역시 중구 참외전로 지하123,126.6314308,37.4758016
서울특별시 영등포구 디지털로 350,126.8995445,37.4888119
서울특별시강남구역삼로214,127.0406933,37.4963678
경기도 의왕시 부곡시장길 23,126.9514598,37.3192994
인천광역시 부평구 경인로 1071,126.7391231,37.4868032
경기도 부천시 상오정로19번길 51,126.783101,37.481534
경기도용인시수지구만현로120,127.171597,37.241934
경기도 이천시 이섭대천로1283번길 2,127.523803,37.423192
"경기 평택시 고덕여염9길 42,",127.0519853,37.0408608
경기도 부천시 부일로445번길 32,126.790597,37.49409
서울특별시 구로구 구로동로 216,126.8826746,37.4978442
서울특별시 도봉구 시루봉로 208,126.986437,37.568458
경기도 수원시 장안구 수성로 331,127.02252,37.25537
인천광역시 부평구 경원대로1240번길 6,126.7088573,37.4872512
경기도 부천시 오정구 소사로775번길 37,126.779207,37.476205
경기도 시흥시 매화2로 24,126.8122532,37.4170998
경기도연천군전곡읍은전로78번길40,127.513727,37.411574
경기도가평군조종면현창로38번길19,127.515435,37.420375
경기도 안산시 상록구 원당골길 11,127.519154,37.409419
경기도 평택시 이충로35번길 24,127.524344,37.406618
서울특별시 성동구 마장로 310,126.987738,37.557991
경기도 시흥시 군자로477번길 10,127.512274,37.419245
경기도 용인시 처인구 이동읍 백옥대로 638,127.184209,37.23111
경기도 포천시 중앙로 194,127.52288,37.417937
경기도 광주시 중앙로145번길 16,127.509781,37.419225
경기도 안산시 상록구 장화2길 33,127.510617,37.410969
경기도가평군조종면현창로25,127.520766,37.421062
경기도 용인시 기흥구 마북로 35,127.169171,37.237618
경기도 화성시 향남읍 3.1만세로 1101-1,127.514804,37.41002
인천광역시 미추홀구 낙섬중로 51-1,126.707951,37.460892
서울특별시 강동구 동남로81길 26,127.1552784,37.5603886
경기도 수원시 장안구 경수대로 965,127.0049948,37.3038667
경기도 고양시 덕양구 지도로 33,126.8243233,37.6200876
경기도 수원시 영통구 도청로 95,127.0478219,37.2907118
경기도 화성시 수노을중앙로 160,126.8190452,37.2829195
서울특별시 강서구 곰달래로25길 57,126.848273,37.5331407
경기도 평택시 고덕갈평6길 29,127.0474408,37.0573059
경기도 의정부시 오목로205번길 1,127.0980893,37.744614
서울특별시 구로구 고척로 132,126.8486688,37.5022301
경기도 김포시 김포한강4로 125,126.6670443,37.6447069
경기도 평택시 비전2로 196,127.1123763,37.0009124
서울특별시 마포구 망원로7길 36,126.9050875,37.5590993
서울특별시 마포구 양화로 45,126.9140812,37.5508208
경기도 수원시 장안구 이목로 24-9,126.9848654,37.3093365
경기도 평택시 서정역로 29,127.517744,37.421544
경기도 고양시 일산서구 일현로 95,126.7646804,37.6955502
강원 속초시 동해대로 4024,128.5945461,38.1901994
강원 원주시 흥양로51번길 5,127.952843,37.3841836
서울특별시 성동구 왕십리광장로 17,127.0384274,37.5592604
경기도 평택시 중앙로 309,127.1170064,36.9910976
경기도 고양시 덕양구 통일로768번길 9,126.8652108,37.6881632
경기도 평택시 송탄로 412,127.0580291,37.0802878
인천광역시 서구 염곡로 341-6,126.6684921,37.5151762
경기도 남양주시 와부읍 덕소로97번길 53,127.2174147,37.5877942
경기도 군포시 금산로 90,126.9374329,37.3699764
서울특별시 송파구 중대로 105,127.120036,37.4935795
서울특별시 중랑구 동일로 803,127.079008,37.6021492
서울특별시 강동구 양재대로 1476,127.1401705,37.537501
경기도 화성시 메타폴리스로 47-7,127.0722764,37.2021576
"강원 고성군 간성읍 간성로 52,",128.4693913,38.3794535
경기도 평택시 평남로 1035,127.0964783,37.0094793
서울특별시 동대문구 사가정로25길 50,127.0710492,37.5809844
인천광역시 강화군 길상면 온수길52번길 3,126.709465,37.448692
경기도 수원시 팔달구 동말로 79,127.002876,37.2789431
서울특별시 용산구 새창로 181,126.9651792,37.5327183
경기도 시흥시 중심상가로 180,126.7352162,37.3447487
경기도 안산시 상록구 매화로 39,126.8637587,37.3053342
인천광역시 남동구 장도로 85-24,126.7388902,37.3983371
경기도 구리시 이문안로 81,127.140355,37.5923671
서울특별시 강남구 강남대로120길 48,127.0272117,37.5078
서울특별시 성북구 동소문로 186,127.0220108,37.598582
서울특별시 영등포구 영등포로 191,126.9028802,37.5205055
경기도 의정부시 평화로 375,127.0479444,37.7254334
경기도 구리시 이문안로 71,127.1395274,37.5924512
서울특별시 성북구 안암로 145,127.0262877,37.5884357
서울특별시 동작구 상도로22길 14,126.936619,37.5026221
서울특별시 강북구 노해로11길 27,127.0210415,37.6388321
인천광역시 남동구 용천로 150,126.714599,37.462968
경기도 수원시 장안구 월드컵로428번길 16,127.0262473,37.2941767
강원특별자치도 강릉시 입암로 157,128.9183699,37.7597411
강원 강릉시 토성로 139,128.892025,37.7546995
서울특별시 도봉구 덕릉로 242,127.0388826,37.639177
서울특별시 은평구 은평로 231,126.9333822,37.6012382
경기도 수원시 권선구 매곡로 58,126.9535708,37.2703627
서울특별시 마포구 독막로 96,126.9240537,37.5475242
경기도 양주시 평화로 1436,127.0465414,37.8188479
경기도 화성시 향남읍 향남로 418,126.921656,37.1322551
경기도 광명시 광명로865번안길 9-1,126.8507942,37.4779318
경기도 안산시 상록구 샘골로 48,126.864096,37.2881541
경기도 평택시 평택로 75,127.0849164,36.9935039
경기도 용인시 기흥구 기흥역로 16,127.114837,37.2733454
경기도 화성시 효행구 봉담읍 상리3길 160,127.519526,37.419016
경기도 안산시 단원구 달미로 63,126.8146807,37.3411385
서울특별시 금천구 독산로 285,126.9029751,37.4722737
경기도 구리시 체육관로 140,127.1371068,37.5971279
경기도 고양시 일산동구 무궁화로 20-11,126.7675401,37.6618376
경기도 화성시 동탄반송3길 30-18,127.0664054,37.2087165
경기도 광주시 오포읍 문형산길 59,127.1637384,37.3630436
경기도 안산시 상록구 각골로 71,126.8724726,37.2958933
경기도 성남시 중원구 둔촌대로 274,127.1488506,37.4287428
인천광역시 남구 석정로 300,126.6688,37.4678941
경기도 고양시 일산서구 일현로 54,126.763509,37.6916636
경기도 시흥시 능곡번영길 33,126.8068634,37.3694431
"경기 수원시 팔달구 효원로 269,",127.0312352,37.2622832
경기도 시흥시 삼미시장4길 18-1,126.7827723,37.4398936
서울특별시 강북구 삼양로 579,127.0127302,37.654693
경기도 양주시 옥정동로7다길 62,127.0928316,37.8201956
서울특별시 관악구 조원로 28,126.9055625,37.4832273
경기 남양주시 진접읍 장현천로 24,127.1842224,37.7187605
경기도 평택시 진위면 엘지로 55-61,127.0687966,37.1277262
경기도 의정부시 서광로 169,127.1106554,37.7308968
경기도 파주시 초롱꽃로 141,126.7200058,37.7126611
서울 양천구 남부순환로 354,126.8282224,37.5354122
"서울 강서구 양천로 488,",126.977876,37.571919
서울특별시 강동구 동남로81길 26,127.1552784,37.5603886
경기도 수원시 장안구 경수대로 965,127.0049948,37.3038667
경기도 고양시 덕양구 지도로 33,126.8243233,37.6200876
경기도 수원시 영통구 도청로 95,127.0478219,37.2907118
경기도 화성시 수노을중앙로 160,126.8190452,37.2829195
서울특별시 강서구 곰달래로25길 57,126.848273,37.5331407
경기도 평택시 고덕갈평6길 29,127.0474408,37.0573059
경기도 의정부시 오목로205번길 1,127.0980893,37.744614
서울특별시 구로구 고척로 132,126.8486688,37.5022301
경기도 김포시 김포한강4로 125,126.6670443,37.6447069
경기도 평택시 비전2로 196,127.1123763,37.0009124
서울특별시 마포구 망원로7길 36,126.9050875,37.5590993
서울특별시 마포구 양화로 45,126.9140812,37.5508208
경기도 수원시 장안구 이목로 24-9,126.9848654,37.3093365
경기도 평택시 서정역로 29,127.517744,37.421544
경기도 고양시 일산서구 일현로 95,126.7646804,37.6955502
강원 속초시 동해대로 4024,128.5945461,38.1901994
강원 원주시 흥양로51번길 5,127.952843,37.3841836
서울특별시 성동구 왕십리광장로 17,127.0384274,37.5592604
경기도 평택시 중앙로 309,127.1170064,36.9910976
경기도 고양시 덕양구 통일로768번길 9,126.8652108,37.6881632
경기도 평택시 송탄로 412,127.0580291,37.0802878
인천광역시 서구 염곡로 341-6,126.6684921,37.5151762
경기도 남양주시 와부읍 덕소로97번길 53,127.2174147,37.5877942
경기도 군포시 금산로 90,126.9374329,37.3699764
서울특별시 송파구 중대로 105,127.120036,37.4935795
서울특별시 중랑구 동일로 803,127.079008,37.6021492
서울특별시 강동구 양재대로 1476,127.1401705,37.537501
경기도 화성시 메타폴리스로 47-7,127.0722764,37.2021576
"강원 고성군 간성읍 간성로 52,",128.4693913,38.3794535
경기도 평택시 평남로 1035,127.0964783,37.0094793
서울특별시 동대문구 사가정로25길 50,127.0710492,37.5809844
인천광역시 강화군 길상면 온수길52번길 3,126.709465,37.448692
경기도 수원시 팔달구 동말로 79,127.002876,37.2789431
서울특별시 용산구 새창로 181,126.9651792,37.5327183
경기도 시흥시 중심상가로 180,126.7352162,37.3447487
경기도 안산시 상록구 매화로 39,126.8637587,37.3053342
인천광역시 남동구 장도로 85-24,126.7388902,37.3983371
경기도 구리시 이문안로 81,127.140355,37.5923671
서울특별시 강남구 강남대로120길 48,127.0272117,37.5078
서울특별시 성북구 동소문로 186,127.0220108,37.598582
서울특별시 영등포구 영등포로 191,126.9028802,37.5205055
경기도 의정부시 평화로 375,127.0479444,37.7254334
경기도 구리시 이문안로 71,127.1395274,37.5924512
서울특별시 성북구 안암로 145,127.0262877,37.5884357
서울특별시 동작구 상도로22길 14,126.936619,37.5026221
서울특별시 강북구 노해로11길 27,127.0210415,37.6388321
인천광역시 남동구 용천로 150,126.714599,37.462968
경기도 수원시 장안구 월드컵로428번길 16,127.0262473,37.2941767
강원특별자치도 강릉시 입암로 157,128.9183699,37.7597411
강원 강릉시 토성로 139,128.892025,37.7546995
서울특별시 도봉구 덕릉로 242,127.0388826,37.639177
서울특별시 은평구 은평로 231,126.9333822,37.6012382
경기도 수원시 권선구 매곡로 58,126.9535708,37.2703627
서울특별시 마포구 독막로 96,126.9240537,37.5475242
경기도 양주시 평화로 1436,127.0465414,37.8188479
경기도 화성시 향남읍 향남로 418,126.921656,37.1322551
경기도 광명시 광명로865번안길 9-1,126.8507942,37.4779318
경기도 안산시 상록구 샘골로 48,126.864096,37.2881541
경기도 평택시 평택로 75,127.0849164,36.9935039
경기도 용인시 기흥구 기흥역로 16,127.114837,37.2733454
경기도 화성시 효행구 봉담읍 상리3길 160,127.519526,37.419016
경기도 안산시 단원구 달미로 63,126.8146807,37.3411385
서울특별시 금천구 독산로 285,126.9029751,37.4722737
경기도 구리시 체육관로 140,127.1371068,37.5971279
강원 양구군 중앙길 30,127.9891337,38.1061556
강원 양구군 중앙길 30,127.9891337,38.1061556
강원 양구군 중앙길 30,127.9891337,38.1061556
경기도 고양시 일산동구 무궁화로 20-11,126.7675401,37.6618376
경기도 화성시 동탄반송3길 30-18,127.0664054,37.2087165
경기도 광주시 오포읍 문형산길 59,127.1637384,37.3630436
경기도 안산시 상록구 각골로 71,126.8724726,37.2958933
경기도 성남시 중원구 둔촌대로 274,127.1488506,37.4287428
인천광역시 남구 석정로 300,126.6688,37.4678941
경기도 남양주시 다산중앙로146번길 12-16,127.1549419,37.6252073
경기도 남양주시 다산중앙로146번길 12-16,127.1549419,37.6252073
경기도 남양주시 다산중앙로146번길 12-16,127.1549419,37.6252073
경기도 고양시 일산서구 일현로 54,126.763509,37.6916636
경기도 시흥시 능곡번영길 33,126.8068634,37.3694431
"경기 수원시 팔달구 효원로 269,",127.0312352,37.2622832
경기도 시흥시 삼미시장4길 18-1,126.7827723,37.4398936
서울특별시 강북구 삼양로 579,127.0127302,37.654693
경기도 양주시 옥정동로7다길 62,127.0928316,37.8201956
서울특별시 관악구 조원로 28,126.9055625,37.4832273
경기 남양주시 진접읍 장현천로 24,127.1842224,37.7187605
경기도 평택시 진위면 엘지로 55-61,127.0687966,37.1277262
경기도 의정부시 서광로 169,127.1106554,37.7308968
경기도 파주시 초롱꽃로 141,126.7200058,37.7126611
서울 양천구 남부순환로 354,126.8282224,37.5354122
"서울 강서구 양천로 488,",126.977876,37.571919
경기도 부천시 부천로90번길 12,126.7850703,37.4920331
경기도화성시향남읍행정중앙2로633,126.9212009,37.1294306
경기도 성남시 분당구 중앙공원로40번길 8,127.1301978,37.3797419
경기도고양시일산서구중앙로1376,126.7669167,37.6673182
경기도 의정부시 용민로 192,127.0936841,37.7457695
서울특별시 양천구 오목로 48,126.8428668,37.5220232
서울특별시 송파구 오금로36길 23,127.124568,37.5015695
인천광역시 연수구 먼우금로 189,126.6758657,37.4146416
서울특별시 광진구 자양로15길 6,127.0832044,37.5360723
경기도 광주시 중앙로 124-6,127.2581642,37.410773
경기도 하남시 감일백제로180번길 17,127.1548494,37.5091606
경기도 안양시 만안구 안양로532번길 39,126.9086644,37.4176236
경기도 의정부시 시민로 지하100,127.0483204,37.7368253
경기도 시흥시 거북섬남로 47,126.6873891,37.3225665
경기도 평택시 청북읍 안청로 340,126.9156717,37.018319
경기도파주시경의로1010,126.7598118,37.7073743
경기도 고양시 덕양구 권율대로 893,126.8898275,37.6636737
서울특별시 광진구 뚝섬로 644,127.0810097,37.5314328
경기도남양주시도농로37,127.156733,37.6090554
경기도 평택시 청북읍 안청로4길 42,126.9172342,37.0222441
서울특별시 구로구 새말로 97,126.8902727,37.5071154
서울특별시 구로구 중앙로10길 21,126.8631899,37.5037583
강원 속초시 중앙로147번길 2,128.591199,38.2040281
서울특별시 중랑구 면목로 354,127.0885199,37.5836706
서울특별시 광진구 면목로 113,127.0799223,37.5637539
경기도 평택시 장당길 45,127.0625369,37.0521366
경기도김포시사우중로87,126.720932,37.6224089
경기도 수원시 팔달구 화양로 38,126.996809,37.281523
경기도 고양시 일산동구 정발산로 24,126.7724198,37.6552661
서울특별시구로구구로중앙로31길26,126.884661,37.4988721
경기도 광명시 시청로 70,126.8680608,37.4815224
서울특별시 송파구 새말로 149,127.1300164,37.4842734
경기도안양시만안구안양천서로376,126.9200824,37.4060508
경기도 수원시 권선구 여기산로 18,126.9786766,37.27898
강원 원주시 늘품로 187-56,127.96444,37.3371409
서울특별시 중랑구 겸재로 93,127.0781708,37.5864735
경기도 평택시 청북면 안청로2길 33-33,126.916535,37.0176691
경기도 하남시 더우개로 6,127.2230533,37.5387602
경기도 수원시 팔달구 덕영대로 지하911,126.9984689,37.2694355
서울특별시 강동구 양재대로128길 26,127.1441171,37.5446479
경기도 안산시 상록구 석호로 312,126.8652595,37.2932833
인천광역시 미추홀구 인하로340번길 5-40,126.6872966,37.4476928
경기도군포시금재로2,126.9413799,37.3622537
경기도 고양시 덕양구 동송로 70,126.8966484,37.6523398
서울특별시 관악구 법원단지21길 1,126.9226308,37.4749234
경기도 평택시 세교4로 7,127.0852374,37.0051579
경기도 파주시 미래로 612,126.7513245,37.731963
경기도이천시영창로192,127.4439628,37.2810978
강원특별자치도춘천시지석로80,127.7437362,37.8505671
경기도 안양시 만안구 삼봉로 19,126.9048046,37.4010716
인천광역시 남동구 구월로 75-1,126.6988951,37.4572818
서울특별시 금천구 가산디지털1로 226,126.8800102,37.4854207
경기도 의정부시 시민로 지하 100,127.0483204,37.7368253
서울특별시 강북구 도봉로14길 7-10,127.0305524,37.6157992
서울특별시 구로구 새말로 97,126.8902727,37.5071154
강원속초시동해대로4236,128.5774895,38.1972219
경기도 부천시 소사구 성주로243번길 43,126.7792105,37.4803584
경기도 부천시 소사구 범안로 98,126.808733,37.4731271
인천광역시 부평구 마장로324번길 12,126.7040428,37.5067417
경기도 성남시 중원구 금상로 62-1,127.1630121,37.4405668
인천광역시 계양구 주부토로 480,126.7281859,37.5369811
서울특별시 구로구 개봉로17길 34,126.853883,37.4918468
경기도 양주시 옥정로 214,127.0921329,37.8206677
경기도 안양시 동안구 시민대로 161,126.9491922,37.3905446
인천광역시 서구 서로3로 50,126.7077142,37.5836927
서울특별시 강동구 상암로 42,127.1278886,37.5495751
인천광역시 서구 원적로47번길 6,126.6792911,37.4916187
인천광역시 부평구 길주로 623,126.7320394,37.5078565
경기도 부천시 경인로 517,126.8124811,37.4848873
경기도성남시분당구성남대로925번길16,127.1272932,37.4130962
경기도양주시백석읍호명로82,126.9915461,37.7862691
서울특별시 강서구 강서로18길 21,126.8468448,37.5340458
서울특별시 동대문구 한천로 127,127.0658908,37.5724739
서울특별시 강동구 구천면로 640,127.1690863,37.5502867
서울특별시 동대문구 전농로 15,126.976551,37.566955
경기도 부천시 부일로 516,126.7874576,37.4849575
인천광역시 남구 경원대로 지하848,126.6897839,37.4567036
서울특별시 영등포구 도림로31길 22,126.8951783,37.4942856
서울특별시 영등포구 도림로 136,126.8974247,37.4930181
강원특별자치도 속초시 중앙로147번길 35,128.589211,38.2038759
서울특별시 노원구 덕릉로 787,127.0787,37.6674807
서울특별시노원구한글비석로1길73,127.070168,37.6408694
서울특별시은평구통일로717,126.930283,37.6096798
경기도 부천시 중동로 406,126.7704038,37.5161641
서울특별시 은평구 불광로 60,126.9321723,37.6122018
경기도 동두천시 생골로 41,127.0627867,37.9002483
경기도 성남시 수정구 수정로 162,127.1380262,37.4425408
경기도 고양시 일산서구 원일로74번길 4,126.7700508,37.6861999
경기도수원시팔달구중부대로80,127.02531,37.275904
강원 원주시 우산로 41,127.9362905,37.3680641
서울특별시 강동구 구천면로 664,127.1717629,37.550792
서울특별시 광진구 뚝섬로 514,127.0673031,37.5354702
경기도 시흥시 정왕대로 78,126.7250618,37.3532537
서울특별시 광진구 능동로3길 5,127.0671485,37.5333425
경기도 화성시 떡전골로 60,127.0362056,37.2048522
인천광역시계양구아나지로247번길22,126.7201226,37.5274693
경기도 부천시 성오로89번가길 45,126.7994516,37.5239685
경기도 수원시 팔달구 덕영대로 지하911,126.9984689,37.2694355
서울특별시 구로구 구로동로 14,126.8872379,37.482975
강원도 강릉시 경강로 2374,128.920206,37.7705389
서울특별시노원구상계로1길74,127.0615381,37.6594433
인천광역시 부평구 배곶북로 22,126.6964232,37.473365
경기도 포천시 솔모루로 97,127.1480001,37.82996
경기도성남시수정구탄리로81,127.1354764,37.4431619
경기도평택시지산로29,127.0581174,37.0795135
서울특별시 구로구 경인로33길 75,126.8507545,37.5011872
강원원주시남원로535,127.946827,37.3320521
경기도 부천시 지봉로 108,126.8110963,37.4880811
경기도 용인시 기흥구 강남동로 17-1,127.1294195,37.2711107
경기도 동두천시 중앙로 126,127.0525354,37.8927691
경기도 광명시 오리로 995,126.8524962,37.4797504
"경기 수원시 팔달구 동말로 66,",127.0013797,37.2786872
서울특별시 관악구 남부순환로 1541-1,126.9218871,37.4834044
경기도 수원시 권선구 곡선로49번길 5-4,127.0299517,37.239295
서울특별시 영등포구 선유서로24길 6,126.8862302,37.5234132
경기도 안산시 상록구 샘골로 34,126.8640259,37.2868198
서울특별시 동대문구 신이문로 25,127.0649412,37.6031468
인천광역시 서구 검단로 784,126.6869566,37.6148818
인천광역시 남동구 용천로97번길 3,126.7145712,37.457994
경기도 화성시 병점동로70번길 3-3,127.0418646,37.2107823
서울특별시 동작구 노량진로16길 21,126.9439315,37.5126082
경기도 수원시 권선구 세지로 25,127.0154048,37.2546376
경기도 안양시 만안구 안양로 지하 301,126.9213886,37.3976649
"경기 군포시 번영로 505,",126.9332106,37.3588013
경기도 양주시 평화로 1420,127.0462948,37.8177106
인천광역시 남동구 만수로 55,126.7342,37.460927
경기도 안산시 단원구 다문화2길 27,126.7911643,37.3304302
인천광역시 동구 샛골로 165-2,126.6446881,37.4772789
경기도파주시순못길67,126.7153616,37.7287474
경기도 광주시 태봉로 51,127.2296745,37.3887577
경기도남양주시화도읍마석로29,127.3064946,37.6534159
경기도 김포시 양촌읍 양곡2로30번길 7-23,126.6278621,37.6551507
경기도 부천시 소사구 범안로 54,126.8076674,37.4768647
서울특별시 강서구 공항대로44길 46,126.8499056,37.5542857
경기도 광주시 광주대로 30,127.2612344,37.4098641
서울특별시 마포구 월드컵로25길 58,126.904278,37.5579565
인천광역시 서구 봉오재3로 66,126.6673376,37.5266692
경기도 동두천시 이담로 84,127.057662,37.8883864
경기도오산시오산로200,127.0687129,37.1446574
인천광역시미추홀구신기길401,126.6766801,37.4466733
강원원주시배울로25,127.9749976,37.3201036
경기도 양주시 화합로 1359,127.0624118,37.8437258
인천광역시 계양구 봉오대로 691,126.7256527,37.530917
인천광역시 서구 청라라임로106번길 27,126.6534212,37.5368009
경기도부천시소사로160번길52,126.7984451,37.4724282
서울특별시광진구면목로149,127.0815387,37.5667039
경기도 평택시 중앙로 80,127.0918674,36.9937465
서울특별시 강서구 곰달래로25길 77,126.8477829,37.534109
인천광역시 서구 중봉대로586번길 22,126.6514896,37.5309673
경기도 화성시 수노을1로 191,126.8225071,37.2843687
경기도 남양주시 별내중앙로 64,127.1233962,37.6479896
경기도 포천시 소흘읍 솔모루로 73,127.1462812,37.8282987
인천광역시 서구 원당대로 676,126.6763994,37.5932027
경기도 안산시 단원구 화랑로 130,126.8030887,37.3249018
경기도광주시경안로41번길11,127.2570666,37.4086756
경기도이천시중리천로76,127.4457189,37.2784478
경기도 남양주시 두물로11번길 42,127.1250664,37.6582377
경기도 안양시 동안구 호성로 32,126.9642945,37.3648353
경기도 광주시 퇴촌면 천진암로 534,127.3262229,37.4626139
경기도 부천시 안곡로 11,126.8036534,37.4790226
경기도 안양시 동안구 동편로 6,126.9714377,37.4055446
경기도 파주시 아동로 3,126.7752657,37.7640553
서울특별시 중랑구 봉화산로 194,127.0947203,37.6064515
경기도 수원시 팔달구 행궁로 80,127.01547,37.2756063
경기도 부천시 양지로 205,126.824007,37.4680361
강원강릉시금성로42,128.8962711,37.7529734
경기도 이천시 영창로 235,127.4492382,37.2814108
경기도 부천시 부천로 1,126.7825762,37.4840603
경기도 안산시 상록구 부곡로 63,126.8604363,37.3281533
강원특별자치도 원주시 배울로 21,127.9745689,37.3198603
경기 수원시 권선구 금곡로212번길 14,126.9536636,37.2734362
경기도화성시정남면만년로531,127.0032473,37.193415
경기도 성남시 중원구 광명로 89,127.1384732,37.4351012
경기도 남양주시 오남읍 진건오남로 553,127.2101893,37.6831934
,,
서울특별시 동대문구 한천로 86,127.0641671,37.5690994
서울특별시 강북구 솔샘로 217,127.0167666,37.6201632
서울특별시 노원구 상계로 301-1,127.0786632,37.6704628
서울특별시 광진구 동일로22길 71,127.0682122,37.5415144
인천광역시 서구 가정로 387,126.6713351,37.5213442
경기도이천시마장면오천로321,127.3554482,37.2508945
경기도 오산시 남부대로 342,127.073384,37.1354577
경기도 안산시 상록구 본원로 80,126.8672805,37.2916357
서울특별시 구로구 구로동로 12,126.8873526,37.482859
경기도 광명시 오리로 940,126.8586903,37.4783777
인천광역시 서구 원창로 244,126.6764862,37.5172754
강원철원군동송읍이평1로51,127.2133341,38.2057191
경기도 시흥시 군자로 332,126.7729833,37.3569593
경기도안산시단원구당곡2로23,126.8379414,37.3249339
강원 춘천시 춘천로 311,127.7471743,37.8819662
경기도 의정부시 시민로 지하 100,127.0483204,37.7368253
서울특별시 구로구 새말로 97,126.8902727,37.5071154
경기도 양주시 회천중앙로 221,127.051699,37.8178714
경기도 수원시 영통구 영통로 519,127.0774241,37.2650761
서울특별시 영등포구 디지털로 379,126.9015474,37.4910291
경기도오산시오산로2331,127.0678806,37.1446058
,,
,,
강원강릉시화부산로94,128.8883024,37.7641613
강원특별자치도속초시중앙로1222,128.5888963,38.2087427
경기도 안산시 상록구 본오로 91,126.8662413,37.2932477
서울특별시 중랑구 신내로14길 21,127.0974211,37.6060127
경기도 고양시 일산동구 애니골길43번길 60,126.7884689,37.673281
경기도 수원시 권선구 정조로 526,127.0114951,37.2562179
인천광역시 부평구 마장로 407,126.7038162,37.5146141
경기도성남시수정구수정로184,127.1403686,37.4432607
강원 횡성군 횡성읍 문정로 21,127.9860233,37.4898724
경기도 평택시 안중읍 안중로60번길 19,126.9267912,36.9859528
서울특별시 성동구 무학로10길 33,127.03446,37.5658597
경기도 의정부시 호국로 1115,127.0276345,37.7431348
경기도 수원시 권선구 매송고색로 731,126.9843726,37.2520056
강원 홍천군 홍천읍 신장대로 88,127.8859545,37.6907387
경기도 부천시 소사구 안곡로16번길 47,126.8048163,37.4762862
경기도 시흥시 은행로173번길 7,126.797611,37.4454517
서울특별시 강남구 봉은사로29길 21,127.0340309,37.508766
서울특별시 관악구 봉천로 212,126.9250769,37.4896327
서울특별시 중구 난계로 151,127.0233114,37.564912
서울특별시 중구 퇴계로56길 61,127.005544,37.5612136
서울특별시 송파구 충민로 66,127.1249941,37.4776495
서울특별시 강동구 천중로51길 118,127.1451083,37.5460427
서울특별시 서초구 효령로 304,127.0178205,37.4847365
서울특별시 송파구 백제고분로19길 14,127.0871237,37.5060075
경기도 고양시 덕양구 삼송로 210,126.8973386,37.6531842
서울특별시 노원구 동일로 1078,127.073082,37.6261154
경기도 성남시 수정구 산성대로 지하241-4,127.1442635,37.4396396
경기도 김포시 태장로 845,126.6770944,37.6351523
경기도 성남시 분당구 판교로 437,127.1224313,37.4057255
경기도 시흥시 수인로3312번길 16,126.789034,37.4405075
서울특별시 용산구 보광로 45,126.9989349,37.5281256
서울특별시 강동구 천중로40길 57,127.1381004,37.538432
서울특별시 중랑구 용마산로 412,127.0963905,37.5882183
서울특별시 강서구 강서로17다길 16-1,126.8422727,37.5333793
경기도 수원시 권선구 호매실로90번길 27,126.9634071,37.25687
서울특별시 은평구 응암로22길 10-1,126.9191677,37.5935493
경기도 수원시 팔달구 중부대로34번길 24,127.0203486,37.274169
서울특별시 성동구 왕십리로21길 10,127.0331789,37.5616324
강원특별자치도 속초시 중앙로 52,128.5821153,38.2003435
서울특별시 영등포구 영등포로 363-2,126.9189527,37.5144095
인천광역시 연수구 한나루로 187,126.6563875,37.4262163
경기도 고양시 일산동구 산두로 269-4,126.7762691,37.6748309
인천광역시 남동구 에코중앙로156번길 5-30,126.7272501,37.3920943
경기도 안산시 단원구 삼일로 310,126.8120987,37.333823
강원특별자치도 고성군 거진읍 거탄진로 127,128.4549318,38.446405
인천광역시 서구 검단로 494-1,126.6591355,37.6024414
서울특별시 동대문구 천호대로 70,127.0311772,37.5737349
인천광역시 계양구 효서로 299,126.7293989,37.5281732
경기도 부천시 오정구 고강로92번길 41,126.8148362,37.5283227
인천광역시 부평구 부평문화로 207,126.7395633,37.4935836
경기도 화성시 병점1로 216-21,127.0444309,37.2145516
경기도 시흥시 하중로 134,126.800391,37.3987158
경기도 성남시 중원구 제일로35번길 16,127.1352124,37.4307523
"경기 성남시 수정구 복정로 96,",127.127048,37.4614546
경기도 구리시 원수택로 64,127.1425525,37.5972397
인천광역시 남동구 인하로 568,126.7097282,37.4425156
인천광역시 부평구 경인로 1070,126.738587,37.48641
서울특별시 동작구 장승배기로 145,126.9399566,37.5105362
경기도오산시궐리사로31,127.0561798,37.1604357
경기도수원시영통구산남로110,127.0503847,37.2725485
경기도연천군온골로49,127.0677833,38.0249841
서울특별시 도봉구 시루봉로 88,127.0280563,37.6587397
경기도성남시분당구내정로166번길76,127.1217138,37.3713803
경기도남양주시진접읍금강로1531,127.1567288,37.6515394
인천광역시부평구부흥로123번길14,126.7055164,37.4993514
서울특별시 서대문구 거북골로 51,126.9225899,37.5784523
서울특별시관악구신림로73길1,126.927926,37.4888747
경기도 성남시 수정구 수정로 109,127.1321178,37.4413982
경기도오산시오산로16,127.0674254,37.1284994
경기파주시파주읍파주리,126.7799719,37.7601397
인천광역시 중구 운서2로68번길 21,126.5086857,37.483335
인천광역시남동구백범로322,126.71459,37.4641573
"경기 오산시 수청로106번길 6-2,",127.0533497,37.1770204
서울특별시성북구정릉로26길61,127.0131677,37.6027703
강원강릉시하평3길37,128.9143207,37.7719272
강원 원주시 영랑길 13,127.9724851,37.341171
"강원 춘천시 안마산로 133,",127.7299828,37.8547532
경기도 수원시 영통구 매영로 84,127.0506582,37.267829
경기도 남양주시 오남읍 진건오남로 592,127.2114043,37.68622
서울특별시 강동구 성안로13길 42,127.1300629,37.5319215
경기도 의정부시 추동로91번길 15,127.0637563,37.7480585
경기 남양주시 오남읍 진건오남로 524-4,127.2102283,37.6805806
경기도 고양시 덕양구 호국로 808,126.837839,37.6577758
경기도 이천시 장호원읍 장감로 68,127.6302261,37.1169113
경기도 양주시 광적면 가래비길 117,126.9838473,37.8253244
경기도 수원시 권선구 하탑로 53,126.9772491,37.2694703
서울특별시 동대문구 전농로 54,127.0573796,37.5696401
경기도 안산시 단원구 석수로 59,126.8076045,37.3418693
서울특별시 성북구 동소문로 113-1,127.017537,37.593463
서울특별시 중랑구 겸재로 178,127.0874022,37.58805
경기도 구리시 경춘로 198,127.1372739,37.6003098
경기도 부천시 소사구 소삼로 14-1,126.7945246,37.4786145
경기도 부천시 고리울로51번길 30,126.8221094,37.5284135
경기도 수원시 권선구 호매실로218번길 124,126.9612509,37.2661232
경기도 수원시 장안구 서부로2123번길 28,126.96975,37.2985191
경기도 수원시 장안구 경수대로 1083,126.9938456,37.309287
강원 속초시 조양로142번길 20,128.5858162,38.1891531
서울특별시 양천구 월정로 45,126.8417764,37.5237695
경기도 안양시 만안구 장내로 86,126.9183893,37.3949614
인천광역시 부평구 경원대로 1415,126.7263441,37.4915767
경기도 양주시 고읍남로191번길 85-75,127.0800333,37.7907054
경기도 구리시 갈매순환로 17,127.1127501,37.6255733
인천광역시 남동구 만수로 107,126.7378095,37.464741
경기도 김포시 대곶면 율생로 78,126.5831473,37.6507928
인천광역시 중구 참외전로 지하 125,126.631728,37.4750031
서울특별시 강서구 양천로69길 18,126.87134,37.5528527
경기도 부천시 원미구 부천로 30,126.7835604,37.4868186
인천광역시 서구 서달로 91,126.6782392,37.5076721
서울특별시 구로구 새말로 97,126.8902727,37.5071154
인천광역시 남구 경원대로 지하848,126.6897839,37.4567036
경기도 부천시 소사로794번길 67,126.8082775,37.5281215
인천광역시 남동구 서창남순환로 200,126.7475043,37.422946
경기도 안산시 단원구 다문화2길 2,126.7899438,37.3291383
인천광역시 부평구 길주로 지하527,126.7208578,37.5076007
인천광역시 중구 참외전로 지하 125,126.631728,37.4750031
서울특별시 은평구 서오릉로 14,126.9264641,37.6027253
경기도 시흥시 목감중앙로 20,126.8528843,37.3758454
인천광역시 서구 가남로 413-1,126.6766168,37.5188446
서울특별시 구로구 경인로 178-2,126.8413333,37.4946257
"경기 김포시 양촌읍 양곡1로 32-14,",126.6247384,37.6536997
경기도동두천시평화로2296,127.0574938,37.8926647
서울특별시영등포구영신로33,126.907868,37.5143616
경기도부천시도약로261,126.7786248,37.5114649
경기도의정부시평화로629,127.0451122,37.7481071
경기도수원시영통구대학로47,127.0440323,37.3005211
서울특별시송파구백제고분로465,127.1130534,37.5121881
경기도남양주시금곡로45,127.2082385,37.6341639
서울특별시광진구뚝섬로56길47,127.0828463,37.5292846
경기도화성시수노을중앙로293,126.8287249,37.2753656
경기도고양시일산서구고양대로666,126.7698298,37.6837919
,,
강원 원주시 입춘로 110,127.9816763,37.3234119
경기도 수원시 권선구 세권로34번길 2,127.0080148,37.2594237
경기도 남양주시 별내3로 336,127.1169587,37.6672056
인천광역시 계양구 주부토로 399,126.7284217,37.5297575
인천광역시 미추홀구 미추홀대로 541-1,126.6785825,37.4458116
서울특별시 영등포구 영신로19길 7,126.9069418,37.5142719
서울특별시 성북구 장월로1길 69,127.0444256,37.6053702
경기도 가평군 청평면 경춘로 781,127.4151844,37.736324
경기도 군포시 금재로 8,126.9419399,37.3617721
인천광역시 계양구 계양대로 215,126.721691,37.5429568
인천광역시 서구 도요지로 11,126.6517275,37.5592258
경기도 수원시 영통구 중부대로246번길 34,127.0418818,37.2735343
경기도 의정부시 효자로 10,127.0860307,37.7434579
경기도 안산시 단원구 원곡로 39,126.7929081,37.3307544
경기도 군포시 군포로 497,126.9442827,37.3508631
서울특별시 관악구 남부순환로 1430,126.9097783,37.4794549
"경기 안산시 단원구 원곡로 39,",126.7929081,37.3307544
인천광역시 부평구 세월천로 57,126.7031426,37.5130119
경기도 용인시 기흥구 구성로 103,127.1207431,37.2938982
경기도고양시덕양구통일로760,126.8660416,37.6879549
경기도양주시옥정동로212,127.0996996,37.8261138
강원특별자치도태백시황지로169,128.9909284,37.1734235
경기도 안성시 중앙로 393,127.2705622,37.0075049
경기도 안산시 상록구 예술광장로 1,126.8442412,37.3283656
경기도 평택시 안중읍 안현로서7길 45,126.9221447,36.9801075
경기도 용인시 처인구 이동읍 백옥대로 603,127.2063042,37.190624
서울특별시 중랑구 망우로 428,127.099742,37.5995069
경기도 용인시 처인구 양지면 남곡로 2,127.2859936,37.2323568
서울특별시 강북구 인수봉로55길 4,127.0126596,37.6369151
서울특별시 동대문구 장한로 88,127.0697107,37.5684404
서울특별시 종로구 숭인동길 1,127.0213451,37.5750414
경기도 안산시 단원구 달미로 103,126.8151252,37.3451706
인천광역시 남동구 독곡로48번길 42,126.747985,37.4354665
인천광역시 남구 한나루로 419,126.6654778,37.4449255
경기도 고양시 일산서구 일청로 32,126.7717063,37.6868749
서울특별시 성북구 종암로 118,127.0340204,37.6007623
서울특별시강서구강서로45길494,126.8321738,37.5497507
서울특별시 영등포구 영등포로 235,126.9076226,37.5195583
경기도오산시궐리사로30,127.0558584,37.1600276
인천미추홀구제일로43,126.6749812,37.4590524
강원고성군간성읍간성로48,128.460232,38.3880307
경기도 시흥시 신현로 27,126.7864727,37.4066741
경기도 수원시 장안구 파장천로 4,126.993822,37.3059799
서울특별시 양천구 오목로 47,126.8428164,37.522356
서울특별시 서대문구 응암로 79,126.9111857,37.5802578
경기도 수원시 권선구 효원로 90,127.0116792,37.2662846
경기도 부천시 부천로476번길 58,126.7858234,37.5265233
"경기 김포시 양촌읍 양곡2로30번길 7-19,",126.6274912,37.6549842
인천광역시 부평구 경인로 1106,126.7426608,37.4855434
경기도 포천시 중앙로 102,127.2022639,37.8955188
경기파주시문산읍독서울1길21,126.8029635,37.8657098
강원 횡성군 둔내면 둔내로 33-1,128.2144847,37.5127913
서울특별시 강남구 강남대로 지하 396,127.0283092,37.4981678
경기도 성남시 중원구 산성대로 지하204-5,127.140863,37.4375785
서울특별시 강북구 덕릉로 4,127.0138463,37.6337084
서울특별시 영등포구 도림로 226,126.9047977,37.4984388
강원 속초시 중앙로17번길 11,128.5779585,38.1987873
서울특별시 영등포구 도림천로11길 25,126.8979592,37.4920409
경기도 부천시 소사로160번길 40,126.7977573,37.4723131
경기도 광명시 일직로 28,126.8847278,37.4220767
경기도 부천시 소삼로 10-1,126.7941846,37.4786651
인천광역시부평구경인로667번길48,126.7050455,37.4696394
경기도양주시옥정로7길919,127.0894284,37.8290893
강원 원주시 중앙시장길 11,127.9488794,37.350778
경기도 안산시 단원구 달미로 123,126.8152232,37.3468386
경기도 성남시 수정구 산성대로 지하228-3,127.142995,37.4389006
경기도 시흥시 은계호수로 49,126.802057,37.4458663
경기도 부천시 원미구 신흥로53번길 53,126.7741874,37.4888482
경기도 이천시 영창로193번길 8,127.4444104,37.2815685
경기도 안산시 단원구 달미로 86,126.8153875,37.3435604
서울특별시 광진구 능동로 415-1,127.0842382,37.5662653
"서울 마포구 서강로 53,",126.9310499,37.5481373
경기도고양시일산서구중앙로1565,126.7477236,37.6756304
서울특별시성동구마장로190,127.0307491,37.5665862
경기도 시흥시 함송로14번길 30,126.7292701,37.3620662
경기도 안산시 단원구 고잔2길 73,127.510458,37.404308
인천광역시 미추홀구 제일로 35,126.707928,37.446929
강원 강릉시 임영로 183,128.8914237,37.7575513
서울특별시 송파구 거마로 6,126.978171,37.562787
강원원주시신림면치악로5,127.9626585,37.3339595
경기도 평택시 원평로39번길 26-1,127.513286,37.421951
경기도 의정부시 시민로 지하100,127.0483204,37.7368253
서울특별시 광진구 군자로 144,127.0754434,37.554312
경기도 파주시 중앙로 328,126.7747183,37.7649055
경기도 의정부시 태평로 107-1,127.523411,37.412008
경기도 수원시 장안구 파장로 28,127.02014,37.258176
인천광역시 서구 봉오재3로 90,126.698424,37.452095
서울특별시 영등포구 디지털로53길 16,126.9004476,37.492001
경기도 광주시 오포읍 양촌길 116-4,127.2467525,37.3703865
"서울 양천구 목동중앙서로 6,",126.984162,37.575094
경기도 수원시 팔달구 정조로 713,127.036029,37.266268
,,
강원태백시황지로158,127.493731,36.506073
강원속초시중앙로108번길12,127.500787,36.507851
서울특별시 송파구 거마로22길 48,126.985922,37.572649
서울특별시 은평구 통일로69길 33,126.9255665,37.6100154
경기도 이천시 증신로 303,127.510501,37.41016
인천광역시 서구 이음3로 130,126.703742,37.450859
경기도 성남시 중원구 산성대로 496,127.133715,37.42636
서울특별시 금천구 금하로 648,126.978215,37.556639
인천광역시 서구 원당대로 117,126.699642,37.454648
강원원주시치악로1803,127.496752,36.492397
경기도 수원시 팔달구 팔달문로 105,127.025064,37.272458
경기도 광명시 광명로 890,127.52236,37.414176
경기도 평택시 이충로35번길 28-22,127.527736,37.411073
인천광역시 연수구 청량로185번길 16,126.700236,37.465549
경기도 고양시 덕양구 지도로103번길 105,126.828018,37.658345
서울특별시 영등포구 경인로 지하 843,126.968738,37.562197
인천광역시 서구 봉수대로1440번안길 28-7,126.705254,37.458491
경기도양주시은현면은현로64,127.513873,37.40483
경기도파주시정담길30,127.513091,37.421965
경기도파주시법원읍사임당로8301,127.518089,37.406698
"강원 고성군 거진읍 거탄진로 133,",127.494841,36.509713
경기도이천시영창로254,127.523532,37.417243
인천광역시 남동구 하촌로 69,126.709764,37.451053
경기도 동두천시 동두천로 119,127.054625,37.8920651
서울특별시 성동구 무학봉16길 22-2,126.980646,37.563856
경기도 화성시 병점1로 65,127.519015,37.416471
서울특별시 성북구 종암로27길 13,126.984706,37.558306
서울특별시 서초구 효령로70길 36-25,126.97173,37.562916
경기도 안산시 단원구 와동로 125,127.520118,37.404616
경기도 용인시 기흥구 한보라1로 42-2,127.168232,37.244551
인천광역시 서해구 서곶로 355,126.69973,37.456542
경기도 수원시 권선구 세권로 188,127.022087,37.266503
강원원주시예술관길28,127.497735,36.503819
강원횡성군안흥면안흥로36,127.49275,36.508735
인천광역시 남동구 남촌동로25번길 11,126.697469,37.453121
인천광역시 미추홀구 낙섬중로 102,126.712747,37.464794
서울특별시관악구남부순환로1728,126.9812,37.561659
서울특별시 도봉구 도봉로145길 33,126.979104,37.572844
경기도오산시수목원로606,127.513137,37.414393
서울특별시 중랑구 용마산로 454,126.985944,37.558362
서울특별시금천구시흥대로411,126.980662,37.574508
서울특별시 구로구 새말로 21,126.974984,37.563281
경기도안산시단원구다문화1길1,127.526242,37.418319
인천광역시 서구 서달로 130,126.6788866,37.5100851
인천광역시 서구 서달로 130,126.6788866,37.5100851
서울특별시 도봉구 도봉로153길 16,127.0425997,37.6700224
서울특별시 도봉구 도봉로153길 16,127.0425997,37.6700224
인천광역시 서구 원당대로 983,126.7106216,37.5923562
인천광역시 서구 원당대로 983,126.7106216,37.5923562
경기도 시흥시 오이도로157번길 22-14,126.6901727,37.345493
경기도 시흥시 오이도로157번길 22-14,126.6901727,37.345493
경기도 평택시 안중읍 안현로서6길 44,126.9247288,36.9848438
경기도 평택시 안중읍 안현로서6길 44,126.9247288,36.9848438
경기도 화성시 효행로 1073,127.0439692,37.2154219
경기도 화성시 효행로 1073,127.0439692,37.2154219
경기도 성남시 중원구 금상로 25-1,127.1601101,37.4383386
경기도 성남시 중원구 금상로 25-1,127.1601101,37.4383386
경기도 남양주시 진접읍 장현로47번길 6-2,127.1791506,37.7158149
경기도 남양주시 진접읍 장현로47번길 6-2,127.1791506,37.7158149
서울특별시 노원구 동일로 1096,127.0723026,37.6277581
서울특별시 노원구 동일로 1096,127.0723026,37.6277581
경기도 양주시 백석읍 꿈나무로 271,126.9840741,37.7863941
경기도 양주시 백석읍 꿈나무로 271,126.9840741,37.7863941
경기도 고양시 덕양구 토당로 137,126.8181394,37.6271799
경기도 고양시 덕양구 토당로 137,126.8181394,37.6271799
인천광역시 부평구 동암남로 38,126.7076997,37.4704344
인천광역시 부평구 동암남로 38,126.7076997,37.4704344
경기도 구리시 검배로 31,127.1431488,37.5985595
경기도 구리시 검배로 31,127.1431488,37.5985595
경기도 안산시 상록구 안산대학로 114,126.8703556,37.3099928
경기도 안산시 상록구 안산대학로 114,126.8703556,37.3099928
인천광역시 연수구 비류대로239번길 19-1,126.661899,37.4275943
인천광역시 연수구 비류대로239번길 19-1,126.661899,37.4275943
경기도 수원시 팔달구 중부대로239번길 78,127.0421406,37.2789159
경기도 수원시 팔달구 중부대로239번길 78,127.0421406,37.2789159
경기도 여주시 세종로 41,127.6362639,37.2939828
경기도 여주시 세종로 41,127.6362639,37.2939828
인천광역시 서구 원당대로 862,126.6971648,37.5932896
인천광역시 서구 원당대로 862,126.6971648,37.5932896
서울특별시 서초구 효령로 304,127.0178205,37.4847365
서울특별시 서초구 효령로 304,127.0178205,37.4847365
인천광역시 미추홀구 매소홀로 478,126.6751947,37.4392592
인천광역시 미추홀구 매소홀로 478,126.6751947,37.4392592
서울특별시 구로구 도림로 6-1,126.8868088,37.4852236
서울특별시 구로구 도림로 6-1,126.8868088,37.4852236
인천광역시 남동구 논고개로 80,126.7265316,37.3991868
인천광역시 남동구 논고개로 80,126.7265316,37.3991868
경기도 파주시 구절초길 15,126.7107907,37.7195434
경기도 파주시 구절초길 15,126.7107907,37.7195434
강원 원주시 반곡길 17,127.9644838,37.3400696
강원 원주시 반곡길 17,127.9644838,37.3400696
강원 원주시 흥업면 남원로 70,127.9201477,37.3021562
강원 원주시 흥업면 남원로 70,127.9201477,37.3021562
경기도 광주시 곤지암읍 곤지암로 72,127.3387475,37.3495448
경기도 광주시 곤지암읍 곤지암로 72,127.3387475,37.3495448
경기도 안성시 중앙로 385-1,127.2697839,37.0078245
경기도 안성시 중앙로 385-1,127.2697839,37.0078245
경기도 안산시 단원구 초지로 128,126.8154241,37.3103297
경기도 안산시 단원구 초지로 128,126.8154241,37.3103297
강원 양양군 양양읍 양양로 77-1,128.6208151,38.0745586
강원 양양군 양양읍 양양로 77-1,128.6208151,38.0745586
강원 동해시 한섬로 61-1,129.110843,37.5205124
강원 동해시 한섬로 61-1,129.110843,37.5205124
경기도 포천시 솔모루로 92,127.1479386,37.8293739
경기도 포천시 솔모루로 92,127.1479386,37.8293739
서울특별시 영등포구 도신로 85,126.9017307,37.5070874
서울특별시 영등포구 도신로 85,126.9017307,37.5070874
인천광역시 부평구 주부토로 69,126.7250276,37.5011675
인천광역시 부평구 주부토로 69,126.7250276,37.5011675
서울특별시 도봉구 도당로13길 17,127.0352227,37.6654662
서울특별시 도봉구 도당로13길 17,127.0352227,37.6654662
인천광역시 서구 청라커낼로319번길 3-1,126.6444242,37.5369052
인천광역시 서구 청라커낼로319번길 3-1,126.6444242,37.5369052
인천광역시 서구 청라에메랄드로102번길 8,126.6567883,37.533911
인천광역시 서구 청라에메랄드로102번길 8,126.6567883,37.533911
경기도 고양시 덕양구 도래울로 16,126.868038,37.6266871
경기도 고양시 덕양구 도래울로 16,126.868038,37.6266871
경기도 시흥시 동서로 1111-1,126.8613446,37.3882986
경기도 시흥시 동서로 1111-1,126.8613446,37.3882986
서울특별시 영등포구 도림로41길 8,126.8981911,37.4947282
서울특별시 영등포구 도림로41길 8,126.8981911,37.4947282
서울특별시 성북구 화랑로 245,127.0564973,37.6108465
서울특별시 성북구 화랑로 245,127.0564973,37.6108465
"경기 안양시 동안구 관악대로 297,",126.9558714,37.4032096
"경기 안양시 동안구 관악대로 297,",126.9558714,37.4032096
경기도 양주시 부흥로 1938,127.0781415,37.7949254
경기도 양주시 부흥로 1938,127.0781415,37.7949254
서울특별시 노원구 동일로 1101,127.0710623,37.6281989
서울특별시 노원구 동일로 1101,127.0710623,37.6281989
서울특별시 은평구 진흥로 180,126.9295679,37.6082047
서울특별시 은평구 진흥로 180,126.9295679,37.6082047
경기도 의정부시 시민로 지하100,127.0483204,37.7368253
경기도 의정부시 시민로 지하100,127.0483204,37.7368253
경기도 부천시 소사구 성주로 84,126.7654083,37.4788094
경기도 부천시 소사구 성주로 84,126.7654083,37.4788094
경기도 수원시 장안구 경수대로976번길 32,127.0044687,37.306124
경기도 수원시 장안구 경수대로976번길 32,127.0044687,37.306124
서울특별시 성북구 한천로 578,126.983598,37.574242
서울특별시 성북구 한천로 578,126.983598,37.574242
서울특별시 도봉구 마들로 724,127.0476319,37.6745052
서울특별시 도봉구 마들로 724,127.0476319,37.6745052
경기도 파주시 청석로 268,127.509983,37.416641
경기도 파주시 청석로 268,127.509983,37.416641
서울특별시 구로구 구로동로 110,126.985971,37.559733
서울특별시 구로구 구로동로 110,126.985971,37.559733
강원특별자치도 강릉시 경강로 2250,127.490184,36.502129
강원특별자치도 강릉시 경강로 2250,127.490184,36.502129
경기도 성남시 분당구 백현로101번길 12,127.12977,37.412029
경기도 성남시 분당구 백현로101번길 12,127.12977,37.412029
서울특별시 강남구 남부순환로363길 12-9,126.971216,37.556601
서울특별시 강남구 남부순환로363길 12-9,126.971216,37.556601
인천광역시 부평구 아트센터로 38,126.703547,37.4713079
경기도 시흥시 수인로3312번길 16,126.789034,37.4405075
경기도 시흥시 은계남로 12,126.8026881,37.4346277
서울특별시 구로구 도림로 37,126.8883333,37.4876437
인천광역시 서구 승학로 446,126.6734284,37.561544
인천광역시 남동구 소래로669번길 51,126.7314927,37.4498964
경기도 고양시 일산서구 중앙로 1470,126.835838,37.659375
서울특별시 강서구 수명로 74,126.8261991,37.5526018
서울특별시 용산구 청파로 74,126.9600293,37.5328532
서울특별시 영등포구 도림천로11길 24,126.972485,37.569539
서울특별시 강동구 양재대로116길 37,127.1425146,37.538329
"경기 부천시 소사구 중동로 57,",126.7638769,37.4852988
서울특별시 구로구 구로동로 101-2,126.884668,37.4877534
서울특별시 중구 퇴계로86길 17,127.0198387,37.5647301
경기도용인시기흥구동백중앙로269,127.1530913,37.276707
강원동해시발한로71,129.1015751,37.5387731
경기도 남양주시 진접읍 내각1로75번길 15-45,127.1647155,37.7073971
경기도 광명시 새터로 27,126.8529769,37.4704924
경기도의정부시오목로196,127.0989615,37.7438007
경기도 화성시 지산2길 4-2,127.1126582,37.2062696
경기도 성남시 분당구 돌마로 361,127.1229645,37.3706237
경기도 수원시 권선구 덕영대로1126번길 61,127.0130605,37.2494188
경기도 평택시 팽성읍 안정쇼핑로 36,127.0462851,36.9608853
경기도 고양시 덕양구 고양대로1369번길 60,126.838411,37.6559794
인천광역시 부평구 부평대로20번길 2,126.7232778,37.4930123
서울특별시 성동구 아차산로 96,127.0544583,37.5446128
서울특별시 마포구 신촌로 190,126.9467061,37.5566126
경기도 수원시 영통구 권선로908번길 53,127.0443431,37.2465126
경기도 하남시 미사강변중앙로198번길 35,127.191686,37.5650315
경기도 시흥시 정왕천로411번길 42,126.7482758,37.3466807
서울특별시 광진구 뚝섬로 672,127.0841624,37.5317547
서울특별시 광진구 광나루로 379,127.0719536,37.5482386
서울특별시 영등포구 도림로31길 12,126.8955309,37.4933788
서울특별시 은평구 연서로 1,126.9153147,37.5992174
경기도 포천시 소흘읍 봉솔로2길 22,127.1429138,37.8257785
서울특별시 금천구 독산로 72,126.9063423,37.4537703
인천광역시 서구 신석로 79,126.6708414,37.5102741
경기도 양주시 고암길 208,127.0744742,37.8349463
서울특별시 강북구 노해로15길 4,127.0222804,37.640266
인천광역시 서해구 심곡로 4,126.699945,37.460544
서울특별시 광진구 광나루로56길 85,127.0957117,37.5357272
경기도 오산시 경기대로 240,127.0737715,37.1461388
경기도 수원시 영통구 매탄로 69,127.0415573,37.2573211
서울특별시 강동구 구천면로36길 25,126.98293,37.563008
인천광역시 남동구 구월로 378,126.7327117,37.4546759
인천광역시 남동구 용천로 90,126.7149845,37.4576201
서울특별시 동작구 동작대로39길 22,126.9820147,37.494435
서울특별시강북구오현로25다길96,127.032758,37.6256656
서울특별시성북구돌곶이로51,127.0592003,37.6084624
강원속초시동해대로4325,128.5692433,38.2012084
경기도 안산시 상록구 부곡로 28,126.8597618,37.325002
경기도 안양시 만안구 안양로329번길 81,126.9147157,37.4006674
서울특별시 송파구 충민로 66,127.1249941,37.4776495
서울특별시 은평구 역말로 39,126.914594,37.6059505
서울특별시 구로구 구로중앙로28길 6,126.8864173,37.4986454
경기도 이천시 영창로 203,127.4451575,37.2811845
강원특별자치도 원주시 북원로 2235-4,127.9322123,37.3456604
경기도 시흥시 함송로29번길 7,126.7314066,37.3639002
서울특별시 송파구 천호대로152길 17,127.1215816,37.5373281
서울특별시 영등포구 도림로 125,126.8961857,37.4926821
인천광역시계양구임학동로12,126.734621,37.543853
서울특별시 서대문구 세검정로 55,126.984984,37.569493
경기도 안성시 공도읍 공도로 74,127.519666,37.416952
서울특별시 마포구 마포대로 33,126.9454802,37.5399956
경기도 안양시 만안구 문예로52번길 27,126.934169,37.385211
경기도 남양주시 화도읍 비룡로 119,127.3024535,37.6625917
인천광역시 남구 인하로 349,126.6870715,37.4482849
인천광역시 서구 청라루비로 76,126.6413657,37.5321127
경기도 동두천시 생골로 31,127.0616125,37.9004912
서울특별시 도봉구 방학로6길 37,127.0364041,37.6643856
인천광역시 미추홀구 재넘이길 6,126.666875,37.4470677
서울특별시 은평구 갈현로 206,126.9137713,37.6157911
경기도 의정부시 비우로 64,127.033796,37.757944
경기도 파주시 송학1길 67-8,126.7623598,37.7130503
경기도 수원시 팔달구 중부대로 11,127.0180652,37.2754747
경기도 김포시 김포대로 839,126.712954,37.607073
경기도 평택시 소사5길 34,127.1272349,36.9896053
서울특별시 송파구 법원로4길 6,127.122113,37.4823137
"강원 춘천시 후석로 307,",127.7506646,37.8785228
경기도 안산시 상록구 광덕산안길 28,126.8450843,37.3359427
서울특별시 중구 삼일대로 363,126.9870368,37.5671383
서울특별시 광진구 광나루로56길 85,127.0957117,37.5357272
경기도 파주시 문산읍 문향로 76,126.7859347,37.8583366
경기도 남양주시 오남읍 진건오남로 782,127.2044844,37.6971931
경기도 동두천시 중앙로 163,127.0521398,37.8961356
서울특별시 금천구 가산로 57-2,126.8963719,37.4715724
경기도 시흥시 배곧1로 27-15,126.713053,37.3637921
서울특별시 금천구 탑골로2길 8,126.9107864,37.4512794
경기도 오산시 법원로 47,127.0575339,37.1574728
경기도 의정부시 서광로 210,127.1137485,37.7350378
서울특별시 종로구 평창문화로 56,126.9674989,37.6056864
서울특별시서대문구이화여대길74,126.9443939,37.559259
서울특별시 중랑구 공릉로12길 3-2,127.0799627,37.6165822
경기도 수원시 장안구 서부로 2119,126.9707963,37.2978885
경기도 오산시 청학로 103,127.064337,37.1581305
경기도 부천시 부천로 지하 1-1,126.7828468,37.484802
,,
강원특별자치도영월군주천면주천로82,128.2677708,37.2703413
서울특별시 강서구 까치산로 35,126.844129,37.5428583
인천광역시 미추홀구 낙섬중로91번길 10-24,126.6406653,37.4565633
경기도 수원시 팔달구 권광로276번길 4,127.0360989,37.2716491
서울특별시 동작구 동작대로 39,126.9814874,37.4799687
인천광역시 부평구 열우물로87번길 33,126.6961077,37.4739562
서울특별시 양천구 목동로3길 57,126.863346,37.5106167
경기도 안양시 만안구 석천로 167,126.9075825,37.4120001
강원 동해시 동해대로 4833,129.1125612,37.476976
경기도 안산시 단원구 다문화길 30,126.7912641,37.3305394
서울특별시 노원구 상계로 65,127.0622681,37.6563766
서울특별시 영등포구 당산로 111-2,126.8960745,37.5248121
경기도 성남시 중원구 원터로 106,127.1425163,37.436284
경기화성시남양읍남양시장로85,126.8184809,37.2100352
강원 원주시 남원로 660,127.9541789,37.3414627
경기도 광주시 경충대로1422번길 42,127.279898,37.3978057
강원 강릉시 경강로 2511,128.9350424,37.7751344
인천광역시 동구 송현로 41-1,126.6361767,37.4796678
경기도 안산시 단원구 지곡로 41,126.8027683,37.337982
강원인제군기린면내린천로4028,128.2915972,37.8890848
강원특별자치도양양군양양읍양양로67,128.6219135,38.0750573
서울특별시 동작구 노량진로 140,126.941701,37.5127594
경기도 안양시 만안구 박달로539번길 63,126.911068,37.4053194
경기도 의정부시 평화로 158,127.0484766,37.7059937
인천 강화군 길상면 온수길 38,126.4905355,37.6394359
강원 삼척시 대학로 27,129.1631571,37.4435467
경기도 부천시 원미구 삼작로 283,126.7930285,37.5202989
경기도 파주시 새꽃로 194,126.7742048,37.7650714
