P코드순번,P코드,거래처명,시도명,시군구명,읍면동명,주소,대리점코드,대리점명,중복여부,점유비,실적,P코드합계,, 신규 , MNP , 기변 ,, MNO , MVNO ,(MVNO비중),,번들,동판
PE16581,PE1658,주식회사 잎슬,서울,영등포구,양평동4가,서울특별시 영등포구 선유로49길 23,D13542,삼보대리점,수도권_전속,100%,271,271,, - ,214,57,,68,146,68.20%,, - ,3
PE69251,PE6925,휴대폰성지 굳폰 다산점,경기,남양주시,다산동,경기도 남양주시 다산중앙로123번길 22-8,D14342,신창대리점,수도권_전속,100%,235,235,, - ,142,93,,77,65,45.80%,, - ,15
PE74061,PE7406,합정 휴대폰성지 폰싼집,서울,마포구,서교동,서울특별시 마포구 양화로 45,D13357,가능대리점,중복점,99%,217,215,, - ,213,2,,28,185,86.90%,, - ,1
PE74062,PE7406,합정 휴대폰성지 폰싼집,서울,마포구,서교동,서울특별시 마포구 양화로 45,F13586,신도SDR,중복점,1%,217,2,, - , - ,2,, - , - ,0.00%,, - , - 
PE71961,PE7196,스타텔레콤,경기,수원시 권선구,탑동,경기 수원시 권선구 상탑로39번길 12-2,D13469,코넥,중복점,51%,202,103,, - ,13,90,,13, - ,0.00%,, - ,4
PE71962,PE7196,스타텔레콤,경기,수원시 권선구,탑동,경기 수원시 권선구 상탑로39번길 12-2,D13124,UNI대리점,중복점,49%,202,99,, - ,14,85,,11,3,21.40%,, - ,2
PE36141,PE3614,휴대폰성지 황싸장 만수점,인천,남동구,만수동,인천광역시 남동구 소래로669번길 51,D13952,참스타대리점,수도권_전속,100%,195,195,, - ,176,19,,124,52,29.50%,, - ,5
PE26471,PE2647,하나통신,서울,구로구,구로동,서울특별시 구로구 새말로 97,D13827,지은대리점,중복점,80%,155,124,,1,63,60,,41,22,34.90%,, - ,11
PE26472,PE2647,하나통신,서울,구로구,구로동,서울특별시 구로구 새말로 97,D13858,새서울대리점,중복점,20%,155,31,, - ,4,27,,4, - ,0.00%,, - ,3
PE40851,PE4085,알뜰폰스토어 가능점,경기,의정부시,가능동,경기도 의정부시 가능로 105,D13546,ACT대리점,중복점,53%,153,81,, - ,81, - ,,25,56,69.10%,, - , - 
PE40852,PE4085,알뜰폰스토어 가능점,경기,의정부시,가능동,경기도 의정부시 가능로 105,D13357,가능대리점,중복점,46%,153,70,, - ,59,11,,26,33,55.90%,, - ,1
PE40853,PE4085,알뜰폰스토어 가능점,경기,의정부시,가능동,경기도 의정부시 가능로 105,D13858,새서울대리점,중복점,1%,153,2,, - , - ,2,, - , - ,0.00%,, - , - 
PE32431,PE3243,휴대폰성지,서울,강동구,성내동,서울특별시 강동구 양재대로 1377,D15176,ACE대리점,중복점,54%,143,77,, - ,62,15,,23,39,62.90%,, - ,4
PE32432,PE3243,휴대폰성지,서울,강동구,성내동,서울특별시 강동구 양재대로 1377,D13225,광장대리점,중복점,22%,143,32,, - ,29,3,,17,12,41.40%,, - ,5
PE32433,PE3243,휴대폰성지,서울,강동구,성내동,서울특별시 강동구 양재대로 1377,D13827,지은대리점,중복점,22%,143,31,, - ,31, - ,,15,16,51.60%,, - ,2
PE32434,PE3243,휴대폰성지,서울,강동구,성내동,서울특별시 강동구 양재대로 1377,D15117,알파대리점,중복점,2%,143,3,, - , - ,3,, - , - ,0.00%,, - , - 
PE90011,PE9001,명숙통신,경기,수원시 팔달구,매산로1가,"경기 수원시 팔달구 매산로 1,",D14674,서울ent대리점,중복점,76%,143,109,, - ,107,2,,60,47,43.90%,, - ,2
PE90012,PE9001,명숙통신,경기,수원시 팔달구,매산로1가,"경기 수원시 팔달구 매산로 1,",D15157,근흥대리점,중복점,14%,143,20,, - ,6,14,,3,3,50.00%,, - , - 
PE90013,PE9001,명숙통신,경기,수원시 팔달구,매산로1가,"경기 수원시 팔달구 매산로 1,",D13546,ACT대리점,중복점,10%,143,14,, - ,1,13,,1, - ,0.00%,, - , - 
PE66531,PE6653,휴대폰성지폰신사수원우만점,경기,수원시 팔달구,우만동,경기도 수원시 팔달구 권광로367번길 11,D13546,ACT대리점,수도권_전속,100%,141,141,, - ,140,1,,12,128,91.40%,, - , - 
PE55671,PE5567,맥스모바일,경기,화성시 동탄구,반송동,경기도 화성시 동탄중심상가2길 37,D15146,PS&M,중복점,56%,138,77,, - ,77, - ,,15,62,80.50%,, - , - 
PE55672,PE5567,맥스모바일,경기,화성시 동탄구,반송동,경기도 화성시 동탄중심상가2길 37,D13469,코넥,중복점,43%,138,60,, - ,3,57,,3, - ,0.00%,, - , - 
PE55673,PE5567,맥스모바일,경기,화성시 동탄구,반송동,경기도 화성시 동탄중심상가2길 37,D13827,지은대리점,중복점,1%,138,1,, - ,1, - ,,1, - ,0.00%,, - , - 
PE89251,PE8925,유심히모바일 영등포,서울,영등포구,양평동4가,서울특별시 영등포구 선유로49길 23,D13952,참스타대리점,수도권_전속,100%,131,131,, - ,129,2,,34,95,73.60%,, - ,7
PC92341,PC9234,인디고모바일,서울,중랑구,면목동,서울특별시 중랑구 면목로 437,D14674,서울ent대리점,중복점,75%,101,76,, - ,72,4,,40,32,44.40%,, - ,1
PC92342,PC9234,인디고모바일,서울,중랑구,면목동,서울특별시 중랑구 면목로 437,D15121,CD대리점,중복점,25%,101,25,, - ,1,24,,1, - ,0.00%,, - , - 
PE02951,PE0295,의지통신,경기,의정부시,의정부동,경기도 의정부시 시민로 지하100,D15146,PS&M,중복점,67%,98,66,, - ,66, - ,,17,49,74.20%,, - , - 
PE02952,PE0295,의지통신,경기,의정부시,의정부동,경기도 의정부시 시민로 지하100,D13542,삼보대리점,중복점,33%,98,32,, - ,28,4,,23,5,17.90%,, - ,1
PE68601,PE6860,피앤비,서울,구로구,구로동,서울특별시 구로구 새말로 97,D13225,광장대리점,수도권_전속,100%,96,96,,1,85,10,,19,66,77.60%,, - , - 
PE80301,PE8030,휴대폰성지,경기,수원시 권선구,금곡동,경기도 수원시 권선구 금곡로 46,D13622,MD대리점,수도권_전속,100%,94,94,,1,50,43,,21,29,58.00%,, - , - 
PC39581,PC3958,주식회사 이가정보통신,서울,광진구,구의동,서울특별시 광진구 광나루로56길 85,D13546,ACT대리점,수도권_전속,100%,87,87,,7,24,56,,11,13,54.20%,, - ,2
PE51831,PE5183,90폰,서울,구로구,구로동,서울특별시 구로구 새말로 97,D13965,대교대리점,수도권_전속,100%,84,84,, - , - ,84,, - , - ,0.00%,, - , - 
P938151,P93815,에이치와이 이노베이션,경기,안산시 단원구,원곡동,경기도 안산시 단원구 중앙대로 462,D13622,MD대리점,수도권_전속,100%,81,81,, - ,81, - ,,31,50,61.70%,, - ,7
PC82531,PC8253,휴대폰성지 옆커폰 안양호계점,경기,안양시 동안구,호계동,경기도 안양시 동안구 경수대로544번길 9,D14674,서울ent대리점,수도권_전속,100%,81,81,, - ,70,11,,47,23,32.90%,, - ,17
PE59251,PE5925,휴대폰성지 휴대폰파크 천호점,서울,강동구,성내동,서울특별시 강동구 천호대로 1006,D15121,CD대리점,수도권_전속,100%,78,78,, - ,70,8,,39,31,44.30%,, - ,1
PE84261,PE8426,휴대폰 성지 폰라운지 성남,경기,성남시 중원구,성남동,경기도 성남시 중원구 광명로 38,D13858,새서울대리점,중복점,72%,78,56,, - ,56, - ,,41,15,26.80%,, - ,3
PE84262,PE8426,휴대폰 성지 폰라운지 성남,경기,성남시 중원구,성남동,경기도 성남시 중원구 광명로 38,D13357,가능대리점,중복점,18%,78,14,, - ,14, - ,,1,13,92.90%,, - , - 
PE84263,PE8426,휴대폰 성지 폰라운지 성남,경기,성남시 중원구,성남동,경기도 성남시 중원구 광명로 38,D13542,삼보대리점,중복점,10%,78,8,, - ,6,2,,2,4,66.70%,, - , - 
PC21331,PC2133,에스,서울,구로구,구로동,서울특별시 구로구 새말로 97,D15051,프리스비,중복점,73%,77,56,, - ,28,28,,19,9,32.10%,, - ,6
PC21332,PC2133,에스,서울,구로구,구로동,서울특별시 구로구 새말로 97,D13622,MD대리점,중복점,27%,77,21,, - ,3,18,,1,2,66.70%,, - ,1
PE23981,PE2398,휴대폰성지 진또배기 종로점,서울,종로구,당주동,서울특별시 종로구 세종대로23길 54,D15146,PS&M,PS_전속,100%,76,76,, - ,76, - ,,3,73,96.10%,, - , - 
PE21681,PE2168,신도림 에스티 컴퍼니,서울,구로구,구로동,서울특별시 구로구 새말로 97,D13546,ACT대리점,수도권_전속,100%,70,70,, - ,17,53,,14,3,17.60%,, - ,12
PE80891,PE8089,에스비 컴퍼니,서울,구로구,구로동,서울특별시 구로구 새말로 97,D14674,서울ent대리점,수도권_전속,100%,69,69,, - ,51,18,,24,27,52.90%,, - ,1
P997841,P99784,삼원,서울,구로구,구로동,서울특별시 구로구 새말로 97,D13462,광운대리점,수도권_전속,100%,68,68,,2,29,37,,16,13,44.80%,, - ,2
PE34081,PE3408,은모바일,서울,구로구,구로동,서울특별시 구로구 새말로 97,D14342,신창대리점,수도권_전속,100%,68,68,, - ,60,8,,32,28,46.70%,, - ,1
PE49251,PE4925,휴대폰성지 우동폰 파주점,경기,파주시,동패동,경기도 파주시 청석로 260,D14342,신창대리점,수도권_전속,100%,68,68,,2,64,2,,33,31,48.40%,, - ,4
PE82441,PE8244,원주뽐뿌휴대폰성지밴드폰반곡점,강원,원주시,반곡동,강원특별자치도 원주시 양지로 80,D15051,프리스비,수도권_전속,100%,67,67,, - ,21,46,,14,7,33.30%,, - , - 
P939081,P93908,동탄휴대폰성지 도매폰센타,경기,화성시 동탄구,반송동,경기도 화성시 동탄솔빛로 53,D13965,대교대리점,중복점,95%,64,61,,2,16,43,,12,4,25.00%,, - ,3
P939082,P93908,동탄휴대폰성지 도매폰센타,경기,화성시 동탄구,반송동,경기도 화성시 동탄솔빛로 53,D13469,코넥,중복점,5%,64,3,,1,1,1,,1, - ,0.00%,, - , - 
PE24921,PE2492,드림,서울,구로구,구로동,서울특별시 구로구 새말로 97,D13952,참스타대리점,수도권_전속,100%,64,64,, - ,64, - ,,44,20,31.30%,, - ,12
PC74271,PC7427,주모바일지점,서울,광진구,구의동,서울특별시 광진구 광나루로56길 85,D13952,참스타대리점,중복점,74%,62,46,, - ,8,38,,8, - ,0.00%,, - ,2
PC74272,PC7427,주모바일지점,서울,광진구,구의동,서울특별시 광진구 광나루로56길 85,D15157,근흥대리점,중복점,26%,62,16,, - ,3,13,,3, - ,0.00%,, - ,2
PE39861,PE3986,휴대폰 성지,경기,성남시 분당구,야탑동,경기도 성남시 분당구 성남대로925번길 11,D14674,서울ent대리점,수도권_전속,100%,62,62,, - ,33,29,,20,13,39.40%,, - ,7
P936111,P93611,가온이동통신,경기,수원시 장안구,정자동,경기도 수원시 장안구 수성로261번길 62,D13965,대교대리점,중복점,78%,58,45,, - ,45, - ,,13,32,71.10%,, - ,4
P936112,P93611,가온이동통신,경기,수원시 장안구,정자동,경기도 수원시 장안구 수성로261번길 62,D15121,CD대리점,중복점,21%,58,12,, - ,11,1,,10,1,9.10%,, - ,3
P936113,P93611,가온이동통신,경기,수원시 장안구,정자동,경기도 수원시 장안구 수성로261번길 62,D13827,지은대리점,중복점,2%,58,1,, - ,1, - ,, - ,1,100.00%,, - , - 
PE92151,PE9215,휴대폰 성지마블 시흥점,경기,시흥시,대야동,경기도 시흥시 은행로167번길 7,D13546,ACT대리점,수도권_전속,100%,58,58,, - ,56,2,,20,36,64.30%,, - ,1
PA74901,PA7490,주식회사 소이컴퍼니,서울,금천구,가산동,서울특별시 금천구 디지털로 212,D13124,UNI대리점,중복점,88%,57,50,,1,49, - ,,24,25,51.00%,,1,9
PA74902,PA7490,주식회사 소이컴퍼니,서울,금천구,가산동,서울특별시 금천구 디지털로 212,D13965,대교대리점,중복점,12%,57,7,,1,4,2,,4, - ,0.00%,, - , - 
PC29141,PC2914,라인통신2,서울,광진구,구의동,"서울 광진구 광나루로56길 85,",D15117,알파대리점,수도권_전속,100%,55,55,,2,42,11,,15,27,64.30%,, - ,1
P955491,P95549,주식회사 포스모바일,서울,구로구,구로동,서울특별시 구로구 새말로 97,D13546,ACT대리점,중복점,66%,50,33,,1,17,15,,11,6,35.30%,, - ,1
P955492,P95549,주식회사 포스모바일,서울,구로구,구로동,서울특별시 구로구 새말로 97,D13225,광장대리점,중복점,34%,50,17,, - ,2,15,,2, - ,0.00%,, - ,2
PC46741,PC4674,에어,서울,광진구,구의동,서울특별시 광진구 광나루로56길 85,D14674,서울ent대리점,수도권_전속,100%,50,50,,2,21,27,,18,3,14.30%,, - ,3
PE56861,PE5686,베스트정보통신,경기,김포시,구래동,경기도김포시김포한강10로133번길144,D15146,PS&M,PS_전속,100%,50,50,, - ,49,1,,3,46,93.90%,, - , - 
PE68551,PE6855,휴대폰성지 일타폰 마곡점,서울,강서구,마곡동,서울특별시 강서구 마곡중앙로 76,D13952,참스타대리점,수도권_전속,100%,49,49,, - ,15,34,,2,13,86.70%,, - ,1
PA87911,PA8791,오라컴퍼니,경기,안산시 단원구,원곡동,경기도 안산시 단원구 다문화1길 3,D13622,MD대리점,중복점,52%,48,25,, - ,25, - ,,11,14,56.00%,, - , - 
PA87912,PA8791,오라컴퍼니,경기,안산시 단원구,원곡동,경기도 안산시 단원구 다문화1길 3,D15146,PS&M,중복점,38%,48,18,, - ,18, - ,,5,13,72.20%,, - , - 
PA87913,PA8791,오라컴퍼니,경기,안산시 단원구,원곡동,경기도 안산시 단원구 다문화1길 3,D13827,지은대리점,중복점,10%,48,5,, - ,5, - ,,3,2,40.00%,, - ,1
PC49271,PC4927,휴대폰종합할인매장,경기,평택시,평택동,경기도 평택시 평택로32번길 11,D15176,ACE대리점,수도권_전속,100%,48,48,, - ,48, - ,,31,17,35.40%,, - ,5
PC99861,PC9986,히어로즈 앤 도로시,경기,수원시 팔달구,매산로1가,경기 수원시 장안구 장안로7번길 32,D13952,참스타대리점,수도권_전속,100%,46,46,, - ,46, - ,,8,38,82.60%,, - , - 
PE02801,PE0280,주식회사 청춘대길,서울,서대문구,남가좌동,서울특별시 서대문구 증가로 132,F13586,신도SDR,수도권_전속,100%,46,46,, - ,44,2,,23,21,47.70%,, - ,4
PE67061,PE6706,산척2,경기,화성시 동탄구,산척동,경기도 화성시 동탄대로 198,D13622,MD대리점,중복점,54%,46,25,,1,20,4,,18,2,10.00%,, - ,5
PE67062,PE6706,산척2,경기,화성시 동탄구,산척동,경기도 화성시 동탄대로 198,D13469,코넥,중복점,46%,46,21,, - ,13,8,,13, - ,0.00%,, - ,3
PE82981,PE8298,영통신,서울,구로구,구로동,서울특별시 구로구 새말로 97,D15157,근흥대리점,수도권_전속,100%,46,46,,1,7,38,,5,2,28.60%,, - ,1
PE83891,PE8389,휴대폰 성지 폰슐랭 용인지점,경기,용인시 기흥구,중동,경기도 용인시 기흥구 동백죽전대로 444,D15157,근흥대리점,중복점,76%,46,35,, - ,1,34,,1, - ,0.00%,, - ,1
PE83892,PE8389,휴대폰 성지 폰슐랭 용인지점,경기,용인시 기흥구,중동,경기도 용인시 기흥구 동백죽전대로 444,D13546,ACT대리점,중복점,24%,46,11,, - ,3,8,,1,2,66.70%,, - ,3
P826671,P82667,따따봉,서울,강서구,화곡동,서울특별시 강서구 화곡로 282,D13951,강남스타대리점,수도권_전속,100%,45,45,, - ,37,8,,21,16,43.20%,, - ,1
P941321,P94132,우원,서울,성동구,행당동,서울특별시 성동구 행당로 102,D13742,한유대리점,수도권_전속,100%,43,43,,2,17,24,,8,9,52.90%,, - , - 
PA60231,PA6023,주식회사 수호텔레콤,경기,광주시,경안동,경기도 광주시 중앙로 105,D14674,서울ent대리점,수도권_전속,100%,42,42,,2,6,34,,4,2,33.30%,, - , - 
PA73281,PA7328,힐링,서울,광진구,구의동,서울특별시 광진구 광나루로56길 85,D13225,광장대리점,수도권_전속,100%,42,42,, - ,3,39,,2,1,33.30%,, - , - 
P843301,P84330,제이에스모바일,경기,부천시 원미구,상동,경기도 부천시 길주로 74,D13827,지은대리점,수도권_전속,100%,41,41,, - ,34,7,,13,21,61.80%,, - ,3
PC64481,PC6448,착한모바일,경기,군포시,부곡동,경기도 군포시 삼성로20번길 3-3,D13965,대교대리점,수도권_전속,100%,41,41,,1,34,6,,29,5,14.70%,, - ,2
PE50531,PE5053,디오엔,서울,용산구,한강로2가,서울특별시 용산구 한강대로 69,D15157,근흥대리점,중복점,98%,41,40,, - ,40, - ,,2,38,95.00%,, - , - 
PE50532,PE5053,디오엔,서울,용산구,한강로2가,서울특별시 용산구 한강대로 69,D15146,PS&M,중복점,2%,41,1,, - ,1, - ,, - ,1,100.00%,, - , - 
PC96871,PC9687,휴대폰성지KR모바일송도호반2,인천,연수구,송도동,인천광역시 연수구 송도문화로28번길 27,D13965,대교대리점,중복점,58%,40,23,,1,16,6,,15,1,6.30%,, - ,3
PC96872,PC9687,휴대폰성지KR모바일송도호반2,인천,연수구,송도동,인천광역시 연수구 송도문화로28번길 27,D13546,ACT대리점,중복점,43%,40,17,,1,16, - ,,15,1,6.30%,, - ,5
PE53341,PE5334,수서텔레콤,서울,강남구,수서동,서울특별시 강남구 밤고개로1길 10,D15173,정원대리점,중복점,95%,38,36,,1,32,3,,16,16,50.00%,, - , - 
PE53342,PE5334,수서텔레콤,서울,강남구,수서동,서울특별시 강남구 밤고개로1길 10,D15051,프리스비,중복점,5%,38,2,, - ,2, - ,,2, - ,0.00%,, - , - 
P182121,P18212,한희통신마천점,서울,송파구,마천동,서울특별시 송파구 마천로 271,D15146,PS&M,중복점,76%,37,28,, - ,3,25,,3, - ,0.00%,, - , - 
P182122,P18212,한희통신마천점,서울,송파구,마천동,서울특별시 송파구 마천로 271,D13546,ACT대리점,중복점,24%,37,9,, - ,5,4,,4,1,20.00%,, - , - 
P660901,P66090,에이스텔레콤2,경기,안산시 단원구,고잔동,경기도 안산시 단원구 광덕4로 220,D13225,광장대리점,수도권_전속,100%,37,37,, - ,5,32,,5, - ,0.00%,, - , - 
P690231,P69023,한샘정보통신2매장,서울,노원구,상계동,서울특별시 노원구 동일로 1541,D15146,PS&M,중복점,81%,37,30,, - ,3,27,,3, - ,0.00%,, - , - 
P690232,P69023,한샘정보통신2매장,서울,노원구,상계동,서울특별시 노원구 동일로 1541,D15117,알파대리점,중복점,19%,37,7,, - ,4,3,,4, - ,0.00%,, - ,1
PE26931,PE2693,메인텔레콤,서울,강동구,길동,서울특별시 강동구 양재대로 1484-1,D14342,신창대리점,중복점,95%,37,35,,1,22,12,,20,2,9.10%,,1,7
PE26932,PE2693,메인텔레콤,서울,강동구,길동,서울특별시 강동구 양재대로 1484-1,D15146,PS&M,중복점,5%,37,2,, - ,2, - ,,2, - ,0.00%,, - , - 
PE56361,PE5636,휴대폰성지 판다폰 용현점,인천,미추홀구,용현동,인천광역시 미추홀구 용정공원로 33,D13951,강남스타대리점,중복점,68%,37,25,, - ,25, - ,,10,15,60.00%,, - ,2
PE56362,PE5636,휴대폰성지 판다폰 용현점,인천,미추홀구,용현동,인천광역시 미추홀구 용정공원로 33,D13827,지은대리점,중복점,32%,37,12,, - ,3,9,,3, - ,0.00%,, - ,3
PC27431,PC2743,진심모바일 부곡점,경기,안산시 상록구,부곡동,경기도 안산시 상록구 부곡로 117,D13124,UNI대리점,수도권_전속,100%,36,36,, - ,35,1,,19,16,45.70%,, - ,2
PE80711,PE8071,센터모바일,서울,구로구,구로동,서울특별시 구로구 새말로 97,D13225,광장대리점,수도권_전속,100%,36,36,,2,11,23,,6,5,45.50%,, - ,1
P836881,P83688,상호정보통신,경기,의정부시,의정부동,경기도의정부시시민로지하100,D15146,PS&M,PS_전속,100%,35,35,, - , - ,35,, - , - ,0.00%,, - , - 
PC44561,PC4456,휴대폰성지KR모바일송도타임,인천,연수구,송도동,인천광역시 연수구 하모니로 158,D13965,대교대리점,중복점,80%,35,28,,2,17,9,,15,2,11.80%,, - ,3
PC44562,PC4456,휴대폰성지KR모바일송도타임,인천,연수구,송도동,인천광역시 연수구 하모니로 158,D13546,ACT대리점,중복점,11%,35,4,, - ,4, - ,,3,1,25.00%,, - ,2
PC44563,PC4456,휴대폰성지KR모바일송도타임,인천,연수구,송도동,인천광역시 연수구 하모니로 158,D14746,유원대리점,중복점,9%,35,3,, - ,1,2,,1, - ,0.00%,, - ,4
PC58501,PC5850,수텔레콤,서울,광진구,구의동,서울특별시 광진구 광나루로56길 85,D13858,새서울대리점,수도권_전속,100%,35,35,,4,5,26,,4,1,20.00%,, - ,6
PE05171,PE0517,휴대폰성지KR모바일송도호반점,인천,연수구,송도동,인천광역시 연수구 랜드마크로 20,D13546,ACT대리점,중복점,49%,35,17,, - ,17, - ,,15,2,11.80%,, - ,2
PE05172,PE0517,휴대폰성지KR모바일송도호반점,인천,연수구,송도동,인천광역시 연수구 랜드마크로 20,D13965,대교대리점,중복점,46%,35,16,,1,11,4,,7,4,36.40%,, - ,1
PE05173,PE0517,휴대폰성지KR모바일송도호반점,인천,연수구,송도동,인천광역시 연수구 랜드마크로 20,D14746,유원대리점,중복점,6%,35,2,, - ,1,1,,1, - ,0.00%,, - ,2
PE48531,PE4853,두리곰정보통신,인천,부평구,부평동,인천광역시 부평구 부평대로 지하30,D13124,UNI대리점,수도권_전속,100%,35,35,, - ,31,4,,18,13,41.90%,, - ,2
PE70851,PE7085,일타폰 파주성지,경기,파주시,와동동,경기도 파주시 경의로 1204,D13952,참스타대리점,수도권_전속,100%,35,35,, - ,22,13,,6,16,72.70%,, - ,2
PE74171,PE7417,에이치디마케팅중랑점,서울,중랑구,상봉동,서울특별시 중랑구 망우로 353,D15146,PS&M,PS_전속,100%,35,35,, - ,1,34,,1, - ,0.00%,, - , - 
P153661,P15366,원텔정보통신,경기,수원시 팔달구,매산로1가,경기도수원시팔달구덕영대로지하90765,D15146,PS&M,PS_전속,100%,34,34,, - ,34, - ,,3,31,91.20%,, - , - 
PE19931,PE1993,태승모바일 본점,경기,시흥시,장곡동,경기도 시흥시 진말로9번길 18-1,D13965,대교대리점,중복점,53%,34,18,, - ,13,5,,5,8,61.50%,, - ,1
PE19932,PE1993,태승모바일 본점,경기,시흥시,장곡동,경기도 시흥시 진말로9번길 18-1,D13542,삼보대리점,중복점,47%,34,16,,2,7,7,,6,1,14.30%,, - ,4
PE54341,PE5434,제이디모바일,서울,구로구,구로동,"서울 구로구 새말로 97,",D15157,근흥대리점,수도권_전속,100%,34,34,,1,13,20,,13, - ,0.00%,, - ,2
PC55271,PC5527,휴대폰성지 대박통신 광진점,서울,광진구,군자동,서울특별시 광진구 군자로 179-2,D14746,유원대리점,중복점,82%,33,27,, - ,25,2,,20,5,20.00%,, - ,5
PC55272,PC5527,휴대폰성지 대박통신 광진점,서울,광진구,군자동,서울특별시 광진구 군자로 179-2,D13357,가능대리점,중복점,18%,33,6,, - ,5,1,,4,1,20.00%,, - , - 
PC94891,PC9489,폰통신동탄,경기,화성시 동탄구,영천동,경기도 화성시 동탄치동천로3길 6-17,D13469,코넥,중복점,79%,33,26,, - ,4,22,,4, - ,0.00%,, - , - 
PC94892,PC9489,폰통신동탄,경기,화성시 동탄구,영천동,경기도 화성시 동탄치동천로3길 6-17,D13827,지은대리점,중복점,21%,33,7,, - ,1,6,,1, - ,0.00%,, - , - 
PE25851,PE2585,주식회사 동아모바일(지점),경기,부천시 소사구,소사본동,"경기 부천시 소사로 124,",D15051,프리스비,수도권_전속,100%,33,33,, - ,32,1,,20,12,37.50%,, - ,2
PE39631,PE3963,(주)신진상사,경기,의정부시,녹양동,경기도 의정부시 녹양로 65,D13965,대교대리점,중복점,88%,33,29,, - ,29, - ,,10,19,65.50%,, - , - 
PE39632,PE3963,(주)신진상사,경기,의정부시,녹양동,경기도 의정부시 녹양로 65,D13951,강남스타대리점,중복점,12%,33,4,, - ,2,2,,1,1,50.00%,, - , - 
PE86421,PE8642,주식회사 원리퍼블릭,경기,의정부시,의정부동,경기의정부시가능로162,D15146,PS&M,PS_전속,100%,33,33,,2,27,4,,8,19,70.40%,, - , - 
PE43501,PE4350,더샵모바일,경기,의정부시,산곡동,경기도 의정부시 문화로 38,D13546,ACT대리점,중복점,81%,32,26,, - ,18,8,,9,9,50.00%,, - ,2
PE43502,PE4350,더샵모바일,경기,의정부시,산곡동,경기도 의정부시 문화로 38,D13858,새서울대리점,중복점,19%,32,6,, - , - ,6,, - , - ,0.00%,, - , - 
PE47351,PE4735,새롬,서울,광진구,구의동,서울특별시 광진구 광나루로56길 85,D15051,프리스비,수도권_전속,100%,31,31,, - ,6,25,,5,1,16.70%,, - ,1
PE76151,PE7615,휴대폰성지 최싸폰 동탄점,경기,화성시 동탄구,영천동,경기도 화성시 동탄순환대로 697,D13357,가능대리점,수도권_전속,100%,31,31,, - ,30,1,,14,16,53.30%,, - ,1
PE88851,PE8885,운암,경기,오산시,오산동,경기도 오산시 성호대로 121,D13469,코넥,중복점,83%,30,25,, - ,23,2,,23, - ,0.00%,, - ,3
PE88852,PE8885,운암,경기,오산시,오산동,경기도 오산시 성호대로 121,D13622,MD대리점,중복점,17%,30,5,,1,4, - ,,4, - ,0.00%,, - ,2
PC55161,PC5516,이다글로벌 영천,경기,화성시 동탄구,영천동,경기도 화성시 동탄순환대로 686,D13622,MD대리점,중복점,83%,29,24,,1,17,6,,17, - ,0.00%,,1,2
PC55162,PC5516,이다글로벌 영천,경기,화성시 동탄구,영천동,경기도 화성시 동탄순환대로 686,D13469,코넥,중복점,17%,29,5,, - ,4,1,,4, - ,0.00%,, - ,2
PC56931,PC5693,에스엠모바일,경기,안양시 만안구,안양동,경기도 안양시 만안구 안양로 지하301,D15157,근흥대리점,중복점,93%,28,26,, - ,15,11,,13,2,13.30%,, - ,1
PC56932,PC5693,에스엠모바일,경기,안양시 만안구,안양동,경기도 안양시 만안구 안양로 지하301,D13952,참스타대리점,중복점,7%,28,2,, - ,1,1,,1, - ,0.00%,, - ,1
PC75511,PC7551,번개폰,서울,구로구,구로동,서울특별시 구로구 공원로8길 29,D13225,광장대리점,수도권_전속,100%,28,28,, - ,9,19,,4,5,55.60%,, - , - 
PE75651,PE7565,모든폰 강변테크노점,서울,광진구,구의동,서울특별시 광진구 광나루로56길 85,D13965,대교대리점,수도권_전속,100%,28,28,, - ,4,24,,3,1,25.00%,,1, - 
PE67991,PE6799,휴대폰성지 달인폰센터 고양점,경기,고양시 덕양구,원흥동,경기도 고양시 덕양구 삼송로 12,D13622,MD대리점,중복점,93%,27,25,,2,7,16,,4,3,42.90%,, - , - 
PE67992,PE6799,휴대폰성지 달인폰센터 고양점,경기,고양시 덕양구,원흥동,경기도 고양시 덕양구 삼송로 12,D14342,신창대리점,중복점,7%,27,2,, - , - ,2,, - , - ,0.00%,, - , - 
P098651,P09865,주식회사 럭키정보통신,경기,수원시 장안구,천천동,경기도 수원시 장안구 만석로19번길 41-9,D13965,대교대리점,수도권_전속,100%,26,26,,2,5,19,,5, - ,0.00%,, - ,1
PE59161,PE5916,티아이앤이,서울,동작구,대방동,서울특별시 동작구 상도로 37,D13225,광장대리점,수도권_전속,100%,26,26,, - ,21,5,,11,10,47.60%,,1,1
PE70541,PE7054,휴대폰성지 폰슐랭 오산점,경기,오산시,원동,경기도 오산시 원동로 22,D13546,ACT대리점,중복점,85%,26,22,,1,15,6,,13,2,13.30%,, - ,5
PE70542,PE7054,휴대폰성지 폰슐랭 오산점,경기,오산시,원동,경기도 오산시 원동로 22,D15157,근흥대리점,중복점,15%,26,4,, - , - ,4,, - , - ,0.00%,, - , - 
PE83951,PE8395,휴대폰성지 슈퍼성지폰,경기,화성시 병점구,병점동,경기도 화성시 병점노을4로 19,D15121,CD대리점,중복점,96%,26,25,, - ,24,1,,15,9,37.50%,, - ,2
PE83952,PE8395,휴대폰성지 슈퍼성지폰,경기,화성시 병점구,병점동,경기도 화성시 병점노을4로 19,D13965,대교대리점,중복점,4%,26,1,,1, - , - ,, - , - ,0.00%,, - , - 
PE84201,PE8420,파인즈  수서점,서울,강남구,수서동,서울특별시 강남구 밤고개로1길 10,D13827,지은대리점,수도권_전속,100%,26,26,, - ,26, - ,,25,1,3.80%,,1,3
PE91351,PE9135,네파모바일즈,경기,수원시 팔달구,매산로1가,경기도 수원시 팔달구 매산로 2-10,D13827,지은대리점,수도권_전속,100%,26,26,, - ,26, - ,,5,21,80.80%,, - , - 
PE93091,PE9309,일타폰청라성지,인천,서구,청라동,"인천 서구 청라루비로 76,",D13952,참스타대리점,수도권_전속,100%,26,26,, - ,2,24,, - ,2,100.00%,, - , - 
PC67131,PC6713,휴대폰할인매장,경기,구리시,수택동,경기도 구리시 장자대로 72,D13742,한유대리점,수도권_전속,100%,25,25,, - ,23,2,,5,18,78.30%,, - , - 
PC96411,PC9641,오라방텔레콤 센트럴돔점,경기,평택시,비전동,경기도 평택시 비전5로 10,D14674,서울ent대리점,수도권_전속,100%,25,25,, - ,7,18,,7, - ,0.00%,, - ,2
PE76321,PE7632,핸드폰클리닉 성지 민락점,경기,의정부시,민락동,경기도 의정부시 오목로225번길 157,D13965,대교대리점,수도권_전속,100%,25,25,, - ,9,16,,9, - ,0.00%,, - ,1
P966901,P96690,판매왕,경기,하남시,신장동,경기도 하남시 신평로 71,D15173,정원대리점,중복점,75%,24,18,,1,15,2,,15, - ,0.00%,, - ,1
P966902,P96690,판매왕,경기,하남시,신장동,경기도 하남시 신평로 71,D13858,새서울대리점,중복점,25%,24,6,, - ,3,3,,3, - ,0.00%,, - , - 
PA49181,PA4918,휴대폰성지 동탄미소폰 반송점,경기,화성시 동탄구,반송동,경기도 화성시 동탄중앙로 76,D13622,MD대리점,수도권_전속,100%,24,24,,1,16,7,,14,2,12.50%,, - ,6
PC71071,PC7107,휴대폰성지 사자폰 구리점,경기,구리시,교문동,경기도 구리시 이문안로 7,D14674,서울ent대리점,중복점,92%,24,22,, - ,22, - ,,15,7,31.80%,, - , - 
PC71072,PC7107,휴대폰성지 사자폰 구리점,경기,구리시,교문동,경기도 구리시 이문안로 7,D13827,지은대리점,중복점,8%,24,2,, - , - ,2,, - , - ,0.00%,, - , - 
PE87921,PE8792,휴대폰성지 폰슐랭 수원지점,경기,수원시 권선구,금곡동,경기도 수원시 권선구 금곡로 116,D15157,근흥대리점,중복점,54%,24,13,, - ,4,9,,4, - ,0.00%,, - ,1
PE87922,PE8792,휴대폰성지 폰슐랭 수원지점,경기,수원시 권선구,금곡동,경기도 수원시 권선구 금곡로 116,D13546,ACT대리점,중복점,42%,24,10,, - , - ,10,, - , - ,0.00%,, - , - 
PE87923,PE8792,휴대폰성지 폰슐랭 수원지점,경기,수원시 권선구,금곡동,경기도 수원시 권선구 금곡로 116,D14674,서울ent대리점,중복점,4%,24,1,, - , - ,1,, - , - ,0.00%,, - , - 
P296691,P29669,주호텔레콤,인천,계양구,계산동,인천광역시 계양구 경명대로 1071,D13742,한유대리점,중복점,87%,23,20,,1,4,15,,4, - ,0.00%,, - , - 
P296692,P29669,주호텔레콤,인천,계양구,계산동,인천광역시 계양구 경명대로 1071,D13858,새서울대리점,중복점,13%,23,3,, - , - ,3,, - , - ,0.00%,, - , - 
P520851,P52085,세연텔레콤,강원,강릉시,입암동,강원강릉시용지로511,D15146,PS&M,PS_전속,100%,23,23,,2,11,10,,11, - ,0.00%,, - , - 
P809101,P80910,휴대폰아울렛,경기,안성시,석정동,경기도안성시중앙로252,D15146,PS&M,PS_전속,100%,23,23,, - ,12,11,,9,3,25.00%,, - , - 
P899991,P89999,엘에스티,경기,수원시 영통구,매탄동,경기도 수원시 영통구 인계로 212,D13965,대교대리점,중복점,52%,23,12,, - ,12, - ,,7,5,41.70%,, - , - 
P899992,P89999,엘에스티,경기,수원시 영통구,매탄동,경기도 수원시 영통구 인계로 212,D15146,PS&M,중복점,48%,23,11,, - ,7,4,,3,4,57.10%,, - , - 
PA44811,PA4481,휴대폰성지 도매폰 본점,서울,강북구,미아동,서울특별시 강북구 월계로 53,D13965,대교대리점,중복점,52%,23,12,, - ,1,11,, - ,1,100.00%,, - ,1
PA44812,PA4481,휴대폰성지 도매폰 본점,서울,강북구,미아동,서울특별시 강북구 월계로 53,D13827,지은대리점,중복점,39%,23,9,, - ,7,2,,3,4,57.10%,, - ,1
PA44813,PA4481,휴대폰성지 도매폰 본점,서울,강북구,미아동,서울특별시 강북구 월계로 53,D15176,ACE대리점,중복점,4%,23,1,,1, - , - ,, - , - ,0.00%,, - , - 
PA44814,PA4481,휴대폰성지 도매폰 본점,서울,강북구,미아동,서울특별시 강북구 월계로 53,D15146,PS&M,중복점,4%,23,1,,1, - , - ,, - , - ,0.00%,, - , - 
PC18251,PC1825,이다글로벌 남양주,경기,남양주시,평내동,경기도 남양주시 경춘로1256번길 20,D13469,코넥,중복점,57%,23,13,, - ,10,3,,9,1,10.00%,, - ,3
PC18252,PC1825,이다글로벌 남양주,경기,남양주시,평내동,경기도 남양주시 경춘로1256번길 20,D13622,MD대리점,중복점,43%,23,10,, - ,7,3,,4,3,42.90%,, - ,3
PC27481,PC2748,사랑통신1호점,경기,광주시,경안동,경기도 광주시 중앙로 108,D15121,CD대리점,수도권_전속,100%,23,23,, - ,17,6,,16,1,5.90%,, - ,3
PC82901,PC8290,(주)알케이유통,경기,안산시 단원구,원곡동,경기도 안산시 단원구 중앙대로 457-1,D13965,대교대리점,수도권_전속,100%,23,23,, - ,23, - ,,6,17,73.90%,, - ,1
PE77171,PE7717,휴대폰성지 이노 신대방점,서울,관악구,봉천동,서울특별시 관악구 보라매로5길 5,D15157,근흥대리점,수도권_전속,100%,23,23,,1,19,3,,2,17,89.50%,, - , - 
PE81331,PE8133,휴대폰성지KR모바일인하대역점,인천,미추홀구,용현동,인천광역시 미추홀구 독배로 311,D13965,대교대리점,중복점,78%,23,18,, - , - ,18,, - , - ,0.00%,, - , - 
PE81332,PE8133,휴대폰성지KR모바일인하대역점,인천,미추홀구,용현동,인천광역시 미추홀구 독배로 311,D14746,유원대리점,중복점,22%,23,5,, - , - ,5,, - , - ,0.00%,, - , - 
PE82761,PE8276,휴대폰성지 싸당 남양주 다산,경기,남양주시,다산동,경기도 남양주시 다산중앙로172번길 36,D13965,대교대리점,수도권_전속,100%,23,23,, - ,2,21,,1,1,50.00%,, - , - 
P495301,P49530,폰마을,경기,수원시 장안구,파장동,경기도 수원시 장안구 파장로 82,D13469,코넥,수도권_전속,100%,22,22,, - ,11,11,,11, - ,0.00%,, - ,1
PC97971,PC9797,대박통신,경기,용인시 수지구,죽전동,경기도 용인시 수지구 대지로 36,D15121,CD대리점,수도권_전속,100%,22,22,,1,11,10,,11, - ,0.00%,, - , - 
PC98471,PC9847,휴대폰성지 대박통신 장지본점,서울,송파구,문정동,서울특별시 송파구 송파대로 98,D15121,CD대리점,중복점,73%,22,16,,2,3,11,,3, - ,0.00%,, - ,1
PC98472,PC9847,휴대폰성지 대박통신 장지본점,서울,송파구,문정동,서울특별시 송파구 송파대로 98,D15146,PS&M,중복점,27%,22,6,,1,1,4,,1, - ,0.00%,, - , - 
PE15741,PE1574,중앙모바일,경기,수원시 장안구,율전동,경기도 수원시 장안구 서부로 2139,D13622,MD대리점,수도권_전속,100%,22,22,, - ,4,18,,3,1,25.00%,, - , - 
PE45401,PE4540,나르샤 화성,경기,화성시 동탄구,여울동,경기도 화성시 동탄역로 54,D14746,유원대리점,중복점,64%,22,14,, - ,1,13,,1, - ,0.00%,, - ,1
PE45402,PE4540,나르샤 화성,경기,화성시 동탄구,여울동,경기도 화성시 동탄역로 54,D15121,CD대리점,중복점,32%,22,7,, - , - ,7,, - , - ,0.00%,, - , - 
PE45403,PE4540,나르샤 화성,경기,화성시 동탄구,여울동,경기도 화성시 동탄역로 54,F13586,신도SDR,중복점,5%,22,1,, - , - ,1,, - , - ,0.00%,, - , - 
P169951,P16995,하늘정보통신,경기,안산시 단원구,와동,경기도 안산시 단원구 와동공원로 139,D13622,MD대리점,중복점,62%,21,13,,1,9,3,,9, - ,0.00%,, - ,1
P169952,P16995,하늘정보통신,경기,안산시 단원구,와동,경기도 안산시 단원구 와동공원로 139,D15146,PS&M,중복점,38%,21,8,, - ,5,3,,5, - ,0.00%,, - , - 
P579361,P57936,은하통신,경기,의왕시,오전동,경기도 의왕시 오전로 206,D13965,대교대리점,중복점,90%,21,19,, - ,1,18,,1, - ,0.00%,, - , - 
P579362,P57936,은하통신,경기,의왕시,오전동,경기도 의왕시 오전로 206,D13827,지은대리점,중복점,5%,21,1,, - ,1, - ,,1, - ,0.00%,, - , - 
P579363,P57936,은하통신,경기,의왕시,오전동,경기도 의왕시 오전로 206,D15121,CD대리점,중복점,5%,21,1,, - ,1, - ,, - ,1,100.00%,, - , - 
P946411,P94641,주식회사제이에이치모바일,경기,수원시 권선구,금곡동,경기도 수원시 권선구 금곡로102번길 15,D15051,프리스비,중복점,67%,21,14,,2,7,5,,7, - ,0.00%,, - ,3
P946412,P94641,주식회사제이에이치모바일,경기,수원시 권선구,금곡동,경기도 수원시 권선구 금곡로102번길 15,D13965,대교대리점,중복점,33%,21,7,, - ,1,6,,1, - ,0.00%,, - , - 
PC08241,PC0824,대박모바일,경기,안산시 단원구,신길동,경기도 안산시 단원구 중앙대로 409,D13622,MD대리점,수도권_전속,100%,21,21,,2,18,1,,8,10,55.60%,, - ,2
PC23691,PC2369,(주)에스티제이 수지구청점,경기,용인시 수지구,풍덕천동,경기도 용인시 수지구 풍덕천로 127,D13542,삼보대리점,중복점,76%,21,16,, - ,14,2,,14, - ,0.00%,, - , - 
PC23692,PC2369,(주)에스티제이 수지구청점,경기,용인시 수지구,풍덕천동,경기도 용인시 수지구 풍덕천로 127,D13965,대교대리점,중복점,24%,21,5,, - ,4,1,,4, - ,0.00%,, - , - 
PE13771,PE1377,와룡컴퍼니 원주 중앙점,강원,원주시,중앙동,강원특별자치도 원주시 원일로 106-3,D13965,대교대리점,중복점,95%,21,20,,3,14,3,,12,2,14.30%,, - ,1
PE13772,PE1377,와룡컴퍼니 원주 중앙점,강원,원주시,중앙동,강원특별자치도 원주시 원일로 106-3,D15121,CD대리점,중복점,5%,21,1,, - , - ,1,, - , - ,0.00%,, - , - 
PE14641,PE1464,인텔레콤2,서울,구로구,구로동,서울특별시 구로구 새말로 97,D13546,ACT대리점,중복점,76%,21,16,, - ,15,1,,9,6,40.00%,, - , - 
PE14642,PE1464,인텔레콤2,서울,구로구,구로동,서울특별시 구로구 새말로 97,D13462,광운대리점,중복점,24%,21,5,, - , - ,5,, - , - ,0.00%,, - , - 
PE38381,PE3838,주식회사 아람네트웍스,경기,의정부시,민락동,경기도 의정부시 오목로 196,D13357,가능대리점,수도권_전속,100%,21,21,, - ,2,19,,1,1,50.00%,, - , - 
PE81951,PE8195,휴대폰성지 인생네폰 가산점,서울,금천구,가산동,서울특별시 금천구 가산디지털1로 24,D13827,지은대리점,중복점,67%,21,14,, - ,1,13,,1, - ,0.00%,, - , - 
PE81952,PE8195,휴대폰성지 인생네폰 가산점,서울,금천구,가산동,서울특별시 금천구 가산디지털1로 24,D13622,MD대리점,중복점,33%,21,7,, - , - ,7,, - , - ,0.00%,, - , - 
PE91011,PE9101,휴대폰성지 정직폰 용인점,경기,용인시 기흥구,구갈동,"경기 용인시 기흥구 기흥역로 9,",D15121,CD대리점,중복점,52%,21,11,, - ,5,6,,5, - ,0.00%,, - ,1
PE91012,PE9101,휴대폰성지 정직폰 용인점,경기,용인시 기흥구,구갈동,"경기 용인시 기흥구 기흥역로 9,",D13357,가능대리점,중복점,24%,21,5,, - ,2,3,, - ,2,100.00%,, - , - 
PE91013,PE9101,휴대폰성지 정직폰 용인점,경기,용인시 기흥구,구갈동,"경기 용인시 기흥구 기흥역로 9,",D13965,대교대리점,중복점,24%,21,5,, - ,2,3,,2, - ,0.00%,, - , - 
P623221,P62322,주식회사 스마일통신,서울,양천구,신정동,서울특별시 양천구 목동동로8길 19,D15051,프리스비,수도권_전속,100%,20,20,, - ,20, - ,,18,2,10.00%,, - , - 
P857931,P85793,스카이3텔레콤,경기,고양시 일산동구,마두동,경기도 고양시 일산동구 중앙로 1130,D14342,신창대리점,중복점,90%,20,18,,2,16, - ,,16, - ,0.00%,, - ,4
P857932,P85793,스카이3텔레콤,경기,고양시 일산동구,마두동,경기도 고양시 일산동구 중앙로 1130,D15146,PS&M,중복점,10%,20,2,, - ,2, - ,,2, - ,0.00%,, - , - 
P864271,P86427,(주)엠케이아이엔씨,경기,성남시 중원구,성남동,경기도 성남시 중원구 산성대로 지하 204-5,D13469,코넥,중복점,90%,20,18,, - ,2,16,,1,1,50.00%,, - , - 
P864272,P86427,(주)엠케이아이엔씨,경기,성남시 중원구,성남동,경기도 성남시 중원구 산성대로 지하 204-5,D14674,서울ent대리점,중복점,10%,20,2,,2, - , - ,, - , - ,0.00%,, - , - 
P892911,P89291,상상통신,서울,광진구,군자동,서울특별시 광진구 광나루로 369,D13225,광장대리점,중복점,60%,20,12,, - ,2,10,,2, - ,0.00%,, - ,2
P892912,P89291,상상통신,서울,광진구,군자동,서울특별시 광진구 광나루로 369,D15146,PS&M,중복점,40%,20,8,, - ,6,2,,5,1,16.70%,, - , - 
P901831,P90183,오투모바일,인천,서구,불로동,인천광역시 서구 검단로 842,D13124,UNI대리점,수도권_전속,100%,20,20,, - ,17,3,,9,8,47.10%,, - ,1
PC23211,PC2321,모바일샵,경기,수원시 권선구,금곡동,경기도 수원시 권선구 금곡로 46,D13469,코넥,중복점,80%,20,16,, - ,13,3,,13, - ,0.00%,, - ,2
PC23212,PC2321,모바일샵,경기,수원시 권선구,금곡동,경기도 수원시 권선구 금곡로 46,D15146,PS&M,중복점,20%,20,4,, - ,2,2,,2, - ,0.00%,, - , - 
PC69551,PC6955,리치컴퍼니,경기,화성시 효행구,봉담읍,경기도 화성시 봉담읍 상리중심상가길 28-18,D13542,삼보대리점,수도권_전속,100%,20,20,,4,11,5,,11, - ,0.00%,, - ,3
PE41811,PE4181,(주)핸드폰마을,서울,강동구,성내동,서울특별시 강동구 양재대로 1365,D15176,ACE대리점,중복점,90%,20,18,, - ,16,2,,8,8,50.00%,, - ,2
PE41812,PE4181,(주)핸드폰마을,서울,강동구,성내동,서울특별시 강동구 양재대로 1365,D13952,참스타대리점,중복점,10%,20,2,, - , - ,2,, - , - ,0.00%,, - , - 
PE55931,PE5593,라인,서울,광진구,구의동,서울특별시 광진구 광나루로56길 85,D13225,광장대리점,수도권_전속,100%,20,20,, - ,4,16,,4, - ,0.00%,, - ,2
PE85491,PE8549,휴대폰성지 펭귄모바일 동탄점,경기,화성시 동탄구,반송동,경기도 화성시 동탄반석로 193,D13965,대교대리점,중복점,95%,20,19,, - ,1,18,,1, - ,0.00%,, - , - 
PE85492,PE8549,휴대폰성지 펭귄모바일 동탄점,경기,화성시 동탄구,반송동,경기도 화성시 동탄반석로 193,D13622,MD대리점,중복점,5%,20,1,, - , - ,1,, - , - ,0.00%,, - , - 
P108991,P10899,지은텔레콤,서울,광진구,구의동,서울특별시 광진구 광나루로56길 85,D13622,MD대리점,수도권_전속,100%,19,19,, - ,5,14,,5, - ,0.00%,, - ,1
P507951,P50795,주식회사 수호,인천,남동구,논현동,인천광역시 남동구 논현역로 22,D13952,참스타대리점,수도권_전속,100%,19,19,, - ,1,18,,1, - ,0.00%,, - , - 
P922191,P92219,케이엠모바일,서울,마포구,망원동,서울특별시 마포구 월드컵로13길 31,D15121,CD대리점,수도권_전속,100%,19,19,,2,13,4,,8,5,38.50%,, - , - 
P966101,P96610,사과Two,경기,화성시 효행구,봉담읍,경기도 화성시 효행구 봉담읍 와우로73번길 6,D13124,UNI대리점,수도권_전속,100%,19,19,,5,8,6,,8, - ,0.00%,, - ,1
PC15671,PC1567,어셈블 진접본점,경기,남양주시,진접읍,"경기 남양주시 진접읍 해밀예당3로 59,",D15146,PS&M,중복점,58%,19,11,,1,10, - ,,10, - ,0.00%,, - , - 
PC15672,PC1567,어셈블 진접본점,경기,남양주시,진접읍,"경기 남양주시 진접읍 해밀예당3로 59,",D15173,정원대리점,중복점,42%,19,8,,1,5,2,,5, - ,0.00%,, - , - 
PC36841,PC3684,스카이통신,서울,강남구,대치동,서울특별시 강남구 삼성로 221,D13225,광장대리점,중복점,47%,19,9,, - ,1,8,,1, - ,0.00%,, - , - 
PC36842,PC3684,스카이통신,서울,강남구,대치동,서울특별시 강남구 삼성로 221,D15176,ACE대리점,중복점,26%,19,5,, - ,1,4,, - ,1,100.00%,, - , - 
PC36843,PC3684,스카이통신,서울,강남구,대치동,서울특별시 강남구 삼성로 221,D13827,지은대리점,중복점,21%,19,4,, - ,1,3,,1, - ,0.00%,, - ,1
PC36844,PC3684,스카이통신,서울,강남구,대치동,서울특별시 강남구 삼성로 221,D15117,알파대리점,중복점,5%,19,1,, - , - ,1,, - , - ,0.00%,, - , - 
PC51451,PC5145,리오,서울,광진구,구의동,서울특별시 광진구 광나루로56길 85,D13462,광운대리점,수도권_전속,100%,19,19,,2,9,8,,4,5,55.60%,, - ,1
PC53891,PC5389,인천휴대폰성지의형제핸드폰성지,인천,연수구,연수동,인천광역시 연수구 용담로 129,D13965,대교대리점,중복점,58%,19,11,,1,6,4,,5,1,16.70%,, - ,1
PC53892,PC5389,인천휴대폰성지의형제핸드폰성지,인천,연수구,연수동,인천광역시 연수구 용담로 129,D13952,참스타대리점,중복점,42%,19,8,,1,1,6,,1, - ,0.00%,, - ,1
PC70931,PC7093,케이모바일,경기,화성시 동탄구,목동,경기도 화성시 동탄순환대로18길 16,D13827,지은대리점,수도권_전속,100%,19,19,, - ,16,3,,11,5,31.30%,, - ,6
PC96121,PC9612,엠제이통신 동탄4호점,경기,화성시 동탄구,반송동,경기도 화성시 동탄반석로 144,D13542,삼보대리점,수도권_전속,100%,19,19,,2,12,5,,12, - ,0.00%,, - ,5
PE32531,PE3253,총각네텔레콤 포승,경기,평택시,포승읍,경기도 평택시 포승읍 여술2길 35,D15146,PS&M,중복점,68%,19,13,, - ,2,11,,2, - ,0.00%,, - , - 
PE32532,PE3253,총각네텔레콤 포승,경기,평택시,포승읍,경기도 평택시 포승읍 여술2길 35,D14674,서울ent대리점,중복점,32%,19,6,,1,2,3,,2, - ,0.00%,, - , - 
P127441,P12744,시대정보통신,인천,부평구,부평동,인천광역시 부평구 부흥로328번길 3,D15121,CD대리점,수도권_전속,100%,18,18,, - ,4,14,,3,1,25.00%,, - ,3
P231571,P23157,숙지정보통신,경기,수원시 팔달구,화서동,경기도 수원시 팔달구 화양로 34,D13965,대교대리점,중복점,83%,18,15,, - ,5,10,,3,2,40.00%,, - , - 
P231572,P23157,숙지정보통신,경기,수원시 팔달구,화서동,경기도 수원시 팔달구 화양로 34,D15146,PS&M,중복점,11%,18,2,,1, - ,1,, - , - ,0.00%,, - , - 
P231573,P23157,숙지정보통신,경기,수원시 팔달구,화서동,경기도 수원시 팔달구 화양로 34,D13469,코넥,중복점,6%,18,1,, - , - ,1,, - , - ,0.00%,, - , - 
P936611,P93661,제이엠모바일,서울,구로구,구로동,서울특별시 구로구 새말로 97,D13225,광장대리점,수도권_전속,100%,18,18,, - ,15,3,,15, - ,0.00%,, - , - 
P953231,P95323,휴대폰성지동탄미소폰동탄역점,경기,화성시 동탄구,여울동,경기도 화성시 동탄대로 489,D13622,MD대리점,중복점,67%,18,12,, - ,2,10,,2, - ,0.00%,, - ,3
P953232,P95323,휴대폰성지동탄미소폰동탄역점,경기,화성시 동탄구,여울동,경기도 화성시 동탄대로 489,D13469,코넥,중복점,33%,18,6,, - ,4,2,,4, - ,0.00%,, - , - 
PA25541,PA2554,하나로통신,경기,수원시 권선구,구운동,경기도 수원시 권선구 서부로 1937,D13965,대교대리점,수도권_전속,100%,18,18,, - ,11,7,,9,2,18.20%,, - , - 
PC80771,PC8077,고래통신,경기,광명시,광명동,경기도광명시오리로970,D23273,예스대리점,부산_전속,100%,18,18,, - , - ,18,, - , - ,0.00%,, - , - 
PE41321,PE4132,용인휴대폰성지도매아울렛7호점,경기,용인시 기흥구,마북동,경기도 용인시 기흥구 마북로154번길 3,D13542,삼보대리점,수도권_전속,100%,18,18,,1,11,6,,11, - ,0.00%,, - ,8
PE43771,PE4377,시흥휴대폰성지 도매아울렛8점,경기,시흥시,장곡동,경기도 시흥시 장현장곡로 6,D13542,삼보대리점,수도권_전속,100%,18,18,,4,11,3,,11, - ,0.00%,, - ,4
PE47341,PE4734,나르샤 강남,서울,강남구,논현동,서울특별시 강남구 강남대로146길 28,D14746,유원대리점,중복점,44%,18,8,, - ,1,7,, - ,1,100.00%,, - , - 
PE47342,PE4734,나르샤 강남,서울,강남구,논현동,서울특별시 강남구 강남대로146길 28,F13586,신도SDR,중복점,39%,18,7,,1, - ,6,, - , - ,0.00%,, - , - 
PE47343,PE4734,나르샤 강남,서울,강남구,논현동,서울특별시 강남구 강남대로146길 28,D15121,CD대리점,중복점,17%,18,3,, - ,2,1,,1,1,50.00%,, - , - 
PE48241,PE4824,원주휴대폰성지 아찾폰 무실점,강원,원주시,무실동,강원특별자치도 원주시 능라동길 51,D15146,PS&M,PS_전속,100%,18,18,, - ,11,7,,10,1,9.10%,, - , - 
PE56201,PE5620,(주)엠지에이아이 영통점,경기,수원시 영통구,영통동,경기도 수원시 영통구 반달로 21,D15051,프리스비,수도권_전속,100%,18,18,, - ,14,4,,5,9,64.30%,,1,2
PE63431,PE6343,주텔레콤,서울,광진구,구의동,서울특별시 광진구 광나루로56길 85,D13622,MD대리점,수도권_전속,100%,18,18,, - ,1,17,,1, - ,0.00%,, - , - 
PE93851,PE9385,케이알모바일 안산그랑자이점,경기,안산시 상록구,사동,경기도 안산시 상록구 해양1로 199,D13965,대교대리점,수도권_전속,100%,18,18,, - ,10,8,,10, - ,0.00%,, - ,1
P563671,P56367,um통신,경기,여주시,홍문동,경기도 여주시 세종로 29,D15146,PS&M,PS_전속,100%,17,17,,4,3,10,, - ,3,100.00%,, - , - 
P910051,P91005,홍진텔레콤,경기,용인시 처인구,포곡읍,경기도 용인시 처인구 포곡읍 포곡로 113,D15146,PS&M,중복점,76%,17,13,, - ,2,11,,2, - ,0.00%,, - , - 
P910052,P91005,홍진텔레콤,경기,용인시 처인구,포곡읍,경기도 용인시 처인구 포곡읍 포곡로 113,D13469,코넥,중복점,12%,17,2,, - , - ,2,, - , - ,0.00%,, - , - 
P910053,P91005,홍진텔레콤,경기,용인시 처인구,포곡읍,경기도 용인시 처인구 포곡읍 포곡로 113,D14674,서울ent대리점,중복점,12%,17,2,,1, - ,1,, - , - ,0.00%,, - , - 
PA66121,PA6612,휴대폰성지 1등폰 왕십리점,서울,성동구,행당동,서울특별시 성동구 왕십리로 309,D13542,삼보대리점,중복점,88%,17,15,, - ,4,11,,3,1,25.00%,, - ,1
PA66122,PA6612,휴대폰성지 1등폰 왕십리점,서울,성동구,행당동,서울특별시 성동구 왕십리로 309,D14342,신창대리점,중복점,6%,17,1,, - ,1, - ,,1, - ,0.00%,, - ,2
PA66123,PA6612,휴대폰성지 1등폰 왕십리점,서울,성동구,행당동,서울특별시 성동구 왕십리로 309,D13357,가능대리점,중복점,6%,17,1,, - , - ,1,, - , - ,0.00%,, - , - 
PC04321,PC0432,다온모바일,서울,송파구,장지동,서울특별시 송파구 위례광장로 120,D15051,프리스비,중복점,82%,17,14,, - ,8,6,,8, - ,0.00%,, - ,1
PC04322,PC0432,다온모바일,서울,송파구,장지동,서울특별시 송파구 위례광장로 120,F13586,신도SDR,중복점,18%,17,3,, - ,1,2,,1, - ,0.00%,, - , - 
PE51541,PE5154,에스제이모바일,서울,송파구,문정동,"서울 송파구 충민로 66,",D15173,정원대리점,중복점,88%,17,15,, - ,1,14,, - ,1,100.00%,, - , - 
PE51542,PE5154,에스제이모바일,서울,송파구,문정동,"서울 송파구 충민로 66,",D15051,프리스비,중복점,12%,17,2,, - , - ,2,, - , - ,0.00%,, - , - 
PE63811,PE6381,휴대폰성지 휴대폰파크 노원점,서울,노원구,상계동,서울특별시 노원구 노해로 507,D15121,CD대리점,수도권_전속,100%,17,17,, - , - ,17,, - , - ,0.00%,, - , - 
PE67431,PE6743,휴대폰성지 폰명장 고무신,인천,미추홀구,숭의동,인천광역시 미추홀구 독배로 437,F13586,신도SDR,수도권_전속,100%,17,17,,2,7,8,,5,2,28.60%,, - ,1
PE71001,PE7100,더폰,서울,구로구,구로동,서울특별시 구로구 새말로 97,D15157,근흥대리점,수도권_전속,100%,17,17,, - ,1,16,,1, - ,0.00%,, - ,1
P714201,P71420,우광통신,경기,광명시,광명동,경기도 광명시 광명로 830,D14746,유원대리점,중복점,69%,16,11,,4,6,1,,5,1,16.70%,, - , - 
P714202,P71420,우광통신,경기,광명시,광명동,경기도 광명시 광명로 830,D13965,대교대리점,중복점,31%,16,5,, - ,2,3,,1,1,50.00%,, - , - 
P848761,P84876,옐로우통신,경기,시흥시,신천동,경기도 시흥시 시흥대로1073번길 3,D13622,MD대리점,수도권_전속,100%,16,16,,1,13,2,,12,1,7.70%,, - , - 
PA43131,PA4313,지오텔레콤,경기,동두천시,지행동,경기도 동두천시 지행로 56,D15117,알파대리점,수도권_전속,100%,16,16,,1,7,8,,6,1,14.30%,, - , - 
PA57451,PA5745,케이컴퍼니,경기,양주시,옥정동,경기도 양주시 옥정로 208,D15146,PS&M,중복점,88%,16,14,,1,10,3,,10, - ,0.00%,, - , - 
PA57452,PA5745,케이컴퍼니,경기,양주시,옥정동,경기도 양주시 옥정로 208,D13357,가능대리점,중복점,13%,16,2,, - , - ,2,, - , - ,0.00%,, - , - 
PC21851,PC2185,주식회사 서린글로벌 향남점,경기,화성시 만세구,향남읍,경기도 화성시 향남읍 발안로 116,D13469,코넥,수도권_전속,100%,16,16,, - ,7,9,,7, - ,0.00%,, - ,1
PC75421,PC7542,모바일랜드,경기,이천시,창전동,경기도 이천시 어재연로37번길 10,D13827,지은대리점,중복점,94%,16,15,,1,4,10,,4, - ,0.00%,, - ,2
PC75422,PC7542,모바일랜드,경기,이천시,창전동,경기도 이천시 어재연로37번길 10,D15146,PS&M,중복점,6%,16,1,, - , - ,1,, - , - ,0.00%,, - , - 
PC88991,PC8899,금릉폰,경기,파주시,금촌동,경기도 파주시 금빛로 24,D13622,MD대리점,수도권_전속,100%,16,16,,2,5,9,,4,1,20.00%,, - , - 
PE04121,PE0412,월드텔레콤2,경기,용인시 처인구,백암면,경기도 용인시 처인구 백암면 백암로201번길 19,D15146,PS&M,중복점,88%,16,14,,3,2,9,,2, - ,0.00%,, - , - 
PE04122,PE0412,월드텔레콤2,경기,용인시 처인구,백암면,경기도 용인시 처인구 백암면 백암로201번길 19,D13469,코넥,중복점,13%,16,2,, - , - ,2,, - , - ,0.00%,, - , - 
PE16001,PE1600,광교휴대폰성지 도매아울렛,경기,용인시 수지구,상현동,경기도 용인시 수지구 광교중앙로 320,D13542,삼보대리점,수도권_전속,100%,16,16,, - ,11,5,,11, - ,0.00%,, - ,8
PE25951,PE2595,수원 경기대,경기,수원시 영통구,이의동,경기도 수원시 영통구 대학로 34,D15146,PS&M,중복점,81%,16,13,, - ,9,4,,7,2,22.20%,, - , - 
PE25952,PE2595,수원 경기대,경기,수원시 영통구,이의동,경기도 수원시 영통구 대학로 34,D14342,신창대리점,중복점,19%,16,3,, - ,3, - ,,3, - ,0.00%,, - ,2
PE39741,PE3974,(주)대박모바일,경기,포천시,소흘읍,경기도 포천시 소흘읍 봉솔로5길 27,D13546,ACT대리점,중복점,94%,16,15,,2,8,5,,8, - ,0.00%,, - ,3
PE39742,PE3974,(주)대박모바일,경기,포천시,소흘읍,경기도 포천시 소흘읍 봉솔로5길 27,D15146,PS&M,중복점,6%,16,1,, - , - ,1,, - , - ,0.00%,, - , - 
PE47091,PE4709,수 글로벌 남양점,경기,화성시 만세구,남양읍,경기도 화성시 남양읍 시청로 107,D13965,대교대리점,수도권_전속,100%,16,16,, - ,5,11,,5, - ,0.00%,, - , - 
PE49481,PE4948,엘케이모바일 안양점,경기,안양시 만안구,안양동,경기도 안양시 만안구 안양로 314,D13965,대교대리점,수도권_전속,100%,16,16,, - ,9,7,,8,1,11.10%,, - ,5
PE57971,PE5797,원주휴대폰쇼핑몰 AK점,강원,원주시,단계동,강원특별자치도 원주시 서원대로 125-5,D13469,코넥,중복점,75%,16,12,, - ,10,2,,8,2,20.00%,, - , - 
PE57972,PE5797,원주휴대폰쇼핑몰 AK점,강원,원주시,단계동,강원특별자치도 원주시 서원대로 125-5,D83213,T&B대리점,중복점,25%,16,4,, - ,1,3,,1, - ,0.00%,, - , - 
PE88401,PE8840,휴대폰성지세모폰부천북부역점,경기,부천시 원미구,심곡동,경기도 부천시 원미구 부천로 13,D15121,CD대리점,중복점,63%,16,10,,3,3,4,,3, - ,0.00%,, - , - 
PE88402,PE8840,휴대폰성지세모폰부천북부역점,경기,부천시 원미구,심곡동,경기도 부천시 원미구 부천로 13,D13357,가능대리점,중복점,38%,16,6,,3,1,2,,1, - ,0.00%,, - , - 
PE93141,PE9314,에이치케이컴퍼니,인천,남동구,논현동,"인천 남동구 청능대로 596,",D13952,참스타대리점,수도권_전속,100%,16,16,,1,15, - ,,15, - ,0.00%,, - , - 
P139941,P13994,짱텔레콤,서울,성동구,용답동,서울특별시 성동구 용답중앙15길 3,D13858,새서울대리점,수도권_전속,100%,15,15,,2,4,9,,3,1,25.00%,, - ,1
P891851,P89185,엠에스모바일 봉담점,경기,화성시 병점구,병점동,경기도 화성시 병점2로 65,D13827,지은대리점,수도권_전속,100%,15,15,, - ,3,12,,3, - ,0.00%,, - ,1
PA29011,PA2901,훈민정음,경기,하남시,풍산동,경기도 하남시 미사강변대로34번길 90,D13357,가능대리점,중복점,87%,15,13,,1,5,7,,5, - ,0.00%,,1,1
PA29012,PA2901,훈민정음,경기,하남시,풍산동,경기도 하남시 미사강변대로34번길 90,D14674,서울ent대리점,중복점,13%,15,2,, - ,1,1,,1, - ,0.00%,, - , - 
PA49781,PA4978,휴대폰성지아이엠텔레콤금곡점,경기,수원시 권선구,금곡동,경기도 수원시 권선구 금곡로212번길 13,D13965,대교대리점,수도권_전속,100%,15,15,,1,7,7,,7, - ,0.00%,, - , - 
PA58501,PA5850,작은다리통신,강원,강릉시,주문진읍,강원 강릉시 주문진읍 주문로 75,D14746,유원대리점,수도권_전속,100%,15,15,,3,7,5,,5,2,28.60%,, - , - 
PC07721,PC0772,청춘모바일,서울,양천구,신월동,서울특별시 양천구 곰달래로 42,D15051,프리스비,중복점,67%,15,10,, - ,4,6,,3,1,25.00%,, - , - 
PC07722,PC0772,청춘모바일,서울,양천구,신월동,서울특별시 양천구 곰달래로 42,D15146,PS&M,중복점,33%,15,5,, - ,3,2,,3, - ,0.00%,, - , - 
PC21671,PC2167,패밀리모바일,경기,안산시 단원구,와동,경기도 안산시 단원구 와동공원로 131,D13542,삼보대리점,중복점,60%,15,9,,1,3,5,,3, - ,0.00%,, - ,1
PC21672,PC2167,패밀리모바일,경기,안산시 단원구,와동,경기도 안산시 단원구 와동공원로 131,D14342,신창대리점,중복점,40%,15,6,, - ,3,3,,3, - ,0.00%,, - ,2
PC37811,PC3781,주식회사 청년사업단,인천,미추홀구,주안동,인천광역시 미추홀구 인하로 258,D13827,지은대리점,수도권_전속,100%,15,15,, - ,9,6,,6,3,33.30%,, - ,5
PC65801,PC6580,나린모바일,경기,수원시 영통구,망포동,경기도 수원시 영통구 덕영대로 1478,D13827,지은대리점,수도권_전속,100%,15,15,, - ,8,7,,7,1,12.50%,, - ,3
PC66171,PC6617,엠제이통신 향남2호점,경기,화성시 만세구,향남읍,경기도 화성시 향남읍 행정중앙2로 63-3,D13542,삼보대리점,수도권_전속,100%,15,15,,1,12,2,,12, - ,0.00%,, - ,7
PC78321,PC7832,와이제이모바일,경기,하남시,신장동,경기도 하남시 신평로 60,D15051,프리스비,수도권_전속,100%,15,15,,1,12,2,,12, - ,0.00%,, - , - 
PC94001,PC9400,휴대폰쇼핑몰 태장점,강원,원주시,태장동,강원 원주시 현충로 243,D83213,T&B대리점,중복점,93%,15,14,,2,6,6,,5,1,16.70%,, - , - 
PC94002,PC9400,휴대폰쇼핑몰 태장점,강원,원주시,태장동,강원 원주시 현충로 243,D13827,지은대리점,중복점,7%,15,1,, - , - ,1,, - , - ,0.00%,, - , - 
PC99641,PC9964,주식회사 폰스타,경기,안양시 동안구,비산동,경기도 안양시 동안구 시민대로 187,D13965,대교대리점,중복점,67%,15,10,, - ,1,9,,1, - ,0.00%,, - , - 
PC99642,PC9964,주식회사 폰스타,경기,안양시 동안구,비산동,경기도 안양시 동안구 시민대로 187,D14342,신창대리점,중복점,33%,15,5,, - ,4,1,,4, - ,0.00%,, - ,2
PE10401,PE1040,휴대폰성지 오산폰 세교점,경기,오산시,금암동,경기도 오산시 수목원로 462,D13469,코넥,중복점,53%,15,8,, - ,8, - ,,8, - ,0.00%,, - ,1
PE10402,PE1040,휴대폰성지 오산폰 세교점,경기,오산시,금암동,경기도 오산시 수목원로 462,D13827,지은대리점,중복점,27%,15,4,,1, - ,3,, - , - ,0.00%,, - ,1
PE10403,PE1040,휴대폰성지 오산폰 세교점,경기,오산시,금암동,경기도 오산시 수목원로 462,D15176,ACE대리점,중복점,20%,15,3,, - , - ,3,, - , - ,0.00%,, - , - 
PE17191,PE1719,휴대폰의 모든것 대치한티점,서울,강남구,대치동,서울특별시 강남구 선릉로 312,F13586,신도SDR,중복점,87%,15,13,, - ,6,7,,5,1,16.70%,, - ,1
PE17192,PE1719,휴대폰의 모든것 대치한티점,서울,강남구,대치동,서울특별시 강남구 선릉로 312,D13124,UNI대리점,중복점,13%,15,2,, - ,1,1,,1, - ,0.00%,, - ,1
PE30801,PE3080,나르샤 수원,경기,수원시 팔달구,인계동,경기도 수원시 팔달구 권광로 146,D15121,CD대리점,중복점,60%,15,9,, - ,1,8,,1, - ,0.00%,, - , - 
PE30802,PE3080,나르샤 수원,경기,수원시 팔달구,인계동,경기도 수원시 팔달구 권광로 146,F13586,신도SDR,중복점,33%,15,5,, - ,1,4,,1, - ,0.00%,, - , - 
PE30803,PE3080,나르샤 수원,경기,수원시 팔달구,인계동,경기도 수원시 팔달구 권광로 146,D14746,유원대리점,중복점,7%,15,1,, - , - ,1,, - , - ,0.00%,, - , - 
PE30841,PE3084,휴대폰성지,경기,시흥시,배곧동,경기도 시흥시 서울대학로264번길 44-4,D14674,서울ent대리점,수도권_전속,100%,15,15,, - ,2,13,,2, - ,0.00%,, - , - 
PE62181,PE6218,장기역 휴대폰성지,경기,김포시,장기동,경기도 김포시 김포대로 1425,D13622,MD대리점,수도권_전속,100%,15,15,, - ,6,9,,6, - ,0.00%,, - ,3
PE66571,PE6657,왕대박,경기,수원시 영통구,영통동,경기도 수원시 영통구 봉영로 1587,D15051,프리스비,수도권_전속,100%,15,15,, - ,5,10,,5, - ,0.00%,, - , - 
PE67111,PE6711,사나이통신,인천,서구,당하동,인천광역시 서구 고산후로95번길 28,D13124,UNI대리점,수도권_전속,100%,15,15,,1,10,4,,9,1,10.00%,, - ,2
PE72591,PE7259,휴대폰성지 태양폰 길음점,서울,성북구,길음동,서울특별시 성북구 길음로 11,F13586,신도SDR,수도권_전속,100%,15,15,,1,1,13,,1, - ,0.00%,, - , - 
PE83531,PE8353,핸드폰성지홈서비스아정당천호점,서울,강동구,천호동,서울특별시 강동구 천호대로 997,D15051,프리스비,수도권_전속,100%,15,15,, - ,7,8,,7, - ,0.00%,, - ,2
P687821,P68782,ES통신,경기,안산시 단원구,고잔동,경기도 안산시 단원구 광덕4로 220,D13965,대교대리점,수도권_전속,100%,14,14,,3,3,8,,3, - ,0.00%,, - ,2
P850771,P85077,핸드폰성지프리스모바일인천부평,인천,부평구,부평동,인천광역시 부평구 장제로 145,D14746,유원대리점,수도권_전속,100%,14,14,, - ,4,10,,3,1,25.00%,, - , - 
P868331,P86833,썬 (SUN),경기,시흥시,죽율동,경기도 시흥시 죽율로 47,D15146,PS&M,중복점,64%,14,9,, - , - ,9,, - , - ,0.00%,, - , - 
P868332,P86833,썬 (SUN),경기,시흥시,죽율동,경기도 시흥시 죽율로 47,D13952,참스타대리점,중복점,36%,14,5,, - ,5, - ,,5, - ,0.00%,, - , - 
P884191,P88419,신방화 휴대폰할인마트,서울,강서구,마곡동,서울특별시 강서구 마곡중앙5로 81,D13965,대교대리점,중복점,64%,14,9,, - ,6,3,,6, - ,0.00%,, - , - 
P884192,P88419,신방화 휴대폰할인마트,서울,강서구,마곡동,서울특별시 강서구 마곡중앙5로 81,D13827,지은대리점,중복점,36%,14,5,, - ,1,4,,1, - ,0.00%,, - ,1
P980311,P98031,옆커폰분당오리점,경기,성남시 분당구,구미동,경기도 성남시 분당구 구미로 16,D14674,서울ent대리점,수도권_전속,100%,14,14,,8,1,5,, - ,1,100.00%,, - , - 
PA64211,PA6421,휴대폰성지세모폰오목교1번출구,서울,양천구,목동,서울특별시 양천구 오목로 325,D15121,CD대리점,중복점,43%,14,6,,1,3,2,,2,1,33.30%,, - ,1
PA64212,PA6421,휴대폰성지세모폰오목교1번출구,서울,양천구,목동,서울특별시 양천구 오목로 325,D13357,가능대리점,중복점,36%,14,5,, - ,1,4,, - ,1,100.00%,, - , - 
PA64213,PA6421,휴대폰성지세모폰오목교1번출구,서울,양천구,목동,서울특별시 양천구 오목로 325,D14674,서울ent대리점,중복점,21%,14,3,, - , - ,3,, - , - ,0.00%,, - , - 
PC12521,PC1252,승천모바일 신월,서울,양천구,신월동,서울특별시 양천구 남부순환로 356,D13622,MD대리점,수도권_전속,100%,14,14,,1,11,2,,10,1,9.10%,, - ,2
PC67161,PC6716,알에스모바일,경기,남양주시,평내동,경기도 남양주시 경춘로1256번길 34,D15173,정원대리점,수도권_전속,100%,14,14,, - ,3,11,,2,1,33.30%,, - ,1
PC78731,PC7873,휴대폰성지 동문폰,경기,평택시,칠원동,경기도 평택시 신촌2로 22,D13469,코넥,중복점,50%,14,7,, - ,6,1,,6, - ,0.00%,, - ,2
PC78732,PC7873,휴대폰성지 동문폰,경기,평택시,칠원동,경기도 평택시 신촌2로 22,D13827,지은대리점,중복점,36%,14,5,,1,3,1,,3, - ,0.00%,, - ,5
PC78733,PC7873,휴대폰성지 동문폰,경기,평택시,칠원동,경기도 평택시 신촌2로 22,D15146,PS&M,중복점,14%,14,2,, - ,1,1,,1, - ,0.00%,, - , - 
PE29731,PE2973,휴대폰성지 도매폰,경기,화성시 병점구,안녕동,경기도 화성시 장조2로 12,D13965,대교대리점,중복점,93%,14,13,,1,10,2,,10, - ,0.00%,, - ,3
PE29732,PE2973,휴대폰성지 도매폰,경기,화성시 병점구,안녕동,경기도 화성시 장조2로 12,D13542,삼보대리점,중복점,7%,14,1,, - ,1, - ,,1, - ,0.00%,, - , - 
PE58811,PE5881,수원 화서,경기,수원시 장안구,영화동,경기도 수원시 장안구 장안로 9,D15146,PS&M,중복점,86%,14,12,,2,10, - ,,10, - ,0.00%,, - , - 
PE58812,PE5881,수원 화서,경기,수원시 장안구,영화동,경기도 수원시 장안구 장안로 9,D13965,대교대리점,중복점,7%,14,1,, - ,1, - ,,1, - ,0.00%,, - , - 
PE58813,PE5881,수원 화서,경기,수원시 장안구,영화동,경기도 수원시 장안구 장안로 9,D14342,신창대리점,중복점,7%,14,1,, - ,1, - ,,1, - ,0.00%,, - , - 
PE68831,PE6883,주식회사 이다글로벌미소폰,경기,수원시 영통구,망포동,경기도 수원시 영통구 영통로 135,D13622,MD대리점,수도권_전속,100%,14,14,, - ,10,4,,10, - ,0.00%,, - ,4
PE79841,PE7984,히트통신,경기,남양주시,진접읍,경기도 남양주시 진접읍 해밀예당3로 118,D15176,ACE대리점,수도권_전속,100%,14,14,,1,2,11,,2, - ,0.00%,, - ,1
PE80411,PE8041,휴대폰성지 고잔점,경기,안산시 단원구,고잔동,경기도 안산시 단원구 광덕대로 182,D13622,MD대리점,수도권_전속,100%,14,14,, - ,9,5,,9, - ,0.00%,, - ,1
PE83671,PE8367,휴대폰성지 정직폰 신도림마트,서울,구로구,구로동,서울특별시 구로구 새말로 97,D13357,가능대리점,수도권_전속,100%,14,14,, - ,3,11,,2,1,33.30%,, - , - 
PE91331,PE9133,휴대폰성지KR모바일광교상현점,경기,용인시 수지구,상현동,경기도 용인시 수지구 광교중앙로 298,D13965,대교대리점,중복점,71%,14,10,, - ,8,2,,6,2,25.00%,, - ,1
PE91332,PE9133,휴대폰성지KR모바일광교상현점,경기,용인시 수지구,상현동,경기도 용인시 수지구 광교중앙로 298,D13546,ACT대리점,중복점,14%,14,2,, - ,2, - ,,2, - ,0.00%,, - , - 
PE91333,PE9133,휴대폰성지KR모바일광교상현점,경기,용인시 수지구,상현동,경기도 용인시 수지구 광교중앙로 298,D14746,유원대리점,중복점,14%,14,2,, - ,1,1,,1, - ,0.00%,, - , - 
PE93201,PE9320,휴대폰성지 정직폰 안양만안점,경기,안양시 만안구,안양동,"경기 안양시 만안구 태평로52번길 47,",D15121,CD대리점,중복점,36%,14,5,, - , - ,5,, - , - ,0.00%,, - , - 
PE93202,PE9320,휴대폰성지 정직폰 안양만안점,경기,안양시 만안구,안양동,"경기 안양시 만안구 태평로52번길 47,",D13965,대교대리점,중복점,36%,14,5,, - ,1,4,, - ,1,100.00%,, - , - 
PE93203,PE9320,휴대폰성지 정직폰 안양만안점,경기,안양시 만안구,안양동,"경기 안양시 만안구 태평로52번길 47,",D13357,가능대리점,중복점,29%,14,4,, - , - ,4,, - , - ,0.00%,, - , - 
P080321,P08032,폰나라이동통신,경기,의왕시,오전동,경기도 의왕시 오전로 208,D13952,참스타대리점,수도권_전속,100%,13,13,, - , - ,13,, - , - ,0.00%,, - , - 
P112451,P11245,테크노정보통신,서울,광진구,구의동,서울특별시 광진구 자양로 286,D13952,참스타대리점,중복점,69%,13,9,, - ,5,4,,5, - ,0.00%,, - , - 
P112452,P11245,테크노정보통신,서울,광진구,구의동,서울특별시 광진구 자양로 286,D15146,PS&M,중복점,31%,13,4,,1,1,2,,1, - ,0.00%,, - , - 
P242281,P24228,레인보우텔레콤 병점,경기,화성시 병점구,진안동,경기도 화성시 효행로 1051,D13952,참스타대리점,수도권_전속,100%,13,13,, - ,11,2,,7,4,36.40%,, - , - 
P399781,P39978,영사운드,서울,용산구,한강로2가,서울특별시 용산구 새창로 181,D15146,PS&M,중복점,77%,13,10,, - ,7,3,,1,6,85.70%,, - , - 
P399782,P39978,영사운드,서울,용산구,한강로2가,서울특별시 용산구 새창로 181,D13462,광운대리점,중복점,23%,13,3,, - ,3, - ,,3, - ,0.00%,, - , - 
P415071,P41507,비젼텔레콤,서울,중랑구,상봉동,서울특별시 중랑구 면목로 475,D13546,ACT대리점,중복점,69%,13,9,,1,8, - ,,7,1,12.50%,, - , - 
P415072,P41507,비젼텔레콤,서울,중랑구,상봉동,서울특별시 중랑구 면목로 475,D15146,PS&M,중복점,31%,13,4,, - ,1,3,,1, - ,0.00%,, - , - 
P435161,P43516,씨엔엔구월점,인천,남동구,구월동,인천광역시 남동구 호구포로 788,D13952,참스타대리점,수도권_전속,100%,13,13,, - ,2,11,,1,1,50.00%,, - , - 
P670391,P67039,리틀정보통신,경기,부천시 원미구,약대동,경기도 부천시 중동로 392,D13952,참스타대리점,수도권_전속,100%,13,13,,1,11,1,,9,2,18.20%,, - , - 
P855141,P85514,라인텔레콤 흥덕점,경기,용인시 기흥구,영덕동,경기도 용인시 기흥구 흥덕중앙로 59,D14342,신창대리점,수도권_전속,100%,13,13,, - ,3,10,,3, - ,0.00%,, - ,2
P951401,P95140,폰할인마트2,경기,화성시 병점구,병점동,경기도 화성시 병점3로 27,D13124,UNI대리점,수도권_전속,100%,13,13,, - ,8,5,,8, - ,0.00%,, - , - 
P995531,P99553,위너TFK 고강제일점,경기,부천시 오정구,고강동,경기도 부천시 성지로102번길 53,D13965,대교대리점,수도권_전속,100%,13,13,,1,9,3,,9, - ,0.00%,, - ,2
PA74291,PA7429,누리,서울,광진구,군자동,서울특별시 광진구 천호대로102길 20,D13952,참스타대리점,수도권_전속,100%,13,13,,1, - ,12,, - , - ,0.00%,, - , - 
PA89791,PA8979,지호정보통신,경기,가평군,가평읍,경기도 가평군 가평읍 가화로 143,D15146,PS&M,PS_전속,100%,13,13,, - ,5,8,,5, - ,0.00%,, - , - 
PC09531,PC0953,(주)글로벌모바일,인천,서구,청라동,인천광역시 서구 청라커낼로288번길 10,D13225,광장대리점,수도권_전속,100%,13,13,, - ,9,4,,8,1,11.10%,, - ,1
PC27401,PC2740,주식회사 하나컴퍼니,경기,안산시 단원구,와동,경기도 안산시 단원구 와동로 2,D14342,신창대리점,중복점,92%,13,12,, - ,8,4,,8, - ,0.00%,, - ,4
PC27402,PC2740,주식회사 하나컴퍼니,경기,안산시 단원구,와동,경기도 안산시 단원구 와동로 2,D13469,코넥,중복점,8%,13,1,, - , - ,1,, - , - ,0.00%,, - , - 
PC53991,PC5399,휴대폰성지세모폰부평삼산점,인천,부평구,삼산동,인천광역시 부평구 체육관로 30,D15121,CD대리점,중복점,92%,13,12,,1,7,4,,6,1,14.30%,, - , - 
PC53992,PC5399,휴대폰성지세모폰부평삼산점,인천,부평구,삼산동,인천광역시 부평구 체육관로 30,D14674,서울ent대리점,중복점,8%,13,1,, - , - ,1,, - , - ,0.00%,, - , - 
PC71441,PC7144,인천 휴대폰성지 판다폰 논현점,인천,남동구,논현동,인천광역시 남동구 소래역서로 4,D13827,지은대리점,수도권_전속,100%,13,13,, - ,2,11,,2, - ,0.00%,, - , - 
PC76101,PC7610,해피통신,경기,화성시 효행구,봉담읍,경기도 화성시 봉담읍 동화길 93-2,D13952,참스타대리점,수도권_전속,100%,13,13,, - ,12,1,,12, - ,0.00%,, - ,2
PC84851,PC8485,휴대폰성지 판다폰 골든모바일,인천,중구,운서동,인천광역시 중구 영종대로 184,D13827,지은대리점,중복점,92%,13,12,, - ,1,11,, - ,1,100.00%,, - ,2
PC84852,PC8485,휴대폰성지 판다폰 골든모바일,인천,중구,운서동,인천광역시 중구 영종대로 184,D13951,강남스타대리점,중복점,8%,13,1,, - , - ,1,, - , - ,0.00%,, - , - 
PE06481,PE0648,휴대폰성지모두의폰,경기,성남시 중원구,성남동,경기도 성남시 중원구 산성대로 지하204-5,D13965,대교대리점,수도권_전속,100%,13,13,, - ,2,11,,1,1,50.00%,, - , - 
PE40521,PE4052,승천갈산점,인천,부평구,갈산동,인천광역시 부평구 주부토로 231,D13622,MD대리점,중복점,62%,13,8,,3,1,4,,1, - ,0.00%,, - , - 
PE40522,PE4052,승천갈산점,인천,부평구,갈산동,인천광역시 부평구 주부토로 231,D13542,삼보대리점,중복점,38%,13,5,,2,2,1,,2, - ,0.00%,, - , - 
PE46741,PE4674,휴대폰성지KR모바일청라센트럴,인천,서구,청라동,인천광역시 서구 청라커낼로 300,D13965,대교대리점,중복점,69%,13,9,, - ,4,5,,4, - ,0.00%,, - , - 
PE46742,PE4674,휴대폰성지KR모바일청라센트럴,인천,서구,청라동,인천광역시 서구 청라커낼로 300,D13546,ACT대리점,중복점,15%,13,2,, - ,2, - ,,1,1,50.00%,, - , - 
PE46743,PE4674,휴대폰성지KR모바일청라센트럴,인천,서구,청라동,인천광역시 서구 청라커낼로 300,D14746,유원대리점,중복점,15%,13,2,, - , - ,2,, - , - ,0.00%,, - , - 
PE58411,PE5841,샤크텔레콤,경기,김포시,구래동,경기도 김포시 김포한강9로 80,D15051,프리스비,수도권_전속,100%,13,13,, - ,6,7,,3,3,50.00%,, - , - 
PE59891,PE5989,가람폰마트 가람점,경기,파주시,와동동,경기도 파주시 가람로 65,D13357,가능대리점,중복점,62%,13,8,, - ,6,2,,5,1,16.70%,, - ,1
PE59892,PE5989,가람폰마트 가람점,경기,파주시,와동동,경기도 파주시 가람로 65,D15146,PS&M,중복점,38%,13,5,, - ,1,4,,1, - ,0.00%,, - , - 
PE69401,PE6940,휴대폰성지 굳폰 가산점,서울,금천구,가산동,서울특별시 금천구 가산디지털1로 168,D14342,신창대리점,수도권_전속,100%,13,13,, - , - ,13,, - , - ,0.00%,, - , - 
PE69681,PE6968,휴대폰성지 옆커폰 시흥은계점,경기,시흥시,은행동,경기도 시흥시 은계번영길 19,D13225,광장대리점,중복점,69%,13,9,,2,2,5,,2, - ,0.00%,, - , - 
PE69682,PE6968,휴대폰성지 옆커폰 시흥은계점,경기,시흥시,은행동,경기도 시흥시 은계번영길 19,D15146,PS&M,중복점,31%,13,4,, - ,1,3,,1, - ,0.00%,, - , - 
PE69721,PE6972,휴대폰성지KR모바일광명소하점,경기,광명시,소하동,경기도 광명시 소하로 78,D13965,대교대리점,중복점,69%,13,9,, - ,5,4,,3,2,40.00%,, - , - 
PE69722,PE6972,휴대폰성지KR모바일광명소하점,경기,광명시,소하동,경기도 광명시 소하로 78,D14746,유원대리점,중복점,23%,13,3,, - , - ,3,, - , - ,0.00%,, - ,1
PE69723,PE6972,휴대폰성지KR모바일광명소하점,경기,광명시,소하동,경기도 광명시 소하로 78,D13546,ACT대리점,중복점,8%,13,1,, - ,1, - ,,1, - ,0.00%,, - , - 
PE73671,PE7367,초롱모바일,서울,구로구,구로동,서울특별시 구로구 새말로 97,D15051,프리스비,중복점,69%,13,9,, - ,1,8,,1, - ,0.00%,, - , - 
PE73672,PE7367,초롱모바일,서울,구로구,구로동,서울특별시 구로구 새말로 97,D13225,광장대리점,중복점,31%,13,4,, - ,1,3,,1, - ,0.00%,, - ,1
PE76881,PE7688,휴대폰성지,경기,안산시 상록구,부곡동,경기도 안산시 상록구 부곡로 124,D13965,대교대리점,수도권_전속,100%,13,13,, - ,6,7,,6, - ,0.00%,, - ,1
PE83611,PE8361,휴대폰성지세모폰목동역점,서울,양천구,신정동,서울특별시 양천구 오목로 233,D15146,PS&M,중복점,38%,13,5,, - ,2,3,,1,1,50.00%,, - , - 
PE83612,PE8361,휴대폰성지세모폰목동역점,서울,양천구,신정동,서울특별시 양천구 오목로 233,D13357,가능대리점,중복점,38%,13,5,,1,2,2,,2, - ,0.00%,, - , - 
PE83613,PE8361,휴대폰성지세모폰목동역점,서울,양천구,신정동,서울특별시 양천구 오목로 233,D15121,CD대리점,중복점,15%,13,2,, - , - ,2,, - , - ,0.00%,, - , - 
PE83614,PE8361,휴대폰성지세모폰목동역점,서울,양천구,신정동,서울특별시 양천구 오목로 233,D14674,서울ent대리점,중복점,8%,13,1,, - ,1, - ,,1, - ,0.00%,, - , - 
PE83851,PE8385,휴대폰성지 옆커폰 군포점,경기,군포시,당동,경기도 군포시 고산로264번길 1,D15146,PS&M,중복점,62%,13,8,,2,1,5,,1, - ,0.00%,, - , - 
PE83852,PE8385,휴대폰성지 옆커폰 군포점,경기,군포시,당동,경기도 군포시 고산로264번길 1,D13225,광장대리점,중복점,38%,13,5,, - , - ,5,, - , - ,0.00%,, - , - 
PE92161,PE9216,에이치모바일,경기,화성시 병점구,진안동,"경기 화성시 병점구 효행로 1043,",D13542,삼보대리점,수도권_전속,100%,13,13,,1,8,4,,7,1,12.50%,, - ,1
PE92831,PE9283,옆커폰 불광점,서울,은평구,대조동,서울특별시 은평구 통일로 747,D14674,서울ent대리점,수도권_전속,100%,13,13,, - ,3,10,,3, - ,0.00%,, - ,1
P106741,P10674,21세기 이동통신,서울,강남구,삼성동,서울특별시 강남구 영동대로 513,D13952,참스타대리점,수도권_전속,100%,12,12,,2,2,8,,1,1,50.00%,, - , - 
P162591,P16259,TU미디어,서울,금천구,시흥동,서울특별시 금천구 금하로 732,D13357,가능대리점,중복점,50%,12,6,, - ,2,4,,2, - ,0.00%,,1,3
P162592,P16259,TU미디어,서울,금천구,시흥동,서울특별시 금천구 금하로 732,D14746,유원대리점,중복점,42%,12,5,, - , - ,5,, - , - ,0.00%,, - , - 
P162593,P16259,TU미디어,서울,금천구,시흥동,서울특별시 금천구 금하로 732,D15121,CD대리점,중복점,8%,12,1,, - , - ,1,, - , - ,0.00%,, - , - 
P689031,P68903,(주)성공,경기,의정부시,호원동,경기도 의정부시 외미로 100,D15117,알파대리점,수도권_전속,100%,12,12,,1,9,2,,7,2,22.20%,, - , - 
P811981,P81198,알파통신,경기,성남시 중원구,은행동,경기도 성남시 중원구 산성대로504번길 2,D13225,광장대리점,수도권_전속,100%,12,12,,1,5,6,,4,1,20.00%,, - , - 
P875501,P87550,영원텔레콤,서울,동작구,상도동,서울특별시 동작구 상도로 250,D15146,PS&M,중복점,83%,12,10,, - ,10, - ,,1,9,90.00%,, - , - 
P875502,P87550,영원텔레콤,서울,동작구,상도동,서울특별시 동작구 상도로 250,D13858,새서울대리점,중복점,17%,12,2,, - ,2, - ,, - ,2,100.00%,, - , - 
P896101,P89610,퍼플모바일,경기,부천시 소사구,옥길동,경기도 부천시 옥길로 118,F13586,신도SDR,수도권_전속,100%,12,12,, - ,5,7,,5, - ,0.00%,, - ,1
P916541,P91654,예스정보통신,경기,남양주시,오남읍,경기도 남양주시 오남읍 진건오남로 809,D14746,유원대리점,중복점,75%,12,9,,1, - ,8,, - , - ,0.00%,, - , - 
P916542,P91654,예스정보통신,경기,남양주시,오남읍,경기도 남양주시 오남읍 진건오남로 809,D14674,서울ent대리점,중복점,25%,12,3,,1, - ,2,, - , - ,0.00%,, - , - 
P944401,P94440,SH모바일,서울,송파구,문정동,서울특별시 송파구 새말로 149,D13742,한유대리점,수도권_전속,100%,12,12,,11,1, - ,,1, - ,0.00%,, - , - 
P978891,P97889,옐로우통신2호점,경기,시흥시,신천동,경기도 시흥시 신천로79번길 1,D13622,MD대리점,수도권_전속,100%,12,12,,2,7,3,,7, - ,0.00%,, - , - 
PA59471,PA5947,츄츄다모바일,경기,성남시 중원구,성남동,경기도 성남시 중원구 산성대로 지하 204-5,D13858,새서울대리점,중복점,67%,12,8,, - ,3,5,,1,2,66.70%,, - , - 
PA59472,PA5947,츄츄다모바일,경기,성남시 중원구,성남동,경기도 성남시 중원구 산성대로 지하 204-5,D15121,CD대리점,중복점,33%,12,4,, - ,2,2,,2, - ,0.00%,, - ,1
PA62711,PA6271,장모바일,서울,영등포구,신길동,서울특별시 영등포구 신풍로 44,D15121,CD대리점,수도권_전속,100%,12,12,,3,7,2,,3,4,57.10%,, - ,1
PC01531,PC0153,휴대폰성지KR모바일송도호반3,인천,연수구,송도동,인천광역시 연수구 랜드마크로 110,D13965,대교대리점,중복점,92%,12,11,, - ,7,4,,7, - ,0.00%,, - ,1
PC01532,PC0153,휴대폰성지KR모바일송도호반3,인천,연수구,송도동,인천광역시 연수구 랜드마크로 110,D14746,유원대리점,중복점,8%,12,1,, - , - ,1,, - , - ,0.00%,, - , - 
PC35121,PC3512,(주)수호텔레콤 4호점,경기,광주시,신현동,경기도 광주시 오포읍 신현로 42,D14674,서울ent대리점,수도권_전속,100%,12,12,,1,2,9,,2, - ,0.00%,, - ,1
PC68711,PC6871,휴대폰아울렛,경기,평택시,팽성읍,경기도 평택시 팽성읍 송화택지로 139,D13542,삼보대리점,중복점,67%,12,8,, - ,2,6,,2, - ,0.00%,, - , - 
PC68712,PC6871,휴대폰아울렛,경기,평택시,팽성읍,경기도 평택시 팽성읍 송화택지로 139,D01046,PS&M,중복점,33%,12,4,,1,3, - ,,2,1,33.30%,, - , - 
PC77201,PC7720,대박통신 위례점,경기,성남시 수정구,창곡동,경기도성남시수정구위례동로153,D15146,PS&M,PS_전속,100%,12,12,, - ,7,5,,7, - ,0.00%,, - , - 
PC77301,PC7730,프라임통신,서울,양천구,신정동,서울특별시 양천구 목동동로8길 15-1,D15146,PS&M,중복점,67%,12,8,, - ,2,6,, - ,2,100.00%,, - , - 
PC77302,PC7730,프라임통신,서울,양천구,신정동,서울특별시 양천구 목동동로8길 15-1,D15051,프리스비,중복점,33%,12,4,, - , - ,4,, - , - ,0.00%,, - , - 
PC78551,PC7855,휴대폰성지 세모폰 분당서현점,경기,성남시 분당구,서현동,경기도 성남시 분당구 돌마로486번길 6,D15146,PS&M,중복점,67%,12,8,, - ,3,5,,3, - ,0.00%,, - , - 
PC78552,PC7855,휴대폰성지 세모폰 분당서현점,경기,성남시 분당구,서현동,경기도 성남시 분당구 돌마로486번길 6,D15121,CD대리점,중복점,25%,12,3,,1,1,1,, - ,1,100.00%,, - , - 
PC78553,PC7855,휴대폰성지 세모폰 분당서현점,경기,성남시 분당구,서현동,경기도 성남시 분당구 돌마로486번길 6,D14674,서울ent대리점,중복점,8%,12,1,, - , - ,1,, - , - ,0.00%,, - , - 
PC79991,PC7999,엠제이통신 군포3호점,경기,군포시,도마교동,경기도 군포시 송부로74번길 3-40,D13542,삼보대리점,수도권_전속,100%,12,12,, - ,9,3,,6,3,33.30%,, - ,2
PC91631,PC9163,휴대폰성지,경기,고양시 일산동구,장항동,경기도 고양시 일산동구 무궁화로 32-34,D15117,알파대리점,중복점,50%,12,6,,3,2,1,,2, - ,0.00%,, - ,1
PC91632,PC9163,휴대폰성지,경기,고양시 일산동구,장항동,경기도 고양시 일산동구 무궁화로 32-34,D15176,ACE대리점,중복점,42%,12,5,, - , - ,5,, - , - ,0.00%,, - , - 
PC91633,PC9163,휴대폰성지,경기,고양시 일산동구,장항동,경기도 고양시 일산동구 무궁화로 32-34,D13742,한유대리점,중복점,8%,12,1,, - , - ,1,, - , - ,0.00%,, - , - 
PE14831,PE1483,휴대폰쇼핑몰우산점,강원,원주시,우산동,강원특별자치도 원주시 우산로 67,D13827,지은대리점,중복점,50%,12,6,, - ,6, - ,,2,4,66.70%,, - , - 
PE14832,PE1483,휴대폰쇼핑몰우산점,강원,원주시,우산동,강원특별자치도 원주시 우산로 67,D83213,T&B대리점,중복점,42%,12,5,,1,1,3,,1, - ,0.00%,, - , - 
PE14833,PE1483,휴대폰쇼핑몰우산점,강원,원주시,우산동,강원특별자치도 원주시 우산로 67,D13469,코넥,중복점,8%,12,1,, - , - ,1,, - , - ,0.00%,, - , - 
PE18111,PE1811,성지요 인계점,경기,수원시 팔달구,인계동,경기도 수원시 팔달구 효원로 278,D13469,코넥,수도권_전속,100%,12,12,,1,6,5,,6, - ,0.00%,, - , - 
PE24241,PE2424,웅스다산이마트점,경기,남양주시,다산동,경기도 남양주시 도농로 24,D13357,가능대리점,수도권_전속,100%,12,12,, - ,7,5,,7, - ,0.00%,, - , - 
PE28101,PE2810,핸드폰성지,경기,안산시 단원구,선부동,경기도 안산시 단원구 삼일로 310,D15051,프리스비,중복점,58%,12,7,, - ,3,4,,3, - ,0.00%,, - ,1
PE28102,PE2810,핸드폰성지,경기,안산시 단원구,선부동,경기도 안산시 단원구 삼일로 310,D13827,지은대리점,중복점,42%,12,5,, - , - ,5,, - , - ,0.00%,, - , - 
PE30681,PE3068,휴대폰성지 옆커폰 내발산점,서울,강서구,내발산동,서울특별시 강서구 수명로 74,D15146,PS&M,중복점,83%,12,10,, - ,4,6,,4, - ,0.00%,, - , - 
PE30682,PE3068,휴대폰성지 옆커폰 내발산점,서울,강서구,내발산동,서울특별시 강서구 수명로 74,D14674,서울ent대리점,중복점,17%,12,2,, - ,1,1,,1, - ,0.00%,, - , - 
PE44001,PE4400,이채정보통신,서울,구로구,구로동,서울특별시 구로구 새말로 97,D13542,삼보대리점,수도권_전속,100%,12,12,, - ,7,5,, - ,7,100.00%,, - ,1
PE46601,PE4660,옥지통신,강원,원주시,명륜동,강원특별자치도 원주시 남원로 654,D15146,PS&M,PS_전속,100%,12,12,, - ,2,10,,1,1,50.00%,, - , - 
PE51691,PE5169,파주휴대폰성지 운정점,경기,파주시,목동동,경기도 파주시 청암로17번길 41,D13827,지은대리점,수도권_전속,100%,12,12,, - , - ,12,, - , - ,0.00%,, - , - 
PE52961,PE5296,새한모바일(배곧점),경기,시흥시,배곧동,경기도 시흥시 배곧3로 96,D15146,PS&M,PS_전속,100%,12,12,, - ,9,3,,9, - ,0.00%,, - , - 
PE53701,PE5370,비전폰,경기,평택시,비전동,경기도 평택시 비전5로 10,D15121,CD대리점,중복점,58%,12,7,, - ,1,6,,1, - ,0.00%,, - , - 
PE53702,PE5370,비전폰,경기,평택시,비전동,경기도 평택시 비전5로 10,D14746,유원대리점,중복점,42%,12,5,, - ,1,4,, - ,1,100.00%,, - , - 
PE63191,PE6319,휴대폰성지,서울,송파구,장지동,서울특별시 송파구 위례광장로 136,D14674,서울ent대리점,수도권_전속,100%,12,12,, - ,2,10,,1,1,50.00%,, - , - 
PE66551,PE6655,세븐모바일장안점,서울,동대문구,장안동,서울특별시 동대문구 한천로 189,D13858,새서울대리점,수도권_전속,100%,12,12,, - , - ,12,, - , - ,0.00%,, - , - 
PE70171,PE7017,원주휴대폰성지 무실점,강원,원주시,무실동,강원특별자치도 원주시 능라동길 48,D83213,T&B대리점,중복점,67%,12,8,,4,2,2,,2, - ,0.00%,, - , - 
PE70172,PE7017,원주휴대폰성지 무실점,강원,원주시,무실동,강원특별자치도 원주시 능라동길 48,D13469,코넥,중복점,33%,12,4,, - ,2,2,,2, - ,0.00%,, - , - 
PE72621,PE7262,휴대폰성지 정직폰 시흥점,경기,시흥시,배곧동,경기도 시흥시 서울대학로278번길 61,D13965,대교대리점,중복점,58%,12,7,, - ,1,6,,1, - ,0.00%,, - , - 
PE72622,PE7262,휴대폰성지 정직폰 시흥점,경기,시흥시,배곧동,경기도 시흥시 서울대학로278번길 61,D15121,CD대리점,중복점,42%,12,5,, - ,2,3,,2, - ,0.00%,, - , - 
PE73231,PE7323,휴대폰성지 싸당 인천서구점,인천,서구,가정동,인천광역시 서구 서곶로 45,D15121,CD대리점,수도권_전속,100%,12,12,, - ,3,9,,2,1,33.30%,, - , - 
PE76731,PE7673,풀빵통신,서울,구로구,구로동,서울특별시 구로구 새말로 97,D15121,CD대리점,수도권_전속,100%,12,12,,1, - ,11,, - , - ,0.00%,, - , - 
PE77471,PE7747,(주)휴대폰성지옆커폰분당,경기,성남시 분당구,서현동,경기도 성남시 분당구 분당로263번길 39,D14674,서울ent대리점,수도권_전속,100%,12,12,, - , - ,12,, - , - ,0.00%,, - , - 
PE78531,PE7853,휴대폰 성지 싸당 금천점,서울,금천구,가산동,서울특별시 금천구 가산디지털2로 169-23,D15121,CD대리점,수도권_전속,100%,12,12,, - ,1,11,,1, - ,0.00%,, - , - 
PE80741,PE8074,휴대폰 성지 싸당 평택점,경기,평택시,비전동,경기도 평택시 평택2로 130,D13542,삼보대리점,수도권_전속,100%,12,12,, - ,1,11,,1, - ,0.00%,, - , - 
PE85731,PE8573,핸드폰성지홈서비스아정당사당점,서울,서초구,방배동,서울특별시 서초구 동작대로 22,D15051,프리스비,수도권_전속,100%,12,12,, - ,6,6,,4,2,33.30%,, - , - 
PE86251,PE8625,휴대폰성지 도매폰,경기,화성시 병점구,반월동,경기도 화성시 병점구 영통로 14-10,D13965,대교대리점,중복점,92%,12,11,,2,6,3,,6, - ,0.00%,, - ,2
PE86252,PE8625,휴대폰성지 도매폰,경기,화성시 병점구,반월동,경기도 화성시 병점구 영통로 14-10,D13542,삼보대리점,중복점,8%,12,1,, - ,1, - ,,1, - ,0.00%,, - , - 
PE87781,PE8778,휴대폰성지꿀폰통신휴대폰마트,강원,춘천시,퇴계동,강원특별자치도 춘천시 안마산로 213,D15146,PS&M,중복점,58%,12,7,, - ,2,5,,2, - ,0.00%,, - , - 
PE87782,PE8778,휴대폰성지꿀폰통신휴대폰마트,강원,춘천시,퇴계동,강원특별자치도 춘천시 안마산로 213,D13742,한유대리점,중복점,42%,12,5,,1,1,3,,1, - ,0.00%,, - , - 
PE87881,PE8788,에이치커뮤니케이션,경기,안산시 상록구,사동,경기도 안산시 상록구 장화2길 9,D14342,신창대리점,수도권_전속,100%,12,12,,3,7,2,,7, - ,0.00%,, - ,1
PE89351,PE8935,휴대폰 성지 싸당 양천점,서울,양천구,목동,서울특별시 양천구 목동중앙로 97,D15121,CD대리점,수도권_전속,100%,12,12,, - ,7,5,,7, - ,0.00%,, - , - 
PE92921,PE9292,폰슐랭서울구로구지점,서울,구로구,신도림동,서울특별시 구로구 경인로 638,D15157,근흥대리점,중복점,67%,12,8,, - , - ,8,, - , - ,0.00%,, - , - 
PE92922,PE9292,폰슐랭서울구로구지점,서울,구로구,신도림동,서울특별시 구로구 경인로 638,D13546,ACT대리점,중복점,33%,12,4,,1,1,2,,1, - ,0.00%,, - , - 
PE93721,PE9372,일타폰동대문성지,서울,종로구,숭인동,"서울 종로구 종로 347,",D13952,참스타대리점,수도권_전속,100%,12,12,, - , - ,12,, - , - ,0.00%,, - , - 
P132221,P13222,열린정보통신,경기,안양시 만안구,안양동,경기도 안양시 만안구 덕천로 126,D15146,PS&M,중복점,73%,11,8,,2,1,5,,1, - ,0.00%,, - , - 
P132222,P13222,열린정보통신,경기,안양시 만안구,안양동,경기도 안양시 만안구 덕천로 126,D13827,지은대리점,중복점,27%,11,3,, - ,3, - ,,2,1,33.30%,, - , - 
P383491,P38349,동부나이스드림,서울,중랑구,면목동,서울특별시 중랑구 봉우재로13길 10,D13546,ACT대리점,중복점,73%,11,8,, - ,5,3,,5, - ,0.00%,, - , - 
P383492,P38349,동부나이스드림,서울,중랑구,면목동,서울특별시 중랑구 봉우재로13길 10,D13858,새서울대리점,중복점,27%,11,3,,1,1,1,, - ,1,100.00%,, - , - 
P454241,P45424,세종네트웍스,서울,중랑구,면목동,서울특별시 중랑구 면목로 279,D15121,CD대리점,수도권_전속,100%,11,11,,1,4,6,,4, - ,0.00%,, - , - 
P758211,P75821,태양정보통신도당점,경기,부천시 원미구,도당동,경기도 부천시 삼작로 289,D15146,PS&M,중복점,55%,11,6,, - ,5,1,,2,3,60.00%,, - , - 
P758212,P75821,태양정보통신도당점,경기,부천시 원미구,도당동,경기도 부천시 삼작로 289,D14674,서울ent대리점,중복점,45%,11,5,, - ,5, - ,,2,3,60.00%,, - , - 
P939551,P93955,해피텔레콤,서울,동작구,대방동,서울특별시 동작구 보라매로 113,D13357,가능대리점,중복점,82%,11,9,, - ,5,4,,4,1,20.00%,, - ,1
P939552,P93955,해피텔레콤,서울,동작구,대방동,서울특별시 동작구 보라매로 113,D15121,CD대리점,중복점,18%,11,2,, - , - ,2,, - , - ,0.00%,, - , - 
PA70611,PA7061,주식회사 동아에스엠,인천,미추홀구,학익동,인천광역시 미추홀구 매소홀로 284,D15051,프리스비,수도권_전속,100%,11,11,, - ,3,8,,3, - ,0.00%,, - ,1
PC04491,PC0449,온모바일,서울,강서구,가양동,서울특별시 강서구 양천로 461,D13952,참스타대리점,중복점,91%,11,10,,2,7,1,,7, - ,0.00%,, - ,6
PC04492,PC0449,온모바일,서울,강서구,가양동,서울특별시 강서구 양천로 461,D15146,PS&M,중복점,9%,11,1,, - , - ,1,, - , - ,0.00%,, - , - 
PC16131,PC1613,위너모바일,경기,용인시 수지구,상현동,경기도 용인시 수지구 만현로 100,D13225,광장대리점,중복점,91%,11,10,, - ,6,4,,6, - ,0.00%,, - , - 
PC16132,PC1613,위너모바일,경기,용인시 수지구,상현동,경기도 용인시 수지구 만현로 100,D15146,PS&M,중복점,9%,11,1,, - ,1, - ,,1, - ,0.00%,, - , - 
PC32761,PC3276,행복통신2,경기,성남시 중원구,성남동,경기도 성남시 중원구 산성대로 지하 204-5,D13546,ACT대리점,수도권_전속,100%,11,11,, - ,11, - ,,2,9,81.80%,, - , - 
PC40571,PC4057,안중폰,경기,평택시,안중읍,"경기 평택시 안중읍 송담5길 28-17,",D15146,PS&M,중복점,55%,11,6,, - ,3,3,,2,1,33.30%,, - , - 
PC40572,PC4057,안중폰,경기,평택시,안중읍,"경기 평택시 안중읍 송담5길 28-17,",D13827,지은대리점,중복점,45%,11,5,,1,4, - ,,4, - ,0.00%,, - ,1
PC42001,PC4200,에스티제이미금지점,경기,성남시 분당구,금곡동,경기도 성남시 분당구 성남대로 165,D13622,MD대리점,중복점,82%,11,9,, - ,6,3,,5,1,16.70%,, - ,2
PC42002,PC4200,에스티제이미금지점,경기,성남시 분당구,금곡동,경기도 성남시 분당구 성남대로 165,D13965,대교대리점,중복점,18%,11,2,, - , - ,2,, - , - ,0.00%,, - , - 
PC45811,PC4581,(주)수호텔레콤 5호점,경기,광주시,매산동,경기도 광주시 오포읍 회안대로71번길 5,D14674,서울ent대리점,수도권_전속,100%,11,11,,1,2,8,,2, - ,0.00%,, - , - 
PC48921,PC4892,(주)대정씨앤씨 서울지점,서울,성동구,행당동,서울특별시 성동구 왕십리광장로 17,D15146,PS&M,중복점,64%,11,7,, - ,2,5,,1,1,50.00%,, - , - 
PC48922,PC4892,(주)대정씨앤씨 서울지점,서울,성동구,행당동,서울특별시 성동구 왕십리광장로 17,D13546,ACT대리점,중복점,36%,11,4,, - ,2,2,,2, - ,0.00%,, - , - 
PC73231,PC7323,주식회사 로사네트워크,강원,태백시,황지동,강원 태백시 황지로 162,D13952,참스타대리점,수도권_전속,100%,11,11,,1,5,5,,5, - ,0.00%,, - , - 
PC73481,PC7348,휴대폰성지옆커폰청라2호점,인천,서구,청라동,인천광역시 서구 청라커낼로 270,D13225,광장대리점,수도권_전속,100%,11,11,, - ,3,8,,2,1,33.30%,, - , - 
PC90001,PC9000,휴대폰성지옆커폰하남점,경기,하남시,망월동,경기도 하남시 미사강변동로 79,D14674,서울ent대리점,수도권_전속,100%,11,11,, - ,2,9,,1,1,50.00%,, - , - 
PC94881,PC9488,폰공구,서울,구로구,구로동,서울특별시 구로구 새말로 97,D15157,근흥대리점,수도권_전속,100%,11,11,, - , - ,11,, - , - ,0.00%,, - , - 
PE05401,PE0540,휴대폰성지세모폰광주경안점,경기,광주시,경안동,경기도 광주시 경안로 13,D15121,CD대리점,중복점,82%,11,9,,2,3,4,,3, - ,0.00%,, - ,1
PE05402,PE0540,휴대폰성지세모폰광주경안점,경기,광주시,경안동,경기도 광주시 경안로 13,D14674,서울ent대리점,중복점,18%,11,2,, - ,1,1,, - ,1,100.00%,, - , - 
PE08661,PE0866,우리텔레콤,경기,양평군,양서면,경기도 양평군 양서면 양수로 158,D14674,서울ent대리점,수도권_전속,100%,11,11,,1,2,8,,1,1,50.00%,, - , - 
PE21911,PE2191,주식회사 청년사업단,인천,남동구,만수동,인천광역시 남동구 담방로 45,D13827,지은대리점,수도권_전속,100%,11,11,,2,5,4,,4,1,20.00%,, - , - 
PE24421,PE2442,로얄텔레콤,경기,군포시,산본동,경기도 군포시 산본천로 177,D13965,대교대리점,중복점,82%,11,9,,1,5,3,,5, - ,0.00%,, - ,1
PE24422,PE2442,로얄텔레콤,경기,군포시,산본동,경기도 군포시 산본천로 177,D13827,지은대리점,중복점,18%,11,2,,1, - ,1,, - , - ,0.00%,, - , - 
PE28871,PE2887,휴대폰맛집 옥정점,경기,양주시,옥정동,경기도 양주시 회천남로 80,D15121,CD대리점,수도권_전속,100%,11,11,, - ,11, - ,,9,2,18.20%,, - , - 
PE33351,PE3335,주식회사 청춘대길 홍제지점,서울,서대문구,홍제동,서울특별시 서대문구 통일로 438,F13586,신도SDR,중복점,91%,11,10,, - ,5,5,,5, - ,0.00%,, - , - 
PE33352,PE3335,주식회사 청춘대길 홍제지점,서울,서대문구,홍제동,서울특별시 서대문구 통일로 438,D13124,UNI대리점,중복점,9%,11,1,, - , - ,1,, - , - ,0.00%,, - , - 
PE36051,PE3605,청사단텔레콤,인천,부평구,산곡동,인천광역시 부평구 원적로 429,D13827,지은대리점,중복점,91%,11,10,,1,5,4,,5, - ,0.00%,, - , - 
PE36052,PE3605,청사단텔레콤,인천,부평구,산곡동,인천광역시 부평구 원적로 429,D13546,ACT대리점,중복점,9%,11,1,, - ,1, - ,,1, - ,0.00%,, - , - 
PE39821,PE3982,주식회사폰스타삼성앤드애플점,경기,안양시 동안구,비산동,경기도 안양시 동안구 시민대로 181,D14342,신창대리점,중복점,91%,11,10,, - ,7,3,,5,2,28.60%,, - , - 
PE39822,PE3982,주식회사폰스타삼성앤드애플점,경기,안양시 동안구,비산동,경기도 안양시 동안구 시민대로 181,D13827,지은대리점,중복점,9%,11,1,, - , - ,1,, - , - ,0.00%,, - , - 
PE46201,PE4620,WELLCOMM,경기,수원시 팔달구,매산로1가,경기도 수원시 팔달구 매산로 2-10,D15146,PS&M,PS_전속,100%,11,11,, - ,11, - ,, - ,11,100.00%,, - , - 
PE46761,PE4676,대박통신2,서울,동대문구,장안동,서울특별시 동대문구 장한로 166,D14342,신창대리점,중복점,82%,11,9,,1,3,5,,3, - ,0.00%,, - , - 
PE46762,PE4676,대박통신2,서울,동대문구,장안동,서울특별시 동대문구 장한로 166,D13742,한유대리점,중복점,18%,11,2,,2, - , - ,, - , - ,0.00%,, - , - 
PE55821,PE5582,주식회사본앤코리아(오남지점),경기,남양주시,진건읍,경기도 남양주시 진건읍 진건오남로 117,D13622,MD대리점,수도권_전속,100%,11,11,, - ,6,5,,6, - ,0.00%,, - ,1
PE61621,PE6162,옆커폰 부천 휴대폰성지,경기,부천시 원미구,중동,경기도 부천시 원미구 길주로 246,D14674,서울ent대리점,수도권_전속,100%,11,11,, - ,3,8,,2,1,33.30%,, - , - 
PE66691,PE6669,노원구 휴대폰성지,서울,노원구,중계동,서울특별시 노원구 중계로 225,D14342,신창대리점,수도권_전속,100%,11,11,, - ,2,9,,1,1,50.00%,, - ,1
PE68241,PE6824,새롬닷컴,서울,광진구,구의동,서울특별시 광진구 광나루로56길 85,D14342,신창대리점,수도권_전속,100%,11,11,,1,1,9,,1, - ,0.00%,, - , - 
PE72941,PE7294,휴대폰성지 싸당 용산점,서울,용산구,한강로2가,서울특별시 용산구 한강대로 115,D15121,CD대리점,수도권_전속,100%,11,11,, - ,2,9,,2, - ,0.00%,, - , - 
PE74631,PE7463,남문모바일,서울,금천구,독산동,서울특별시 금천구 독산로85길 35,D13965,대교대리점,중복점,91%,11,10,,4,6, - ,,5,1,16.70%,, - , - 
PE74632,PE7463,남문모바일,서울,금천구,독산동,서울특별시 금천구 독산로85길 35,D13622,MD대리점,중복점,9%,11,1,,1, - , - ,, - , - ,0.00%,, - , - 
PE77711,PE7771,더드림 하남미사점,경기,하남시,망월동,경기도 하남시 미사강변동로 100-1,D13622,MD대리점,수도권_전속,100%,11,11,, - ,1,10,, - ,1,100.00%,, - , - 
PE80121,PE8012,휴대폰성지 일타폰 이수역점,서울,동작구,사당동,서울특별시 동작구 동작대로 89,D14674,서울ent대리점,수도권_전속,100%,11,11,, - , - ,11,, - , - ,0.00%,, - ,1
PE82141,PE8214,휴대폰성지 일타폰 강동점,서울,강동구,성내동,서울특별시 강동구 양재대로 1377,D14674,서울ent대리점,수도권_전속,100%,11,11,, - , - ,11,, - , - ,0.00%,, - , - 
PE82461,PE8246,휴대폰성지,경기,남양주시,화도읍,경기도 남양주시 화도읍 창현로 53,D14674,서울ent대리점,수도권_전속,100%,11,11,, - ,5,6,,5, - ,0.00%,, - , - 
PE85751,PE8575,휴대폰성지 폰슐랭 관악구지점,서울,관악구,봉천동,서울특별시 관악구 관악로 212,D15157,근흥대리점,중복점,64%,11,7,, - , - ,7,, - , - ,0.00%,, - , - 
PE85752,PE8575,휴대폰성지 폰슐랭 관악구지점,서울,관악구,봉천동,서울특별시 관악구 관악로 212,D13546,ACT대리점,중복점,27%,11,3,, - , - ,3,, - , - ,0.00%,, - , - 
PE85753,PE8575,휴대폰성지 폰슐랭 관악구지점,서울,관악구,봉천동,서울특별시 관악구 관악로 212,D14674,서울ent대리점,중복점,9%,11,1,, - , - ,1,, - , - ,0.00%,, - , - 
PE87001,PE8700,휴대폰성지 정직폰 부천점,경기,부천시 원미구,중동,경기도 부천시 원미구 신흥로 190,D13965,대교대리점,중복점,73%,11,8,, - ,4,4,,3,1,25.00%,, - , - 
PE87002,PE8700,휴대폰성지 정직폰 부천점,경기,부천시 원미구,중동,경기도 부천시 원미구 신흥로 190,D13357,가능대리점,중복점,18%,11,2,, - ,2, - ,,2, - ,0.00%,, - ,1
PE87003,PE8700,휴대폰성지 정직폰 부천점,경기,부천시 원미구,중동,경기도 부천시 원미구 신흥로 190,D15121,CD대리점,중복점,9%,11,1,, - , - ,1,, - , - ,0.00%,, - , - 
PE89441,PE8944,휴대폰성지 폰슐랭 의정부점,경기,의정부시,의정부동,경기도 의정부시 신흥로 316,D15157,근흥대리점,중복점,55%,11,6,, - ,1,5,,1, - ,0.00%,, - , - 
PE89442,PE8944,휴대폰성지 폰슐랭 의정부점,경기,의정부시,의정부동,경기도 의정부시 신흥로 316,D13546,ACT대리점,중복점,45%,11,5,, - , - ,5,, - , - ,0.00%,, - , - 
PE92351,PE9235,나르샤정보통신 파주점,경기,파주시,야당동,경기도 파주시 운정1길 62-3,D15121,CD대리점,수도권_전속,100%,11,11,, - ,1,10,, - ,1,100.00%,, - , - 
P079471,P07947,소리샘텔레콤,경기,수원시 팔달구,매산로1가,경기도수원시팔달구매산로5,D15146,PS&M,PS_전속,100%,10,10,, - ,10, - ,, - ,10,100.00%,, - , - 
P100251,P10025,주식회사 진명스마트폰,경기,수원시 팔달구,매산로1가,경기도 수원시 팔달구 매산로 17-6,D13952,참스타대리점,수도권_전속,100%,10,10,,1,4,5,,4, - ,0.00%,, - ,1
P143041,P14304,히트정보,인천,연수구,청학동,인천광역시 연수구 용담로 11,D13952,참스타대리점,중복점,70%,10,7,, - ,3,4,,1,2,66.70%,, - , - 
P143042,P14304,히트정보,인천,연수구,청학동,인천광역시 연수구 용담로 11,D15146,PS&M,중복점,30%,10,3,, - , - ,3,, - , - ,0.00%,, - , - 
P179261,P17926,누리텔레콤,서울,강서구,화곡동,서울특별시 강서구 곰달래로49길 15,D13225,광장대리점,수도권_전속,100%,10,10,, - , - ,10,, - , - ,0.00%,, - , - 
P266591,P26659,희망텔레콤,서울,마포구,합정동,서울특별시 마포구 독막로2길 6,D13827,지은대리점,수도권_전속,100%,10,10,,3,1,6,,1, - ,0.00%,, - , - 
P290911,P29091,서브넷,서울,노원구,상계동,서울특별시 노원구 상계로37길 2,D15173,정원대리점,중복점,50%,10,5,, - ,5, - ,,5, - ,0.00%,, - , - 
P290912,P29091,서브넷,서울,노원구,상계동,서울특별시 노원구 상계로37길 2,D13858,새서울대리점,중복점,50%,10,5,, - ,3,2,,2,1,33.30%,, - , - 
P446551,P44655,일우,경기,안산시 단원구,원곡동,경기도 안산시 단원구 다문화길 4,D13622,MD대리점,수도권_전속,100%,10,10,,1,7,2,,7, - ,0.00%,, - ,3
P451831,P45183,주식회사 로드,인천,연수구,옥련동,인천광역시연수구독배로40번길29,D15146,PS&M,PS_전속,100%,10,10,,2,4,4,,3,1,25.00%,, - , - 
P536621,P53662,탑스텔레콤,경기,용인시 처인구,김량장동,경기도 용인시 처인구 금령로99번길 1,D14674,서울ent대리점,수도권_전속,100%,10,10,,1, - ,9,, - , - ,0.00%,, - , - 
P564471,P56447,형제2,인천,남동구,간석동,인천광역시 남동구 호구포로 911,D15117,알파대리점,중복점,90%,10,9,, - ,4,5,,3,1,25.00%,, - , - 
P564472,P56447,형제2,인천,남동구,간석동,인천광역시 남동구 호구포로 911,D13952,참스타대리점,중복점,10%,10,1,,1, - , - ,, - , - ,0.00%,, - , - 
P715591,P71559,지니커뮤니케이션,서울,양천구,신월동,서울특별시 양천구 신월로 167,D15157,근흥대리점,수도권_전속,100%,10,10,, - ,2,8,,2, - ,0.00%,, - , - 
P795111,P79511,대박통신 도촌점,경기,성남시 중원구,도촌동,경기도 성남시 중원구 도촌남로 27,D15146,PS&M,중복점,70%,10,7,, - ,2,5,,1,1,50.00%,, - , - 
P795112,P79511,대박통신 도촌점,경기,성남시 중원구,도촌동,경기도 성남시 중원구 도촌남로 27,D15173,정원대리점,중복점,30%,10,3,, - ,3, - ,,2,1,33.30%,, - , - 
P812471,P81247,자연통신,경기,수원시 팔달구,구천동,경기도 수원시 팔달구 중부대로 24,D13952,참스타대리점,수도권_전속,100%,10,10,,3,5,2,,5, - ,0.00%,, - , - 
P823641,P82364,영텔레콤,경기,이천시,창전동,경기도이천시향교로82번길58,D15146,PS&M,PS_전속,100%,10,10,,1,4,5,,2,2,50.00%,, - , - 
P839871,P83987,DB유통,경기,용인시 기흥구,보정동,경기도 용인시 기흥구 죽전로 6,D15051,프리스비,중복점,80%,10,8,, - ,7,1,,1,6,85.70%,, - , - 
P839872,P83987,DB유통,경기,용인시 기흥구,보정동,경기도 용인시 기흥구 죽전로 6,D15146,PS&M,중복점,20%,10,2,, - ,1,1,, - ,1,100.00%,, - , - 
P876281,P87628,신동백프라자,경기,용인시 기흥구,중동,경기도 용인시 기흥구 동백죽전대로 444,D14654,알리바바대리점,중복점,90%,10,9,, - ,6,3,,4,2,33.30%,, - ,2
P876282,P87628,신동백프라자,경기,용인시 기흥구,중동,경기도 용인시 기흥구 동백죽전대로 444,D13546,ACT대리점,중복점,10%,10,1,, - , - ,1,, - , - ,0.00%,, - , - 
P890401,P89040,토마토텔레콤,경기,성남시 중원구,도촌동,경기도성남시중원구도촌남로27,D15146,PS&M,PS_전속,100%,10,10,, - ,5,5,,5, - ,0.00%,, - , - 
P902721,P90272,드림통신,경기,여주시,가남읍,경기도 여주시 가남읍 태평로 38,D13742,한유대리점,수도권_전속,100%,10,10,,2,4,4,,2,2,50.00%,, - , - 
P930191,P93019,주식회사 에스티제이,경기,수원시 장안구,송죽동,경기도 수원시 장안구 경수대로 927,D13965,대교대리점,중복점,60%,10,6,,1,3,2,,3, - ,0.00%,, - , - 
P930192,P93019,주식회사 에스티제이,경기,수원시 장안구,송죽동,경기도 수원시 장안구 경수대로 927,D13622,MD대리점,중복점,40%,10,4,,1,2,1,,1,1,50.00%,, - ,1
P967461,P96746,포유모바일,경기,용인시 기흥구,구갈동,경기도 용인시 기흥구 구갈로 55,D15051,프리스비,중복점,60%,10,6,,2,1,3,, - ,1,100.00%,, - , - 
P967462,P96746,포유모바일,경기,용인시 기흥구,구갈동,경기도 용인시 기흥구 구갈로 55,D15146,PS&M,중복점,40%,10,4,, - , - ,4,, - , - ,0.00%,, - , - 
PA38461,PA3846,라온통신,경기,남양주시,화도읍,경기도 남양주시 화도읍 맷돌로 114,D14746,유원대리점,중복점,60%,10,6,,1,5, - ,,5, - ,0.00%,, - ,5
PA38462,PA3846,라온통신,경기,남양주시,화도읍,경기도 남양주시 화도읍 맷돌로 114,D15146,PS&M,중복점,40%,10,4,,1,2,1,,2, - ,0.00%,, - , - 
PA50221,PA5022,휴대폰성지KR모바일송도센트럴점,인천,연수구,송도동,"인천 연수구 센트럴로 160,",D13965,대교대리점,중복점,60%,10,6,, - ,2,4,,1,1,50.00%,, - , - 
PA50222,PA5022,휴대폰성지KR모바일송도센트럴점,인천,연수구,송도동,"인천 연수구 센트럴로 160,",D13546,ACT대리점,중복점,30%,10,3,, - ,2,1,,2, - ,0.00%,, - ,1
PA50223,PA5022,휴대폰성지KR모바일송도센트럴점,인천,연수구,송도동,"인천 연수구 센트럴로 160,",D14746,유원대리점,중복점,10%,10,1,, - , - ,1,, - , - ,0.00%,, - , - 
PA60561,PA6056,만만텔레콤,서울,용산구,갈월동,서울특별시 용산구 두텁바위로 13,D13357,가능대리점,수도권_전속,100%,10,10,, - ,3,7,,3, - ,0.00%,, - , - 
PA72941,PA7294,다올,경기,시흥시,거모동,경기도 시흥시 도일로 118,D13965,대교대리점,중복점,60%,10,6,, - ,1,5,, - ,1,100.00%,, - , - 
PA72942,PA7294,다올,경기,시흥시,거모동,경기도 시흥시 도일로 118,D15146,PS&M,중복점,40%,10,4,, - ,1,3,,1, - ,0.00%,, - , - 
PA75601,PA7560,휴대폰성지 에스엠티 마곡역점,서울,강서구,마곡동,서울특별시 강서구 마곡서로 56,D13225,광장대리점,수도권_전속,100%,10,10,, - ,2,8,,2, - ,0.00%,, - , - 
PA77091,PA7709,주식회사 청년사업단,인천,부평구,산곡동,인천광역시 부평구 경원대로 1252,D13827,지은대리점,수도권_전속,100%,10,10,, - ,8,2,,5,3,37.50%,, - ,1
PC55021,PC5502,휴대폰성지 핫딜폰 인천구월점,인천,남동구,구월동,인천광역시 남동구 예술로 198,D15051,프리스비,중복점,50%,10,5,, - , - ,5,, - , - ,0.00%,, - , - 
PC55022,PC5502,휴대폰성지 핫딜폰 인천구월점,인천,남동구,구월동,인천광역시 남동구 예술로 198,D13469,코넥,중복점,50%,10,5,, - ,1,4,,1, - ,0.00%,, - , - 
PC60811,PC6081,성남통신,경기,성남시 중원구,금광동,경기도 성남시 중원구 금빛로 96,D14654,알리바바대리점,중복점,40%,10,4,, - ,4, - ,,4, - ,0.00%,, - , - 
PC60812,PC6081,성남통신,경기,성남시 중원구,금광동,경기도 성남시 중원구 금빛로 96,D14342,신창대리점,중복점,40%,10,4,, - ,4, - ,,4, - ,0.00%,, - , - 
PC60813,PC6081,성남통신,경기,성남시 중원구,금광동,경기도 성남시 중원구 금빛로 96,D15146,PS&M,중복점,20%,10,2,, - , - ,2,, - , - ,0.00%,, - , - 
PC66701,PC6670,폰사랑,강원,강릉시,입암동,강원 강릉시 성덕포남로 53,D15146,PS&M,중복점,60%,10,6,, - ,5,1,,5, - ,0.00%,, - , - 
PC66702,PC6670,폰사랑,강원,강릉시,입암동,강원 강릉시 성덕포남로 53,D13952,참스타대리점,중복점,20%,10,2,, - , - ,2,, - , - ,0.00%,, - , - 
PC66703,PC6670,폰사랑,강원,강릉시,입암동,강원 강릉시 성덕포남로 53,D14746,유원대리점,중복점,20%,10,2,, - ,1,1,,1, - ,0.00%,, - , - 
PC73221,PC7322,주식회사 본앤코리아,강원,원주시,단계동,강원 원주시 서원대로 111,D13622,MD대리점,수도권_전속,100%,10,10,,2,2,6,,2, - ,0.00%,, - , - 
PC80611,PC8061,류모바일,경기,평택시,동삭동,경기도 평택시 상서재로 55,D15146,PS&M,PS_전속,100%,10,10,, - ,9,1,,7,2,22.20%,, - , - 
PC85591,PC8559,휴대폰성지(옥정점),경기,양주시,옥정동,경기도 양주시 회천남로 92,D13225,광장대리점,중복점,90%,10,9,,2,1,6,,1, - ,0.00%,, - , - 
PC85592,PC8559,휴대폰성지(옥정점),경기,양주시,옥정동,경기도 양주시 회천남로 92,D15176,ACE대리점,중복점,10%,10,1,, - , - ,1,, - , - ,0.00%,, - , - 
PC87631,PC8763,프렌즈,서울,광진구,구의동,서울특별시 광진구 광나루로56길 85,D15157,근흥대리점,수도권_전속,100%,10,10,, - ,1,9,,1, - ,0.00%,, - , - 
PC89001,PC8900,고양폰,경기,고양시 덕양구,고양동,경기도 고양시 덕양구 벽제관로 23,D13622,MD대리점,수도권_전속,100%,10,10,,2,7,1,,6,1,14.30%,, - , - 
PE00761,PE0076,라온통신,경기,평택시,통복동,"경기 평택시 중앙로 2,",D15176,ACE대리점,중복점,90%,10,9,, - ,9, - ,,6,3,33.30%,, - , - 
PE00762,PE0076,라온통신,경기,평택시,통복동,"경기 평택시 중앙로 2,",D13742,한유대리점,중복점,10%,10,1,, - , - ,1,, - , - ,0.00%,, - , - 
PE04151,PE0415,휴대폰성지 서정폰,경기,평택시,서정동,경기도 평택시 송탄로 220,D13469,코넥,중복점,50%,10,5,, - ,5, - ,,5, - ,0.00%,, - ,2
PE04152,PE0415,휴대폰성지 서정폰,경기,평택시,서정동,경기도 평택시 송탄로 220,D13827,지은대리점,중복점,50%,10,5,, - ,4,1,,4, - ,0.00%,, - ,2
PE15901,PE1590,도매폰,경기,남양주시,다산동,경기도 남양주시 미금로19번길 9,D13965,대교대리점,중복점,90%,10,9,, - ,5,4,,5, - ,0.00%,, - ,1
PE15902,PE1590,도매폰,경기,남양주시,다산동,경기도 남양주시 미금로19번길 9,D15146,PS&M,중복점,10%,10,1,, - ,1, - ,, - ,1,100.00%,, - , - 
PE16071,PE1607,휴대폰성지KR모바일루원시티점,인천,서구,가정동,인천광역시 서구 봉오재3로 66,D13965,대교대리점,수도권_전속,100%,10,10,, - ,5,5,,5, - ,0.00%,, - ,1
PE26671,PE2667,주식회사 본앤코리아(신현지점,경기,광주시,능평동,경기도 광주시 능평로30번길 6-19,D13622,MD대리점,중복점,80%,10,8,, - ,3,5,,3, - ,0.00%,, - , - 
PE26672,PE2667,주식회사 본앤코리아(신현지점,경기,광주시,능평동,경기도 광주시 능평로30번길 6-19,D15146,PS&M,중복점,20%,10,2,, - ,1,1,,1, - ,0.00%,, - , - 
PE27341,PE2734,좋은선택 대화역점,경기,고양시 일산서구,대화동,경기도 고양시 일산서구 중앙로 1560-34,D13858,새서울대리점,수도권_전속,100%,10,10,, - ,9,1,,9, - ,0.00%,, - , - 
PE27631,PE2763,휴대폰의모든것청춘대길오거리점,서울,은평구,응암동,서울특별시 은평구 가좌로 233,F13586,신도SDR,중복점,90%,10,9,,1,3,5,,3, - ,0.00%,, - , - 
PE27632,PE2763,휴대폰의모든것청춘대길오거리점,서울,은평구,응암동,서울특별시 은평구 가좌로 233,D13965,대교대리점,중복점,10%,10,1,, - , - ,1,, - , - ,0.00%,, - , - 
PE33161,PE3316,열정통신,인천,연수구,송도동,인천광역시 연수구 랜드마크로 20,D15117,알파대리점,수도권_전속,100%,10,10,,4,3,3,,3, - ,0.00%,, - , - 
PE33801,PE3380,에이맨모바일 신갈점,경기,용인시 기흥구,신갈동,경기도 용인시 기흥구 신갈로 52,D13827,지은대리점,중복점,90%,10,9,,1,8, - ,,7,1,12.50%,, - ,3
PE33802,PE3380,에이맨모바일 신갈점,경기,용인시 기흥구,신갈동,경기도 용인시 기흥구 신갈로 52,D15121,CD대리점,중복점,10%,10,1,, - ,1, - ,,1, - ,0.00%,, - , - 
PE36561,PE3656,시원모바일,경기,화성시 동탄구,청계동,경기도 화성시 동탄대로시범길 134,D13827,지은대리점,수도권_전속,100%,10,10,, - ,2,8,,2, - ,0.00%,, - , - 
PE42051,PE4205,휴대폰성지 정직폰 안산,경기,안산시 단원구,고잔동,경기도 안산시 단원구 중앙대로 921,D13965,대교대리점,중복점,60%,10,6,, - , - ,6,, - , - ,0.00%,, - , - 
PE42052,PE4205,휴대폰성지 정직폰 안산,경기,안산시 단원구,고잔동,경기도 안산시 단원구 중앙대로 921,D13357,가능대리점,중복점,30%,10,3,, - ,3, - ,,3, - ,0.00%,, - , - 
PE42053,PE4205,휴대폰성지 정직폰 안산,경기,안산시 단원구,고잔동,경기도 안산시 단원구 중앙대로 921,D15121,CD대리점,중복점,10%,10,1,, - , - ,1,, - , - ,0.00%,, - , - 
PE43571,PE4357,다둥이네 휴대폰,경기,부천시 원미구,상동,경기도 부천시 원미구 상동로 112,D13965,대교대리점,수도권_전속,100%,10,10,, - ,2,8,,2, - ,0.00%,, - , - 
PE44881,PE4488,휴대폰성지 옆커폰 구리토평점,경기,구리시,토평동,경기도구리시이문안로132,D15146,PS&M,PS_전속,100%,10,10,, - ,6,4,,6, - ,0.00%,, - , - 
PE46811,PE4681,휴대폰성지 아라역성지,인천,서구,원당동,인천광역시 서구 이음5로 65,D13622,MD대리점,수도권_전속,100%,10,10,, - ,2,8,,2, - ,0.00%,, - ,1
PE49931,PE4993,휴대폰성지,경기,용인시 수지구,죽전동,경기도 용인시 수지구 용구대로 2702,D14674,서울ent대리점,수도권_전속,100%,10,10,, - ,1,9,,1, - ,0.00%,, - , - 
PE54141,PE5414,원주 휴대폰 성지 혁신점,강원,원주시,반곡동,강원특별자치도 원주시 혁신로 37-1,D83213,T&B대리점,중복점,30%,10,3,,1, - ,2,, - , - ,0.00%,, - , - 
PE54142,PE5414,원주 휴대폰 성지 혁신점,강원,원주시,반곡동,강원특별자치도 원주시 혁신로 37-1,D13469,코넥,중복점,30%,10,3,, - , - ,3,, - , - ,0.00%,, - , - 
PE54143,PE5414,원주 휴대폰 성지 혁신점,강원,원주시,반곡동,강원특별자치도 원주시 혁신로 37-1,D13827,지은대리점,중복점,30%,10,3,, - ,3, - ,,3, - ,0.00%,, - , - 
PE54144,PE5414,원주 휴대폰 성지 혁신점,강원,원주시,반곡동,강원특별자치도 원주시 혁신로 37-1,D13742,한유대리점,중복점,10%,10,1,,1, - , - ,, - , - ,0.00%,, - , - 
PE56031,PE5603,미라클,서울,송파구,장지동,서울특별시 송파구 위례광장로 290,D13622,MD대리점,수도권_전속,100%,10,10,, - ,1,9,,1, - ,0.00%,, - , - 
PE60781,PE6078,이지폰 봉담점,경기,화성시 효행구,봉담읍,경기도 화성시 봉담읍 상리중심상가길 6-4,D13542,삼보대리점,수도권_전속,100%,10,10,,1,8,1,,8, - ,0.00%,, - ,3
PE62171,PE6217,휴대폰성지옆커폰화성시동탄점,경기,화성시 동탄구,청계동,경기도 화성시 동탄대로시범길 261,D14674,서울ent대리점,중복점,80%,10,8,, - ,1,7,,1, - ,0.00%,, - , - 
PE62172,PE6217,휴대폰성지옆커폰화성시동탄점,경기,화성시 동탄구,청계동,경기도 화성시 동탄대로시범길 261,D15146,PS&M,중복점,20%,10,2,, - ,1,1,,1, - ,0.00%,, - , - 
PE69121,PE6912,우리모바일 임학점,인천,계양구,임학동,인천광역시 계양구 장제로 877,D13965,대교대리점,수도권_전속,100%,10,10,,1,5,4,,5, - ,0.00%,, - ,1
PE69471,PE6947,휴대폰성지 킹콩폰 동탄호수점,경기,화성시 동탄구,송동,경기도 화성시 동탄대로5길 29,D13965,대교대리점,중복점,80%,10,8,,1,1,6,,1, - ,0.00%,, - , - 
PE69472,PE6947,휴대폰성지 킹콩폰 동탄호수점,경기,화성시 동탄구,송동,경기도 화성시 동탄대로5길 29,D13469,코넥,중복점,10%,10,1,, - ,1, - ,,1, - ,0.00%,, - , - 
PE69473,PE6947,휴대폰성지 킹콩폰 동탄호수점,경기,화성시 동탄구,송동,경기도 화성시 동탄대로5길 29,D13546,ACT대리점,중복점,10%,10,1,,1, - , - ,, - , - ,0.00%,, - , - 
PE71931,PE7193,휴대폰성지 일타폰 판교점,경기,성남시 분당구,백현동,경기도 성남시 분당구 판교역로 136,D13952,참스타대리점,수도권_전속,100%,10,10,, - ,1,9,, - ,1,100.00%,, - , - 
PE73691,PE7369,삼형제텔레콤,경기,의정부시,신곡동,경기도 의정부시 장곡로 554,D14342,신창대리점,중복점,50%,10,5,, - ,1,4,,1, - ,0.00%,, - , - 
PE73692,PE7369,삼형제텔레콤,경기,의정부시,신곡동,경기도 의정부시 장곡로 554,F13586,신도SDR,중복점,30%,10,3,,1, - ,2,, - , - ,0.00%,, - , - 
PE73693,PE7369,삼형제텔레콤,경기,의정부시,신곡동,경기도 의정부시 장곡로 554,D13858,새서울대리점,중복점,20%,10,2,, - ,1,1,,1, - ,0.00%,, - , - 
PE76611,PE7661,휴대폰성지 펭귄모바일 가산점,서울,금천구,가산동,서울특별시 금천구 가산디지털1로 142,D13622,MD대리점,중복점,60%,10,6,, - ,1,5,,1, - ,0.00%,, - , - 
PE76612,PE7661,휴대폰성지 펭귄모바일 가산점,서울,금천구,가산동,서울특별시 금천구 가산디지털1로 142,D13965,대교대리점,중복점,40%,10,4,, - , - ,4,, - , - ,0.00%,, - , - 
PE77481,PE7748,휴대폰성지YL통신북가좌점,서울,서대문구,북가좌동,서울특별시 서대문구 거북골로 192,D13952,참스타대리점,중복점,80%,10,8,, - ,5,3,,3,2,40.00%,, - , - 
PE77482,PE7748,휴대폰성지YL통신북가좌점,서울,서대문구,북가좌동,서울특별시 서대문구 거북골로 192,D15146,PS&M,중복점,20%,10,2,, - ,2, - ,,2, - ,0.00%,, - , - 
PE81041,PE8104,블루폰,경기,광명시,광명동,경기도 광명시 광명로848번길 8,D15121,CD대리점,중복점,50%,10,5,, - , - ,5,, - , - ,0.00%,, - , - 
PE81042,PE8104,블루폰,경기,광명시,광명동,경기도 광명시 광명로848번길 8,D14746,유원대리점,중복점,50%,10,5,, - ,2,3,,2, - ,0.00%,, - , - 
PE85361,PE8536,폰슐랭 휴대폰성지,경기,부천시 원미구,중동,경기도 부천시 원미구 신흥로 223,D13546,ACT대리점,중복점,90%,10,9,, - , - ,9,, - , - ,0.00%,, - , - 
PE85362,PE8536,폰슐랭 휴대폰성지,경기,부천시 원미구,중동,경기도 부천시 원미구 신흥로 223,D14674,서울ent대리점,중복점,10%,10,1,, - , - ,1,, - , - ,0.00%,, - , - 
PE85651,PE8565,착한통신(향남점),경기,화성시 만세구,향남읍,경기도 화성시 만세구 향남읍 상신하길로298번길 11,D15146,PS&M,중복점,70%,10,7,,2,2,3,,2, - ,0.00%,, - , - 
PE85652,PE8565,착한통신(향남점),경기,화성시 만세구,향남읍,경기도 화성시 만세구 향남읍 상신하길로298번길 11,D14342,신창대리점,중복점,30%,10,3,, - , - ,3,, - , - ,0.00%,, - , - 
PE85831,PE8583,휴대폰성지 정직폰 김포점,경기,김포시,걸포동,경기도 김포시 걸포2로 21,D13965,대교대리점,중복점,50%,10,5,, - ,2,3,,2, - ,0.00%,, - , - 
PE85832,PE8583,휴대폰성지 정직폰 김포점,경기,김포시,걸포동,경기도 김포시 걸포2로 21,D15121,CD대리점,중복점,30%,10,3,, - ,1,2,,1, - ,0.00%,, - , - 
PE85833,PE8583,휴대폰성지 정직폰 김포점,경기,김포시,걸포동,경기도 김포시 걸포2로 21,D13357,가능대리점,중복점,20%,10,2,, - ,2, - ,,2, - ,0.00%,, - , - 
PE88191,PE8819,휴대폰성지 서울폰 부천점,경기,부천시 원미구,중동,경기도 부천시 원미구 신흥로 170,D15121,CD대리점,수도권_전속,100%,10,10,, - ,1,9,,1, - ,0.00%,, - , - 
PE89591,PE8959,핸드폰성지홈서비스아정당의정부,경기,의정부시,의정부동,경기도 의정부시 행복로 33,D15051,프리스비,수도권_전속,100%,10,10,,1,4,5,,4, - ,0.00%,, - ,1
PE90101,PE9010,(주)비비드컴퍼니,서울,송파구,문정동,서울특별시 송파구 중대로 24,D15146,PS&M,PS_전속,100%,10,10,,2,3,5,,3, - ,0.00%,, - , - 
PE92751,PE9275,현오 휴대폰가게,인천,남동구,구월동,인천광역시 남동구 남동대로799번길 34,D15157,근흥대리점,중복점,50%,10,5,, - , - ,5,, - , - ,0.00%,, - , - 
PE92752,PE9275,현오 휴대폰가게,인천,남동구,구월동,인천광역시 남동구 남동대로799번길 34,D13546,ACT대리점,중복점,50%,10,5,, - ,2,3,,2, - ,0.00%,, - ,2
PE92981,PE9298,인천휴대폰성지지니어스모바일,인천,연수구,옥련동,인천광역시 연수구 독배로40번길 47,D15146,PS&M,중복점,80%,10,8,,5,1,2,,1, - ,0.00%,, - , - 
PE92982,PE9298,인천휴대폰성지지니어스모바일,인천,연수구,옥련동,인천광역시 연수구 독배로40번길 47,D13827,지은대리점,중복점,20%,10,2,, - ,1,1,,1, - ,0.00%,, - , - 
P085721,P08572,조아텔레콤,서울,성동구,금호동3가,서울특별시 성동구 장터길 43-1,D15117,알파대리점,수도권_전속,100%,9,9,,1,6,2,,5,1,16.70%,, - ,1
P108021,P10802,바다정보통신,서울,은평구,갈현동,서울특별시 은평구 갈현로 261,D14342,신창대리점,중복점,89%,9,8,,1,2,5,,1,1,50.00%,, - , - 
P108022,P10802,바다정보통신,서울,은평구,갈현동,서울특별시 은평구 갈현로 261,D14654,알리바바대리점,중복점,11%,9,1,, - ,1, - ,, - ,1,100.00%,, - , - 
P139521,P13952,종암이동통신,서울,성북구,종암동,서울특별시 성북구 종암로 100,F13586,신도SDR,수도권_전속,100%,9,9,, - ,5,4,,3,2,40.00%,, - , - 
P255211,P25521,영민통신,인천,서구,불로동,인천광역시 서구 검단로768번1길 4,D13124,UNI대리점,중복점,89%,9,8,,1,1,6,,1, - ,0.00%,, - ,1
P255212,P25521,영민통신,인천,서구,불로동,인천광역시 서구 검단로768번1길 4,D15146,PS&M,중복점,11%,9,1,, - , - ,1,, - , - ,0.00%,, - , - 
P334111,P33411,라라모바일,서울,노원구,중계동,서울특별시 노원구 한글비석로 245,D13357,가능대리점,중복점,56%,9,5,, - , - ,5,, - , - ,0.00%,, - , - 
P334112,P33411,라라모바일,서울,노원구,중계동,서울특별시 노원구 한글비석로 245,D14746,유원대리점,중복점,33%,9,3,, - , - ,3,, - , - ,0.00%,, - , - 
P334113,P33411,라라모바일,서울,노원구,중계동,서울특별시 노원구 한글비석로 245,D14342,신창대리점,중복점,11%,9,1,, - , - ,1,, - , - ,0.00%,, - , - 
P340901,P34090,대박통신(행정점),경기,화성시 만세구,향남읍,경기도 화성시 향남읍 향남로 392,D13952,참스타대리점,수도권_전속,100%,9,9,, - ,1,8,,1, - ,0.00%,, - , - 
P414961,P41496,진영정보통신2,인천,부평구,산곡동,인천광역시 부평구 안남로222번길 27,D15121,CD대리점,중복점,78%,9,7,, - , - ,7,, - , - ,0.00%,, - , - 
P414962,P41496,진영정보통신2,인천,부평구,산곡동,인천광역시 부평구 안남로222번길 27,D15146,PS&M,중복점,22%,9,2,, - ,1,1,,1, - ,0.00%,, - , - 
P494311,P49431,종로프라자,서울,종로구,창신동,서울특별시 종로구 지봉로5길 4,D15051,프리스비,중복점,78%,9,7,, - ,2,5,,1,1,50.00%,, - , - 
P494312,P49431,종로프라자,서울,종로구,창신동,서울특별시 종로구 지봉로5길 4,D13546,ACT대리점,중복점,22%,9,2,,1, - ,1,, - , - ,0.00%,, - , - 
P514311,P51431,관훈,서울,종로구,사직동,서울특별시 종로구 사직로8길 4,D15173,정원대리점,수도권_전속,100%,9,9,,1,6,2,,6, - ,0.00%,, - ,1
P577621,P57762,레인보우,경기,성남시 수정구,산성동,경기도 성남시 수정구 수정로 340,D15146,PS&M,중복점,56%,9,5,, - , - ,5,, - , - ,0.00%,, - , - 
P577622,P57762,레인보우,경기,성남시 수정구,산성동,경기도 성남시 수정구 수정로 340,D13357,가능대리점,중복점,44%,9,4,, - ,1,3,, - ,1,100.00%,, - , - 
P631461,P63146,중앙로정보통신한빛점,경기,파주시,야당동,경기도파주시와석순환로66,D15146,PS&M,PS_전속,100%,9,9,,3,2,4,,2, - ,0.00%,, - , - 
P801571,P80157,스마일통신,강원,속초시,중앙동,강원특별자치도 속초시 중앙로 162,D14746,유원대리점,중복점,78%,9,7,, - ,3,4,,3, - ,0.00%,, - , - 
P801572,P80157,스마일통신,강원,속초시,중앙동,강원특별자치도 속초시 중앙로 162,D15146,PS&M,중복점,22%,9,2,, - ,2, - ,,2, - ,0.00%,, - , - 
P807451,P80745,쎄븐2호점,인천,남동구,만수동,인천광역시 남동구 장승남로 51,D13952,참스타대리점,수도권_전속,100%,9,9,,1,6,2,,6, - ,0.00%,, - ,5
P833381,P83338,주식회사 스피드정보통신,인천,부평구,삼산동,인천광역시 부평구 후정동로25번길 4,D13622,MD대리점,수도권_전속,100%,9,9,,1,3,5,,3, - ,0.00%,, - ,1
P834631,P83463,하니 텔레콤,경기,시흥시,신천동,경기도 시흥시 신천5길 22,D15146,PS&M,중복점,67%,9,6,, - , - ,6,, - , - ,0.00%,, - , - 
P834632,P83463,하니 텔레콤,경기,시흥시,신천동,경기도 시흥시 신천5길 22,D13827,지은대리점,중복점,33%,9,3,, - ,1,2,,1, - ,0.00%,, - , - 
P836991,P83699,주식회사 프론티어홀딩스,경기,평택시,비전동,경기도 평택시 만세로 1838,D13542,삼보대리점,수도권_전속,100%,9,9,, - ,7,2,,7, - ,0.00%,, - ,1
P847181,P84718,TS통신,서울,관악구,신림동,서울특별시 관악구 조원로6길 16,D15117,알파대리점,중복점,67%,9,6,,1,4,1,,4, - ,0.00%,, - , - 
P847182,P84718,TS통신,서울,관악구,신림동,서울특별시 관악구 조원로6길 16,D15146,PS&M,중복점,33%,9,3,, - , - ,3,, - , - ,0.00%,, - , - 
P899271,P89927,우수통신,경기,수원시 팔달구,교동,경기도 수원시 팔달구 행궁로 98,D15157,근흥대리점,수도권_전속,100%,9,9,,4,3,2,,2,1,33.30%,, - ,1
P906781,P90678,(주)가양피씨에스 권선점,경기,수원시 권선구,권선동,경기도 수원시 권선구 동수원로242번길 9,D15051,프리스비,수도권_전속,100%,9,9,,1,4,4,,4, - ,0.00%,, - ,1
P924051,P92405,휴대폰아울렛 이수역점,서울,서초구,방배동,서울특별시 서초구 서초대로 14,D13357,가능대리점,중복점,89%,9,8,,1,3,4,,3, - ,0.00%,, - , - 
P924052,P92405,휴대폰아울렛 이수역점,서울,서초구,방배동,서울특별시 서초구 서초대로 14,D15146,PS&M,중복점,11%,9,1,, - , - ,1,, - , - ,0.00%,, - , - 
P926331,P92633,에이치 모바일,경기,화성시 만세구,남양읍,경기도화성시남양읍역골중앙로22,D15146,PS&M,PS_전속,100%,9,9,,2,1,6,,1, - ,0.00%,, - , - 
P927401,P92740,착한모바일,서울,중구,신당동,서울특별시 중구 다산로36길 30,D15146,PS&M,중복점,67%,9,6,, - , - ,6,, - , - ,0.00%,, - , - 
P927402,P92740,착한모바일,서울,중구,신당동,서울특별시 중구 다산로36길 30,F13586,신도SDR,중복점,33%,9,3,, - , - ,3,, - , - ,0.00%,, - , - 
P932161,P93216,주씨모바일,인천,계양구,병방동,인천광역시 계양구 계양산로215번길 22,D15146,PS&M,PS_전속,100%,9,9,, - ,1,8,,1, - ,0.00%,, - , - 
P989171,P98917,JH모바일,경기,구리시,수택동,경기도 구리시 검배로 13,D15176,ACE대리점,수도권_전속,100%,9,9,,4,3,2,,2,1,33.30%,, - ,1
P992321,P99232,휴대폰성지으뜸모바일태전점,경기,광주시,태전동,경기도 광주시 고불로 94,D15121,CD대리점,수도권_전속,100%,9,9,,2,3,4,,3, - ,0.00%,, - , - 
P994731,P99473,백마폰,경기,고양시 일산동구,마두동,경기도 고양시 일산동구 일산로 204,D13622,MD대리점,수도권_전속,100%,9,9,, - ,1,8,, - ,1,100.00%,, - , - 
PA31691,PA3169,폰싼집2,경기,화성시 동탄구,목동,경기도 화성시 동탄순환대로20길 104,D13542,삼보대리점,수도권_전속,100%,9,9,,1,5,3,,2,3,60.00%,, - , - 
PA41681,PA4168,쭌텔레콤,인천,미추홀구,문학동,인천광역시 미추홀구 매소홀로562번길 5-44,D13952,참스타대리점,중복점,78%,9,7,, - ,2,5,,2, - ,0.00%,, - ,1
PA41682,PA4168,쭌텔레콤,인천,미추홀구,문학동,인천광역시 미추홀구 매소홀로562번길 5-44,D15146,PS&M,중복점,22%,9,2,, - ,1,1,,1, - ,0.00%,, - , - 
PA57441,PA5744,주식회사 유퍼스트미세컨드,서울,강남구,대치동,서울특별시 강남구 역삼로 443,D15146,PS&M,중복점,56%,9,5,, - ,1,4,, - ,1,100.00%,, - , - 
PA57442,PA5744,주식회사 유퍼스트미세컨드,서울,강남구,대치동,서울특별시 강남구 역삼로 443,D14342,신창대리점,중복점,44%,9,4,, - , - ,4,, - , - ,0.00%,, - , - 
PA79391,PA7939,나우통신,경기,여주시,홍문동,경기도 여주시 세종로 69,D13951,강남스타대리점,중복점,56%,9,5,,1,2,2,,2, - ,0.00%,, - , - 
PA79392,PA7939,나우통신,경기,여주시,홍문동,경기도 여주시 세종로 69,D15121,CD대리점,중복점,44%,9,4,, - ,2,2,,1,1,50.00%,, - , - 
PA85091,PA8509,스피드텔레콤장안,경기,수원시 장안구,정자동,경기도 수원시 장안구 수성로261번길 5,D13965,대교대리점,수도권_전속,100%,9,9,, - ,3,6,,3, - ,0.00%,, - ,1
PC08841,PC0884,중앙텔레콤,경기,성남시 수정구,수진동,경기도성남시수정구수정로106,D15146,PS&M,PS_전속,100%,9,9,,4,1,4,,1, - ,0.00%,, - , - 
PC09491,PC0949,스피드정보통신,인천,남동구,구월동,인천광역시 남동구 구월남로 280,D13952,참스타대리점,수도권_전속,100%,9,9,,1,2,6,,2, - ,0.00%,, - ,1
PC25671,PC2567,총각네텔레콤,경기,안양시 만안구,박달동,경기도 안양시 만안구 양화로136번길 3,D13965,대교대리점,중복점,78%,9,7,, - ,4,3,,4, - ,0.00%,, - ,1
PC25672,PC2567,총각네텔레콤,경기,안양시 만안구,박달동,경기도 안양시 만안구 양화로136번길 3,D13827,지은대리점,중복점,22%,9,2,,1,1, - ,,1, - ,0.00%,, - , - 
PC28131,PC2813,(주)서린글로벌 봉담점,경기,화성시 효행구,봉담읍,경기도 화성시 봉담읍 매봉로 443,D13469,코넥,수도권_전속,100%,9,9,, - ,1,8,,1, - ,0.00%,, - , - 
PC35101,PC3510,친절한모바일,경기,파주시,야당동,경기도 파주시 경의로 1090,D13357,가능대리점,수도권_전속,100%,9,9,,1,5,3,,5, - ,0.00%,, - ,1
PC43411,PC4341,휴대폰성지 판다폰 골든모바일,인천,중구,중산동,인천광역시 중구 하늘별빛로 111,D13827,지은대리점,수도권_전속,100%,9,9,, - , - ,9,, - , - ,0.00%,, - , - 
PC60431,PC6043,에스엠텔레콤,경기,남양주시,호평동,경기도 남양주시 늘을2로 26,D13965,대교대리점,수도권_전속,100%,9,9,,1,2,6,,2, - ,0.00%,, - , - 
PC65791,PC6579,화성본가,경기,화성시 만세구,남양읍,경기도 화성시 남양읍 시청로45번길 3-1,D13469,코넥,중복점,67%,9,6,, - ,3,3,,3, - ,0.00%,, - , - 
PC65792,PC6579,화성본가,경기,화성시 만세구,남양읍,경기도 화성시 남양읍 시청로45번길 3-1,D15146,PS&M,중복점,22%,9,2,, - , - ,2,, - , - ,0.00%,, - , - 
PC65793,PC6579,화성본가,경기,화성시 만세구,남양읍,경기도 화성시 남양읍 시청로45번길 3-1,D15121,CD대리점,중복점,11%,9,1,, - ,1, - ,,1, - ,0.00%,, - , - 
PE00981,PE0098,(주)씨지에스,경기,의왕시,삼동,경기도 의왕시 부곡시장길 23,D13827,지은대리점,수도권_전속,100%,9,9,,4,5, - ,,4,1,20.00%,, - ,1
PE04001,PE0400,엠커뮤니케이션,경기,성남시 분당구,서현동,경기도성남시분당구서현로210번길16,D15146,PS&M,PS_전속,100%,9,9,,2, - ,7,, - , - ,0.00%,, - , - 
PE09851,PE0985,휴대폰성지,경기,평택시,서정동,경기도 평택시 서정북로 88,D15176,ACE대리점,중복점,56%,9,5,, - ,2,3,,2, - ,0.00%,, - , - 
PE09852,PE0985,휴대폰성지,경기,평택시,서정동,경기도 평택시 서정북로 88,D13827,지은대리점,중복점,44%,9,4,,2,1,1,,1, - ,0.00%,, - , - 
PE12101,PE1210,휴대폰성지,경기,남양주시,별내동,경기도 남양주시 별내중앙로 53,D14674,서울ent대리점,수도권_전속,100%,9,9,, - ,1,8,,1, - ,0.00%,, - , - 
PE12661,PE1266,휴대폰성지 아인모바일,경기,부천시 오정구,원종동,경기도 부천시 소사로 712,D15146,PS&M,중복점,78%,9,7,, - ,6,1,,5,1,16.70%,, - , - 
PE12662,PE1266,휴대폰성지 아인모바일,경기,부천시 오정구,원종동,경기도 부천시 소사로 712,D13827,지은대리점,중복점,22%,9,2,, - ,2, - ,,2, - ,0.00%,, - , - 
PE14361,PE1436,모바일스토어,경기,양주시,덕계동,경기도 양주시 평화로 1420,D13965,대교대리점,수도권_전속,100%,9,9,, - ,8,1,,7,1,12.50%,, - , - 
PE19901,PE1990,이삭토스트텔레콤,경기,고양시 일산동구,장항동,경기도 고양시 일산동구 정발산로 24,D15146,PS&M,중복점,89%,9,8,,1,1,6,,1, - ,0.00%,, - , - 
PE19902,PE1990,이삭토스트텔레콤,경기,고양시 일산동구,장항동,경기도 고양시 일산동구 정발산로 24,D15051,프리스비,중복점,11%,9,1,, - ,1, - ,,1, - ,0.00%,, - , - 
PE19921,PE1992,휴대폰성지버스폰영종하늘도시점,인천,중구,중산동,인천광역시 중구 하늘중앙로 272,D13622,MD대리점,수도권_전속,100%,9,9,, - ,2,7,,2, - ,0.00%,, - , - 
PE26171,PE2617,휴대폰성지 평택폰,경기,평택시,독곡동,경기도 평택시 지산천로 40,D13827,지은대리점,중복점,56%,9,5,,1, - ,4,, - , - ,0.00%,, - , - 
PE26172,PE2617,휴대폰성지 평택폰,경기,평택시,독곡동,경기도 평택시 지산천로 40,D15176,ACE대리점,중복점,44%,9,4,, - ,1,3,,1, - ,0.00%,, - , - 
PE27591,PE2759,프로통신 전농,서울,동대문구,전농동,서울특별시 동대문구 답십리로 56,D15146,PS&M,중복점,78%,9,7,, - ,7, - ,,1,6,85.70%,, - , - 
PE27592,PE2759,프로통신 전농,서울,동대문구,전농동,서울특별시 동대문구 답십리로 56,D13827,지은대리점,중복점,22%,9,2,,1,1, - ,,1, - ,0.00%,, - , - 
PE30211,PE3021,엘케이모바일,경기,군포시,산본동,경기도 군포시 금산로 96,D13965,대교대리점,수도권_전속,100%,9,9,,1,3,5,,3, - ,0.00%,, - , - 
PE30511,PE3051,휴대폰성지 판다폰 청라점,인천,서구,청라동,인천광역시 서구 청라커낼로 323,D13827,지은대리점,수도권_전속,100%,9,9,, - ,2,7,,2, - ,0.00%,, - , - 
PE31871,PE3187,비티에프(여주지점),경기,여주시,교동,경기도 여주시 세종로 243,D13542,삼보대리점,중복점,56%,9,5,, - , - ,5,, - , - ,0.00%,, - , - 
PE31872,PE3187,비티에프(여주지점),경기,여주시,교동,경기도 여주시 세종로 243,D13622,MD대리점,중복점,44%,9,4,,1, - ,3,, - , - ,0.00%,, - , - 
PE31891,PE3189,국대휴대폰성지 목동점,서울,강서구,등촌동,서울특별시 강서구 등촌로 215,D14342,신창대리점,중복점,78%,9,7,,1, - ,6,, - , - ,0.00%,, - , - 
PE31892,PE3189,국대휴대폰성지 목동점,서울,강서구,등촌동,서울특별시 강서구 등촌로 215,D15146,PS&M,중복점,22%,9,2,, - , - ,2,, - , - ,0.00%,, - , - 
PE34581,PE3458,대박폰(세교점),경기,오산시,금암동,경기도 오산시 수목원로 466,D13827,지은대리점,수도권_전속,100%,9,9,,1,5,3,,4,1,20.00%,, - ,2
PE44461,PE4446,키움컴퍼니,서울,강남구,역삼동,서울특별시 강남구 강남대로 지하396,D14746,유원대리점,중복점,89%,9,8,,2,3,3,,1,2,66.70%,, - ,2
PE44462,PE4446,키움컴퍼니,서울,강남구,역삼동,서울특별시 강남구 강남대로 지하396,D13951,강남스타대리점,중복점,11%,9,1,, - ,1, - ,,1, - ,0.00%,, - ,1
PE47391,PE4739,대한모바일,경기,화성시 동탄구,목동,경기도 화성시 동탄순환대로20길 118,D13827,지은대리점,수도권_전속,100%,9,9,,1,1,7,,1, - ,0.00%,, - , - 
PE48741,PE4874,광주휴대폰성지도매아울렛9호점,경기,광주시,태전동,경기도 광주시 벼루개로 20,D13542,삼보대리점,수도권_전속,100%,9,9,, - ,8,1,,8, - ,0.00%,,1,5
PE56401,PE5640,휴대폰성지 정직폰 성남점,경기,성남시 분당구,백현동,경기도 성남시 분당구 판교역로 136,D15121,CD대리점,중복점,56%,9,5,, - , - ,5,, - , - ,0.00%,, - , - 
PE56402,PE5640,휴대폰성지 정직폰 성남점,경기,성남시 분당구,백현동,경기도 성남시 분당구 판교역로 136,D13965,대교대리점,중복점,44%,9,4,, - , - ,4,, - , - ,0.00%,, - , - 
PE56651,PE5665,베스트샵,서울,광진구,구의동,서울특별시 광진구 광나루로56길 85,D13225,광장대리점,수도권_전속,100%,9,9,, - , - ,9,, - , - ,0.00%,, - , - 
PE59171,PE5917,다이렉트#,서울,서대문구,홍은동,서울특별시서대문구홍은중앙로97,D15146,PS&M,PS_전속,100%,9,9,, - ,8,1,,8, - ,0.00%,, - , - 
PE67631,PE6763,휴대폰 성지 싸당 은평점,서울,도봉구,도봉동,서울특별시 도봉구 마들로 724,D15121,CD대리점,수도권_전속,100%,9,9,, - ,7,2,,6,1,14.30%,, - , - 
PE68141,PE6814,주식회사 신화그룹 개운점,강원,원주시,개운동,강원특별자치도 원주시 행구로 11,D13827,지은대리점,중복점,56%,9,5,, - ,1,4,, - ,1,100.00%,, - , - 
PE68142,PE6814,주식회사 신화그룹 개운점,강원,원주시,개운동,강원특별자치도 원주시 행구로 11,D15146,PS&M,중복점,44%,9,4,, - ,3,1,,3, - ,0.00%,, - , - 
PE69461,PE6946,약지금 2호점,경기,의정부시,의정부동,경기도 의정부시 가능로74번길 2,D15117,알파대리점,수도권_전속,100%,9,9,,1,8, - ,,8, - ,0.00%,, - ,2
PE69931,PE6993,휴대폰성지 용인미소폰 보정점,경기,용인시 기흥구,보정동,경기도 용인시 기흥구 죽전로 2,D13622,MD대리점,수도권_전속,100%,9,9,,2,6,1,,6, - ,0.00%,, - ,4
PE73241,PE7324,휴대폰성지부천점,경기,부천시 소사구,괴안동,경기도 부천시 소사구 경인로 512,D13357,가능대리점,수도권_전속,100%,9,9,,4,3,2,,3, - ,0.00%,, - , - 
PE73261,PE7326,휴대폰성지 용산,서울,용산구,남영동,서울특별시 용산구 한강대로 282,D13622,MD대리점,수도권_전속,100%,9,9,,2,3,4,,2,1,33.30%,, - ,2
PE77631,PE7763,휴대폰 성지킹,경기,용인시 처인구,고림동,경기도 용인시 처인구 고림로 136,D13546,ACT대리점,중복점,56%,9,5,,1,2,2,,1,1,50.00%,, - , - 
PE77632,PE7763,휴대폰 성지킹,경기,용인시 처인구,고림동,경기도 용인시 처인구 고림로 136,D15146,PS&M,중복점,44%,9,4,, - ,1,3,,1, - ,0.00%,, - , - 
PE78711,PE7871,휴대폰성지스마트폰면세점검단점,인천,서구,원당동,인천광역시 서구 원당대로 983,D13965,대교대리점,중복점,89%,9,8,, - ,5,3,,4,1,20.00%,, - , - 
PE78712,PE7871,휴대폰성지스마트폰면세점검단점,인천,서구,원당동,인천광역시 서구 원당대로 983,D15146,PS&M,중복점,11%,9,1,, - ,1, - ,,1, - ,0.00%,, - , - 
PE78841,PE7884,휴대폰성지,서울,강동구,명일동,서울특별시 강동구 명일로 375,D15173,정원대리점,수도권_전속,100%,9,9,,1,4,4,,4, - ,0.00%,, - , - 
PE82061,PE8206,휴대폰성지 양심폰,서울,동대문구,이문동,서울특별시 동대문구 이문로 120,D14342,신창대리점,중복점,78%,9,7,, - ,4,3,,3,1,25.00%,, - ,1
PE82062,PE8206,휴대폰성지 양심폰,서울,동대문구,이문동,서울특별시 동대문구 이문로 120,D15146,PS&M,중복점,22%,9,2,, - ,1,1,,1, - ,0.00%,, - , - 
PE82941,PE8294,KR모바일 송도센타프라자점,인천,연수구,송도동,인천광역시 연수구 신송로 121,D13965,대교대리점,중복점,78%,9,7,, - ,3,4,,3, - ,0.00%,, - ,1
PE82942,PE8294,KR모바일 송도센타프라자점,인천,연수구,송도동,인천광역시 연수구 신송로 121,D13546,ACT대리점,중복점,22%,9,2,, - ,2, - ,,2, - ,0.00%,, - ,1
PE84031,PE8403,휴구정 II,서울,광진구,구의동,서울특별시 광진구 광나루로56길 85,D13827,지은대리점,수도권_전속,100%,9,9,, - , - ,9,, - , - ,0.00%,, - , - 
PE86391,PE8639,휴대폰성지 싸당 강변테크노점,서울,광진구,구의동,서울특별시 광진구 광나루로56길 85,D13965,대교대리점,수도권_전속,100%,9,9,, - ,2,7,,2, - ,0.00%,, - , - 
PE86721,PE8672,휴대폰성지 대찬폰,경기,오산시,궐동,경기도 오산시 죽담1로 29,D15146,PS&M,PS_전속,100%,9,9,, - ,5,4,,4,1,20.00%,, - , - 
PE88161,PE8816,휴대폰성지 착한폰 수원곡반점,경기,수원시 권선구,곡반정동,경기도 수원시 권선구 곡반정로 160,D13827,지은대리점,수도권_전속,100%,9,9,,3,3,3,,3, - ,0.00%,, - ,1
PE88891,PE8889,21세기정보통신,경기,김포시,통진읍,경기도 김포시 통진읍 조강로 66,D13124,UNI대리점,수도권_전속,100%,9,9,, - ,2,7,,2, - ,0.00%,, - , - 
PE88951,PE8895,라은 커뮤니케이션,경기,양주시,옥정동,"경기 양주시 옥정동로7가길 30,",D15146,PS&M,중복점,56%,9,5,,1,2,2,,2, - ,0.00%,, - , - 
PE88952,PE8895,라은 커뮤니케이션,경기,양주시,옥정동,"경기 양주시 옥정동로7가길 30,",D14746,유원대리점,중복점,33%,9,3,, - ,3, - ,,3, - ,0.00%,, - , - 
PE88953,PE8895,라은 커뮤니케이션,경기,양주시,옥정동,"경기 양주시 옥정동로7가길 30,",D13357,가능대리점,중복점,11%,9,1,, - ,1, - ,,1, - ,0.00%,, - , - 
PE90651,PE9065,휴대폰성지 도매폰 용인보정,경기,용인시 기흥구,보정동,"경기 용인시 기흥구 죽전로 58,",D13965,대교대리점,수도권_전속,100%,9,9,, - ,6,3,,6, - ,0.00%,, - ,1
PE93431,PE9343,휴대폰성지 폰슐랭 성남본점,경기,성남시 분당구,서현동,경기도 성남시 분당구 황새울로360번길 12,D13546,ACT대리점,중복점,56%,9,5,, - ,1,4,,1, - ,0.00%,, - , - 
PE93432,PE9343,휴대폰성지 폰슐랭 성남본점,경기,성남시 분당구,서현동,경기도 성남시 분당구 황새울로360번길 12,D15157,근흥대리점,중복점,44%,9,4,, - , - ,4,, - , - ,0.00%,, - , - 
P085311,P08531,네이버,경기,의정부시,의정부동,경기도 의정부시 시민로 지하100,D13357,가능대리점,수도권_전속,100%,8,8,, - ,6,2,,6, - ,0.00%,, - , - 
P101391,P10139,우일전자,경기,수원시 팔달구,인계동,경기도 수원시 팔달구 중부대로 38,D13542,삼보대리점,수도권_전속,100%,8,8,, - ,3,5,,3, - ,0.00%,, - , - 
P135511,P13551,태양정보통신,서울,양천구,신월동,서울특별시양천구곰달래로43,D15146,PS&M,PS_전속,100%,8,8,,3,1,4,,1, - ,0.00%,, - , - 
P144511,P14451,유성텔레콤,서울,도봉구,창동,서울특별시 도봉구 노해로63길 84-12,D13225,광장대리점,수도권_전속,100%,8,8,,1, - ,7,, - , - ,0.00%,, - , - 
P151421,P15142,비손,경기,고양시 일산서구,일산동,경기도 고양시 일산서구 후곡로 19,D13546,ACT대리점,중복점,75%,8,6,, - , - ,6,, - , - ,0.00%,, - , - 
P151422,P15142,비손,경기,고양시 일산서구,일산동,경기도 고양시 일산서구 후곡로 19,D14674,서울ent대리점,중복점,25%,8,2,, - ,2, - ,,1,1,50.00%,, - , - 
P168701,P16870,성진통신,경기,포천시,신읍동,경기도포천시중앙로167,D15146,PS&M,PS_전속,100%,8,8,,1,2,5,,2, - ,0.00%,, - , - 
P168781,P16878,뉴엔탑통신,인천,중구,인현동,인천광역시 중구 참외전로 지하125,D15051,프리스비,수도권_전속,100%,8,8,, - ,2,6,,2, - ,0.00%,, - , - 
P229191,P22919,마루텔레콤,서울,성동구,행당동,서울특별시 성동구 왕십리광장로 17,D13225,광장대리점,수도권_전속,100%,8,8,,1, - ,7,, - , - ,0.00%,, - , - 
P292661,P29266,진텔레콤(고척점),서울,구로구,고척동,서울특별시 구로구 경인로47길 118,D13357,가능대리점,수도권_전속,100%,8,8,, - ,1,7,,1, - ,0.00%,, - , - 
P363241,P36324,다쏜다 시흥배곧점,경기,시흥시,배곧동,경기도 시흥시 배곧4로 87,D15173,정원대리점,수도권_전속,100%,8,8,,1,1,6,,1, - ,0.00%,, - , - 
P379231,P37923,스마트폰면세점 주안점,인천,미추홀구,주안동,인천광역시 남구 길파로 15,D13952,참스타대리점,수도권_전속,100%,8,8,,1,2,5,,2, - ,0.00%,, - ,1
P426181,P42618,한솔정보통신,경기,김포시,장기동,경기도김포시김포한강1로57,D15146,PS&M,PS_전속,100%,8,8,, - ,2,6,,2, - ,0.00%,, - , - 
P441971,P44197,S.S 텔레콤,인천,부평구,부개동,인천광역시 부평구 길주남로 154,F13586,신도SDR,중복점,75%,8,6,,1,3,2,,1,2,66.70%,, - , - 
P441972,P44197,S.S 텔레콤,인천,부평구,부개동,인천광역시 부평구 길주남로 154,D14746,유원대리점,중복점,25%,8,2,, - ,2, - ,,1,1,50.00%,, - , - 
P444331,P44433,로또텔레콤,서울,구로구,고척동,서울특별시 구로구 고척로40길 19,D14342,신창대리점,수도권_전속,100%,8,8,, - ,5,3,,4,1,20.00%,, - , - 
P456511,P45651,대성에프앤씨계양점,인천,계양구,계산동,인천광역시 계양구 경명대로 1116,D15146,PS&M,중복점,63%,8,5,, - , - ,5,, - , - ,0.00%,, - , - 
P456512,P45651,대성에프앤씨계양점,인천,계양구,계산동,인천광역시 계양구 경명대로 1116,D15121,CD대리점,중복점,38%,8,3,,1,2, - ,,2, - ,0.00%,,1, - 
P458711,P45871,제이엠,서울,구로구,구로동,서울특별시구로구새말로93,D15146,PS&M,PS_전속,100%,8,8,, - ,4,4,,3,1,25.00%,, - , - 
P492151,P49215,99텔레콤(보라점),경기,용인시 기흥구,보라동,경기도 용인시 기흥구 사은로126번길 2,D13542,삼보대리점,중복점,75%,8,6,, - ,1,5,,1, - ,0.00%,, - , - 
P492152,P49215,99텔레콤(보라점),경기,용인시 기흥구,보라동,경기도 용인시 기흥구 사은로126번길 2,D15146,PS&M,중복점,25%,8,2,, - , - ,2,, - , - ,0.00%,, - , - 
P549751,P54975,허브통신,경기,이천시,부발읍,경기도 이천시 부발읍 무촌로 134-4,D15146,PS&M,중복점,75%,8,6,, - ,3,3,,3, - ,0.00%,, - , - 
P549752,P54975,허브통신,경기,이천시,부발읍,경기도 이천시 부발읍 무촌로 134-4,D15176,ACE대리점,중복점,25%,8,2,, - ,2, - ,,2, - ,0.00%,, - , - 
P564961,P56496,주식회사 쎄븐모바일,인천,남동구,간석동,인천광역시 남동구 백범로 326,D13952,참스타대리점,중복점,75%,8,6,,5,1, - ,,1, - ,0.00%,, - , - 
P564962,P56496,주식회사 쎄븐모바일,인천,남동구,간석동,인천광역시 남동구 백범로 326,D13827,지은대리점,중복점,25%,8,2,,1, - ,1,, - , - ,0.00%,, - , - 
P690101,P69010,나눔통신,강원,원주시,관설동,강원원주시시청로49412,D15146,PS&M,PS_전속,100%,8,8,,2,1,5,,1, - ,0.00%,, - , - 
P767991,P76799,착한폰마켓,강원,동해시,평릉동,강원동해시평원로110,D15146,PS&M,PS_전속,100%,8,8,, - ,5,3,,5, - ,0.00%,, - , - 
P772081,P77208,와이즈텔레콤,경기,연천군,전곡읍,경기도 연천군 전곡읍 은전로78번길 21,D13546,ACT대리점,중복점,50%,8,4,,1,1,2,,1, - ,0.00%,, - , - 
P772082,P77208,와이즈텔레콤,경기,연천군,전곡읍,경기도 연천군 전곡읍 은전로78번길 21,D15117,알파대리점,중복점,38%,8,3,, - ,2,1,,2, - ,0.00%,, - , - 
P772083,P77208,와이즈텔레콤,경기,연천군,전곡읍,경기도 연천군 전곡읍 은전로78번길 21,D15146,PS&M,중복점,13%,8,1,, - , - ,1,, - , - ,0.00%,, - , - 
P800121,P80012,폰종합할인마트,강원,삼척시,남양동,강원 삼척시 척주로 6,D15146,PS&M,중복점,88%,8,7,, - ,5,2,,4,1,20.00%,, - , - 
P800122,P80012,폰종합할인마트,강원,삼척시,남양동,강원 삼척시 척주로 6,D83213,T&B대리점,중복점,13%,8,1,, - ,1, - ,,1, - ,0.00%,, - , - 
P804151,P80415,이천본가,경기,이천시,증포동,경기도 이천시 이섭대천로 1374-1,D15146,PS&M,중복점,75%,8,6,, - ,5,1,,5, - ,0.00%,, - , - 
P804152,P80415,이천본가,경기,이천시,증포동,경기도 이천시 이섭대천로 1374-1,D13469,코넥,중복점,13%,8,1,, - , - ,1,, - , - ,0.00%,, - , - 
P804153,P80415,이천본가,경기,이천시,증포동,경기도 이천시 이섭대천로 1374-1,D15121,CD대리점,중복점,13%,8,1,, - , - ,1,, - , - ,0.00%,, - , - 
P807421,P80742,오랜知,강원,화천군,화천읍,강원 화천군 화천읍 중앙로 38,D13965,대교대리점,중복점,63%,8,5,, - ,2,3,, - ,2,100.00%,, - , - 
P807422,P80742,오랜知,강원,화천군,화천읍,강원 화천군 화천읍 중앙로 38,D18211,군인공제회대리점,중복점,25%,8,2,, - ,2, - ,,2, - ,0.00%,, - , - 
P807423,P80742,오랜知,강원,화천군,화천읍,강원 화천군 화천읍 중앙로 38,D15146,PS&M,중복점,13%,8,1,, - , - ,1,, - , - ,0.00%,, - , - 
P831311,P83131,휴대폰마트,경기,수원시 장안구,정자동,경기도 수원시 장안구 수성로 331,D15157,근흥대리점,수도권_전속,100%,8,8,, - ,7,1,,7, - ,0.00%,, - , - 
P843901,P84390,신길정보통신 하상점,경기,시흥시,하상동,경기도 시흥시 하상로4번길 9,D13542,삼보대리점,수도권_전속,100%,8,8,, - ,4,4,,4, - ,0.00%,, - , - 
P860491,P86049,미소통신,서울,서초구,잠원동,서울특별시 서초구 잠원로8길 25,D13225,광장대리점,중복점,63%,8,5,, - ,1,4,,1, - ,0.00%,, - , - 
P860492,P86049,미소통신,서울,서초구,잠원동,서울특별시 서초구 잠원로8길 25,D14342,신창대리점,중복점,25%,8,2,, - , - ,2,, - , - ,0.00%,, - , - 
P860493,P86049,미소통신,서울,서초구,잠원동,서울특별시 서초구 잠원로8길 25,D14746,유원대리점,중복점,13%,8,1,, - , - ,1,, - , - ,0.00%,, - , - 
P866031,P86603,폰온,경기,용인시 처인구,김량장동,경기도 용인시 처인구 금령로 109,D13827,지은대리점,중복점,50%,8,4,, - ,1,3,,1, - ,0.00%,, - ,1
P866032,P86603,폰온,경기,용인시 처인구,김량장동,경기도 용인시 처인구 금령로 109,D13622,MD대리점,중복점,50%,8,4,, - ,2,2,,2, - ,0.00%,, - , - 
P882651,P88265,엠씨그린,경기,안산시 단원구,원곡동,경기도 안산시 단원구 라성로 48,D15051,프리스비,수도권_전속,100%,8,8,, - ,6,2,,6, - ,0.00%,, - ,2
P890911,P89091,(주)예스텔레콤,경기,성남시 수정구,수진동,경기도 성남시 수정구 수정로 122,D15146,PS&M,중복점,63%,8,5,, - ,2,3,,1,1,50.00%,, - , - 
P890912,P89091,(주)예스텔레콤,경기,성남시 수정구,수진동,경기도 성남시 수정구 수정로 122,D13546,ACT대리점,중복점,38%,8,3,, - ,1,2,,1, - ,0.00%,, - , - 
P956261,P95626,레인보우텔레콤(연무점),경기,수원시 장안구,연무동,경기도 수원시 장안구 연무로42번길 5,D13742,한유대리점,수도권_전속,100%,8,8,,1,3,4,,3, - ,0.00%,, - , - 
P981131,P98113,핸드폰싸다구,경기,고양시 덕양구,행신동,경기도 고양시 덕양구 충경로 43,D15121,CD대리점,수도권_전속,100%,8,8,, - ,7,1,,7, - ,0.00%,, - ,6
P984101,P98410,봄 TELECOM,경기,시흥시,배곧동,경기도 시흥시 배곧1로 27-16,D15146,PS&M,중복점,63%,8,5,, - ,1,4,,1, - ,0.00%,, - , - 
P984102,P98410,봄 TELECOM,경기,시흥시,배곧동,경기도 시흥시 배곧1로 27-16,D15051,프리스비,중복점,38%,8,3,, - , - ,3,, - , - ,0.00%,, - , - 
P987641,P98764,원텔레콤,경기,고양시 덕양구,행신동,경기도 고양시 덕양구 충경로 44,D14746,유원대리점,수도권_전속,100%,8,8,, - ,3,5,,2,1,33.30%,, - , - 
PA24731,PA2473,주식회사 친절한폰가게,경기,파주시,와동동,경기도 파주시 가람로 49,D13357,가능대리점,수도권_전속,100%,8,8,,1,6,1,,5,1,16.70%,, - ,1
PA31921,PA3192,센스텔레콤,인천,부평구,삼산동,인천광역시 부평구 길주로 623,D13542,삼보대리점,수도권_전속,100%,8,8,, - ,2,6,,2, - ,0.00%,, - , - 
PA45421,PA4542,주식회사 경인,경기,의정부시,의정부동,경기도 의정부시 시민로 지하 100,D14674,서울ent대리점,중복점,75%,8,6,, - ,2,4,,2, - ,0.00%,, - ,1
PA45422,PA4542,주식회사 경인,경기,의정부시,의정부동,경기도 의정부시 시민로 지하 100,D15121,CD대리점,중복점,25%,8,2,, - , - ,2,, - , - ,0.00%,, - , - 
PA57781,PA5778,주식회사 맥스모바일,서울,광진구,구의동,서울특별시 광진구 광나루로56길 85,D14674,서울ent대리점,수도권_전속,100%,8,8,, - ,8, - ,,5,3,37.50%,, - , - 
PA69811,PA6981,휴대폰성지세모폰봉천점,서울,관악구,봉천동,서울특별시 관악구 남부순환로218길 1,D15121,CD대리점,중복점,75%,8,6,,1,4,1,,3,1,25.00%,, - , - 
PA69812,PA6981,휴대폰성지세모폰봉천점,서울,관악구,봉천동,서울특별시 관악구 남부순환로218길 1,D14674,서울ent대리점,중복점,13%,8,1,, - , - ,1,, - , - ,0.00%,, - , - 
PA69813,PA6981,휴대폰성지세모폰봉천점,서울,관악구,봉천동,서울특별시 관악구 남부순환로218길 1,D15146,PS&M,중복점,13%,8,1,, - ,1, - ,,1, - ,0.00%,, - , - 
PA78201,PA7820,정광통신,인천,서구,검암동,인천광역시 서구 승학로 494,D13952,참스타대리점,수도권_전속,100%,8,8,,1,1,6,, - ,1,100.00%,, - , - 
PA79641,PA7964,다온,서울,강동구,암사동,서울특별시 강동구 상암로 105,D15146,PS&M,PS_전속,100%,8,8,,1, - ,7,, - , - ,0.00%,, - , - 
PA83281,PA8328,와룡컴퍼니 팔호광장점,강원,춘천시,효자동,강원특별자치도 춘천시 춘천로 188,D13965,대교대리점,수도권_전속,100%,8,8,,2,3,3,,2,1,33.30%,, - , - 
PA92081,PA9208,휴대폰성지 링크폰,경기,평택시,용이동,경기도 평택시 용죽3로 15,D13965,대교대리점,수도권_전속,100%,8,8,,1,1,6,,1, - ,0.00%,, - , - 
PC12041,PC1204,휴대폰성지열린폰마트방화사거리,서울,강서구,방화동,서울특별시 강서구 양천로 73,D13952,참스타대리점,수도권_전속,100%,8,8,, - ,6,2,,6, - ,0.00%,, - , - 
PC16111,PC1611,휴대폰성지 중계점,서울,노원구,중계동,서울특별시 노원구 한글비석로 250,D15117,알파대리점,중복점,50%,8,4,, - ,1,3,,1, - ,0.00%,, - , - 
PC16112,PC1611,휴대폰성지 중계점,서울,노원구,중계동,서울특별시 노원구 한글비석로 250,D15176,ACE대리점,중복점,38%,8,3,, - ,3, - ,,3, - ,0.00%,, - ,2
PC16113,PC1611,휴대폰성지 중계점,서울,노원구,중계동,서울특별시 노원구 한글비석로 250,D13225,광장대리점,중복점,13%,8,1,, - , - ,1,, - , - ,0.00%,, - ,1
PC31271,PC3127,(주)동아에스엠 소하동지점,경기,광명시,소하동,경기도 광명시 오리로 346,D15051,프리스비,수도권_전속,100%,8,8,,1,2,5,,2, - ,0.00%,, - , - 
PC32411,PC3241,청년 모바일,서울,강동구,성내동,서울특별시 강동구 풍성로 148,D14342,신창대리점,수도권_전속,100%,8,8,, - ,4,4,,4, - ,0.00%,, - , - 
PC41901,PC4190,우리모바일,경기,수원시 장안구,율전동,경기도 수원시 장안구 서부로 2157,D13546,ACT대리점,수도권_전속,100%,8,8,, - ,1,7,,1, - ,0.00%,, - , - 
PC50371,PC5037,스마트폰면세점(은계점),경기,시흥시,은행동,경기도 시흥시 은계번영길 1,D13965,대교대리점,수도권_전속,100%,8,8,,1,6,1,,6, - ,0.00%,, - ,2
PC54301,PC5430,헤라통신,서울,은평구,진관동,서울특별시은평구통일로1034,D15146,PS&M,PS_전속,100%,8,8,, - ,7,1,,7, - ,0.00%,, - , - 
PC57951,PC5795,라라정보통신,경기,시흥시,정왕동,경기도 시흥시 오이도어시장로 19,D13965,대교대리점,중복점,75%,8,6,, - ,4,2,,4, - ,0.00%,, - ,1
PC57952,PC5795,라라정보통신,경기,시흥시,정왕동,경기도 시흥시 오이도어시장로 19,D13542,삼보대리점,중복점,25%,8,2,,1,1, - ,,1, - ,0.00%,, - , - 
PC58851,PC5885,폰스타 평촌점,경기,안양시 동안구,평촌동,경기도 안양시 동안구 평촌대로 140,D14342,신창대리점,수도권_전속,100%,8,8,, - ,1,7,,1, - ,0.00%,, - , - 
PC60791,PC6079,대박통신,경기,하남시,덕풍동,경기도 하남시 신장로 142,D14342,신창대리점,중복점,88%,8,7,, - ,7, - ,,7, - ,0.00%,, - , - 
PC60792,PC6079,대박통신,경기,하남시,덕풍동,경기도 하남시 신장로 142,D15051,프리스비,중복점,13%,8,1,, - , - ,1,, - , - ,0.00%,, - , - 
PC73981,PC7398,달인텔레콤3호점,서울,강동구,길동,서울특별시 강동구 명일로 212,D13622,MD대리점,수도권_전속,100%,8,8,,2,5,1,,5, - ,0.00%,, - , - 
PC87781,PC8778,정직한폰가게 본점,경기,파주시,목동동,경기도 파주시 청암로17번길 25,D13357,가능대리점,중복점,50%,8,4,, - ,3,1,,2,1,33.30%,, - , - 
PC87782,PC8778,정직한폰가게 본점,경기,파주시,목동동,경기도 파주시 청암로17번길 25,D15146,PS&M,중복점,50%,8,4,, - ,2,2,,2, - ,0.00%,, - , - 
PC96341,PC9634,우리집폰가게,경기,파주시,와동동,경기도 파주시 책향기로 836,D13357,가능대리점,중복점,50%,8,4,,1,1,2,,1, - ,0.00%,, - , - 
PC96342,PC9634,우리집폰가게,경기,파주시,와동동,경기도 파주시 책향기로 836,D15146,PS&M,중복점,50%,8,4,, - , - ,4,, - , - ,0.00%,, - , - 
PC96771,PC9677,도매폰센터 용죽점,경기,평택시,용이동,경기도 평택시 용죽3로 24,D13965,대교대리점,수도권_전속,100%,8,8,, - ,6,2,,3,3,50.00%,, - , - 
PC97181,PC9718,휴대폰성지 동탄미소폰 병점점,경기,화성시 병점구,병점동,경기도 화성시 효행로 1068,D13622,MD대리점,수도권_전속,100%,8,8,, - ,5,3,,5, - ,0.00%,, - ,1
PE03401,PE0340,유니모바일,인천,부평구,산곡동,인천광역시 부평구 마곡로 14,D13225,광장대리점,중복점,88%,8,7,, - ,4,3,,4, - ,0.00%,, - , - 
PE03402,PE0340,유니모바일,인천,부평구,산곡동,인천광역시 부평구 마곡로 14,D15146,PS&M,중복점,13%,8,1,, - , - ,1,, - , - ,0.00%,, - , - 
PE04471,PE0447,주식회사본앤코리아(오포점),경기,광주시,문형동,경기도 광주시 오포로 501-6,D13622,MD대리점,중복점,63%,8,5,, - ,2,3,,2, - ,0.00%,, - ,1
PE04472,PE0447,주식회사본앤코리아(오포점),경기,광주시,문형동,경기도 광주시 오포로 501-6,D15146,PS&M,중복점,25%,8,2,, - , - ,2,, - , - ,0.00%,, - , - 
PE04473,PE0447,주식회사본앤코리아(오포점),경기,광주시,문형동,경기도 광주시 오포로 501-6,D13542,삼보대리점,중복점,13%,8,1,, - , - ,1,, - , - ,0.00%,, - , - 
PE05341,PE0534,주식회사 우수정보통신,인천,서구,원당동,인천광역시 서구 이음5로 80,D13546,ACT대리점,수도권_전속,100%,8,8,,3,4,1,,4, - ,0.00%,, - ,1
PE13641,PE1364,브로모바일,강원,춘천시,동내면,강원특별자치도 춘천시 동내면 춘천순환로 58,D15146,PS&M,중복점,75%,8,6,,1,1,4,,1, - ,0.00%,, - , - 
PE13642,PE1364,브로모바일,강원,춘천시,동내면,강원특별자치도 춘천시 동내면 춘천순환로 58,D83213,T&B대리점,중복점,25%,8,2,, - ,1,1,,1, - ,0.00%,, - , - 
PE13911,PE1391,휴대폰성지패밀리모바일 심곡점,인천,서구,심곡동,인천광역시 서구 탁옥로 31,D13827,지은대리점,수도권_전속,100%,8,8,, - ,8, - ,,7,1,12.50%,, - ,1
PE16031,PE1603,휴대폰성지 양천본점,서울,양천구,신정동,서울특별시 양천구 중앙로 237,D13225,광장대리점,중복점,75%,8,6,, - ,3,3,,3, - ,0.00%,, - , - 
PE16032,PE1603,휴대폰성지 양천본점,서울,양천구,신정동,서울특별시 양천구 중앙로 237,D13827,지은대리점,중복점,13%,8,1,, - , - ,1,, - , - ,0.00%,, - , - 
PE16033,PE1603,휴대폰성지 양천본점,서울,양천구,신정동,서울특별시 양천구 중앙로 237,D15176,ACE대리점,중복점,13%,8,1,, - , - ,1,, - , - ,0.00%,, - , - 
PE18151,PE1815,에이치나인텔레콤,경기,고양시 일산동구,마두동,경기도 고양시 일산동구 강송로 181,D14342,신창대리점,중복점,50%,8,4,,1,2,1,,2, - ,0.00%,, - , - 
PE18152,PE1815,에이치나인텔레콤,경기,고양시 일산동구,마두동,경기도 고양시 일산동구 강송로 181,D13827,지은대리점,중복점,50%,8,4,, - , - ,4,, - , - ,0.00%,, - , - 
PE19121,PE1912,휴대폰멀티샵 계동점,경기,안성시,계동,경기도 안성시 안성맞춤대로 794,D13542,삼보대리점,중복점,50%,8,4,, - ,1,3,,1, - ,0.00%,, - , - 
PE19122,PE1912,휴대폰멀티샵 계동점,경기,안성시,계동,경기도 안성시 안성맞춤대로 794,D13827,지은대리점,중복점,50%,8,4,,1,1,2,,1, - ,0.00%,, - ,1
PE26821,PE2682,모아통신,서울,서초구,양재동,서울특별시 서초구 동산로 14,D15121,CD대리점,수도권_전속,100%,8,8,,1, - ,7,, - , - ,0.00%,, - ,1
PE29701,PE2970,제이에스텔레콤,경기,수원시 장안구,정자동,경기도 수원시 장안구 대평로 72,D13622,MD대리점,중복점,75%,8,6,, - ,2,4,,2, - ,0.00%,, - , - 
PE29702,PE2970,제이에스텔레콤,경기,수원시 장안구,정자동,경기도 수원시 장안구 대평로 72,D13965,대교대리점,중복점,25%,8,2,, - ,2, - ,,2, - ,0.00%,, - , - 
PE31751,PE3175,수원휴대폰성지도매아울렛6호점,경기,수원시 영통구,망포동,경기도 수원시 영통구 영통로153번길 98,D13542,삼보대리점,수도권_전속,100%,8,8,,1,5,2,,5, - ,0.00%,, - ,1
PE33751,PE3375,휴대폰성지 정직폰 화성점,경기,화성시 동탄구,여울동,경기도 화성시 동부대로 1062,D15121,CD대리점,중복점,50%,8,4,, - , - ,4,, - , - ,0.00%,, - , - 
PE33752,PE3375,휴대폰성지 정직폰 화성점,경기,화성시 동탄구,여울동,경기도 화성시 동부대로 1062,D13965,대교대리점,중복점,50%,8,4,, - , - ,4,, - , - ,0.00%,, - , - 
PE34831,PE3483,휴대폰성지휴대폰갤러리안산고잔,경기,안산시 단원구,고잔동,경기도 안산시 단원구 광덕대로 146,D13965,대교대리점,중복점,88%,8,7,, - ,5,2,,5, - ,0.00%,, - ,2
PE34832,PE3483,휴대폰성지휴대폰갤러리안산고잔,경기,안산시 단원구,고잔동,경기도 안산시 단원구 광덕대로 146,D13542,삼보대리점,중복점,13%,8,1,, - , - ,1,, - , - ,0.00%,, - , - 
PE36611,PE3661,병점동휴대폰성지,경기,화성시 병점구,병점동,경기도 화성시 병점노을4로 5,D13965,대교대리점,수도권_전속,100%,8,8,, - ,7,1,,5,2,28.60%,, - , - 
PE40541,PE4054,트리플 수원점,경기,수원시 팔달구,인계동,경기도수원시팔달구효원로278,D15146,PS&M,PS_전속,100%,8,8,, - , - ,8,, - , - ,0.00%,, - , - 
PE44031,PE4403,휴대폰성지 목동역점,서울,양천구,목동,서울특별시 양천구 목동로 210,D13225,광장대리점,중복점,63%,8,5,, - , - ,5,, - , - ,0.00%,, - , - 
PE44032,PE4403,휴대폰성지 목동역점,서울,양천구,목동,서울특별시 양천구 목동로 210,D15176,ACE대리점,중복점,38%,8,3,, - ,1,2,,1, - ,0.00%,, - , - 
PE44081,PE4408,휴대폰성지,경기,화성시 동탄구,영천동,경기도 화성시 동탄순환대로 697,D14674,서울ent대리점,수도권_전속,100%,8,8,, - ,4,4,,1,3,75.00%,, - , - 
PE45101,PE4510,제이엔 와동점,경기,안산시 단원구,와동,경기도 안산시 단원구 사세충열로 1,D14342,신창대리점,수도권_전속,100%,8,8,, - ,6,2,,6, - ,0.00%,, - ,1
PE45911,PE4591,원투모바일,서울,구로구,구로동,서울특별시 구로구 새말로 97,D13542,삼보대리점,수도권_전속,100%,8,8,, - ,1,7,,1, - ,0.00%,, - , - 
PE48331,PE4833,고잔모바일,경기,안산시 단원구,고잔동,경기도 안산시 단원구 중앙대로 921,D13622,MD대리점,수도권_전속,100%,8,8,, - ,1,7,, - ,1,100.00%,, - , - 
PE49461,PE4946,스마일폰톡,경기,광주시,능평동,경기도 광주시 오포로 125,D15176,ACE대리점,중복점,38%,8,3,,3, - , - ,, - , - ,0.00%,, - , - 
PE49462,PE4946,스마일폰톡,경기,광주시,능평동,경기도 광주시 오포로 125,D13357,가능대리점,중복점,38%,8,3,,3, - , - ,, - , - ,0.00%,, - , - 
PE49463,PE4946,스마일폰톡,경기,광주시,능평동,경기도 광주시 오포로 125,D13965,대교대리점,중복점,25%,8,2,, - , - ,2,, - , - ,0.00%,, - , - 
PE49741,PE4974,휴대폰성지 세모폰 부천시청점,경기,부천시 원미구,중동,경기도 부천시 원미구 소향로 181,D15121,CD대리점,중복점,88%,8,7,, - ,6,1,,6, - ,0.00%,, - ,1
PE49742,PE4974,휴대폰성지 세모폰 부천시청점,경기,부천시 원미구,중동,경기도 부천시 원미구 소향로 181,D15146,PS&M,중복점,13%,8,1,, - , - ,1,, - , - ,0.00%,, - , - 
PE52311,PE5231,휴대폰성지 선통신 양천본점,서울,양천구,목동,서울특별시 양천구 목동중앙북로 7,D13622,MD대리점,수도권_전속,100%,8,8,,1, - ,7,, - , - ,0.00%,, - , - 
PE57231,PE5723,휴대폰의모든것청춘대길고강점,경기,부천시 오정구,고강동,경기도 부천시 오정구 역곡로481번길 14,F13586,신도SDR,수도권_전속,100%,8,8,, - ,4,4,,4, - ,0.00%,, - , - 
PE57261,PE5726,휴대폰성지세모폰샤로수길점,서울,관악구,봉천동,서울특별시 관악구 남부순환로 1849,D15121,CD대리점,중복점,75%,8,6,,2,1,3,,1, - ,0.00%,, - , - 
PE57262,PE5726,휴대폰성지세모폰샤로수길점,서울,관악구,봉천동,서울특별시 관악구 남부순환로 1849,D14674,서울ent대리점,중복점,13%,8,1,, - , - ,1,, - , - ,0.00%,, - , - 
PE57263,PE5726,휴대폰성지세모폰샤로수길점,서울,관악구,봉천동,서울특별시 관악구 남부순환로 1849,D13357,가능대리점,중복점,13%,8,1,, - , - ,1,, - , - ,0.00%,, - , - 
PE59141,PE5914,드림티씨에이TCA강남,서울,강남구,역삼동,서울특별시 강남구 역삼로 161,D15146,PS&M,PS_전속,100%,8,8,,2,3,3,,3, - ,0.00%,, - , - 
PE61171,PE6117,바로폰,경기,성남시 분당구,서현동,경기도 성남시 분당구 황새울로312번길 20,D14746,유원대리점,중복점,63%,8,5,, - ,1,4,, - ,1,100.00%,, - ,1
PE61172,PE6117,바로폰,경기,성남시 분당구,서현동,경기도 성남시 분당구 황새울로312번길 20,D15121,CD대리점,중복점,38%,8,3,, - ,1,2,,1, - ,0.00%,, - , - 
PE61461,PE6146,휴대폰 성지 옆커폰 당산점,서울,영등포구,당산동5가,서울특별시 영등포구 당산로 205,D14674,서울ent대리점,수도권_전속,100%,8,8,, - , - ,8,, - , - ,0.00%,, - , - 
PE61981,PE6198,도매폰성지센터 송탄출장소점,경기,평택시,서정동,경기도 평택시 관광특구로 38,D13965,대교대리점,중복점,88%,8,7,,1,4,2,,3,1,25.00%,, - , - 
PE61982,PE6198,도매폰성지센터 송탄출장소점,경기,평택시,서정동,경기도 평택시 관광특구로 38,D15146,PS&M,중복점,13%,8,1,,1, - , - ,, - , - ,0.00%,, - , - 
PE62641,PE6264,휴대폰성지 휴대폰맛집 길음점,서울,성북구,길음동,서울특별시 성북구 길음로 11,D13357,가능대리점,중복점,63%,8,5,, - ,4,1,,3,1,25.00%,, - , - 
PE62642,PE6264,휴대폰성지 휴대폰맛집 길음점,서울,성북구,길음동,서울특별시 성북구 길음로 11,D15121,CD대리점,중복점,25%,8,2,, - , - ,2,, - , - ,0.00%,, - , - 
PE62643,PE6264,휴대폰성지 휴대폰맛집 길음점,서울,성북구,길음동,서울특별시 성북구 길음로 11,D14674,서울ent대리점,중복점,13%,8,1,, - , - ,1,, - , - ,0.00%,, - , - 
PE63371,PE6337,휴대폰성지달인폰센터평택점,경기,평택시,세교동,경기도 평택시 영신1길 39,D13965,대교대리점,중복점,88%,8,7,, - ,2,5,,1,1,50.00%,, - , - 
PE63372,PE6337,휴대폰성지달인폰센터평택점,경기,평택시,세교동,경기도 평택시 영신1길 39,D13469,코넥,중복점,13%,8,1,, - ,1, - ,,1, - ,0.00%,, - ,1
PE64551,PE6455,휴대폰성지옆커폰 오산 원동점,경기,오산시,원동,경기도 오산시 경기대로 155,D14674,서울ent대리점,수도권_전속,100%,8,8,,1,2,5,,2, - ,0.00%,, - , - 
PE64941,PE6494,휴대폰특판매장 1등폰 망포점,경기,수원시 영통구,망포동,경기도 수원시 영통구 영통로 124,D13965,대교대리점,수도권_전속,100%,8,8,, - ,2,6,,2, - ,0.00%,, - , - 
PE65861,PE6586,스마트폰면세점 수원 정자동점,경기,수원시 장안구,이목동,경기도 수원시 장안구 이목로 17,D13965,대교대리점,수도권_전속,100%,8,8,, - ,2,6,,2, - ,0.00%,, - ,1
PE66241,PE6624,휴대폰성지 중랑,서울,중랑구,묵동,서울특별시 중랑구 중랑역로 184,D15146,PS&M,중복점,63%,8,5,,1,2,2,,1,1,50.00%,, - , - 
PE66242,PE6624,휴대폰성지 중랑,서울,중랑구,묵동,서울특별시 중랑구 중랑역로 184,D13622,MD대리점,중복점,38%,8,3,, - ,1,2,,1, - ,0.00%,, - , - 
PE68731,PE6873,주식회사 디엔에스,경기,남양주시,진접읍,경기도 남양주시 진접읍 금강로 1445,D13546,ACT대리점,수도권_전속,100%,8,8,,1,1,6,,1, - ,0.00%,, - , - 
PE70131,PE7013,휴대폰성지 청년폰 종로점,서울,종로구,종로1가,서울특별시 종로구 종로 19,D13357,가능대리점,중복점,50%,8,4,, - , - ,4,, - , - ,0.00%,, - , - 
PE70132,PE7013,휴대폰성지 청년폰 종로점,서울,종로구,종로1가,서울특별시 종로구 종로 19,D15146,PS&M,중복점,50%,8,4,, - ,1,3,,1, - ,0.00%,, - , - 
PE71351,PE7135,아이엠티정보 3호점,인천,부평구,산곡동,인천광역시 부평구 안남로 261,D15146,PS&M,중복점,50%,8,4,,1,2,1,,2, - ,0.00%,, - , - 
PE71352,PE7135,아이엠티정보 3호점,인천,부평구,산곡동,인천광역시 부평구 안남로 261,D13124,UNI대리점,중복점,50%,8,4,,1,2,1,,2, - ,0.00%,, - , - 
PE74091,PE7409,청라 휴대폰성지 빨간집,인천,서구,청라동,인천광역시 서구 청라에메랄드로 99,D13357,가능대리점,중복점,63%,8,5,, - , - ,5,, - , - ,0.00%,, - , - 
PE74092,PE7409,청라 휴대폰성지 빨간집,인천,서구,청라동,인천광역시 서구 청라에메랄드로 99,F13586,신도SDR,중복점,38%,8,3,, - , - ,3,, - , - ,0.00%,, - , - 
PE77951,PE7795,휴대폰 성지 정직폰 은평점,서울,은평구,녹번동,서울특별시 은평구 진흥로 114,D13622,MD대리점,중복점,88%,8,7,, - , - ,7,, - , - ,0.00%,, - ,1
PE77952,PE7795,휴대폰 성지 정직폰 은평점,서울,은평구,녹번동,서울특별시 은평구 진흥로 114,D15146,PS&M,중복점,13%,8,1,, - ,1, - ,,1, - ,0.00%,, - , - 
PE79341,PE7934,우리모바일 청천사거리점,인천,부평구,청천동,인천광역시 부평구 청중로 65,D13965,대교대리점,수도권_전속,100%,8,8,, - ,6,2,,5,1,16.70%,, - ,4
PE80201,PE8020,채움,경기,양주시,옥정동,경기도 양주시 옥정동로7길 91,D14746,유원대리점,중복점,50%,8,4,,1,1,2,,1, - ,0.00%,, - ,1
PE80202,PE8020,채움,경기,양주시,옥정동,경기도 양주시 옥정동로7길 91,D13357,가능대리점,중복점,50%,8,4,, - , - ,4,, - , - ,0.00%,, - , - 
PE83511,PE8351,휴대폰성지 옆커폰상일점,서울,강동구,고덕동,서울특별시 강동구 고덕로 391,D14674,서울ent대리점,수도권_전속,100%,8,8,, - ,1,7,,1, - ,0.00%,, - , - 
PE83971,PE8397,휴대폰 성지 싸당 수원점,경기,수원시 팔달구,고등동,경기도 수원시 팔달구 팔달로 53,D13542,삼보대리점,수도권_전속,100%,8,8,, - , - ,8,, - , - ,0.00%,, - , - 
PE84541,PE8454,미사1등휴대폰성지다온모두의폰,경기,하남시,망월동,경기도 하남시 미사강변남로 103,D14342,신창대리점,수도권_전속,100%,8,8,,4,2,2,,2, - ,0.00%,, - ,1
PE85641,PE8564,폰플러스,강원,강릉시,포남동,강원 강릉시 하평길 37,D15146,PS&M,중복점,63%,8,5,,1,2,2,,2, - ,0.00%,, - , - 
PE85642,PE8564,폰플러스,강원,강릉시,포남동,강원 강릉시 하평길 37,D13952,참스타대리점,중복점,38%,8,3,, - ,3, - ,,3, - ,0.00%,, - ,1
PE86671,PE8667,핸드폰마을 암사점,서울,강동구,천호동,서울특별시 강동구 상암로 48,D15146,PS&M,중복점,50%,8,4,, - ,4, - ,,4, - ,0.00%,, - , - 
PE86672,PE8667,핸드폰마을 암사점,서울,강동구,천호동,서울특별시 강동구 상암로 48,D15176,ACE대리점,중복점,50%,8,4,, - ,4, - ,,4, - ,0.00%,, - ,1
PE88181,PE8818,휴대폰성지 정직폰 서초점,서울,서초구,방배동,서울특별시 서초구 서초대로19길 77,D15121,CD대리점,중복점,50%,8,4,, - ,1,3,,1, - ,0.00%,, - , - 
PE88182,PE8818,휴대폰성지 정직폰 서초점,서울,서초구,방배동,서울특별시 서초구 서초대로19길 77,D13357,가능대리점,중복점,25%,8,2,, - , - ,2,, - , - ,0.00%,, - , - 
PE88183,PE8818,휴대폰성지 정직폰 서초점,서울,서초구,방배동,서울특별시 서초구 서초대로19길 77,D13965,대교대리점,중복점,25%,8,2,, - , - ,2,, - , - ,0.00%,, - , - 
PE88481,PE8848,해동,서울,광진구,구의동,"서울 광진구 광나루로56길 85,",D13827,지은대리점,수도권_전속,100%,8,8,, - ,8, - ,,4,4,50.00%,, - , - 
PE89611,PE8961,다인플러스,경기,안양시 만안구,안양동,경기도 안양시 만안구 병목안로 127,D13827,지은대리점,중복점,63%,8,5,, - ,5, - ,,3,2,40.00%,, - , - 
PE89612,PE8961,다인플러스,경기,안양시 만안구,안양동,경기도 안양시 만안구 병목안로 127,D15146,PS&M,중복점,38%,8,3,, - ,2,1,,2, - ,0.00%,, - , - 
PE91251,PE9125,오웬,경기,안양시 만안구,안양동,경기도 안양시 만안구 장내로149번길 28,D13965,대교대리점,중복점,88%,8,7,, - ,4,3,,4, - ,0.00%,, - ,3
PE91252,PE9125,오웬,경기,안양시 만안구,안양동,경기도 안양시 만안구 장내로149번길 28,D15121,CD대리점,중복점,13%,8,1,,1, - , - ,, - , - ,0.00%,, - ,1
PE91671,PE9167,에스유 동탄점,경기,화성시 동탄구,반송동,경기 화성시 동탄구 동탄반석로 120,D13622,MD대리점,수도권_전속,100%,8,8,, - ,5,3,,5, - ,0.00%,, - , - 
PE92231,PE9223,모바일스토리,경기,김포시,구래동,"경기 김포시 김포한강9로76번길 63,",D15146,PS&M,중복점,75%,8,6,, - ,2,4,,2, - ,0.00%,, - , - 
PE92232,PE9223,모바일스토리,경기,김포시,구래동,"경기 김포시 김포한강9로76번길 63,",D13546,ACT대리점,중복점,25%,8,2,, - ,1,1,,1, - ,0.00%,, - , - 
PE93441,PE9344,휴대폰성지24 강서점,서울,강서구,마곡동,"서울 강서구 마곡중앙2로 5,",D13622,MD대리점,수도권_전속,100%,8,8,, - ,2,6,,1,1,50.00%,, - , - 
PE93921,PE9392,성지폰,서울,금천구,독산동,"서울 금천구 독산로75길 9,",D13965,대교대리점,수도권_전속,100%,8,8,,2,3,3,,2,1,33.30%,, - , - 
P125631,P12563,휴대폰천국,서울,중랑구,면목동,서울특별시 중랑구 면목로 360,D13858,새서울대리점,수도권_전속,100%,7,7,, - ,1,6,, - ,1,100.00%,, - , - 
P128541,P12854,우리정보,인천,미추홀구,관교동,인천광역시 미추홀구 주승로 253,D15121,CD대리점,중복점,86%,7,6,,1,3,2,,3, - ,0.00%,, - ,1
P128542,P12854,우리정보,인천,미추홀구,관교동,인천광역시 미추홀구 주승로 253,D13622,MD대리점,중복점,14%,7,1,, - , - ,1,, - , - ,0.00%,, - , - 
P130371,P13037,하늘정보통신,인천,중구,항동7가,인천광역시 중구 연안부두로33번길 22,D13124,UNI대리점,수도권_전속,100%,7,7,,1,3,3,,2,1,33.30%,, - , - 
P182631,P18263,T정보통신,서울,성동구,행당동,서울특별시 성동구 왕십리광장로 17,D15051,프리스비,중복점,57%,7,4,, - ,1,3,,1, - ,0.00%,, - , - 
P182632,P18263,T정보통신,서울,성동구,행당동,서울특별시 성동구 왕십리광장로 17,D15146,PS&M,중복점,43%,7,3,, - , - ,3,, - , - ,0.00%,, - , - 
P237231,P23723,JH텔레콤,경기,용인시 기흥구,보정동,경기도용인시기흥구죽전로23,D15146,PS&M,PS_전속,100%,7,7,, - ,3,4,,3, - ,0.00%,, - , - 
P338661,P33866,신바람텔레콤,서울,서초구,방배동,서울 서초구 서초대로23길 118-101,F13586,신도SDR,수도권_전속,100%,7,7,,1, - ,6,, - , - ,0.00%,, - , - 
P368211,P36821,대박텔레콤,서울,동대문구,장안동,서울특별시 동대문구 장한로5길 41,D14342,신창대리점,중복점,86%,7,6,,1,1,4,,1, - ,0.00%,, - , - 
P368212,P36821,대박텔레콤,서울,동대문구,장안동,서울특별시 동대문구 장한로5길 41,D15146,PS&M,중복점,14%,7,1,,1, - , - ,, - , - ,0.00%,, - , - 
P420511,P42051,팡팡이동통신,인천,중구,답동,인천광역시 중구 우현로 지하 67,D13225,광장대리점,중복점,57%,7,4,, - , - ,4,, - , - ,0.00%,, - , - 
P420512,P42051,팡팡이동통신,인천,중구,답동,인천광역시 중구 우현로 지하 67,D13952,참스타대리점,중복점,43%,7,3,, - ,1,2,,1, - ,0.00%,, - , - 
P519061,P51906,주식회사와이에스정보통신,인천,서구,가좌동,인천광역시 서구 장고개로337번길 16,D13124,UNI대리점,수도권_전속,100%,7,7,,1, - ,6,, - , - ,0.00%,, - , - 
P636461,P63646,길정보통신(도일점),경기,시흥시,거모동,경기도 시흥시 도일로123번길 4,D13542,삼보대리점,중복점,71%,7,5,,1,3,1,,3, - ,0.00%,, - ,2
P636462,P63646,길정보통신(도일점),경기,시흥시,거모동,경기도 시흥시 도일로123번길 4,D15146,PS&M,중복점,29%,7,2,, - , - ,2,, - , - ,0.00%,, - , - 
P646071,P64607,m스타,인천,서구,가좌동,인천광역시 서구 가정로 130,D15121,CD대리점,수도권_전속,100%,7,7,, - ,5,2,,5, - ,0.00%,, - , - 
P683211,P68321,능곡통신,경기,시흥시,능곡동,경기도 시흥시 장현능곡로 198,D14746,유원대리점,수도권_전속,100%,7,7,,1,2,4,,2, - ,0.00%,, - , - 
P691481,P69148,행복한마을,서울,강동구,상일동,서울특별시 강동구 상일로 21,D13965,대교대리점,중복점,71%,7,5,, - ,2,3,, - ,2,100.00%,, - ,1
P691482,P69148,행복한마을,서울,강동구,상일동,서울특별시 강동구 상일로 21,D15146,PS&M,중복점,29%,7,2,, - ,2, - ,,2, - ,0.00%,, - , - 
P711921,P71192,폰스토어,경기,이천시,증포동,경기도 이천시 증신로 132,D15176,ACE대리점,수도권_전속,100%,7,7,, - , - ,7,, - , - ,0.00%,, - , - 
P722181,P72218,한마음정보통신,서울,관악구,봉천동,서울특별시 관악구 은천로 23,D15051,프리스비,중복점,71%,7,5,,1,1,3,,1, - ,0.00%,, - , - 
P722182,P72218,한마음정보통신,서울,관악구,봉천동,서울특별시 관악구 은천로 23,D15146,PS&M,중복점,29%,7,2,, - ,1,1,,1, - ,0.00%,, - , - 
P742221,P74222,스마일정보통신,서울,구로구,구로동,서울특별시 구로구 구로중앙로28길 6,D14746,유원대리점,수도권_전속,100%,7,7,,3,2,2,,1,1,50.00%,, - , - 
P852451,P85245,그린비텔레콤,인천,서구,청라동,인천광역시 서구 청라커낼로 252,D13124,UNI대리점,중복점,86%,7,6,,1, - ,5,, - , - ,0.00%,, - , - 
P852452,P85245,그린비텔레콤,인천,서구,청라동,인천광역시 서구 청라커낼로 252,D15146,PS&M,중복점,14%,7,1,, - , - ,1,, - , - ,0.00%,, - , - 
P855651,P85565,신세계통신,경기,부천시 소사구,소사본동,경기도 부천시 소사구 소사로 171,D13827,지은대리점,수도권_전속,100%,7,7,, - ,4,3,,4, - ,0.00%,, - ,1
P863751,P86375,이지모바일,서울,영등포구,여의도동,서울특별시 영등포구 국제금융로8길 19,D13225,광장대리점,중복점,71%,7,5,,1, - ,4,, - , - ,0.00%,, - , - 
P863752,P86375,이지모바일,서울,영등포구,여의도동,서울특별시 영등포구 국제금융로8길 19,D15146,PS&M,중복점,29%,7,2,, - ,1,1,,1, - ,0.00%,, - , - 
P864391,P86439,중앙통신,경기,안양시 동안구,관양동,경기도 안양시 동안구 흥안대로492번길 7,D13858,새서울대리점,중복점,57%,7,4,, - , - ,4,, - , - ,0.00%,, - , - 
P864392,P86439,중앙통신,경기,안양시 동안구,관양동,경기도 안양시 동안구 흥안대로492번길 7,D15173,정원대리점,중복점,43%,7,3,, - ,2,1,, - ,2,100.00%,, - , - 
P865711,P86571,착한텔레콤,강원,원주시,반곡동,강원 원주시 양지로 50,D15146,PS&M,PS_전속,100%,7,7,, - ,1,6,,1, - ,0.00%,, - , - 
P869421,P86942,할인모바일,경기,구리시,토평동,경기도 구리시 벌말로 200,D15176,ACE대리점,수도권_전속,100%,7,7,, - ,6,1,,5,1,16.70%,, - , - 
P872331,P87233,기가텔레콤,경기,파주시,조리읍,경기도 파주시 조리읍 봉천로 44-1,D14342,신창대리점,중복점,86%,7,6,,2, - ,4,, - , - ,0.00%,, - , - 
P872332,P87233,기가텔레콤,경기,파주시,조리읍,경기도 파주시 조리읍 봉천로 44-1,D15146,PS&M,중복점,14%,7,1,, - ,1, - ,,1, - ,0.00%,, - , - 
P883311,P88331,나린텔레콤,경기,고양시 덕양구,행신동,경기도 고양시 덕양구 충경로 53,D13124,UNI대리점,중복점,43%,7,3,,1,1,1,,1, - ,0.00%,, - , - 
P883312,P88331,나린텔레콤,경기,고양시 덕양구,행신동,경기도 고양시 덕양구 충경로 53,D15146,PS&M,중복점,43%,7,3,, - ,1,2,,1, - ,0.00%,, - , - 
P883313,P88331,나린텔레콤,경기,고양시 덕양구,행신동,경기도 고양시 덕양구 충경로 53,D18211,군인공제회대리점,중복점,14%,7,1,, - , - ,1,, - , - ,0.00%,, - , - 
P885141,P88514,주식회사 아이네트웍스,인천,계양구,작전동,인천광역시 계양구 장제로 672,D13952,참스타대리점,수도권_전속,100%,7,7,, - ,2,5,,2, - ,0.00%,, - , - 
P919731,P91973,월드텔레콤,인천,강화군,강화읍,인천광역시 강화군 강화읍 강화대로 403,D13124,UNI대리점,수도권_전속,100%,7,7,, - ,4,3,,3,1,25.00%,, - , - 
P930501,P93050,신세계,서울,서초구,잠원동,서울특별시 서초구 잠원로 51,D13858,새서울대리점,수도권_전속,100%,7,7,, - ,1,6,,1, - ,0.00%,, - , - 
P955851,P95585,총각네 텔레콤,경기,화성시 만세구,우정읍,경기도화성시우정읍조암동로36번길11,D15146,PS&M,PS_전속,100%,7,7,,1, - ,6,, - , - ,0.00%,, - , - 
P958581,P95858,주식회사 본앤코리아 문막지점,강원,원주시,문막읍,강원 원주시 문막읍 건등로 10-19,D13622,MD대리점,중복점,71%,7,5,,1,3,1,,3, - ,0.00%,, - , - 
P958582,P95858,주식회사 본앤코리아 문막지점,강원,원주시,문막읍,강원 원주시 문막읍 건등로 10-19,D15146,PS&M,중복점,29%,7,2,, - , - ,2,, - , - ,0.00%,, - , - 
P964751,P96475,미도텔레콤,서울,양천구,신정동,서울특별시 양천구 중앙로 276,D13124,UNI대리점,수도권_전속,100%,7,7,,1, - ,6,, - , - ,0.00%,, - , - 
P981301,P98130,새로고침모바일,경기,의정부시,금오동,경기도 의정부시 청사로 45,D13357,가능대리점,수도권_전속,100%,7,7,, - ,3,4,,2,1,33.30%,, - ,2
P982361,P98236,휴대폰 도매프라자 본점,경기,안성시,공도읍,경기도 안성시 공도읍 공도로 132,D13827,지은대리점,수도권_전속,100%,7,7,,3,4, - ,,4, - ,0.00%,, - ,1
P984271,P98427,전부,인천,미추홀구,숭의동,인천광역시 미추홀구 수봉로 18,D13952,참스타대리점,중복점,57%,7,4,, - , - ,4,, - , - ,0.00%,, - , - 
P984272,P98427,전부,인천,미추홀구,숭의동,인천광역시 미추홀구 수봉로 18,D15146,PS&M,중복점,43%,7,3,, - , - ,3,, - , - ,0.00%,, - , - 
P987961,P98796,휴대폰성지 세모폰 신중동점,경기,부천시 원미구,중동,경기도 부천시 원미구 길주로 288,D15121,CD대리점,중복점,43%,7,3,, - , - ,3,, - , - ,0.00%,, - , - 
P987962,P98796,휴대폰성지 세모폰 신중동점,경기,부천시 원미구,중동,경기도 부천시 원미구 길주로 288,D15146,PS&M,중복점,43%,7,3,,1, - ,2,, - , - ,0.00%,, - , - 
P987963,P98796,휴대폰성지 세모폰 신중동점,경기,부천시 원미구,중동,경기도 부천시 원미구 길주로 288,D14674,서울ent대리점,중복점,14%,7,1,, - ,1, - ,, - ,1,100.00%,, - , - 
P994111,P99411,우리동네1등매장 당동점,경기,군포시,당동,경기도 군포시 군포로456번길 13,D13827,지은대리점,수도권_전속,100%,7,7,,1,6, - ,,3,3,50.00%,, - ,2
PA28871,PA2887,휴대폰성지KR모바일김포운양점,경기,김포시,운양동,경기도 김포시 김포한강11로 288-24,D13965,대교대리점,중복점,71%,7,5,, - ,1,4,, - ,1,100.00%,, - , - 
PA28872,PA2887,휴대폰성지KR모바일김포운양점,경기,김포시,운양동,경기도 김포시 김포한강11로 288-24,D13546,ACT대리점,중복점,29%,7,2,, - , - ,2,, - , - ,0.00%,, - ,1
PA32541,PA3254,제왕정보통신,서울,도봉구,도봉동,서울특별시 도봉구 도봉로 891,D14342,신창대리점,수도권_전속,100%,7,7,,1,4,2,,4, - ,0.00%,, - , - 
PA32811,PA3281,썬플러스,서울,중랑구,묵동,서울특별시 중랑구 공릉로 58,D15121,CD대리점,수도권_전속,100%,7,7,,1, - ,6,, - , - ,0.00%,, - ,1
PA36831,PA3683,모람통신,서울,중랑구,중화동,서울특별시 중랑구 동일로129길 19,D15121,CD대리점,수도권_전속,100%,7,7,,1,3,3,,3, - ,0.00%,, - ,1
PA47201,PA4720,명성대박통신,서울,송파구,가락동,서울특별시송파구오금로44가길9,D15146,PS&M,PS_전속,100%,7,7,, - ,2,5,,2, - ,0.00%,, - , - 
PA48031,PA4803,운정아저씨,경기,파주시,금촌동,경기도파주시명동길63,D15146,PS&M,PS_전속,100%,7,7,, - ,7, - ,, - ,7,100.00%,, - , - 
PA51881,PA5188,라임텔레콤,경기,의정부시,녹양동,경기도 의정부시 비우로92번길 6,F13586,신도SDR,중복점,86%,7,6,, - , - ,6,, - , - ,0.00%,, - , - 
PA51882,PA5188,라임텔레콤,경기,의정부시,녹양동,경기도 의정부시 비우로92번길 6,D13225,광장대리점,중복점,14%,7,1,, - , - ,1,, - , - ,0.00%,, - , - 
PA55051,PA5505,휴대폰성지 휴대폰파크 서초점,서울,서초구,서초동,서울특별시 서초구 효령로 304,D15121,CD대리점,수도권_전속,100%,7,7,, - , - ,7,, - , - ,0.00%,, - , - 
PA60521,PA6052,파라통신 계산,인천,계양구,계산동,인천광역시 계양구 주부토로 476,D15051,프리스비,중복점,71%,7,5,, - ,1,4,, - ,1,100.00%,, - , - 
PA60522,PA6052,파라통신 계산,인천,계양구,계산동,인천광역시 계양구 주부토로 476,D15146,PS&M,중복점,29%,7,2,,1,1, - ,,1, - ,0.00%,, - , - 
PA68231,PA6823,(주)제니스코퍼레이션청라지점,인천,서구,청라동,인천광역시 서구 청라커낼로 252,D13952,참스타대리점,수도권_전속,100%,7,7,, - , - ,7,, - , - ,0.00%,, - , - 
PA83791,PA8379,금촌폰,경기,파주시,금촌동,경기도 파주시 새꽃로 192,D13622,MD대리점,수도권_전속,100%,7,7,,1,5,1,,3,2,40.00%,, - , - 
PA88861,PA8886,다온정보통신,경기,수원시 권선구,권선동,경기도 수원시 권선구 덕영대로1201번길 16,D13965,대교대리점,수도권_전속,100%,7,7,, - ,4,3,,4, - ,0.00%,, - ,1
PA95701,PA9570,아이티통신,서울,동대문구,용두동,서울특별시 동대문구 천호대로 129-1,D13225,광장대리점,중복점,71%,7,5,,2,1,2,,1, - ,0.00%,, - , - 
PA95702,PA9570,아이티통신,서울,동대문구,용두동,서울특별시 동대문구 천호대로 129-1,D14342,신창대리점,중복점,29%,7,2,,1,1, - ,,1, - ,0.00%,, - , - 
PC00151,PC0015,폰할인마트4,경기,용인시 기흥구,보라동,경기도 용인시 기흥구 한보라1로10번길 5,D13124,UNI대리점,수도권_전속,100%,7,7,, - ,3,4,,3, - ,0.00%,, - , - 
PC05301,PC0530,모바일라운지 언남,경기,용인시 기흥구,언남동,경기도 용인시 기흥구 구성로 103,D13622,MD대리점,수도권_전속,100%,7,7,,1,4,2,,4, - ,0.00%,, - ,1
PC10701,PC1070,빅뱅정보통신(학익점),인천,미추홀구,학익동,인천광역시 미추홀구 매소홀로 473,D15051,프리스비,중복점,86%,7,6,, - ,4,2,,4, - ,0.00%,, - , - 
PC10702,PC1070,빅뱅정보통신(학익점),인천,미추홀구,학익동,인천광역시 미추홀구 매소홀로 473,D13952,참스타대리점,중복점,14%,7,1,, - , - ,1,, - , - ,0.00%,, - , - 
PC18071,PC1807,강화스피드텔레콤,인천,강화군,강화읍,인천광역시 강화군 강화읍 강화대로 404,D13124,UNI대리점,수도권_전속,100%,7,7,, - ,5,2,,5, - ,0.00%,, - , - 
PC19801,PC1980,8에이트 주식회사,경기,포천시,소흘읍,경기도포천시소흘읍송우로65,D15146,PS&M,PS_전속,100%,7,7,, - ,3,4,,2,1,33.30%,, - , - 
PC27551,PC2755,엠에스모바일,경기,남양주시,진접읍,경기남양주시진접읍봉현로26,D15146,PS&M,PS_전속,100%,7,7,, - ,3,4,,3, - ,0.00%,, - , - 
PC28921,PC2892,폰사랑,경기,과천시,별양동,경기도 과천시 별양상가로 7,D15146,PS&M,중복점,86%,7,6,,1,1,4,, - ,1,100.00%,, - , - 
PC28922,PC2892,폰사랑,경기,과천시,별양동,경기도 과천시 별양상가로 7,D13469,코넥,중복점,14%,7,1,, - ,1, - ,,1, - ,0.00%,, - , - 
PC35161,PC3516,주식회사 한얼정보통신,인천,서구,심곡동,인천광역시 서구 탁옥로 54,D13827,지은대리점,중복점,57%,7,4,, - ,4, - ,,3,1,25.00%,, - , - 
PC35162,PC3516,주식회사 한얼정보통신,인천,서구,심곡동,인천광역시 서구 탁옥로 54,D13952,참스타대리점,중복점,43%,7,3,, - ,1,2,,1, - ,0.00%,, - , - 
PC35651,PC3565,폰싼집5,경기,화성시 동탄구,장지동,경기도 화성시 동탄대로4길 39,D13542,삼보대리점,수도권_전속,100%,7,7,, - ,3,4,,2,1,33.30%,, - ,1
PC46071,PC4607,명성모바일,경기,부천시 원미구,상동,경기도 부천시 장말로 198,D13124,UNI대리점,중복점,71%,7,5,,1,3,1,,3, - ,0.00%,, - ,1
PC46072,PC4607,명성모바일,경기,부천시 원미구,상동,경기도 부천시 장말로 198,D13827,지은대리점,중복점,29%,7,2,, - ,2, - ,,2, - ,0.00%,, - , - 
PC48181,PC4818,SU,경기,용인시 처인구,역북동,경기도 용인시 처인구 명지로60번길 8-12,D13622,MD대리점,수도권_전속,100%,7,7,,1,2,4,,2, - ,0.00%,, - , - 
PC55931,PC5593,와룡컴퍼니 홍천점,강원,홍천군,홍천읍,강원 홍천군 홍천읍 번영로 37-1,D13965,대교대리점,수도권_전속,100%,7,7,,1,2,4,,2, - ,0.00%,, - , - 
PC56401,PC5640,허모바일,서울,성동구,하왕십리동,서울특별시 성동구 무학봉길 68,D15146,PS&M,중복점,86%,7,6,, - ,1,5,,1, - ,0.00%,, - , - 
PC56402,PC5640,허모바일,서울,성동구,하왕십리동,서울특별시 성동구 무학봉길 68,D13546,ACT대리점,중복점,14%,7,1,, - , - ,1,, - , - ,0.00%,, - , - 
PC56471,PC5647,휴대폰성지세모폰간석점,인천,남동구,간석동,"인천 남동구 석산로 146,",D15121,CD대리점,중복점,86%,7,6,, - ,3,3,,3, - ,0.00%,, - ,1
PC56472,PC5647,휴대폰성지세모폰간석점,인천,남동구,간석동,"인천 남동구 석산로 146,",D14674,서울ent대리점,중복점,14%,7,1,,1, - , - ,, - , - ,0.00%,, - , - 
PC61101,PC6110,와룡컴퍼니 화천점,강원,화천군,화천읍,강원도 화천군 화천읍 중앙로 20-3,D13965,대교대리점,중복점,57%,7,4,, - ,4, - ,,4, - ,0.00%,, - , - 
PC61102,PC6110,와룡컴퍼니 화천점,강원,화천군,화천읍,강원도 화천군 화천읍 중앙로 20-3,D15121,CD대리점,중복점,43%,7,3,, - ,2,1,,2, - ,0.00%,, - , - 
PC61801,PC6180,청춘대길,서울,강북구,미아동,서울특별시 강북구 솔샘로 254,F13586,신도SDR,수도권_전속,100%,7,7,, - ,4,3,,4, - ,0.00%,, - ,2
PC62411,PC6241,세교폰,경기,평택시,세교동,경기도 평택시 세교8길 34,D13469,코넥,중복점,43%,7,3,, - ,2,1,,2, - ,0.00%,, - ,1
PC62412,PC6241,세교폰,경기,평택시,세교동,경기도 평택시 세교8길 34,D15146,PS&M,중복점,29%,7,2,, - , - ,2,, - , - ,0.00%,, - , - 
PC62413,PC6241,세교폰,경기,평택시,세교동,경기도 평택시 세교8길 34,D13827,지은대리점,중복점,29%,7,2,, - ,1,1,,1, - ,0.00%,, - ,1
PC62531,PC6253,선모바일,경기,오산시,수청동,경기도오산시내삼미로32,D15146,PS&M,PS_전속,100%,7,7,, - ,2,5,,2, - ,0.00%,, - , - 
PC63451,PC6345,더킹,경기,화성시 동탄구,청계동,경기도 화성시 동탄대로시범길 134,D13827,지은대리점,수도권_전속,100%,7,7,, - ,2,5,,2, - ,0.00%,, - , - 
PC66961,PC6696,대박통신 감일점,경기,하남시,감이동,경기도하남시감일백제로83번길24,D15146,PS&M,PS_전속,100%,7,7,,2,3,2,,1,2,66.70%,, - , - 
PC67301,PC6730,케이모바일 원종점,경기,부천시 오정구,원종동,경기도 부천시 소사로 747,D15051,프리스비,수도권_전속,100%,7,7,,1,1,5,,1, - ,0.00%,, - ,1
PC68571,PC6857,굿모닝 통신,경기,의왕시,삼동,경기도 의왕시 부곡중앙남5길 43,D15121,CD대리점,중복점,86%,7,6,,2,1,3,,1, - ,0.00%,, - , - 
PC68572,PC6857,굿모닝 통신,경기,의왕시,삼동,경기도 의왕시 부곡중앙남5길 43,D13469,코넥,중복점,14%,7,1,, - ,1, - ,,1, - ,0.00%,, - , - 
PC72831,PC7283,달래통신,서울,성동구,홍익동,서울특별시성동구마장로190,D15146,PS&M,PS_전속,100%,7,7,,2,1,4,,1, - ,0.00%,, - , - 
PC72841,PC7284,투앤mobile,경기,남양주시,화도읍,경기도남양주시화도읍마석중앙로661,D15146,PS&M,PS_전속,100%,7,7,, - ,3,4,,2,1,33.30%,, - , - 
PC83141,PC8314,기원,인천,서구,가정동,인천광역시 서구 가정로 364-1,D13952,참스타대리점,중복점,43%,7,3,, - ,1,2,,1, - ,0.00%,, - , - 
PC83142,PC8314,기원,인천,서구,가정동,인천광역시 서구 가정로 364-1,D14746,유원대리점,중복점,29%,7,2,,1,1, - ,,1, - ,0.00%,, - , - 
PC83143,PC8314,기원,인천,서구,가정동,인천광역시 서구 가정로 364-1,D13622,MD대리점,중복점,29%,7,2,, - ,2, - ,,2, - ,0.00%,, - , - 
PC89171,PC8917,황소폰,경기,파주시,금촌동,경기도 파주시 금빛로 24-18,D13622,MD대리점,수도권_전속,100%,7,7,,3,1,3,,1, - ,0.00%,, - , - 
PC89791,PC8979,이루다태유,경기,오산시,갈곶동,경기도 오산시 오산로 79,D13827,지은대리점,중복점,86%,7,6,, - ,3,3,,3, - ,0.00%,, - ,1
PC89792,PC8979,이루다태유,경기,오산시,갈곶동,경기도 오산시 오산로 79,D13469,코넥,중복점,14%,7,1,, - ,1, - ,,1, - ,0.00%,, - , - 
PC90571,PC9057,정직한휴대폰,경기,남양주시,오남읍,경기도 남양주시 오남읍 진건오남로 813,D13965,대교대리점,중복점,86%,7,6,, - ,1,5,,1, - ,0.00%,, - , - 
PC90572,PC9057,정직한휴대폰,경기,남양주시,오남읍,경기도 남양주시 오남읍 진건오남로 813,D13546,ACT대리점,중복점,14%,7,1,, - , - ,1,, - , - ,0.00%,, - , - 
PC95891,PC9589,천둥모바일,경기,양주시,삼숭동,경기도 양주시 부흥로 2128,D15117,알파대리점,수도권_전속,100%,7,7,, - ,7, - ,,7, - ,0.00%,, - , - 
PC96161,PC9616,노랑모바일 만수점,인천,남동구,만수동,인천광역시 남동구 담방로 39,D13827,지은대리점,수도권_전속,100%,7,7,,2,1,4,,1, - ,0.00%,, - , - 
PE00501,PE0050,라온모바일,인천,연수구,송도동,인천광역시 연수구 송도문화로28번길 28,D13225,광장대리점,수도권_전속,100%,7,7,, - ,1,6,,1, - ,0.00%,,1, - 
PE03701,PE0370,휴대폰성지,서울,송파구,장지동,서울특별시 송파구 위례광장로 270,D15176,ACE대리점,중복점,57%,7,4,, - , - ,4,, - , - ,0.00%,, - , - 
PE03702,PE0370,휴대폰성지,서울,송파구,장지동,서울특별시 송파구 위례광장로 270,D13827,지은대리점,중복점,29%,7,2,, - ,1,1,,1, - ,0.00%,, - ,1
PE03703,PE0370,휴대폰성지,서울,송파구,장지동,서울특별시 송파구 위례광장로 270,D13225,광장대리점,중복점,14%,7,1,, - ,1, - ,,1, - ,0.00%,, - , - 
PE05391,PE0539,대박통신 자양,서울,광진구,자양동,서울특별시 광진구 뚝섬로56길 14,D15176,ACE대리점,수도권_전속,100%,7,7,, - ,4,3,,4, - ,0.00%,, - ,1
PE07131,PE0713,티플러스,서울,영등포구,대림동,서울특별시 영등포구 디지털로51길 10,D15146,PS&M,PS_전속,100%,7,7,,1,5,1,,3,2,40.00%,, - , - 
PE09191,PE0919,월드,서울,광진구,구의동,서울특별시 광진구 광나루로56길 85,D13965,대교대리점,수도권_전속,100%,7,7,, - ,1,6,,1, - ,0.00%,, - , - 
PE11521,PE1152,청솔텔레콤단관점,강원,원주시,단구동,강원특별자치도원주시단구로370,D15146,PS&M,PS_전속,100%,7,7,,1, - ,6,, - , - ,0.00%,, - , - 
PE13961,PE1396,휴대폰멀티샵 소사벌점,경기,평택시,비전동,경기도 평택시 비전4로 47,D13542,삼보대리점,수도권_전속,100%,7,7,, - ,3,4,,3, - ,0.00%,, - ,1
PE20001,PE2000,휴대폰성지 옆커폰 완정점,인천,서구,마전동,인천광역시 서구 완정로8번길 2,D14674,서울ent대리점,수도권_전속,100%,7,7,,1,2,4,,2, - ,0.00%,, - , - 
PE20191,PE2019,당당텔레콤,서울,성북구,하월곡동,서울특별시 성북구 화랑로5길 41,D14342,신창대리점,중복점,86%,7,6,,1,2,3,,2, - ,0.00%,, - ,1
PE20192,PE2019,당당텔레콤,서울,성북구,하월곡동,서울특별시 성북구 화랑로5길 41,D13546,ACT대리점,중복점,14%,7,1,, - , - ,1,, - , - ,0.00%,, - , - 
PE20361,PE2036,휴대폰성지 휴대폰파크 수원점,경기,수원시 장안구,율전동,경기도 수원시 장안구 서부로 2139,D15121,CD대리점,수도권_전속,100%,7,7,, - , - ,7,, - , - ,0.00%,, - , - 
PE24531,PE2453,휴대폰 성지 옆커폰 수원점,경기,수원시 영통구,망포동,경기도 수원시 영통구 영통로 124,D14674,서울ent대리점,수도권_전속,100%,7,7,, - ,1,6,, - ,1,100.00%,, - , - 
PE25231,PE2523,오류정보통신,서울,구로구,오류동,서울특별시 구로구 서해안로 2336,F13586,신도SDR,중복점,71%,7,5,, - ,3,2,,1,2,66.70%,, - , - 
PE25232,PE2523,오류정보통신,서울,구로구,오류동,서울특별시 구로구 서해안로 2336,D13827,지은대리점,중복점,29%,7,2,, - , - ,2,, - , - ,0.00%,, - , - 
PE26041,PE2604,에스피,경기,용인시 처인구,역북동,경기도 용인시 처인구 중부대로 1299,D14342,신창대리점,중복점,57%,7,4,, - , - ,4,, - , - ,0.00%,, - ,1
PE26042,PE2604,에스피,경기,용인시 처인구,역북동,경기도 용인시 처인구 중부대로 1299,D13827,지은대리점,중복점,43%,7,3,, - , - ,3,, - , - ,0.00%,, - , - 
PE27391,PE2739,휴대폰성지 호랑폰 동탄산척점,경기,화성시 동탄구,산척동,경기도 화성시 동탄순환대로10길 88,D13965,대교대리점,수도권_전속,100%,7,7,, - ,3,4,,2,1,33.30%,, - ,1
PE29741,PE2974,글로벌,경기,수원시 권선구,권선동,경기도 수원시 권선구 동수원로177번길 40,D13965,대교대리점,수도권_전속,100%,7,7,, - ,2,5,,2, - ,0.00%,, - , - 
PE35001,PE3500,세은모바일,서울,광진구,구의동,서울특별시 광진구 광나루로56길 85,D13357,가능대리점,수도권_전속,100%,7,7,,2,1,4,, - ,1,100.00%,, - ,1
PE36061,PE3606,승통신,경기,고양시 일산서구,주엽동,경기도 고양시 일산서구 중앙로 1470,D14746,유원대리점,중복점,57%,7,4,, - , - ,4,, - , - ,0.00%,, - , - 
PE36062,PE3606,승통신,경기,고양시 일산서구,주엽동,경기도 고양시 일산서구 중앙로 1470,D15146,PS&M,중복점,43%,7,3,, - , - ,3,, - , - ,0.00%,, - , - 
PE40091,PE4009,쿨통신,경기,안산시 상록구,본오동,경기도 안산시 상록구 샘골로 111,D13827,지은대리점,수도권_전속,100%,7,7,,1,1,5,,1, - ,0.00%,, - ,1
PE44291,PE4429,휴대폰성지,서울,송파구,장지동,서울특별시 송파구 위례광장로 120,D14674,서울ent대리점,수도권_전속,100%,7,7,, - ,2,5,,2, - ,0.00%,, - , - 
PE45081,PE4508,휴대폰성지 열정통신3호점,인천,남동구,도림동,인천광역시 남동구 논고개로 323,D15117,알파대리점,수도권_전속,100%,7,7,, - ,6,1,,5,1,16.70%,, - , - 
PE47421,PE4742,주식회사 리치컴퍼니,경기,화성시 효행구,비봉면,경기도 화성시 비봉면 간곡1길 27,D13542,삼보대리점,수도권_전속,100%,7,7,, - ,5,2,,4,1,20.00%,, - , - 
PE47581,PE4758,와이투케이션,경기,안양시 만안구,안양동,경기도 안양시 만안구 만안로 209,D13965,대교대리점,수도권_전속,100%,7,7,, - ,5,2,,5, - ,0.00%,, - , - 
PE50471,PE5047,대박폰(보라점),경기,용인시 기흥구,보라동,경기도 용인시 기흥구 한보라2로14번길 4-10,D13827,지은대리점,수도권_전속,100%,7,7,, - ,3,4,,3, - ,0.00%,, - ,2
PE50671,PE5067,휴대폰11번가(세교점),경기,평택시,세교동,경기도 평택시 세교4로 7,D15121,CD대리점,수도권_전속,100%,7,7,, - ,4,3,,4, - ,0.00%,, - ,1
PE51021,PE5102,휴대폰성지 동탄성지폰,경기,화성시 동탄구,영천동,경기도 화성시 동탄치동천로1길 8,D13827,지은대리점,수도권_전속,100%,7,7,, - ,6,1,,4,2,33.30%,, - ,1
PE53841,PE5384,휴대폰성지 옆커폰 광흥창역점,서울,마포구,창전동,서울특별시 마포구 서강로 51,D14674,서울ent대리점,수도권_전속,100%,7,7,, - ,3,4,,2,1,33.30%,, - , - 
PE54821,PE5482,영심텔레콤,서울,관악구,신림동,서울특별시 관악구 호암로 534,D13225,광장대리점,수도권_전속,100%,7,7,,3, - ,4,, - , - ,0.00%,, - , - 
PE58371,PE5837,누리텔레콤,경기,부천시 오정구,원종동,경기도 부천시 오정구 소사로 713,D13542,삼보대리점,수도권_전속,100%,7,7,,1,3,3,,3, - ,0.00%,, - , - 
PE58391,PE5839,하남휴대폰성지 도매폰센타,경기,하남시,망월동,경기도 하남시 미사강변동로 127,D13965,대교대리점,중복점,71%,7,5,, - ,1,4,,1, - ,0.00%,, - , - 
PE58392,PE5839,하남휴대폰성지 도매폰센타,경기,하남시,망월동,경기도 하남시 미사강변동로 127,D13469,코넥,중복점,14%,7,1,, - ,1, - ,, - ,1,100.00%,, - , - 
PE58393,PE5839,하남휴대폰성지 도매폰센타,경기,하남시,망월동,경기도 하남시 미사강변동로 127,D13622,MD대리점,중복점,14%,7,1,, - ,1, - ,,1, - ,0.00%,, - , - 
PE58681,PE5868,휴대폰성지 인천점,인천,서구,원당동,인천광역시 서구 이음1로 383,D13357,가능대리점,중복점,43%,7,3,, - ,1,2,,1, - ,0.00%,, - , - 
PE58682,PE5868,휴대폰성지 인천점,인천,서구,원당동,인천광역시 서구 이음1로 383,D15121,CD대리점,중복점,29%,7,2,, - ,1,1,,1, - ,0.00%,, - , - 
PE58683,PE5868,휴대폰성지 인천점,인천,서구,원당동,인천광역시 서구 이음1로 383,D15146,PS&M,중복점,29%,7,2,, - , - ,2,, - , - ,0.00%,, - , - 
PE59331,PE5933,휴대폰성지세모폰소사역점,경기,부천시 소사구,소사본동,경기도 부천시 소사구 소사로 250,D15121,CD대리점,수도권_전속,100%,7,7,, - ,7, - ,,5,2,28.60%,, - , - 
PE59981,PE5998,휴대폰성지 휴가파 김포점,경기,김포시,구래동,경기도 김포시 김포한강9로 95,D15146,PS&M,PS_전속,100%,7,7,, - ,3,4,,3, - ,0.00%,, - , - 
PE61601,PE6160,도매폰 화서점,경기,수원시 팔달구,화서동,경기도 수원시 팔달구 팔달로 116,D13965,대교대리점,수도권_전속,100%,7,7,, - ,3,4,,3, - ,0.00%,, - ,3
PE63751,PE6375,휴대폰성지,경기,하남시,학암동,경기도 하남시 위례중앙로 215,D13225,광장대리점,중복점,57%,7,4,, - ,3,1,,3, - ,0.00%,, - , - 
PE63752,PE6375,휴대폰성지,경기,하남시,학암동,경기도 하남시 위례중앙로 215,D13827,지은대리점,중복점,29%,7,2,, - ,2, - ,,2, - ,0.00%,, - , - 
PE63753,PE6375,휴대폰성지,경기,하남시,학암동,경기도 하남시 위례중앙로 215,D15176,ACE대리점,중복점,14%,7,1,, - , - ,1,, - , - ,0.00%,, - , - 
PE64091,PE6409,검단휴대폰성지 쓸사람,인천,서구,당하동,인천광역시 서구 이음4로 6,D15146,PS&M,PS_전속,100%,7,7,, - ,4,3,,3,1,25.00%,, - , - 
PE64501,PE6450,상희모바일,서울,동대문구,회기동,서울특별시 동대문구 회기로 157,D15146,PS&M,PS_전속,100%,7,7,, - ,1,6,,1, - ,0.00%,, - , - 
PE65331,PE6533,대박폰 청덕점,경기,용인시 기흥구,청덕동,경기도 용인시 기흥구 구성3로28번길 32,D13827,지은대리점,수도권_전속,100%,7,7,,1,5,1,,5, - ,0.00%,, - ,3
PE68471,PE6847,정직폰 강서점,서울,강서구,마곡동,서울특별시 강서구 공항대로 261,D15121,CD대리점,중복점,71%,7,5,, - , - ,5,, - , - ,0.00%,, - , - 
PE68472,PE6847,정직폰 강서점,서울,강서구,마곡동,서울특별시 강서구 공항대로 261,D13827,지은대리점,중복점,14%,7,1,, - , - ,1,, - , - ,0.00%,, - , - 
PE68473,PE6847,정직폰 강서점,서울,강서구,마곡동,서울특별시 강서구 공항대로 261,D13357,가능대리점,중복점,14%,7,1,, - , - ,1,, - , - ,0.00%,, - , - 
PE69411,PE6941,세계통신,경기,연천군,전곡읍,경기도 연천군 전곡읍 전곡로 174,D13858,새서울대리점,중복점,71%,7,5,, - ,3,2,,3, - ,0.00%,, - , - 
PE69412,PE6941,세계통신,경기,연천군,전곡읍,경기도 연천군 전곡읍 전곡로 174,D18045,군지원센터,중복점,29%,7,2,, - ,1,1,,1, - ,0.00%,, - , - 
PE69761,PE6976,마송텔레콤 통진점,경기,김포시,통진읍,경기 김포시 통진읍 김포대로 2236,D15051,프리스비,중복점,71%,7,5,, - ,2,3,,2, - ,0.00%,, - , - 
PE69762,PE6976,마송텔레콤 통진점,경기,김포시,통진읍,경기 김포시 통진읍 김포대로 2236,D13124,UNI대리점,중복점,29%,7,2,, - ,1,1,,1, - ,0.00%,, - , - 
PE70421,PE7042,프리스모바일 부평 굴포천점,인천,부평구,부평동,인천광역시 부평구 장제로 212,D14746,유원대리점,수도권_전속,100%,7,7,, - ,2,5,,1,1,50.00%,, - ,1
PE73011,PE7301,휴대폰성지열정통신인천논현점,인천,남동구,논현동,인천광역시 남동구 에코중앙로156번길 5-16,D13951,강남스타대리점,수도권_전속,100%,7,7,, - ,6,1,,6, - ,0.00%,, - ,2
PE73571,PE7357,휴대폰성지 청년폰 광명점,경기,광명시,광명동,경기도 광명시 광명로 877,D13357,가능대리점,수도권_전속,100%,7,7,, - , - ,7,, - , - ,0.00%,, - , - 
PE73841,PE7384,휴대폰 성지 싸당 안산점,경기,안산시 단원구,고잔동,경기도 안산시 단원구 광덕4로 246,D15121,CD대리점,수도권_전속,100%,7,7,, - ,2,5,,2, - ,0.00%,, - ,1
PE74491,PE7449,휴대폰성지 폰슐랭 평택지점,경기,평택시,평택동,경기도 평택시 평택로39번길 17-15,D15157,근흥대리점,중복점,71%,7,5,, - , - ,5,, - , - ,0.00%,, - , - 
PE74492,PE7449,휴대폰성지 폰슐랭 평택지점,경기,평택시,평택동,경기도 평택시 평택로39번길 17-15,D13546,ACT대리점,중복점,29%,7,2,, - , - ,2,, - , - ,0.00%,, - , - 
PE74811,PE7481,휴대폰성지 싸당 하남점,경기,하남시,망월동,경기도 하남시 미사강변동로 95,D15121,CD대리점,수도권_전속,100%,7,7,, - ,1,6,,1, - ,0.00%,, - , - 
PE76391,PE7639,원주휴대폰성지 시청점,강원,원주시,무실동,강원특별자치도 원주시 시청로 74,D13469,코넥,중복점,57%,7,4,, - ,1,3,, - ,1,100.00%,, - , - 
PE76392,PE7639,원주휴대폰성지 시청점,강원,원주시,무실동,강원특별자치도 원주시 시청로 74,D83213,T&B대리점,중복점,29%,7,2,, - ,1,1,,1, - ,0.00%,, - , - 
PE76393,PE7639,원주휴대폰성지 시청점,강원,원주시,무실동,강원특별자치도 원주시 시청로 74,D13827,지은대리점,중복점,14%,7,1,,1, - , - ,, - , - ,0.00%,, - , - 
PE77511,PE7751,주식회사 태율,경기,부천시 원미구,심곡동,경기도 부천시 원미구 부천로 41,D13357,가능대리점,중복점,57%,7,4,,1,3, - ,,3, - ,0.00%,, - , - 
PE77512,PE7751,주식회사 태율,경기,부천시 원미구,심곡동,경기도 부천시 원미구 부천로 41,D15121,CD대리점,중복점,29%,7,2,, - , - ,2,, - , - ,0.00%,, - , - 
PE77513,PE7751,주식회사 태율,경기,부천시 원미구,심곡동,경기도 부천시 원미구 부천로 41,D14674,서울ent대리점,중복점,14%,7,1,, - ,1, - ,,1, - ,0.00%,, - , - 
PE80191,PE8019,휴대폰 성지 옆커폰 풍무역점,경기,김포시,풍무동,경기도 김포시 김포대로 709,D15146,PS&M,PS_전속,100%,7,7,,3, - ,4,, - , - ,0.00%,, - , - 
PE80401,PE8040,휴대폰성지폰슐랭광진구지점,서울,광진구,구의동,서울특별시 광진구 광나루로56길 85,D15157,근흥대리점,수도권_전속,100%,7,7,, - , - ,7,, - , - ,0.00%,, - , - 
PE83881,PE8388,휴대폰성지 말폰 안양,경기,안양시 만안구,안양동,경기도 안양시 만안구 만안로 219,D14674,서울ent대리점,수도권_전속,100%,7,7,, - ,4,3,,2,2,50.00%,, - , - 
PE85151,PE8515,핸드폰성지홈서비스아정당상수점,서울,마포구,상수동,서울특별시 마포구 독막로 61,D15051,프리스비,수도권_전속,100%,7,7,, - ,3,4,,3, - ,0.00%,, - , - 
PE85711,PE8571,에이치아이씨(HIC),인천,계양구,임학동,인천광역시 계양구 계양산로 196,D13952,참스타대리점,수도권_전속,100%,7,7,,3,1,3,,1, - ,0.00%,, - , - 
PE86771,PE8677,휴대폰성지 세모폰 부평문화점,인천,부평구,부평동,인천 부평구 부평대로 25,D15146,PS&M,중복점,29%,7,2,, - , - ,2,, - , - ,0.00%,, - , - 
PE86772,PE8677,휴대폰성지 세모폰 부평문화점,인천,부평구,부평동,인천 부평구 부평대로 25,D13357,가능대리점,중복점,29%,7,2,,1,1, - ,,1, - ,0.00%,, - , - 
PE86773,PE8677,휴대폰성지 세모폰 부평문화점,인천,부평구,부평동,인천 부평구 부평대로 25,D15121,CD대리점,중복점,29%,7,2,, - ,2, - ,,2, - ,0.00%,, - ,1
PE86774,PE8677,휴대폰성지 세모폰 부평문화점,인천,부평구,부평동,인천 부평구 부평대로 25,D14674,서울ent대리점,중복점,14%,7,1,, - , - ,1,, - , - ,0.00%,, - , - 
PE86781,PE8678,휴대폰성지 세모폰 분당이매점,경기,성남시 분당구,이매동,경기도 성남시 분당구 판교로 432,D15121,CD대리점,중복점,86%,7,6,, - , - ,6,, - , - ,0.00%,, - , - 
PE86782,PE8678,휴대폰성지 세모폰 분당이매점,경기,성남시 분당구,이매동,경기도 성남시 분당구 판교로 432,D14674,서울ent대리점,중복점,14%,7,1,, - , - ,1,, - , - ,0.00%,, - , - 
PE86801,PE8680,와이지(YG)통신,경기,수원시 권선구,오목천동,경기도수원시권선구삼천병마로1598번길6,D15146,PS&M,PS_전속,100%,7,7,,1,6, - ,,6, - ,0.00%,, - , - 
PE87971,PE8797,휴대폰 성지 남부폰,경기,평택시,서정동,경기도 평택시 송탄로 247,D15146,PS&M,중복점,57%,7,4,, - ,2,2,,2, - ,0.00%,, - , - 
PE87972,PE8797,휴대폰 성지 남부폰,경기,평택시,서정동,경기도 평택시 송탄로 247,D13827,지은대리점,중복점,43%,7,3,, - , - ,3,, - , - ,0.00%,, - , - 
PE88491,PE8849,휴대폰성지 정직폰 하남점,경기,하남시,망월동,경기도 하남시 미사강변대로 222,D15121,CD대리점,중복점,57%,7,4,, - ,1,3,,1, - ,0.00%,, - , - 
PE88492,PE8849,휴대폰성지 정직폰 하남점,경기,하남시,망월동,경기도 하남시 미사강변대로 222,D13357,가능대리점,중복점,43%,7,3,, - ,1,2,,1, - ,0.00%,, - , - 
PE89321,PE8932,휴대폰파는총각 화서시장점,경기,수원시 팔달구,화서동,경기도 수원시 팔달구 팔달로107번길 52,D13965,대교대리점,중복점,86%,7,6,, - ,6, - ,,6, - ,0.00%,, - ,2
PE89322,PE8932,휴대폰파는총각 화서시장점,경기,수원시 팔달구,화서동,경기도 수원시 팔달구 팔달로107번길 52,D15146,PS&M,중복점,14%,7,1,, - ,1, - ,,1, - ,0.00%,, - , - 
PE89891,PE8989,휴대폰성지 노원,서울,노원구,상계동,서울특별시 노원구 동일로 1356,D13622,MD대리점,중복점,71%,7,5,, - , - ,5,, - , - ,0.00%,, - , - 
PE89892,PE8989,휴대폰성지 노원,서울,노원구,상계동,서울특별시 노원구 동일로 1356,D15146,PS&M,중복점,29%,7,2,, - , - ,2,, - , - ,0.00%,, - , - 
PE89991,PE8999,가좌휴대폰성지,서울,서대문구,북가좌동,"서울 서대문구 거북골로14길 32,",D13225,광장대리점,중복점,57%,7,4,, - , - ,4,, - , - ,0.00%,, - , - 
PE89992,PE8999,가좌휴대폰성지,서울,서대문구,북가좌동,"서울 서대문구 거북골로14길 32,",D15176,ACE대리점,중복점,29%,7,2,, - ,1,1,,1, - ,0.00%,, - , - 
PE89993,PE8999,가좌휴대폰성지,서울,서대문구,북가좌동,"서울 서대문구 거북골로14길 32,",D13827,지은대리점,중복점,14%,7,1,, - , - ,1,, - , - ,0.00%,, - , - 
PE92531,PE9253,암사,서울,강동구,암사동,"서울 강동구 고덕로 109,",D13965,대교대리점,수도권_전속,100%,7,7,, - ,2,5,,1,1,50.00%,, - , - 
PE93571,PE9357,진성폰4호군포점,경기,군포시,대야미동,"경기 군포시 대야1로 7,",D13827,지은대리점,수도권_전속,100%,7,7,,2,2,3,,2, - ,0.00%,, - , - 
P016641,P01664,다인정보통신,경기,수원시 영통구,망포동,경기도 수원시 영통구 태장로 73,D15146,PS&M,PS_전속,100%,6,6,, - , - ,6,, - , - ,0.00%,, - , - 
P036051,P03605,JUNG텔레콤,경기,여주시,홍문동,경기도 여주시 세종로 7,D15176,ACE대리점,수도권_전속,100%,6,6,, - , - ,6,, - , - ,0.00%,, - , - 
P077591,P07759,하나로정보통신,경기,구리시,인창동,경기도구리시동구릉로56,D15146,PS&M,PS_전속,100%,6,6,, - ,3,3,,3, - ,0.00%,, - , - 
P105471,P10547,금용텔레콤,서울,광진구,중곡동,서울특별시 광진구 용마산로 57,D15146,PS&M,PS_전속,100%,6,6,, - ,5,1,,5, - ,0.00%,, - , - 
P105881,P10588,이오정보통신,서울,서초구,양재동,서울특별시 서초구 동산로 62,D15176,ACE대리점,수도권_전속,100%,6,6,, - , - ,6,, - , - ,0.00%,, - , - 
P118341,P11834,2002텔레콤,서울,송파구,석촌동,서울특별시 송파구 가락로 79,D15173,정원대리점,수도권_전속,100%,6,6,, - , - ,6,, - , - ,0.00%,, - , - 
P126521,P12652,21 세기텔레콤,서울,양천구,신월동,서울특별시 양천구 남부순환로40길 6,D15051,프리스비,수도권_전속,100%,6,6,,1,1,4,,1, - ,0.00%,, - , - 
P130311,P13031,진영정보통신,인천,서구,가좌동,인천광역시 서구 장고개로 276,D15121,CD대리점,수도권_전속,100%,6,6,, - ,3,3,,3, - ,0.00%,,1,2
P145321,P14532,한솔정보통신,경기,고양시 일산동구,마두동,경기도 고양시 일산동구 일산로 328,D13357,가능대리점,수도권_전속,100%,6,6,, - , - ,6,, - , - ,0.00%,, - , - 
P149661,P14966,대명정보통신,서울,강북구,미아동,서울특별시 강북구 솔매로 62-1,D15146,PS&M,중복점,67%,6,4,, - ,1,3,,1, - ,0.00%,, - , - 
P149662,P14966,대명정보통신,서울,강북구,미아동,서울특별시 강북구 솔매로 62-1,D15176,ACE대리점,중복점,33%,6,2,,2, - , - ,, - , - ,0.00%,, - , - 
P160971,P16097,상도텔레콤,서울,동작구,상도동,서울특별시 동작구 상도로 247,D13827,지은대리점,수도권_전속,100%,6,6,,5,1, - ,, - ,1,100.00%,, - , - 
P161801,P16180,폰짱테크피아,경기,광명시,광명동,경기도광명시오리로970,D15146,PS&M,PS_전속,100%,6,6,,1, - ,5,, - , - ,0.00%,, - , - 
P168931,P16893,미래정보통신,서울,서초구,서초동,서울특별시 서초구 효령로 314,D14342,신창대리점,중복점,67%,6,4,, - ,1,3,,1, - ,0.00%,, - , - 
P168932,P16893,미래정보통신,서울,서초구,서초동,서울특별시 서초구 효령로 314,D14746,유원대리점,중복점,33%,6,2,,2, - , - ,, - , - ,0.00%,, - , - 
P187731,P18773,베스트텔레콤,경기,포천시,신읍동,경기도포천시중앙로1431,D15146,PS&M,PS_전속,100%,6,6,,2,1,3,,1, - ,0.00%,, - , - 
P188381,P18838,애플통신,경기,성남시 분당구,구미동,경기도 성남시 분당구 성남대로43번길 10,D15146,PS&M,중복점,83%,6,5,, - ,4,1,,3,1,25.00%,, - , - 
P188382,P18838,애플통신,경기,성남시 분당구,구미동,경기도 성남시 분당구 성남대로43번길 10,D13225,광장대리점,중복점,17%,6,1,, - , - ,1,, - , - ,0.00%,, - , - 
P229051,P22905,테두리통신,경기,평택시,이충동,경기도 평택시 송탄로 72,D15146,PS&M,중복점,67%,6,4,, - , - ,4,, - , - ,0.00%,, - , - 
P229052,P22905,테두리통신,경기,평택시,이충동,경기도 평택시 송탄로 72,D13742,한유대리점,중복점,33%,6,2,, - , - ,2,, - , - ,0.00%,, - , - 
P248161,P24816,싸이렉스텔레콤,서울,동작구,대방동,서울특별시 동작구 등용로 127,D15157,근흥대리점,수도권_전속,100%,6,6,, - ,3,3,,3, - ,0.00%,, - , - 
P265781,P26578,휴대폰성지 패밀리통신까치산점,서울,강서구,화곡동,서울특별시 강서구 곰달래로 145,D13124,UNI대리점,중복점,50%,6,3,, - , - ,3,, - , - ,0.00%,, - , - 
P265782,P26578,휴대폰성지 패밀리통신까치산점,서울,강서구,화곡동,서울특별시 강서구 곰달래로 145,D13225,광장대리점,중복점,50%,6,3,, - , - ,3,, - , - ,0.00%,, - , - 
P272901,P27290,지은이동통신,인천,부평구,십정동,인천광역시 부평구 열우물로 37,D13124,UNI대리점,중복점,83%,6,5,,3,1,1,,1, - ,0.00%,, - , - 
P272902,P27290,지은이동통신,인천,부평구,십정동,인천광역시 부평구 열우물로 37,D13742,한유대리점,중복점,17%,6,1,, - , - ,1,, - , - ,0.00%,, - , - 
P276421,P27642,하나로통신,강원,원주시,단계동,강원원주시무실로172,D15146,PS&M,PS_전속,100%,6,6,, - ,1,5,, - ,1,100.00%,, - , - 
P280111,P28011,두리텔레콤,인천,부평구,십정동,인천광역시 부평구 동암남로 3,D13952,참스타대리점,수도권_전속,100%,6,6,,3, - ,3,, - , - ,0.00%,, - , - 
P352871,P35287,광주애니콜,경기,광주시,경안동,경기도 광주시 경안안길 81,D15146,PS&M,중복점,67%,6,4,,2,1,1,,1, - ,0.00%,, - , - 
P352872,P35287,광주애니콜,경기,광주시,경안동,경기도 광주시 경안안길 81,D13546,ACT대리점,중복점,33%,6,2,,1, - ,1,, - , - ,0.00%,, - , - 
P381591,P38159,S&J정보통신,인천,서구,심곡동,인천광역시 서구 승학로 250,D15121,CD대리점,수도권_전속,100%,6,6,, - , - ,6,, - , - ,0.00%,, - , - 
P465161,P46516,대감텔레콤,서울,강북구,미아동,서울특별시 강북구 솔매로 118,D15051,프리스비,중복점,67%,6,4,, - , - ,4,, - , - ,0.00%,, - , - 
P465162,P46516,대감텔레콤,서울,강북구,미아동,서울특별시 강북구 솔매로 118,D13462,광운대리점,중복점,33%,6,2,, - ,1,1,,1, - ,0.00%,, - , - 
P477661,P47766,선우네트웍스,인천,중구,내동,인천광역시 중구 개항로 31,D13622,MD대리점,수도권_전속,100%,6,6,, - ,3,3,,3, - ,0.00%,, - ,1
P519851,P51985,하늘정보통신,경기,양평군,용문면,경기도 양평군 용문로 379,F13586,신도SDR,중복점,83%,6,5,, - , - ,5,, - , - ,0.00%,, - , - 
P519852,P51985,하늘정보통신,경기,양평군,용문면,경기도 양평군 용문로 379,D15117,알파대리점,중복점,17%,6,1,, - , - ,1,, - , - ,0.00%,, - , - 
P524421,P52442,(주)새벽정보통신,경기,의왕시,삼동,경기도 의왕시 부곡중앙로 6-4,D15146,PS&M,PS_전속,100%,6,6,,1,2,3,, - ,2,100.00%,, - , - 
P532631,P53263,폰마트,서울,양천구,신정동,서울특별시 양천구 신월로 322,D13951,강남스타대리점,수도권_전속,100%,6,6,, - ,1,5,,1, - ,0.00%,, - , - 
P574371,P57437,놀러와통신(목동점),서울,양천구,목동,서울특별시 양천구 목동중앙북로7길 6,D15121,CD대리점,수도권_전속,100%,6,6,,2, - ,4,, - , - ,0.00%,, - , - 
P592201,P59220,왕대박텔레콤,경기,파주시,법원읍,경기도 파주시 법원읍 사임당로 849,D15117,알파대리점,중복점,83%,6,5,,1,2,2,,2, - ,0.00%,, - , - 
P592202,P59220,왕대박텔레콤,경기,파주시,법원읍,경기도 파주시 법원읍 사임당로 849,D13546,ACT대리점,중복점,17%,6,1,, - ,1, - ,,1, - ,0.00%,, - , - 
P608911,P60891,폰제이텔레콤,경기,평택시,평택동,경기 평택시 평택로 31,D13469,코넥,수도권_전속,100%,6,6,, - ,6, - ,,6, - ,0.00%,, - , - 
P619871,P61987,닥터폰 인하텔레콤,경기,포천시,영북면,경기도포천시영북면영북로177번길4,D15146,PS&M,PS_전속,100%,6,6,,1,4,1,,3,1,25.00%,, - , - 
P633191,P63319,민 정보통신,경기,평택시,서정동,경기도 평택시 특구로27번길 46,D15146,PS&M,중복점,83%,6,5,, - ,2,3,,2, - ,0.00%,, - , - 
P633192,P63319,민 정보통신,경기,평택시,서정동,경기도 평택시 특구로27번길 46,D13952,참스타대리점,중복점,17%,6,1,, - , - ,1,, - , - ,0.00%,, - , - 
P641381,P64138,가남통신,경기,여주시,가남읍,경기도여주시가남읍태평로22,D15146,PS&M,PS_전속,100%,6,6,, - ,3,3,,3, - ,0.00%,, - , - 
P657701,P65770,와이지 모바일,인천,서구,신현동,인천광역시 서구 가정로 363,D13952,참스타대리점,수도권_전속,100%,6,6,, - ,3,3,,3, - ,0.00%,, - ,3
P658711,P65871,아이엠티정보통신,인천,부평구,산곡동,인천광역시 부평구 마장로 387,D13124,UNI대리점,중복점,67%,6,4,,3, - ,1,, - , - ,0.00%,, - , - 
P658712,P65871,아이엠티정보통신,인천,부평구,산곡동,인천광역시 부평구 마장로 387,D15146,PS&M,중복점,33%,6,2,,1, - ,1,, - , - ,0.00%,, - , - 
P709391,P70939,보람텔레콤,경기,평택시,지산동,경기도 평택시 송탄로 412,D15146,PS&M,PS_전속,100%,6,6,,1,4,1,,2,2,50.00%,, - , - 
P733451,P73345,sm모바일,경기,수원시 팔달구,지동,경기도 수원시 팔달구 중부대로 29,D13965,대교대리점,수도권_전속,100%,6,6,, - ,4,2,,4, - ,0.00%,, - ,1
P737491,P73749,트윈통신,경기,용인시 기흥구,구갈동,경기도 용인시 기흥구 신구로42번길 2,D15146,PS&M,중복점,67%,6,4,, - ,1,3,,1, - ,0.00%,, - , - 
P737492,P73749,트윈통신,경기,용인시 기흥구,구갈동,경기도 용인시 기흥구 신구로42번길 2,D13542,삼보대리점,중복점,33%,6,2,, - , - ,2,, - , - ,0.00%,, - , - 
P738951,P73895,대박통신,경기,평택시,평택동,경기도 평택시 평택로32번길 3,D15176,ACE대리점,수도권_전속,100%,6,6,, - , - ,6,, - , - ,0.00%,, - , - 
P742981,P74298,스마트플래닛,경기,부천시 원미구,원미동,경기도부천시원미로131,D15146,PS&M,PS_전속,100%,6,6,,1,1,4,,1, - ,0.00%,, - , - 
P747101,P74710,CL모바일,강원,횡성군,횡성읍,강원횡성군횡성읍횡성로412,D15146,PS&M,PS_전속,100%,6,6,,1,1,4,,1, - ,0.00%,, - , - 
P748281,P74828,비즈맥,서울,서초구,양재동,서울특별시 서초구 청계산로 10,D13952,참스타대리점,중복점,50%,6,3,, - , - ,3,, - , - ,0.00%,, - , - 
P748282,P74828,비즈맥,서울,서초구,양재동,서울특별시 서초구 청계산로 10,D13951,강남스타대리점,중복점,50%,6,3,, - ,1,2,,1, - ,0.00%,, - , - 
P757861,P75786,휴대폰성지 잠실점,서울,송파구,잠실동,서울특별시 송파구 올림픽로 130,D15176,ACE대리점,중복점,50%,6,3,, - ,1,2,,1, - ,0.00%,, - , - 
P757862,P75786,휴대폰성지 잠실점,서울,송파구,잠실동,서울특별시 송파구 올림픽로 130,D13225,광장대리점,중복점,33%,6,2,, - ,1,1,,1, - ,0.00%,, - , - 
P757863,P75786,휴대폰성지 잠실점,서울,송파구,잠실동,서울특별시 송파구 올림픽로 130,D13827,지은대리점,중복점,17%,6,1,, - , - ,1,, - , - ,0.00%,, - , - 
P775701,P77570,명일정보통신,서울,송파구,마천동,서울특별시 송파구 거마로20길 17,D15146,PS&M,중복점,67%,6,4,,1,1,2,,1, - ,0.00%,, - , - 
P775702,P77570,명일정보통신,서울,송파구,마천동,서울특별시 송파구 거마로20길 17,D14674,서울ent대리점,중복점,33%,6,2,,1,1, - ,,1, - ,0.00%,, - , - 
P781341,P78134,소망텔레콤,인천,계양구,작전동,인천광역시 계양구 효서로 358,D15146,PS&M,중복점,83%,6,5,, - ,3,2,,3, - ,0.00%,, - , - 
P781342,P78134,소망텔레콤,인천,계양구,작전동,인천광역시 계양구 효서로 358,D13952,참스타대리점,중복점,17%,6,1,, - ,1, - ,,1, - ,0.00%,, - , - 
P799731,P79973,효진통신,강원,홍천군,서석면,강원 홍천군 서석면 구룡령로 2530,D15146,PS&M,중복점,83%,6,5,, - ,5, - ,,5, - ,0.00%,, - , - 
P799732,P79973,효진통신,강원,홍천군,서석면,강원 홍천군 서석면 구룡령로 2530,D13742,한유대리점,중복점,17%,6,1,, - ,1, - ,, - ,1,100.00%,, - , - 
P833801,P83380,제이텔레콤,서울,영등포구,대림동,서울특별시 영등포구 대림로 87,D14342,신창대리점,중복점,83%,6,5,, - ,2,3,,2, - ,0.00%,, - , - 
P833802,P83380,제이텔레콤,서울,영등포구,대림동,서울특별시 영등포구 대림로 87,D15146,PS&M,중복점,17%,6,1,, - ,1, - ,,1, - ,0.00%,, - , - 
P835571,P83557,메인텔레콤,경기,의정부시,가능동,경기도 의정부시 호국로 1181,D13546,ACT대리점,수도권_전속,100%,6,6,,1,2,3,,2, - ,0.00%,, - , - 
P837071,P83707,주식회사안성모바일,경기,안성시,석정동,경기도 안성시 중앙로367번길 3,D13542,삼보대리점,수도권_전속,100%,6,6,, - ,3,3,,3, - ,0.00%,, - ,1
P843971,P84397,스마트모바일,강원,정선군,정선읍,강원 정선군 정선읍 비봉로 45,D14746,유원대리점,중복점,67%,6,4,,1, - ,3,, - , - ,0.00%,, - , - 
P843972,P84397,스마트모바일,강원,정선군,정선읍,강원 정선군 정선읍 비봉로 45,D15146,PS&M,중복점,33%,6,2,, - ,2, - ,,2, - ,0.00%,, - , - 
P845771,P84577,ES모바일,서울,구로구,구로동,서울특별시 구로구 디지털로31길 120,D15157,근흥대리점,수도권_전속,100%,6,6,,1,1,4,,1, - ,0.00%,, - , - 
P852531,P85253,휴대폰성지 폰명장 고무신,인천,부평구,십정동,인천광역시 부평구 배곶남로21번길 1,D14746,유원대리점,수도권_전속,100%,6,6,, - ,4,2,,4, - ,0.00%,, - , - 
P853771,P85377,곰텔레콤,서울,동작구,상도동,서울특별시 동작구 양녕로 191,D14746,유원대리점,중복점,67%,6,4,, - ,1,3,,1, - ,0.00%,, - , - 
P853772,P85377,곰텔레콤,서울,동작구,상도동,서울특별시 동작구 양녕로 191,D15051,프리스비,중복점,33%,6,2,, - , - ,2,, - , - ,0.00%,, - , - 
P862301,P86230,K&M통신 은행점,경기,시흥시,은행동,경기도 시흥시 시흥대로1074번길 6,D13952,참스타대리점,수도권_전속,100%,6,6,,1,2,3,,2, - ,0.00%,, - ,1
P868491,P86849,광성텔레콤,강원,원주시,개운동,강원 원주시 남원로 618,D15146,PS&M,중복점,67%,6,4,,1,1,2,, - ,1,100.00%,, - , - 
P868492,P86849,광성텔레콤,강원,원주시,개운동,강원 원주시 남원로 618,D13622,MD대리점,중복점,33%,6,2,, - ,1,1,,1, - ,0.00%,, - , - 
P879851,P87985,스마트샵,경기,부천시 오정구,여월동,경기도 부천시 오정구 여월로 66,F13586,신도SDR,수도권_전속,100%,6,6,, - ,6, - ,,5,1,16.70%,, - ,1
P884171,P88417,주식회사 아이네트웍스,경기,부천시 오정구,원종동,경기도 부천시 오정구 원종로 37,D13622,MD대리점,수도권_전속,100%,6,6,, - ,2,4,,2, - ,0.00%,, - , - 
P884831,P88483,넘버원통신,경기,시흥시,은행동,경기도 시흥시 대은로 94,D13124,UNI대리점,중복점,67%,6,4,, - ,3,1,,2,1,33.30%,, - , - 
P884832,P88483,넘버원통신,경기,시흥시,은행동,경기도 시흥시 대은로 94,D13827,지은대리점,중복점,33%,6,2,, - ,1,1,, - ,1,100.00%,, - , - 
P899161,P89916,엠케이,경기,수원시 장안구,연무동,경기도 수원시 장안구 연무로32번길 2,D13952,참스타대리점,수도권_전속,100%,6,6,,2,2,2,,1,1,50.00%,, - , - 
P912511,P91251,주식회사 모바일제이,경기,고양시 덕양구,원흥동,경기도 고양시 덕양구 삼송로 8,D13622,MD대리점,중복점,67%,6,4,, - ,3,1,,3, - ,0.00%,, - ,1
P912512,P91251,주식회사 모바일제이,경기,고양시 덕양구,원흥동,경기도 고양시 덕양구 삼송로 8,D14746,유원대리점,중복점,33%,6,2,, - ,1,1,,1, - ,0.00%,, - , - 
P915721,P91572,주식회사 에스지피플 면목점,서울,중랑구,면목동,서울특별시 중랑구 사가정로 397,D14342,신창대리점,중복점,50%,6,3,, - , - ,3,, - , - ,0.00%,, - , - 
P915722,P91572,주식회사 에스지피플 면목점,서울,중랑구,면목동,서울특별시 중랑구 사가정로 397,D15146,PS&M,중복점,50%,6,3,, - ,2,1,,2, - ,0.00%,, - , - 
P924461,P92446,다올사무기,인천,중구,인현동,인천광역시 중구 참외전로 125,D13124,UNI대리점,수도권_전속,100%,6,6,, - ,2,4,,2, - ,0.00%,, - ,1
P925561,P92556,선중텔레콤,경기,하남시,덕풍동,경기도 하남시 신장로 143,D13858,새서울대리점,수도권_전속,100%,6,6,, - ,2,4,,2, - ,0.00%,, - ,1
P932151,P93215,글로벌시스템,경기,안양시 만안구,안양동,경기도 안양시 만안구 성결대학로 16-3,D13965,대교대리점,수도권_전속,100%,6,6,, - ,4,2,,4, - ,0.00%,, - , - 
P935211,P93521,르호봇시스템,경기,과천시,별양동,경기도 과천시 별양상가1로 31,D13965,대교대리점,중복점,83%,6,5,,1,1,3,,1, - ,0.00%,, - , - 
P935212,P93521,르호봇시스템,경기,과천시,별양동,경기도 과천시 별양상가1로 31,D15146,PS&M,중복점,17%,6,1,, - ,1, - ,,1, - ,0.00%,, - , - 
P937261,P93726,디제이모바일 2호점,경기,부천시 원미구,역곡동,경기도 부천시 부일로 712,D13952,참스타대리점,수도권_전속,100%,6,6,, - ,3,3,,2,1,33.30%,, - ,1
P939381,P93938,하율플러스,경기,양주시,광사동,경기도 양주시 고읍남로 24,D15117,알파대리점,수도권_전속,100%,6,6,,2, - ,4,, - , - ,0.00%,, - , - 
P955511,P95551,스마일통신,경기,의왕시,오전동,경기도 의왕시 전주남이길 8,D13952,참스타대리점,수도권_전속,100%,6,6,, - , - ,6,, - , - ,0.00%,, - , - 
P973791,P97379,휴대폰 365 아울렛 진접점,경기,남양주시,진접읍,경기도 남양주시 진접읍 해밀예당1로 30,D15173,정원대리점,수도권_전속,100%,6,6,, - ,1,5,,1, - ,0.00%,, - , - 
P988391,P98839,따르릉텔레콤,경기,평택시,세교동,경기도평택시세교공원로101,D15146,PS&M,PS_전속,100%,6,6,, - ,3,3,,2,1,33.30%,, - , - 
P992331,P99233,휴대폰성지세모폰오목교8번출구,서울,양천구,목동,서울특별시 양천구 오목로 326,D13357,가능대리점,중복점,67%,6,4,,1,3, - ,,2,1,33.30%,, - , - 
P992332,P99233,휴대폰성지세모폰오목교8번출구,서울,양천구,목동,서울특별시 양천구 오목로 326,D15121,CD대리점,중복점,33%,6,2,, - , - ,2,, - , - ,0.00%,, - , - 
P995461,P99546,채움,서울,동대문구,장안동,서울특별시 동대문구 사가정로25길 66,D14342,신창대리점,수도권_전속,100%,6,6,,1,1,4,,1, - ,0.00%,, - , - 
P995881,P99588,구백억,서울,광진구,중곡동,서울특별시 광진구 능동로 377,D14342,신창대리점,중복점,83%,6,5,,2, - ,3,, - , - ,0.00%,, - , - 
P995882,P99588,구백억,서울,광진구,중곡동,서울특별시 광진구 능동로 377,D15146,PS&M,중복점,17%,6,1,, - , - ,1,, - , - ,0.00%,, - , - 
PA24521,PA2452,휴대폰성지 프로통신 잠실점,서울,송파구,방이동,서울특별시 송파구 올림픽로32길 58,D13742,한유대리점,중복점,83%,6,5,,1, - ,4,, - , - ,0.00%,, - , - 
PA24522,PA2452,휴대폰성지 프로통신 잠실점,서울,송파구,방이동,서울특별시 송파구 올림픽로32길 58,D15146,PS&M,중복점,17%,6,1,, - ,1, - ,,1, - ,0.00%,, - , - 
PA25961,PA2596,왕대박모바일,경기,부천시 원미구,원미동,경기도 부천시 원미로 146,D15051,프리스비,중복점,67%,6,4,, - ,3,1,,3, - ,0.00%,, - ,2
PA25962,PA2596,왕대박모바일,경기,부천시 원미구,원미동,경기도 부천시 원미로 146,D13542,삼보대리점,중복점,33%,6,2,, - ,2, - ,,2, - ,0.00%,, - , - 
PA26191,PA2619,창조텔레콤,서울,영등포구,신길동,서울특별시 영등포구 신길로 158,D13225,광장대리점,중복점,50%,6,3,, - ,1,2,,1, - ,0.00%,, - , - 
PA26192,PA2619,창조텔레콤,서울,영등포구,신길동,서울특별시 영등포구 신길로 158,D15146,PS&M,중복점,50%,6,3,,1,2, - ,,1,1,50.00%,, - , - 
PA39551,PA3955,주연정보통신,인천,남동구,만수동,인천광역시 남동구 장승남로 48,D13622,MD대리점,수도권_전속,100%,6,6,, - ,1,5,, - ,1,100.00%,, - , - 
PA53521,PA5352,현대모바일,경기,안산시 상록구,본오동,경기도 안산시 상록구 석호로 316,D13827,지은대리점,수도권_전속,100%,6,6,,2, - ,4,, - , - ,0.00%,, - , - 
PA55751,PA5575,민정보,인천,연수구,옥련동,인천광역시 연수구 한나루로196번길 3,F13586,신도SDR,수도권_전속,100%,6,6,, - ,6, - ,,6, - ,0.00%,, - , - 
PA56541,PA5654,하늘,인천,중구,중산동,인천광역시 중구 하늘중앙로195번길 14,D13124,UNI대리점,중복점,83%,6,5,, - ,2,3,,2, - ,0.00%,, - , - 
PA56542,PA5654,하늘,인천,중구,중산동,인천광역시 중구 하늘중앙로195번길 14,D15146,PS&M,중복점,17%,6,1,,1, - , - ,, - , - ,0.00%,, - , - 
PA62721,PA6272,프라임통신,서울,영등포구,문래동3가,서울특별시 영등포구 당산로 26,D15051,프리스비,수도권_전속,100%,6,6,, - ,2,4,,2, - ,0.00%,, - , - 
PA71591,PA7159,(주)수호텔레콤2호점,경기,광주시,곤지암읍,경기도 광주시 곤지암읍 곤지암로50번길 31,D14674,서울ent대리점,수도권_전속,100%,6,6,,1,3,2,,3, - ,0.00%,, - , - 
PA75431,PA7543,대박통신,경기,남양주시,화도읍,경기도남양주시화도읍경춘로1876번길3,D15146,PS&M,PS_전속,100%,6,6,,2, - ,4,, - , - ,0.00%,, - , - 
PA76981,PA7698,관우통신 장현점,경기,남양주시,진접읍,경기도남양주시진접읍장현로99,D15146,PS&M,PS_전속,100%,6,6,, - ,1,5,,1, - ,0.00%,, - , - 
PA79951,PA7995,소사폰마트,경기,부천시 원미구,소사동,경기도 부천시 소사로 296,D15176,ACE대리점,수도권_전속,100%,6,6,,1,4,1,,4, - ,0.00%,, - , - 
PA80851,PA8085,이환텔레콤,서울,강서구,염창동,서울특별시 강서구 양천로 651,D13546,ACT대리점,중복점,50%,6,3,, - , - ,3,, - , - ,0.00%,, - , - 
PA80852,PA8085,이환텔레콤,서울,강서구,염창동,서울특별시 강서구 양천로 651,D13965,대교대리점,중복점,50%,6,3,, - , - ,3,, - , - ,0.00%,, - , - 
PA82161,PA8216,스타컴퍼니,강원,원주시,무실동,강원 원주시 시청로 84,D15146,PS&M,중복점,50%,6,3,, - ,2,1,,2, - ,0.00%,, - , - 
PA82162,PA8216,스타컴퍼니,강원,원주시,무실동,강원 원주시 시청로 84,D13827,지은대리점,중복점,50%,6,3,, - ,2,1,,2, - ,0.00%,, - , - 
PA84911,PA8491,별통신,강원,홍천군,홍천읍,강원 홍천군 홍천읍 홍천로5길 15,D15146,PS&M,중복점,83%,6,5,,1, - ,4,, - , - ,0.00%,, - , - 
PA84912,PA8491,별통신,강원,홍천군,홍천읍,강원 홍천군 홍천읍 홍천로5길 15,D13742,한유대리점,중복점,17%,6,1,,1, - , - ,, - , - ,0.00%,, - , - 
PA92641,PA9264,인생휴대폰,경기,평택시,고덕면,경기도평택시고덕면고덕여염12길64,D15146,PS&M,중복점,67%,6,4,, - , - ,4,, - , - ,0.00%,, - , - 
PA92642,PA9264,인생휴대폰,경기,평택시,고덕면,경기도평택시고덕면고덕여염12길64,D13225,광장대리점,중복점,33%,6,2,, - ,1,1,,1, - ,0.00%,, - , - 
PA96091,PA9609,대신정보통신,경기,안산시 상록구,성포동,경기도 안산시 상록구 화랑로 513,D13965,대교대리점,수도권_전속,100%,6,6,, - ,2,4,,1,1,50.00%,, - ,1
PC02611,PC0261,피에스타,서울,송파구,문정동,서울특별시 송파구 충민로 66,D15051,프리스비,수도권_전속,100%,6,6,, - ,5,1,,5, - ,0.00%,, - ,1
PC02651,PC0265,갤럭시플러스모바일 논현점,인천,남동구,논현동,인천광역시 남동구 논고개로123번길 17,D13124,UNI대리점,수도권_전속,100%,6,6,,3, - ,3,, - , - ,0.00%,, - , - 
PC06731,PC0673,다인통신,경기,안양시 만안구,안양동,경기도 안양시 만안구 양화로 37,D13827,지은대리점,중복점,83%,6,5,,1,4, - ,,2,2,50.00%,, - , - 
PC06732,PC0673,다인통신,경기,안양시 만안구,안양동,경기도 안양시 만안구 양화로 37,D15146,PS&M,중복점,17%,6,1,, - ,1, - ,, - ,1,100.00%,, - , - 
PC38701,PC3870,주식회사엠쓰리컴퍼니,경기,용인시 기흥구,중동,경기도 용인시 기흥구 동백죽전대로 444,D13965,대교대리점,수도권_전속,100%,6,6,, - ,1,5,,1, - ,0.00%,, - , - 
PC42291,PC4229,가비텔레콤,인천,동구,송림동,인천광역시 동구 샛골로 165-2,D15051,프리스비,수도권_전속,100%,6,6,, - ,6, - ,, - ,6,100.00%,, - , - 
PC43401,PC4340,END텔레콤,인천,서구,석남동,인천광역시 서구 길주로 91,D15121,CD대리점,수도권_전속,100%,6,6,, - ,1,5,,1, - ,0.00%,, - , - 
PC43981,PC4398,주식회사 우수정보통신,경기,김포시,사우동,경기도 김포시 사우중로 48,D13546,ACT대리점,수도권_전속,100%,6,6,, - ,4,2,,4, - ,0.00%,, - , - 
PC43991,PC4399,우수모바일 구래점,경기,김포시,구래동,경기도 김포시 김포한강9로 73,D13622,MD대리점,중복점,67%,6,4,, - ,2,2,,2, - ,0.00%,, - , - 
PC43992,PC4399,우수모바일 구래점,경기,김포시,구래동,경기도 김포시 김포한강9로 73,D13546,ACT대리점,중복점,33%,6,2,, - ,1,1,,1, - ,0.00%,, - ,2
PC45691,PC4569,원모바일 2호점,서울,금천구,시흥동,서울특별시 금천구 금하로23길 10,D15121,CD대리점,수도권_전속,100%,6,6,,1,3,2,,3, - ,0.00%,, - , - 
PC47341,PC4734,케이모바일(현대점),경기,부천시 원미구,중동,경기도 부천시 석천로 181,D14342,신창대리점,중복점,83%,6,5,, - , - ,5,, - , - ,0.00%,, - , - 
PC47342,PC4734,케이모바일(현대점),경기,부천시 원미구,중동,경기도 부천시 석천로 181,D15051,프리스비,중복점,17%,6,1,, - , - ,1,, - , - ,0.00%,, - ,1
PC50461,PC5046,제이엠컴퍼니,서울,마포구,동교동,서울특별시 마포구 양화로 156,D15146,PS&M,PS_전속,100%,6,6,, - , - ,6,, - , - ,0.00%,, - , - 
PC51171,PC5117,(The)싼폰,강원,춘천시,동내면,강원 춘천시 동내면 공지로 70-51,D15146,PS&M,중복점,83%,6,5,, - ,5, - ,,5, - ,0.00%,, - , - 
PC51172,PC5117,(The)싼폰,강원,춘천시,동내면,강원 춘천시 동내면 공지로 70-51,D13742,한유대리점,중복점,17%,6,1,, - , - ,1,, - , - ,0.00%,, - , - 
PC56671,PC5667,수(水)글로벌,경기,화성시 동탄구,영천동,경기도 화성시 동탄순환대로 702,D13965,대교대리점,중복점,83%,6,5,, - ,4,1,,3,1,25.00%,, - , - 
PC56672,PC5667,수(水)글로벌,경기,화성시 동탄구,영천동,경기도 화성시 동탄순환대로 702,D15146,PS&M,중복점,17%,6,1,,1, - , - ,, - , - ,0.00%,, - , - 
PC61331,PC6133,YJ정보통신,서울,동대문구,장안동,서울특별시동대문구장한로165,D15146,PS&M,PS_전속,100%,6,6,,3,2,1,,2, - ,0.00%,, - , - 
PC62261,PC6226,세희통신도매,경기,여주시,홍문동,경기도 여주시 세종로 43,D15176,ACE대리점,수도권_전속,100%,6,6,, - ,3,3,,2,1,33.30%,, - , - 
PC62881,PC6288,대박통신,서울,금천구,시흥동,서울특별시 금천구 시흥대로 238,D15051,프리스비,수도권_전속,100%,6,6,,1,1,4,,1, - ,0.00%,, - , - 
PC67021,PC6702,서은모바일,경기,의왕시,삼동,경기도 의왕시 부곡중앙남6길 4,D13542,삼보대리점,중복점,50%,6,3,, - , - ,3,, - , - ,0.00%,, - , - 
PC67022,PC6702,서은모바일,경기,의왕시,삼동,경기도 의왕시 부곡중앙남6길 4,D15121,CD대리점,중복점,50%,6,3,, - , - ,3,, - , - ,0.00%,, - , - 
PC67661,PC6766,휴대폰성지애플모바일구로점,서울,구로구,구로동,"서울 구로구 구로동로28길 84-6,",D13124,UNI대리점,중복점,83%,6,5,,3,2, - ,, - ,2,100.00%,, - , - 
PC67662,PC6766,휴대폰성지애플모바일구로점,서울,구로구,구로동,"서울 구로구 구로동로28길 84-6,",D13965,대교대리점,중복점,17%,6,1,, - , - ,1,, - , - ,0.00%,, - , - 
PC68991,PC6899,휴대폰천하통일,서울,관악구,봉천동,서울특별시 관악구 보라매로 2,D13225,광장대리점,수도권_전속,100%,6,6,, - ,1,5,,1, - ,0.00%,, - , - 
PC71081,PC7108,소라랑준호,강원,원주시,관설동,강원원주시나비허리길169,D15146,PS&M,PS_전속,100%,6,6,, - , - ,6,, - , - ,0.00%,, - , - 
PC73121,PC7312,청춘모바일,경기,고양시 일산동구,중산동,경기도 고양시 일산동구 중산로 105,D15146,PS&M,중복점,83%,6,5,, - ,4,1,,4, - ,0.00%,, - , - 
PC73122,PC7312,청춘모바일,경기,고양시 일산동구,중산동,경기도 고양시 일산동구 중산로 105,D15051,프리스비,중복점,17%,6,1,, - , - ,1,, - , - ,0.00%,, - , - 
PC73701,PC7370,승승장구텔레콤,경기,용인시 처인구,포곡읍,경기도 용인시 처인구 포곡읍 포곡로 97-4,D15146,PS&M,중복점,67%,6,4,, - ,1,3,,1, - ,0.00%,, - , - 
PC73702,PC7370,승승장구텔레콤,경기,용인시 처인구,포곡읍,경기도 용인시 처인구 포곡읍 포곡로 97-4,D14674,서울ent대리점,중복점,33%,6,2,, - ,1,1,,1, - ,0.00%,, - , - 
PC73971,PC7397,이레(GRIT),서울,양천구,목동,서울특별시 양천구 신목로 89,D13965,대교대리점,수도권_전속,100%,6,6,, - ,2,4,,2, - ,0.00%,, - , - 
PC81011,PC8101,라인폰,경기,의왕시,내손동,경기도 의왕시 계원대학로 2,D13542,삼보대리점,중복점,50%,6,3,, - ,1,2,,1, - ,0.00%,, - , - 
PC81012,PC8101,라인폰,경기,의왕시,내손동,경기도 의왕시 계원대학로 2,D15146,PS&M,중복점,50%,6,3,, - , - ,3,, - , - ,0.00%,, - , - 
PC82871,PC8287,웅스통신,경기,남양주시,다산동,경기도 남양주시 다산중앙로 17,D15146,PS&M,중복점,50%,6,3,, - ,3, - ,,3, - ,0.00%,, - , - 
PC82872,PC8287,웅스통신,경기,남양주시,다산동,경기도 남양주시 다산중앙로 17,D13357,가능대리점,중복점,50%,6,3,, - ,1,2,,1, - ,0.00%,, - , - 
PC83291,PC8329,휴대폰다이렉트,경기,오산시,궐동,경기도오산시궐리사로18,D15146,PS&M,PS_전속,100%,6,6,, - ,5,1,,5, - ,0.00%,, - , - 
PC85541,PC8554,에스제이모바일,서울,강서구,공항동,서울특별시 강서구 방화동로 32,D13622,MD대리점,중복점,50%,6,3,, - ,1,2,,1, - ,0.00%,, - , - 
PC85542,PC8554,에스제이모바일,서울,강서구,공항동,서울특별시 강서구 방화동로 32,D15051,프리스비,중복점,50%,6,3,, - , - ,3,, - , - ,0.00%,, - , - 
PC88101,PC8810,도매통신산척점,경기,화성시 동탄구,산척동,경기도 화성시 동탄순환대로 263,D15051,프리스비,중복점,67%,6,4,, - ,3,1,,2,1,33.30%,, - ,1
PC88102,PC8810,도매통신산척점,경기,화성시 동탄구,산척동,경기도 화성시 동탄순환대로 263,D15146,PS&M,중복점,33%,6,2,, - ,2, - ,,2, - ,0.00%,, - , - 
PC92561,PC9256,새봄통신,서울,도봉구,방학동,서울특별시 도봉구 도봉로145길 93,D15117,알파대리점,중복점,83%,6,5,, - ,5, - ,,4,1,20.00%,, - , - 
PC92562,PC9256,새봄통신,서울,도봉구,방학동,서울특별시 도봉구 도봉로145길 93,D14342,신창대리점,중복점,17%,6,1,, - ,1, - ,,1, - ,0.00%,, - , - 
PC93011,PC9301,우주정보통신,경기,안성시,죽산면,경기도안성시죽산면죽주로287,D15146,PS&M,PS_전속,100%,6,6,,1,2,3,,2, - ,0.00%,, - , - 
PC94741,PC9474,특판 오산,경기,오산시,원동,경기도 오산시 운천로 65,D13469,코넥,중복점,67%,6,4,, - ,4, - ,,4, - ,0.00%,, - , - 
PC94742,PC9474,특판 오산,경기,오산시,원동,경기도 오산시 운천로 65,D13622,MD대리점,중복점,33%,6,2,,1,1, - ,,1, - ,0.00%,, - ,1
PC99251,PC9925,휴대폰성지 옆커폰 신정점,서울,양천구,신정동,서울특별시 양천구 신월로 310,D14674,서울ent대리점,수도권_전속,100%,6,6,,1,3,2,,3, - ,0.00%,, - ,1
PE05361,PE0536,엔에스범박직영,경기,부천시 소사구,소사본동,경기도 부천시 소사동로 78,D13952,참스타대리점,수도권_전속,100%,6,6,,1,1,4,,1, - ,0.00%,, - ,1
PE10441,PE1044,휴대폰성지 진심모바일 월피점,경기,안산시 상록구,월피동,경기도 안산시 상록구 월피로 49,D13124,UNI대리점,중복점,67%,6,4,, - ,1,3,,1, - ,0.00%,, - , - 
PE10442,PE1044,휴대폰성지 진심모바일 월피점,경기,안산시 상록구,월피동,경기도 안산시 상록구 월피로 49,D18211,군인공제회대리점,중복점,33%,6,2,,2, - , - ,, - , - ,0.00%,, - , - 
PE15101,PE1510,비타민통신 수유,서울,강북구,수유동,서울특별시 강북구 노해로 95,D15146,PS&M,중복점,67%,6,4,,1,2,1,,2, - ,0.00%,, - , - 
PE15102,PE1510,비타민통신 수유,서울,강북구,수유동,서울특별시 강북구 노해로 95,D14674,서울ent대리점,중복점,33%,6,2,, - ,2, - ,,2, - ,0.00%,, - , - 
PE15181,PE1518,휴대폰성지세모폰주안6동점,인천,미추홀구,주안동,인천광역시 미추홀구 석산로 42,D15121,CD대리점,중복점,50%,6,3,,1, - ,2,, - , - ,0.00%,, - , - 
PE15182,PE1518,휴대폰성지세모폰주안6동점,인천,미추홀구,주안동,인천광역시 미추홀구 석산로 42,D14674,서울ent대리점,중복점,50%,6,3,, - ,2,1,,1,1,50.00%,, - , - 
PE17791,PE1779,휴대폰성지 참통신,경기,고양시 일산서구,주엽동,경기도 고양시 일산서구 중앙로 1425,D13827,지은대리점,중복점,67%,6,4,, - ,1,3,,1, - ,0.00%,, - ,1
PE17792,PE1779,휴대폰성지 참통신,경기,고양시 일산서구,주엽동,경기도 고양시 일산서구 중앙로 1425,D15176,ACE대리점,중복점,33%,6,2,, - ,1,1,,1, - ,0.00%,, - , - 
PE18601,PE1860,블라썸 모바일,서울,강북구,수유동,서울특별시 강북구 노해로 87,D14342,신창대리점,수도권_전속,100%,6,6,, - ,3,3,,3, - ,0.00%,, - , - 
PE19681,PE1968,제이모바일,서울,구로구,구로동,서울특별시 구로구 구로동로 128,D13952,참스타대리점,중복점,83%,6,5,, - ,4,1,,3,1,25.00%,, - , - 
PE19682,PE1968,제이모바일,서울,구로구,구로동,서울특별시 구로구 구로동로 128,D15146,PS&M,중복점,17%,6,1,, - ,1, - ,,1, - ,0.00%,, - , - 
PE22501,PE2250,폰스타산본점,경기,군포시,산본동,경기도 군포시 산본로323번길 20-21,D14342,신창대리점,중복점,50%,6,3,,2, - ,1,, - , - ,0.00%,, - , - 
PE22502,PE2250,폰스타산본점,경기,군포시,산본동,경기도 군포시 산본로323번길 20-21,D13965,대교대리점,중복점,50%,6,3,, - , - ,3,, - , - ,0.00%,, - , - 
PE23001,PE2300,휴대폰성지 동탄미소폰 반월점,경기,화성시 병점구,반월동,경기도 화성시 영통로 62,D13622,MD대리점,수도권_전속,100%,6,6,, - ,3,3,,3, - ,0.00%,, - ,3
PE25061,PE2506,우리모바일,경기,의정부시,민락동,경기도 의정부시 오목로 227,D15117,알파대리점,중복점,50%,6,3,, - , - ,3,, - , - ,0.00%,, - , - 
PE25062,PE2506,우리모바일,경기,의정부시,민락동,경기도 의정부시 오목로 227,D15146,PS&M,중복점,50%,6,3,, - ,3, - ,,2,1,33.30%,, - , - 
PE28981,PE2898,한량이네,서울,구로구,구로동,서울특별시 구로구 새말로 97,D14746,유원대리점,수도권_전속,100%,6,6,,1,1,4,,1, - ,0.00%,, - ,4
PE31431,PE3143,휴대폰성지 옆커폰의정부호원점,경기,의정부시,호원동,경기도 의정부시 평화로 229-1,D14674,서울ent대리점,수도권_전속,100%,6,6,, - ,2,4,,1,1,50.00%,, - , - 
PE31771,PE3177,용성텔레콤,서울,관악구,봉천동,서울특별시 관악구 남부순환로 1679,D14342,신창대리점,중복점,67%,6,4,, - ,1,3,, - ,1,100.00%,, - , - 
PE31772,PE3177,용성텔레콤,서울,관악구,봉천동,서울특별시 관악구 남부순환로 1679,D15146,PS&M,중복점,33%,6,2,, - ,1,1,,1, - ,0.00%,, - , - 
PE35341,PE3534,휴대폰성지 부천점,경기,부천시 원미구,상동,경기도 부천시 원미구 상동로 90,D13952,참스타대리점,수도권_전속,100%,6,6,, - , - ,6,, - , - ,0.00%,, - , - 
PE35351,PE3535,송정본가,경기,이천시,송정동,경기도 이천시 증신로 242,D15146,PS&M,PS_전속,100%,6,6,,1,3,2,,2,1,33.30%,, - , - 
PE36831,PE3683,에쓰비 모바일,서울,중랑구,면목동,서울특별시 중랑구 면목로 354,D14342,신창대리점,수도권_전속,100%,6,6,, - ,4,2,,4, - ,0.00%,, - , - 
PE38781,PE3878,세연텔레콤 유천점,강원,강릉시,홍제동,강원특별자치도 강릉시 선수촌로63번길 14-11,D13965,대교대리점,중복점,83%,6,5,, - ,2,3,,2, - ,0.00%,, - , - 
PE38782,PE3878,세연텔레콤 유천점,강원,강릉시,홍제동,강원특별자치도 강릉시 선수촌로63번길 14-11,D13952,참스타대리점,중복점,17%,6,1,, - , - ,1,, - , - ,0.00%,, - , - 
PE38831,PE3883,동아모바일 연천점,경기,연천군,연천읍,경기도 연천군 연천읍 연천로 247-1,D13546,ACT대리점,수도권_전속,100%,6,6,, - ,1,5,,1, - ,0.00%,, - , - 
PE41031,PE4103,휴대폰성지 선봉모바일10호점,인천,남동구,간석동,인천광역시 남동구 용천로 167,D14342,신창대리점,수도권_전속,100%,6,6,, - ,3,3,,3, - ,0.00%,, - ,1
PE45451,PE4545,휴대폰성지 옆커폰 시흥목감점,경기,시흥시,목감동,경기도 시흥시 솔고개길 4-3,D14674,서울ent대리점,수도권_전속,100%,6,6,,1,1,4,,1, - ,0.00%,, - ,1
PE48221,PE4822,좋은선택 주식회사,경기,파주시,야당동,경기도 파주시 와석순환로 72,D13858,새서울대리점,수도권_전속,100%,6,6,, - ,5,1,,5, - ,0.00%,, - ,1
PE48231,PE4823,좋은선택 신원점,경기,고양시 덕양구,신원동,경기도 고양시 덕양구 권율대로 885,D13858,새서울대리점,수도권_전속,100%,6,6,,1,3,2,,3, - ,0.00%,, - , - 
PE49061,PE4906,휴대폰가게(MS)통신,경기,안양시 만안구,석수동,경기도 안양시 만안구 충훈로 95,D13965,대교대리점,수도권_전속,100%,6,6,, - ,3,3,,3, - ,0.00%,, - , - 
PE51051,PE5105,주식회사 더 트리플,경기,안양시 만안구,안양동,경기도 안양시 만안구 안양로 96,D15121,CD대리점,수도권_전속,100%,6,6,, - , - ,6,, - , - ,0.00%,, - , - 
PE53851,PE5385,휴대폰성지옆커폰고덕강일점,서울,강동구,강일동,서울특별시 강동구 아리수로 427,D14674,서울ent대리점,수도권_전속,100%,6,6,, - ,1,5,, - ,1,100.00%,, - , - 
PE55551,PE5555,폰마트,경기,남양주시,금곡동,경기도남양주시사릉로14,D15146,PS&M,PS_전속,100%,6,6,,1,1,4,, - ,1,100.00%,, - , - 
PE55991,PE5599,수호통신,경기,군포시,산본동,경기도 군포시 산본천로 200-1,D13827,지은대리점,중복점,83%,6,5,,1,1,3,,1, - ,0.00%,, - , - 
PE55992,PE5599,수호통신,경기,군포시,산본동,경기도 군포시 산본천로 200-1,D13965,대교대리점,중복점,17%,6,1,, - ,1, - ,,1, - ,0.00%,, - , - 
PE56011,PE5601,파인폰샵,서울,성북구,돈암동,서울특별시 성북구 성북로4길 52,D15146,PS&M,중복점,67%,6,4,, - , - ,4,, - , - ,0.00%,, - , - 
PE56012,PE5601,파인폰샵,서울,성북구,돈암동,서울특별시 성북구 성북로4길 52,D15051,프리스비,중복점,33%,6,2,,1, - ,1,, - , - ,0.00%,, - , - 
PE56981,PE5698,퍼플폰,인천,부평구,부평동,인천광역시 부평구 부평대로 153,F13586,신도SDR,중복점,67%,6,4,, - ,3,1,,3, - ,0.00%,, - , - 
PE56982,PE5698,퍼플폰,인천,부평구,부평동,인천광역시 부평구 부평대로 153,D15121,CD대리점,중복점,33%,6,2,, - , - ,2,, - , - ,0.00%,, - ,1
PE57621,PE5762,휴대폰성지옆커폰상도점,서울,동작구,상도1동,서울특별시 동작구 상도로 276,D14674,서울ent대리점,중복점,50%,6,3,, - , - ,3,, - , - ,0.00%,, - , - 
PE57622,PE5762,휴대폰성지옆커폰상도점,서울,동작구,상도1동,서울특별시 동작구 상도로 276,D15146,PS&M,중복점,50%,6,3,, - ,1,2,,1, - ,0.00%,, - , - 
PE58311,PE5831,휴대폰성지 옆커폰 성복역점,경기,용인시 수지구,성복동,경기도 용인시 수지구 수지로 119,D14674,서울ent대리점,중복점,83%,6,5,, - ,1,4,,1, - ,0.00%,, - , - 
PE58312,PE5831,휴대폰성지 옆커폰 성복역점,경기,용인시 수지구,성복동,경기도 용인시 수지구 수지로 119,D15146,PS&M,중복점,17%,6,1,, - , - ,1,, - , - ,0.00%,, - , - 
PE58691,PE5869,휴대폰성지 휴대폰맛집 동춘점,인천,연수구,동춘동,인천광역시 연수구 앵고개로 242,D13357,가능대리점,중복점,50%,6,3,, - ,2,1,,2, - ,0.00%,, - , - 
PE58692,PE5869,휴대폰성지 휴대폰맛집 동춘점,인천,연수구,동춘동,인천광역시 연수구 앵고개로 242,D15121,CD대리점,중복점,50%,6,3,, - , - ,3,, - , - ,0.00%,, - , - 
PE59351,PE5935,어셈블 청학리점,경기,남양주시,별내면,경기도 남양주시 별내면 청학로68번길 7,D15173,정원대리점,수도권_전속,100%,6,6,, - ,4,2,,4, - ,0.00%,, - ,1
PE60891,PE6089,두총각폰,경기,용인시 처인구,김량장동,"경기 용인시 처인구 금령로 97,",D13622,MD대리점,중복점,67%,6,4,, - ,3,1,,2,1,33.30%,, - ,1
PE60892,PE6089,두총각폰,경기,용인시 처인구,김량장동,"경기 용인시 처인구 금령로 97,",D13827,지은대리점,중복점,33%,6,2,, - , - ,2,, - , - ,0.00%,, - , - 
PE61411,PE6141,휴대폰의모든것청춘대길지축점,경기,고양시 덕양구,지축동,경기도 고양시 덕양구 지축1로 73,D13124,UNI대리점,중복점,67%,6,4,, - , - ,4,, - , - ,0.00%,, - , - 
PE61412,PE6141,휴대폰의모든것청춘대길지축점,경기,고양시 덕양구,지축동,경기도 고양시 덕양구 지축1로 73,F13586,신도SDR,중복점,33%,6,2,, - ,1,1,,1, - ,0.00%,, - , - 
PE62211,PE6221,타미폰,경기,고양시 일산동구,장항동,경기도 고양시 일산동구 정발산로 24,D15121,CD대리점,수도권_전속,100%,6,6,, - ,4,2,,4, - ,0.00%,, - , - 
PE63071,PE6307,주식회사 더트리플 남양주점,경기,남양주시,평내동,경기도 남양주시 평내로29번안길 30,D15121,CD대리점,중복점,83%,6,5,, - ,1,4,,1, - ,0.00%,, - , - 
PE63072,PE6307,주식회사 더트리플 남양주점,경기,남양주시,평내동,경기도 남양주시 평내로29번안길 30,D13827,지은대리점,중복점,17%,6,1,, - , - ,1,, - , - ,0.00%,, - , - 
PE64701,PE6470,핸드폰아울렛 휴대폰성지,경기,파주시,목동동,경기도 파주시 교하로 79,D13827,지은대리점,수도권_전속,100%,6,6,,2,1,3,,1, - ,0.00%,, - , - 
PE65541,PE6554,휴대폰성지 옆커폰 별내,경기,남양주시,별내동,경기도 남양주시 별내중앙로 49,D14674,서울ent대리점,수도권_전속,100%,6,6,, - ,1,5,,1, - ,0.00%,, - , - 
PE66681,PE6668,나누리통신,인천,부평구,부평동,인천광역시 부평구 장제로 155,D13827,지은대리점,수도권_전속,100%,6,6,,1,2,3,,2, - ,0.00%,, - , - 
PE67051,PE6705,서진이네 모바일,서울,중구,흥인동,서울특별시 중구 퇴계로 417,D14342,신창대리점,수도권_전속,100%,6,6,, - ,3,3,,3, - ,0.00%,, - , - 
PE67301,PE6730,폰마켓병점점,경기,화성시 병점구,병점동,경기도 화성시 효행로 1052,D13965,대교대리점,수도권_전속,100%,6,6,,1,2,3,,2, - ,0.00%,, - , - 
PE67711,PE6771,휴대폰성지세모폰신림역점,서울,관악구,신림동,"서울 관악구 남부순환로 1588,",D13357,가능대리점,중복점,50%,6,3,, - , - ,3,, - , - ,0.00%,, - , - 
PE67712,PE6771,휴대폰성지세모폰신림역점,서울,관악구,신림동,"서울 관악구 남부순환로 1588,",D14674,서울ent대리점,중복점,50%,6,3,, - , - ,3,, - , - ,0.00%,, - , - 
PE67791,PE6779,휴대폰성지 폰키호테 강남점,서울,서초구,서초동,"서울 서초구 서초대로 385,",D13469,코넥,수도권_전속,100%,6,6,,1,1,4,,1, - ,0.00%,, - , - 
PE68791,PE6879,휴대폰성지오케이씨컴퍼니,경기,남양주시,오남읍,경기도 남양주시 오남읍 진건오남로 567,D14746,유원대리점,중복점,50%,6,3,,1,1,1,,1, - ,0.00%,, - , - 
PE68792,PE6879,휴대폰성지오케이씨컴퍼니,경기,남양주시,오남읍,경기도 남양주시 오남읍 진건오남로 567,D13357,가능대리점,중복점,50%,6,3,, - ,1,2,,1, - ,0.00%,, - , - 
PE68911,PE6891,휴대폰성지옆커폰화성향남점,경기,화성시 만세구,향남읍,경기화성시향남읍행정중앙2로67,D15146,PS&M,PS_전속,100%,6,6,, - , - ,6,, - , - ,0.00%,, - , - 
PE69221,PE6922,와룡컴퍼니 신장대리점,강원,홍천군,홍천읍,강원 홍천군 홍천읍 번영로 26,D13965,대교대리점,중복점,83%,6,5,, - ,4,1,,3,1,25.00%,, - , - 
PE69222,PE6922,와룡컴퍼니 신장대리점,강원,홍천군,홍천읍,강원 홍천군 홍천읍 번영로 26,D15121,CD대리점,중복점,17%,6,1,,1, - , - ,, - , - ,0.00%,, - , - 
PE70631,PE7063,조은폰,서울,마포구,도화동,서울특별시 마포구 새창로 52,F13586,신도SDR,중복점,50%,6,3,, - , - ,3,, - , - ,0.00%,, - , - 
PE70632,PE7063,조은폰,서울,마포구,도화동,서울특별시 마포구 새창로 52,D14746,유원대리점,중복점,33%,6,2,, - , - ,2,, - , - ,0.00%,, - , - 
PE70633,PE7063,조은폰,서울,마포구,도화동,서울특별시 마포구 새창로 52,D15121,CD대리점,중복점,17%,6,1,, - , - ,1,, - , - ,0.00%,, - , - 
PE71061,PE7106,대박폰(흥덕점),경기,용인시 기흥구,영덕동,경기도 용인시 기흥구 흥덕2로87번길 18,D13827,지은대리점,수도권_전속,100%,6,6,, - ,6, - ,,5,1,16.70%,, - ,3
PE71751,PE7175,휴대폰성지 굳폰 창동점,서울,도봉구,창동,서울특별시 도봉구 노해로 341,D14342,신창대리점,수도권_전속,100%,6,6,, - , - ,6,, - , - ,0.00%,, - , - 
PE73161,PE7316,휴대폰성지 옆커폰 보라매역점,서울,영등포구,신길동,서울특별시 영등포구 여의대방로 145,D15146,PS&M,PS_전속,100%,6,6,,1, - ,5,, - , - ,0.00%,, - , - 
PE73201,PE7320,휴대폰성지 굳폰 DMC점,서울,은평구,증산동,서울특별시 은평구 수색로 200,D14342,신창대리점,수도권_전속,100%,6,6,, - , - ,6,, - , - ,0.00%,, - , - 
PE73501,PE7350,휴대폰성지,경기,의정부시,민락동,경기도 의정부시 오목로225번길 147,D14674,서울ent대리점,수도권_전속,100%,6,6,, - ,1,5,,1, - ,0.00%,, - , - 
PE73521,PE7352,휴대폰성지 옆커폰 옥정점,경기,양주시,옥정동,경기도 양주시 회천남로 88,D14674,서울ent대리점,수도권_전속,100%,6,6,, - , - ,6,, - , - ,0.00%,, - , - 
PE74101,PE7410,휴대폰성지 무지인형 노원지점,서울,노원구,공릉동,서울특별시 노원구 동일로 986,D15157,근흥대리점,수도권_전속,100%,6,6,, - , - ,6,, - , - ,0.00%,, - , - 
PE74761,PE7476,휴대폰성지KR모바일신검단중앙,인천,서구,불로동,인천광역시 서구 고산후로 222,D13965,대교대리점,중복점,67%,6,4,, - ,3,1,,2,1,33.30%,, - , - 
PE74762,PE7476,휴대폰성지KR모바일신검단중앙,인천,서구,불로동,인천광역시 서구 고산후로 222,D13546,ACT대리점,중복점,33%,6,2,, - , - ,2,, - , - ,0.00%,, - , - 
PE75161,PE7516,휴대폰성지옆커폰 안중점,경기,평택시,안중읍,경기도 평택시 안중읍 안현로서6길 48,D14674,서울ent대리점,수도권_전속,100%,6,6,, - ,1,5,,1, - ,0.00%,, - , - 
PE75241,PE7524,휴대폰성지 옆커폰 동춘점,인천,연수구,동춘동,인천광역시 연수구 앵고개로 242,D14674,서울ent대리점,수도권_전속,100%,6,6,, - , - ,6,, - , - ,0.00%,, - , - 
PE75821,PE7582,의리,서울,서대문구,홍은동,서울특별시 서대문구 세검정로1길 99,D15121,CD대리점,수도권_전속,100%,6,6,,1,4,1,,2,2,50.00%,, - , - 
PE75831,PE7583,따르릉세상,경기,성남시 분당구,금곡동,경기도 성남시 분당구 성남대로171번길 8,D14674,서울ent대리점,수도권_전속,100%,6,6,, - , - ,6,, - , - ,0.00%,, - , - 
PE76131,PE7613,딱폰 동백점,경기,용인시 기흥구,중동,경기도 용인시 기흥구 언동로217번길 2,D15146,PS&M,PS_전속,100%,6,6,, - ,1,5,,1, - ,0.00%,, - , - 
PE77161,PE7716,휴대폰성지폰슐랭인천부평구지점,인천,부평구,부평동,인천광역시 부평구 경원대로1344번길 34,D15157,근흥대리점,중복점,67%,6,4,, - ,1,3,, - ,1,100.00%,, - , - 
PE77162,PE7716,휴대폰성지폰슐랭인천부평구지점,인천,부평구,부평동,인천광역시 부평구 경원대로1344번길 34,D13546,ACT대리점,중복점,17%,6,1,, - , - ,1,, - , - ,0.00%,, - , - 
PE77163,PE7716,휴대폰성지폰슐랭인천부평구지점,인천,부평구,부평동,인천광역시 부평구 경원대로1344번길 34,D14674,서울ent대리점,중복점,17%,6,1,, - , - ,1,, - , - ,0.00%,, - , - 
PE77191,PE7719,학의폰마트,경기,의왕시,학의동,경기도 의왕시 백운중앙로 46,D13965,대교대리점,수도권_전속,100%,6,6,, - ,6, - ,,4,2,33.30%,, - ,3
PE77221,PE7722,백암휴대폰,경기,용인시 처인구,백암면,"경기 용인시 처인구 백암면 백암로 214,",D13965,대교대리점,중복점,50%,6,3,,2,1, - ,, - ,1,100.00%,, - , - 
PE77222,PE7722,백암휴대폰,경기,용인시 처인구,백암면,"경기 용인시 처인구 백암면 백암로 214,",D15146,PS&M,중복점,50%,6,3,, - ,2,1,,2, - ,0.00%,, - , - 
PE77421,PE7742,휴대폰성지,인천,남동구,서창동,인천광역시 남동구 서창남순환로 223,F13586,신도SDR,수도권_전속,100%,6,6,, - ,1,5,,1, - ,0.00%,, - , - 
PE78481,PE7848,나르샤정보통신 고양일산점,경기,고양시 일산서구,주엽동,경기도 고양시 일산서구 주엽로 97,D15121,CD대리점,중복점,67%,6,4,, - ,1,3,, - ,1,100.00%,, - , - 
PE78482,PE7848,나르샤정보통신 고양일산점,경기,고양시 일산서구,주엽동,경기도 고양시 일산서구 주엽로 97,D14746,유원대리점,중복점,33%,6,2,, - ,1,1,, - ,1,100.00%,, - , - 
PE78521,PE7852,휴대폰 성지 싸당 마곡점,서울,강서구,마곡동,서울특별시 강서구 마곡중앙2로 35,D15121,CD대리점,수도권_전속,100%,6,6,, - ,1,5,,1, - ,0.00%,, - , - 
PE78541,PE7854,휴대폰성지 폰슐랭 동대문구점,서울,동대문구,청량리동,서울특별시 동대문구 왕산로 239,D13546,ACT대리점,수도권_전속,100%,6,6,, - , - ,6,, - , - ,0.00%,, - , - 
PE79721,PE7972,주식회사 본앤코리아 탄벌지점,경기,광주시,탄벌동,경기도 광주시 포돌이로 35,D13622,MD대리점,중복점,83%,6,5,, - ,1,4,,1, - ,0.00%,, - , - 
PE79722,PE7972,주식회사 본앤코리아 탄벌지점,경기,광주시,탄벌동,경기도 광주시 포돌이로 35,D15146,PS&M,중복점,17%,6,1,, - ,1, - ,,1, - ,0.00%,, - , - 
PE81121,PE8112,휴대폰성지 성북,서울,성북구,길음동,서울특별시 성북구 동소문로 301,D15146,PS&M,중복점,67%,6,4,, - , - ,4,, - , - ,0.00%,, - , - 
PE81122,PE8112,휴대폰성지 성북,서울,성북구,길음동,서울특별시 성북구 동소문로 301,D13622,MD대리점,중복점,33%,6,2,, - ,1,1,, - ,1,100.00%,, - , - 
PE82971,PE8297,핸드폰성지홈서비스아정당강남점,서울,강남구,역삼동,서울특별시 강남구 강남대로84길 16,D15051,프리스비,수도권_전속,100%,6,6,, - ,2,4,,1,1,50.00%,, - , - 
PE85701,PE8570,이루다,경기,김포시,운양동,경기도 김포시 김포한강1로 227,D13952,참스타대리점,수도권_전속,100%,6,6,,3, - ,3,, - , - ,0.00%,, - , - 
PE85821,PE8582,원주휴대폰성지 횡성점,강원,횡성군,횡성읍,"강원 횡성군 횡성읍 횡성로 361-3,",D83213,T&B대리점,중복점,83%,6,5,,1,1,3,,1, - ,0.00%,, - ,1
PE85822,PE8582,원주휴대폰성지 횡성점,강원,횡성군,횡성읍,"강원 횡성군 횡성읍 횡성로 361-3,",D13469,코넥,중복점,17%,6,1,, - , - ,1,, - , - ,0.00%,, - , - 
PE85881,PE8588,알뜰휴대폰,경기,안성시,공도읍,경기도 안성시 공도읍 서동대로 4478,D13542,삼보대리점,수도권_전속,100%,6,6,,2,4, - ,,4, - ,0.00%,, - , - 
PE86211,PE8621,휴대폰성지더나은통신관악봉천점,서울,관악구,봉천동,서울특별시 관악구 남부순환로 1740,D13742,한유대리점,수도권_전속,100%,6,6,, - ,1,5,, - ,1,100.00%,, - ,1
PE87221,PE8722,핸드폰성지홈서비스아정당신도림,서울,구로구,구로동,서울특별시 구로구 새말로 97,D15051,프리스비,수도권_전속,100%,6,6,, - ,4,2,,3,1,25.00%,, - ,1
PE87421,PE8742,인천핸드폰성지 와이에스모바일,인천,남동구,간석동,인천광역시 남동구 석정로566번길 2,D13469,코넥,중복점,83%,6,5,,1, - ,4,, - , - ,0.00%,, - , - 
PE87422,PE8742,인천핸드폰성지 와이에스모바일,인천,남동구,간석동,인천광역시 남동구 석정로566번길 2,D15121,CD대리점,중복점,17%,6,1,,1, - , - ,, - , - ,0.00%,, - , - 
PE88521,PE8852,휴대폰성지 청년폰 안양점,경기,안양시 동안구,관양동,경기도 안양시 동안구 부림로 121,D13357,가능대리점,수도권_전속,100%,6,6,, - , - ,6,, - , - ,0.00%,, - , - 
PE88841,PE8884,모아통신,서울,강서구,마곡동,서울특별시 강서구 공항대로 140,D15146,PS&M,PS_전속,100%,6,6,, - ,4,2,,4, - ,0.00%,, - , - 
PE88861,PE8886,파란정보통신,경기,화성시 만세구,향남읍,"경기 화성시 만세구 향남읍 행정중앙2로 33,",D13952,참스타대리점,수도권_전속,100%,6,6,,1, - ,5,, - , - ,0.00%,, - , - 
PE89141,PE8914,가람통신,경기,하남시,망월동,경기도 하남시 미사강변대로 228,D13952,참스타대리점,중복점,50%,6,3,, - ,3, - ,,3, - ,0.00%,, - ,1
PE89142,PE8914,가람통신,경기,하남시,망월동,경기도 하남시 미사강변대로 228,D15146,PS&M,중복점,33%,6,2,, - , - ,2,, - , - ,0.00%,, - , - 
PE89143,PE8914,가람통신,경기,하남시,망월동,경기도 하남시 미사강변대로 228,D15176,ACE대리점,중복점,17%,6,1,, - ,1, - ,,1, - ,0.00%,, - ,1
PE89261,PE8926,옆커폰 조양점,강원,속초시,조양동,강원특별자치도속초시조양로181,D15146,PS&M,PS_전속,100%,6,6,, - , - ,6,, - , - ,0.00%,, - , - 
PE90571,PE9057,휴대폰성지 세모폰 소사본동점,경기,부천시 소사구,소사본동,경기도 부천시 소사구 소사동로 82,D15121,CD대리점,중복점,50%,6,3,, - , - ,3,, - , - ,0.00%,, - , - 
PE90572,PE9057,휴대폰성지 세모폰 소사본동점,경기,부천시 소사구,소사본동,경기도 부천시 소사구 소사동로 82,D15146,PS&M,중복점,33%,6,2,, - , - ,2,, - , - ,0.00%,, - , - 
PE90573,PE9057,휴대폰성지 세모폰 소사본동점,경기,부천시 소사구,소사본동,경기도 부천시 소사구 소사동로 82,D13357,가능대리점,중복점,17%,6,1,,1, - , - ,, - , - ,0.00%,, - , - 
PE90781,PE9078,휴대폰성지 따르릉통신 검단점,인천,서구,원당동,인천광역시 서구 이음대로 392,D15117,알파대리점,중복점,50%,6,3,, - , - ,3,, - , - ,0.00%,, - , - 
PE90782,PE9078,휴대폰성지 따르릉통신 검단점,인천,서구,원당동,인천광역시 서구 이음대로 392,D13827,지은대리점,중복점,33%,6,2,, - , - ,2,, - , - ,0.00%,, - , - 
PE90783,PE9078,휴대폰성지 따르릉통신 검단점,인천,서구,원당동,인천광역시 서구 이음대로 392,D15176,ACE대리점,중복점,17%,6,1,, - , - ,1,, - , - ,0.00%,, - , - 
PE91431,PE9143,휴대폰성지 메가폰 철산광명점,경기,광명시,철산동,경기도 광명시 서부샛길 778,D13622,MD대리점,중복점,83%,6,5,, - ,2,3,,2, - ,0.00%,, - ,1
PE91432,PE9143,휴대폰성지 메가폰 철산광명점,경기,광명시,철산동,경기도 광명시 서부샛길 778,D15146,PS&M,중복점,17%,6,1,, - , - ,1,, - , - ,0.00%,, - , - 
PE92011,PE9201,휴대폰성지KR모바일김포고촌점,경기,김포시,고촌읍,경기도 김포시 고촌읍 태리로 285,D13965,대교대리점,중복점,50%,6,3,, - ,2,1,,2, - ,0.00%,, - ,1
PE92012,PE9201,휴대폰성지KR모바일김포고촌점,경기,김포시,고촌읍,경기도 김포시 고촌읍 태리로 285,D13546,ACT대리점,중복점,33%,6,2,, - ,2, - ,,2, - ,0.00%,, - , - 
PE92013,PE9201,휴대폰성지KR모바일김포고촌점,경기,김포시,고촌읍,경기도 김포시 고촌읍 태리로 285,D14746,유원대리점,중복점,17%,6,1,, - , - ,1,, - , - ,0.00%,, - , - 
PE92991,PE9299,휴대폰성지 예스 포남점,강원,강릉시,포남동,,D15146,PS&M,PS_전속,100%,6,6,, - ,6, - ,, - ,6,100.00%,, - , - 
PE93171,PE9317,세아통신,서울,동대문구,전농동,서울특별시 동대문구 전농로 156,D15146,PS&M,중복점,67%,6,4,, - ,4, - ,,4, - ,0.00%,, - , - 
PE93172,PE9317,세아통신,서울,동대문구,전농동,서울특별시 동대문구 전농로 156,D15121,CD대리점,중복점,33%,6,2,, - ,2, - ,,2, - ,0.00%,, - , - 
PE93881,PE9388,당근폰,경기,안산시 단원구,고잔동,"경기 안산시 단원구 중앙대로 921,",D13546,ACT대리점,중복점,50%,6,3,, - ,2,1,,2, - ,0.00%,, - , - 
PE93882,PE9388,당근폰,경기,안산시 단원구,고잔동,"경기 안산시 단원구 중앙대로 921,",D13542,삼보대리점,중복점,50%,6,3,, - ,1,2,,1, - ,0.00%,, - , - 
P008631,P00863,방배월드정보통신,서울,서초구,방배동,서울특별시 서초구 방배중앙로 159,D13469,코넥,수도권_전속,100%,5,5,,1, - ,4,, - , - ,0.00%,, - , - 
P092641,P09264,대박통신,경기,화성시 만세구,우정읍,경기도 화성시 우정읍 조암로 11,D13952,참스타대리점,수도권_전속,100%,5,5,, - ,2,3,,1,1,50.00%,, - , - 
P101841,P10184,머천드코리아,서울,마포구,노고산동,서울특별시마포구백범로17,D15146,PS&M,PS_전속,100%,5,5,, - , - ,5,, - , - ,0.00%,, - , - 
P107751,P10775,상대원정보통신,경기,성남시 중원구,상대원동,경기도 성남시 중원구 박석로5번길 20-4,D15121,CD대리점,수도권_전속,100%,5,5,, - , - ,5,, - , - ,0.00%,, - , - 
P113791,P11379,로이드통신,경기,부천시 원미구,중동,경기도부천시장말로2052,D15146,PS&M,PS_전속,100%,5,5,,1, - ,4,, - , - ,0.00%,, - , - 
P117611,P11761,해피 정보통신,경기,성남시 분당구,구미동,경기도 성남시 분당구 성남대로43번길 11,D13225,광장대리점,중복점,80%,5,4,, - ,2,2,,2, - ,0.00%,, - , - 
P117612,P11761,해피 정보통신,경기,성남시 분당구,구미동,경기도 성남시 분당구 성남대로43번길 11,D15146,PS&M,중복점,20%,5,1,, - ,1, - ,, - ,1,100.00%,, - , - 
P121751,P12175,영지정보통신,서울,금천구,독산동,서울특별시 금천구 독산로 366,F13586,신도SDR,수도권_전속,100%,5,5,,3,1,1,,1, - ,0.00%,, - , - 
P131561,P13156,모바일텔레콤,경기,양주시,덕정동,경기도 양주시 회정로 134,D13952,참스타대리점,수도권_전속,100%,5,5,, - ,1,4,, - ,1,100.00%,, - , - 
P133101,P13310,주원텔레콤,경기,의정부시,의정부동,경기도 의정부시 태평로 107-1,D15117,알파대리점,수도권_전속,100%,5,5,,1,1,3,, - ,1,100.00%,, - , - 
P137551,P13755,세계통신,경기,포천시,일동면,경기도 포천시 일동면 화동로 1047,D13858,새서울대리점,수도권_전속,100%,5,5,,1, - ,4,, - , - ,0.00%,, - , - 
P140221,P14022,유신사,서울,성북구,동소문동2가,서울특별시성북구동소문로161,D15146,PS&M,PS_전속,100%,5,5,, - ,4,1,,4, - ,0.00%,, - , - 
P140491,P14049,미래정보통신,경기,수원시 장안구,연무동,경기도 수원시 장안구 창룡대로 181-4,F13586,신도SDR,중복점,60%,5,3,, - , - ,3,, - , - ,0.00%,, - , - 
P140492,P14049,미래정보통신,경기,수원시 장안구,연무동,경기도 수원시 장안구 창룡대로 181-4,D15121,CD대리점,중복점,40%,5,2,, - ,2, - ,,2, - ,0.00%,, - , - 
P153381,P15338,나래정보통신,인천,서구,불로동,인천광역시 서구 검단로 836,D13546,ACT대리점,수도권_전속,100%,5,5,, - ,2,3,,2, - ,0.00%,, - , - 
P153511,P15351,보성정보통신,경기,성남시 중원구,은행동,경기도 성남시 중원구 자혜로67번길 1,D15146,PS&M,중복점,80%,5,4,, - ,2,2,,2, - ,0.00%,, - , - 
P153512,P15351,보성정보통신,경기,성남시 중원구,은행동,경기도 성남시 중원구 자혜로67번길 1,D13546,ACT대리점,중복점,20%,5,1,, - ,1, - ,,1, - ,0.00%,, - , - 
P164861,P16486,시내텔레콤,경기,동두천시,생연동,경기도 동두천시 중앙로 305,D13546,ACT대리점,수도권_전속,100%,5,5,,1,3,1,,3, - ,0.00%,, - , - 
P181831,P18183,월드텔레콤,서울,노원구,중계동,서울특별시 노원구 동일로203가길 29,D13225,광장대리점,수도권_전속,100%,5,5,, - ,1,4,,1, - ,0.00%,, - , - 
P185171,P18517,진성정보통신,인천,서구,석남동,인천광역시 서구 가정로 297,D13827,지은대리점,수도권_전속,100%,5,5,,1,2,2,,1,1,50.00%,, - , - 
P191431,P19143,프리통신,경기,성남시 수정구,신흥동,경기도 성남시 수정구 산성대로 지하272-3,D14654,알리바바대리점,수도권_전속,100%,5,5,,3,1,1,,1, - ,0.00%,, - , - 
P225571,P22557,한승텔레콤,경기,의정부시,호원동,경기도 의정부시 평화로 374,D13965,대교대리점,수도권_전속,100%,5,5,, - ,1,4,,1, - ,0.00%,, - , - 
P230371,P23037,유토피아정보통신,경기,김포시,통진읍,경기도 김포시 통진읍 조강로 65-1,D13124,UNI대리점,중복점,80%,5,4,, - ,4, - ,,3,1,25.00%,, - , - 
P230372,P23037,유토피아정보통신,경기,김포시,통진읍,경기도 김포시 통진읍 조강로 65-1,D13546,ACT대리점,중복점,20%,5,1,, - ,1, - ,,1, - ,0.00%,, - , - 
P249291,P24929,부일,서울,영등포구,대림동,서울특별시 영등포구 도림로 191,D13225,광장대리점,중복점,60%,5,3,, - , - ,3,, - , - ,0.00%,, - , - 
P249292,P24929,부일,서울,영등포구,대림동,서울특별시 영등포구 도림로 191,D15146,PS&M,중복점,20%,5,1,, - ,1, - ,,1, - ,0.00%,, - , - 
P249293,P24929,부일,서울,영등포구,대림동,서울특별시 영등포구 도림로 191,D13965,대교대리점,중복점,20%,5,1,, - ,1, - ,,1, - ,0.00%,, - , - 
P267531,P26753,뉴서울정보통신,서울,광진구,자양동,서울특별시 광진구 뚝섬로 605,D15121,CD대리점,중복점,60%,5,3,, - ,2,1,,2, - ,0.00%,, - , - 
P267532,P26753,뉴서울정보통신,서울,광진구,자양동,서울특별시 광진구 뚝섬로 605,D13952,참스타대리점,중복점,40%,5,2,, - ,2, - ,,2, - ,0.00%,, - , - 
P268411,P26841,중앙텔레콤,경기,연천군,전곡읍,경기도 연천군 전곡읍 전곡로 166,D13225,광장대리점,수도권_전속,100%,5,5,, - ,2,3,,2, - ,0.00%,, - , - 
P274591,P27459,아이텔레콤,경기,시흥시,신천동,경기도 시흥시 신천3길 27-1,D13622,MD대리점,수도권_전속,100%,5,5,, - ,2,3,,2, - ,0.00%,, - ,1
P287181,P28718,T모바일,강원,춘천시,퇴계동,강원 춘천시 남춘천새길 11,D15322,온유대리점,중복점,60%,5,3,, - , - ,3,, - , - ,0.00%,, - , - 
P287182,P28718,T모바일,강원,춘천시,퇴계동,강원 춘천시 남춘천새길 11,D13622,MD대리점,중복점,40%,5,2,, - , - ,2,, - , - ,0.00%,, - , - 
P317761,P31776,애니콜모바일,경기,하남시,덕풍동,경기도 하남시 신장로 172,D14674,서울ent대리점,수도권_전속,100%,5,5,, - ,1,4,,1, - ,0.00%,, - , - 
P341211,P34121,예스(yes)정보통신,서울,광진구,능동,서울특별시 광진구 천호대로112길 10,D14674,서울ent대리점,중복점,60%,5,3,,2, - ,1,, - , - ,0.00%,, - , - 
P341212,P34121,예스(yes)정보통신,서울,광진구,능동,서울특별시 광진구 천호대로112길 10,D15146,PS&M,중복점,40%,5,2,, - , - ,2,, - , - ,0.00%,, - , - 
P358151,P35815,로하스,서울,양천구,목동,서울특별시 양천구 목동중앙북로7길 22,D13462,광운대리점,중복점,80%,5,4,, - ,1,3,,1, - ,0.00%,, - , - 
P358152,P35815,로하스,서울,양천구,목동,서울특별시 양천구 목동중앙북로7길 22,D13858,새서울대리점,중복점,20%,5,1,, - , - ,1,, - , - ,0.00%,, - , - 
P373171,P37317,파워스테이션,강원,삼척시,교동,강원 삼척시 정상로 78,D15146,PS&M,PS_전속,100%,5,5,, - ,5, - ,,5, - ,0.00%,, - , - 
P373551,P37355,다빈텔레콤,서울,동대문구,답십리동,서울특별시 동대문구 전농로 94,D15146,PS&M,PS_전속,100%,5,5,, - , - ,5,, - , - ,0.00%,, - , - 
P425751,P42575,기전,서울,용산구,한강로3가,서울특별시 용산구 청파로 100,D13462,광운대리점,수도권_전속,100%,5,5,,1, - ,4,, - , - ,0.00%,, - , - 
P437991,P43799,해피텔레콤,서울,구로구,가리봉동,서울특별시 구로구 구로동로 14,D13124,UNI대리점,수도권_전속,100%,5,5,, - ,3,2,,3, - ,0.00%,, - , - 
P450091,P45009,주식회사 드림티에스,경기,이천시,창전동,경기도 이천시 서희로 70,D15121,CD대리점,수도권_전속,100%,5,5,, - , - ,5,, - , - ,0.00%,, - , - 
P459641,P45964,신화텔레콤,서울,도봉구,창동,서울특별시도봉구노해로63다길37,D15146,PS&M,PS_전속,100%,5,5,, - ,1,4,,1, - ,0.00%,, - , - 
P472441,P47244,BS정보통신,서울,노원구,중계동,서울특별시 노원구 동일로203가길 29,D13965,대교대리점,수도권_전속,100%,5,5,, - ,1,4,,1, - ,0.00%,, - , - 
P482611,P48261,휴대폰프라자,강원,강릉시,임당동,강원강릉시임영로142,D15146,PS&M,PS_전속,100%,5,5,, - ,1,4,, - ,1,100.00%,, - , - 
P498641,P49864,진성정보통신,서울,구로구,개봉동,서울특별시 구로구 개봉로3길 6,D13622,MD대리점,수도권_전속,100%,5,5,,1,1,3,,1, - ,0.00%,, - , - 
P506981,P50698,채영정보통신,경기,용인시 기흥구,중동,경기도 용인시 기흥구 동백죽전대로 444,D15157,근흥대리점,수도권_전속,100%,5,5,, - ,3,2,,3, - ,0.00%,, - , - 
P516881,P51688,정후디지털,경기,수원시 팔달구,인계동,경기도 수원시 팔달구 인계로 154,D13542,삼보대리점,수도권_전속,100%,5,5,, - ,3,2,,2,1,33.30%,, - , - 
P539351,P53935,케이에스텔레콤2호점,경기,남양주시,와부읍,경기도 남양주시 와부읍 덕소로 85,D15173,정원대리점,수도권_전속,100%,5,5,,1,1,3,,1, - ,0.00%,, - , - 
P542691,P54269,신길정보통신,경기,안산시 단원구,신길동,경기도 안산시 단원구 새뿔길 21-4,D13542,삼보대리점,수도권_전속,100%,5,5,, - ,3,2,,2,1,33.30%,, - , - 
P587401,P58740,준텔레콤,경기,화성시 병점구,병점동,경기도 화성시 병점2로 71,D13124,UNI대리점,수도권_전속,100%,5,5,, - ,3,2,,3, - ,0.00%,, - , - 
P648481,P64848,새한정보통신,경기,광주시,퇴촌면,경기도 광주시 퇴촌면 광동로 53,D13827,지은대리점,중복점,80%,5,4,,2,2, - ,,2, - ,0.00%,, - , - 
P648482,P64848,새한정보통신,경기,광주시,퇴촌면,경기도 광주시 퇴촌면 광동로 53,D15146,PS&M,중복점,20%,5,1,, - ,1, - ,,1, - ,0.00%,, - , - 
P649861,P64986,스카이2텔레콤,경기,고양시 덕양구,화정동,경기도 고양시 덕양구 화중로 60,D14342,신창대리점,수도권_전속,100%,5,5,,1,3,1,,3, - ,0.00%,, - , - 
P653201,P65320,J.S휴대폰아울렛,강원,횡성군,횡성읍,강원 횡성군 횡성로 401,D13951,강남스타대리점,중복점,60%,5,3,, - , - ,3,, - , - ,0.00%,, - , - 
P653202,P65320,J.S휴대폰아울렛,강원,횡성군,횡성읍,강원 횡성군 횡성로 401,D15146,PS&M,중복점,20%,5,1,, - , - ,1,, - , - ,0.00%,, - , - 
P653203,P65320,J.S휴대폰아울렛,강원,횡성군,횡성읍,강원 횡성군 횡성로 401,D13827,지은대리점,중복점,20%,5,1,, - , - ,1,, - , - ,0.00%,, - , - 
P675721,P67572,오학통신,경기,여주시,현암동,경기도 여주시 도예로 55,D13952,참스타대리점,수도권_전속,100%,5,5,, - ,1,4,, - ,1,100.00%,, - , - 
P675921,P67592,해피텔레콤,서울,노원구,상계동,서울특별시 노원구 상계로 193-14,D15117,알파대리점,중복점,60%,5,3,, - ,3, - ,,3, - ,0.00%,, - , - 
P675922,P67592,해피텔레콤,서울,노원구,상계동,서울특별시 노원구 상계로 193-14,D13225,광장대리점,중복점,40%,5,2,, - , - ,2,, - , - ,0.00%,, - , - 
P675951,P67595,블루텔 전곡점,경기,연천군,전곡읍,경기도 연천군 전곡읍 온골로 56,D15121,CD대리점,중복점,80%,5,4,, - ,2,2,,1,1,50.00%,, - , - 
P675952,P67595,블루텔 전곡점,경기,연천군,전곡읍,경기도 연천군 전곡읍 온골로 56,D18211,군인공제회대리점,중복점,20%,5,1,, - , - ,1,, - , - ,0.00%,, - , - 
P682071,P68207,디지싸본점(DGSSA),경기,성남시 중원구,성남동,경기도 성남시 중원구 성남대로 1158,D15146,PS&M,중복점,80%,5,4,,1,1,2,, - ,1,100.00%,, - , - 
P682072,P68207,디지싸본점(DGSSA),경기,성남시 중원구,성남동,경기도 성남시 중원구 성남대로 1158,D13742,한유대리점,중복점,20%,5,1,, - ,1, - ,,1, - ,0.00%,, - , - 
P689691,P68969,대박통신,서울,동대문구,장안동,서울특별시 동대문구 장한로26길 46,D14342,신창대리점,중복점,80%,5,4,,2, - ,2,, - , - ,0.00%,, - , - 
P689692,P68969,대박통신,서울,동대문구,장안동,서울특별시 동대문구 장한로26길 46,D13742,한유대리점,중복점,20%,5,1,, - , - ,1,, - , - ,0.00%,, - , - 
P696151,P69615,DM프리넷,서울,마포구,성산동,서울특별시 마포구 월드컵북로 187,D14342,신창대리점,중복점,80%,5,4,, - , - ,4,, - , - ,0.00%,, - , - 
P696152,P69615,DM프리넷,서울,마포구,성산동,서울특별시 마포구 월드컵북로 187,D13357,가능대리점,중복점,20%,5,1,, - , - ,1,, - , - ,0.00%,, - , - 
P726481,P72648,샴푸 폰 나라,서울,종로구,종로6가,서울특별시 종로구 종로 266,D14342,신창대리점,중복점,60%,5,3,, - , - ,3,, - , - ,0.00%,, - , - 
P726482,P72648,샴푸 폰 나라,서울,종로구,종로6가,서울특별시 종로구 종로 266,D15146,PS&M,중복점,40%,5,2,, - ,1,1,,1, - ,0.00%,, - , - 
P748241,P74824,진일보,서울,금천구,독산동,서울특별시 금천구 문성로 2,D13827,지은대리점,수도권_전속,100%,5,5,, - ,2,3,,2, - ,0.00%,, - , - 
P748461,P74846,코인텔레콤,경기,평택시,포승읍,경기도 평택시 포승읍 여술2길 38,D13469,코넥,수도권_전속,100%,5,5,, - ,1,4,,1, - ,0.00%,, - , - 
P754231,P75423,쓰리온,서울,구로구,구로동,서울특별시 구로구 구로동로 116,D13858,새서울대리점,수도권_전속,100%,5,5,,1, - ,4,, - , - ,0.00%,, - , - 
P762961,P76296,잡스폰마트,경기,남양주시,진접읍,경기도 남양주시 진접읍 부마로 4,D15051,프리스비,중복점,60%,5,3,, - ,2,1,,2, - ,0.00%,, - , - 
P762962,P76296,잡스폰마트,경기,남양주시,진접읍,경기도 남양주시 진접읍 부마로 4,D15146,PS&M,중복점,40%,5,2,, - ,1,1,,1, - ,0.00%,, - , - 
P763021,P76302,미란텔레콤,인천,서구,당하동,인천광역시 서구 고산후로95번길 20,D15051,프리스비,수도권_전속,100%,5,5,, - ,1,4,,1, - ,0.00%,, - , - 
P771931,P77193,비젼텔레콤,서울,노원구,공릉동,서울특별시 노원구 공릉로 149,D13827,지은대리점,중복점,80%,5,4,,1,3, - ,,3, - ,0.00%,, - ,1
P771932,P77193,비젼텔레콤,서울,노원구,공릉동,서울특별시 노원구 공릉로 149,D14342,신창대리점,중복점,20%,5,1,, - , - ,1,, - , - ,0.00%,, - , - 
P772461,P77246,신사정보통신,서울,관악구,신림동,서울특별시 관악구 관천로19길 97,D15173,정원대리점,중복점,80%,5,4,, - ,3,1,,3, - ,0.00%,, - , - 
P772462,P77246,신사정보통신,서울,관악구,신림동,서울특별시 관악구 관천로19길 97,D15146,PS&M,중복점,20%,5,1,, - , - ,1,, - , - ,0.00%,, - , - 
P772611,P77261,미나통신,경기,이천시,장호원읍,경기도 이천시 장호원읍 장감로77번길 5-1,D15146,PS&M,중복점,80%,5,4,, - , - ,4,, - , - ,0.00%,, - , - 
P772612,P77261,미나통신,경기,이천시,장호원읍,경기도 이천시 장호원읍 장감로77번길 5-1,D13469,코넥,중복점,20%,5,1,,1, - , - ,, - , - ,0.00%,, - , - 
P773221,P77322,형제통신,경기,용인시 수지구,동천동,경기도 용인시 수지구 문인로54번길 2,D15146,PS&M,PS_전속,100%,5,5,,1,2,2,,2, - ,0.00%,, - , - 
P784731,P78473,휴대폰 할인마트,강원,동해시,천곡동,강원 동해시 천곡로 12,D15146,PS&M,중복점,80%,5,4,, - ,4, - ,,4, - ,0.00%,, - , - 
P784732,P78473,휴대폰 할인마트,강원,동해시,천곡동,강원 동해시 천곡로 12,D13952,참스타대리점,중복점,20%,5,1,, - , - ,1,, - , - ,0.00%,, - , - 
P788401,P78840,주식회사 휴대폰성지앤맛집,인천,부평구,부평동,인천광역시 부평구 경원대로 1395,D13952,참스타대리점,수도권_전속,100%,5,5,, - ,3,2,,2,1,33.30%,, - ,1
P795411,P79541,핸드폰11번가,강원,화천군,화천읍,강원화천군화천읍중앙로37,D15146,PS&M,PS_전속,100%,5,5,, - , - ,5,, - , - ,0.00%,, - , - 
P802051,P80205,태산정보통신,강원,평창군,진부면,강원평창군진부면진부중앙로71,D15146,PS&M,PS_전속,100%,5,5,, - ,1,4,,1, - ,0.00%,, - , - 
P803211,P80321,프리마텔레콤,서울,송파구,잠실동,서울특별시송파구올림픽로4길42,D15146,PS&M,PS_전속,100%,5,5,,1, - ,4,, - , - ,0.00%,, - , - 
P806321,P80632,스타통신,경기,화성시 만세구,팔탄면,경기도 화성시 팔탄면 버들로 1339,D15173,정원대리점,수도권_전속,100%,5,5,, - ,1,4,, - ,1,100.00%,, - , - 
P815491,P81549,H모바일,서울,마포구,용강동,서울특별시 마포구 토정로31길 23,D14192,한남대리점,중복점,80%,5,4,, - ,4, - ,,2,2,50.00%,, - , - 
P815492,P81549,H모바일,서울,마포구,용강동,서울특별시 마포구 토정로31길 23,F13586,신도SDR,중복점,20%,5,1,, - , - ,1,, - , - ,0.00%,, - , - 
P818591,P81859,행복통신,서울,용산구,이촌동,서울특별시 용산구 이촌로75길 6,D15146,PS&M,PS_전속,100%,5,5,,1,1,3,,1, - ,0.00%,, - , - 
P823551,P82355,복음통신,강원,강릉시,주문진읍,강원강릉시주문진읍주문로36,D15146,PS&M,PS_전속,100%,5,5,, - ,3,2,,3, - ,0.00%,, - , - 
P823601,P82360,(주)케이에스모바일,경기,수원시 장안구,영화동,경기도수원시장안구정조로933번길3,D15146,PS&M,PS_전속,100%,5,5,, - ,2,3,,2, - ,0.00%,, - , - 
P832171,P83217,스타일텔레콤,경기,동두천시,지행동,경기도 동두천시 지행로 100,D15117,알파대리점,수도권_전속,100%,5,5,, - ,5, - ,,5, - ,0.00%,, - , - 
P840221,P84022,주식회사 친절한폰가게,경기,파주시,동패동,경기도 파주시 미래로 371,D13357,가능대리점,수도권_전속,100%,5,5,, - ,5, - ,,5, - ,0.00%,, - ,1
P847591,P84759,행복텔레콤,서울,은평구,역촌동,서울특별시 은평구 갈현로 88,D14342,신창대리점,중복점,80%,5,4,,1,1,2,,1, - ,0.00%,, - , - 
P847592,P84759,행복텔레콤,서울,은평구,역촌동,서울특별시 은평구 갈현로 88,D15173,정원대리점,중복점,20%,5,1,, - , - ,1,, - , - ,0.00%,, - , - 
P850561,P85056,(주)에스엠포에버,서울,중구,초동,서울특별시 중구 마른내로 42-1,D13546,ACT대리점,수도권_전속,100%,5,5,, - ,1,4,,1, - ,0.00%,, - , - 
P854071,P85407,용 텔레콤,인천,남동구,간석동,인천광역시 남동구 염전로 407,D15051,프리스비,중복점,40%,5,2,, - ,1,1,,1, - ,0.00%,, - , - 
P854072,P85407,용 텔레콤,인천,남동구,간석동,인천광역시 남동구 염전로 407,D13965,대교대리점,중복점,40%,5,2,, - , - ,2,, - , - ,0.00%,, - , - 
P854073,P85407,용 텔레콤,인천,남동구,간석동,인천광역시 남동구 염전로 407,D13469,코넥,중복점,20%,5,1,, - , - ,1,, - , - ,0.00%,, - , - 
P854551,P85455,별빛통신,경기,수원시 장안구,율전동,경기도 수원시 장안구 서부로2135번길 13,D13965,대교대리점,수도권_전속,100%,5,5,, - ,1,4,, - ,1,100.00%,, - , - 
P856341,P85634,아이애플,서울,광진구,군자동,서울특별시 광진구 광나루로 379,D13858,새서울대리점,수도권_전속,100%,5,5,,2, - ,3,, - , - ,0.00%,, - , - 
P859971,P85997,만석텔레콤,경기,수원시 장안구,파장동,경기도 수원시 장안구 만석로159번길 40,D13965,대교대리점,수도권_전속,100%,5,5,, - ,1,4,, - ,1,100.00%,, - , - 
P862661,P86266,제이투정보통신,서울,강동구,길동,서울특별시 강동구 양재대로128길 26,D13622,MD대리점,수도권_전속,100%,5,5,, - ,1,4,,1, - ,0.00%,, - , - 
P866191,P86619,폰생폰사,인천,중구,운서동,인천광역시 중구 영종대로196번길 15-25,D13952,참스타대리점,중복점,80%,5,4,, - ,1,3,,1, - ,0.00%,, - , - 
P866192,P86619,폰생폰사,인천,중구,운서동,인천광역시 중구 영종대로196번길 15-25,D15146,PS&M,중복점,20%,5,1,, - ,1, - ,,1, - ,0.00%,, - , - 
P887841,P88784,수정보통신,경기,용인시 처인구,포곡읍,경기도 용인시 처인구 포곡읍 포곡로 120,D15121,CD대리점,수도권_전속,100%,5,5,,1, - ,4,, - , - ,0.00%,, - , - 
P893311,P89331,피터팬,경기,안산시 상록구,월피동,경기도 안산시 상록구 광덕산2로 14,D15121,CD대리점,수도권_전속,100%,5,5,, - ,4,1,,4, - ,0.00%,, - , - 
P894821,P89482,영보통신 부평,인천,부평구,부평동,인천광역시 부평구 부일로 12,D15051,프리스비,중복점,60%,5,3,,1, - ,2,, - , - ,0.00%,, - , - 
P894822,P89482,영보통신 부평,인천,부평구,부평동,인천광역시 부평구 부일로 12,D15121,CD대리점,중복점,40%,5,2,,1, - ,1,, - , - ,0.00%,, - , - 
P901871,P90187,조은모바일,서울,구로구,구로동,서울특별시구로구공원로7길29,D15146,PS&M,PS_전속,100%,5,5,,1,1,3,,1, - ,0.00%,, - , - 
P910481,P91048,로아정보통신2,인천,남동구,구월동,인천광역시 남동구 호구포로 796,D13124,UNI대리점,수도권_전속,100%,5,5,,2,2,1,,2, - ,0.00%,, - , - 
P919141,P91914,계산동 휴대폰성지,인천,계양구,계산동,인천광역시 계양구 주부토로 480,D13965,대교대리점,수도권_전속,100%,5,5,, - ,1,4,,1, - ,0.00%,, - , - 
P947271,P94727,영광텔레콤,경기,용인시 기흥구,중동,경기도 용인시 기흥구 동백죽전대로 444,D14674,서울ent대리점,수도권_전속,100%,5,5,, - ,1,4,, - ,1,100.00%,, - , - 
P960631,P96063,윤모바일,인천,미추홀구,용현동,인천광역시 미추홀구 용정공원로 33,D13225,광장대리점,중복점,80%,5,4,,1, - ,3,, - , - ,0.00%,, - , - 
P960632,P96063,윤모바일,인천,미추홀구,용현동,인천광역시 미추홀구 용정공원로 33,D13469,코넥,중복점,20%,5,1,, - ,1, - ,,1, - ,0.00%,, - , - 
P964771,P96477,블루나인모바일,경기,화성시 동탄구,영천동,경기도 화성시 동탄순환대로 708,D15121,CD대리점,수도권_전속,100%,5,5,, - ,1,4,,1, - ,0.00%,, - , - 
P972631,P97263,애니텔레콤,인천,남동구,구월동,인천광역시 남동구 구월남로 284,D15121,CD대리점,중복점,60%,5,3,,1,1,1,,1, - ,0.00%,, - , - 
P972632,P97263,애니텔레콤,인천,남동구,구월동,인천광역시 남동구 구월남로 284,D13546,ACT대리점,중복점,40%,5,2,, - ,1,1,,1, - ,0.00%,, - , - 
P973861,P97386,휴대폰성지 다인폰 2호점,경기,수원시 팔달구,우만동,경기도 수원시 팔달구 세지로 421,D13952,참스타대리점,수도권_전속,100%,5,5,,1,4, - ,,4, - ,0.00%,, - ,3
P987591,P98759,휴대폰의모든것 청춘대길사당점,서울,동작구,사당동,서울특별시 동작구 사당로 220,F13586,신도SDR,중복점,80%,5,4,, - ,1,3,,1, - ,0.00%,, - ,1
P987592,P98759,휴대폰의모든것 청춘대길사당점,서울,동작구,사당동,서울특별시 동작구 사당로 220,D13124,UNI대리점,중복점,20%,5,1,, - , - ,1,, - , - ,0.00%,, - , - 
P993261,P99326,휴대폰성지 송탄폰,경기,평택시,지산동,경기도 평택시 송탄공원로 146,D13827,지은대리점,수도권_전속,100%,5,5,, - ,2,3,,2, - ,0.00%,, - ,2
P995521,P99552,민아모바일,경기,시흥시,정왕동,경기도 시흥시 중심상가3길 9,D13827,지은대리점,중복점,40%,5,2,,1, - ,1,, - , - ,0.00%,, - , - 
P995522,P99552,민아모바일,경기,시흥시,정왕동,경기도 시흥시 중심상가3길 9,D15157,근흥대리점,중복점,40%,5,2,,1,1, - ,,1, - ,0.00%,, - , - 
P995523,P99552,민아모바일,경기,시흥시,정왕동,경기도 시흥시 중심상가3길 9,D13124,UNI대리점,중복점,20%,5,1,, - , - ,1,, - , - ,0.00%,, - , - 
P996631,P99663,지니텔레콤 동백점,경기,용인시 기흥구,중동,경기도 용인시 기흥구 동백중앙로 175,D13225,광장대리점,수도권_전속,100%,5,5,, - ,2,3,,2, - ,0.00%,,1,1
PA22411,PA2241,휴대폰성지에스엠티 신방화역점,서울,강서구,마곡동,서울특별시 강서구 마곡중앙5로 87,D13225,광장대리점,수도권_전속,100%,5,5,, - ,1,4,,1, - ,0.00%,, - , - 
PA22491,PA2249,스마트 통신 잠실점,서울,송파구,신천동,서울특별시 송파구 올림픽로37길 130,D13542,삼보대리점,중복점,60%,5,3,, - , - ,3,, - , - ,0.00%,, - , - 
PA22492,PA2249,스마트 통신 잠실점,서울,송파구,신천동,서울특별시 송파구 올림픽로37길 130,D15146,PS&M,중복점,40%,5,2,,1, - ,1,, - , - ,0.00%,, - , - 
PA32981,PA3298,하트정보통신,인천,부평구,부개동,인천광역시 부평구 동수로 174,D13622,MD대리점,중복점,60%,5,3,, - ,2,1,,2, - ,0.00%,, - , - 
PA32982,PA3298,하트정보통신,인천,부평구,부개동,인천광역시 부평구 동수로 174,D13124,UNI대리점,중복점,40%,5,2,, - ,2, - ,,2, - ,0.00%,, - , - 
PA37161,PA3716,청라정보통신,인천,서구,청라동,인천광역시 서구 청라라임로 51,D13225,광장대리점,중복점,60%,5,3,, - ,2,1,,2, - ,0.00%,, - , - 
PA37162,PA3716,청라정보통신,인천,서구,청라동,인천광역시 서구 청라라임로 51,D13952,참스타대리점,중복점,40%,5,2,,2, - , - ,, - , - ,0.00%,, - , - 
PA40251,PA4025,주식회사 와룡,강원,춘천시,조양동,강원특별자치도 춘천시 금강로 70,D13965,대교대리점,수도권_전속,100%,5,5,, - ,2,3,,2, - ,0.00%,, - , - 
PA43701,PA4370,폰할인마트3,경기,화성시 병점구,송산동,경기도 화성시 화산중앙로 25,D13124,UNI대리점,수도권_전속,100%,5,5,,1,1,3,, - ,1,100.00%,, - , - 
PA44191,PA4419,디비통신,경기,용인시 기흥구,언남동,경기도 용인시 기흥구 구성로 76,D14342,신창대리점,중복점,60%,5,3,,1, - ,2,, - , - ,0.00%,, - , - 
PA44192,PA4419,디비통신,경기,용인시 기흥구,언남동,경기도 용인시 기흥구 구성로 76,D13225,광장대리점,중복점,40%,5,2,, - , - ,2,, - , - ,0.00%,, - , - 
PA45091,PA4509,명승컴퍼니,서울,구로구,구로동,서울특별시 구로구 새말로 97,D13357,가능대리점,수도권_전속,100%,5,5,, - , - ,5,, - , - ,0.00%,, - , - 
PA49061,PA4906,매직모바일 간석점,인천,남동구,간석동,인천광역시 남동구 석정로 516,D13827,지은대리점,수도권_전속,100%,5,5,, - ,4,1,,4, - ,0.00%,, - , - 
PA54831,PA5483,미남통신,경기,안산시 단원구,선부동,경기도 안산시 단원구 석수로5길 23,D13965,대교대리점,수도권_전속,100%,5,5,, - ,4,1,,4, - ,0.00%,, - , - 
PA60911,PA6091,더리치,인천,남동구,구월동,인천광역시 남동구 인하로 555,D13124,UNI대리점,수도권_전속,100%,5,5,,1,2,2,,2, - ,0.00%,, - ,1
PA65191,PA6519,베스트텔레콤,인천,중구,답동,인천광역시 중구 우현로 지하 67,D13827,지은대리점,중복점,60%,5,3,, - ,1,2,,1, - ,0.00%,, - , - 
PA65192,PA6519,베스트텔레콤,인천,중구,답동,인천광역시 중구 우현로 지하 67,D15146,PS&M,중복점,40%,5,2,, - ,1,1,,1, - ,0.00%,, - , - 
PA68701,PA6870,에이치텔레콤,경기,광명시,광명동,경기도 광명시 오리로 952,D13622,MD대리점,수도권_전속,100%,5,5,, - ,2,3,,2, - ,0.00%,, - , - 
PA77211,PA7721,휴대폰프라자,서울,동작구,상도동,서울특별시 동작구 상도로 88,D15146,PS&M,중복점,60%,5,3,, - , - ,3,, - , - ,0.00%,, - , - 
PA77212,PA7721,휴대폰프라자,서울,동작구,상도동,서울특별시 동작구 상도로 88,D13124,UNI대리점,중복점,40%,5,2,, - ,1,1,, - ,1,100.00%,, - , - 
PA81661,PA8166,도매폰,경기,수원시 영통구,영통동,경기도 수원시 영통구 봉영로 1612,D13965,대교대리점,수도권_전속,100%,5,5,, - ,1,4,,1, - ,0.00%,, - , - 
PA83401,PA8340,폰폰폰,서울,노원구,중계동,서울특별시노원구덕릉로721,D15146,PS&M,PS_전속,100%,5,5,, - ,1,4,,1, - ,0.00%,, - , - 
PA83711,PA8371,장호원통신,경기,이천시,장호원읍,경기도 이천시 장호원읍 샘재로147번길 4,D15146,PS&M,PS_전속,100%,5,5,,1,2,2,,1,1,50.00%,, - , - 
PA87121,PA8712,이츠텔 답십리점,서울,동대문구,답십리동,서울특별시 동대문구 전농로 33,D15146,PS&M,중복점,60%,5,3,, - ,1,2,, - ,1,100.00%,, - , - 
PA87122,PA8712,이츠텔 답십리점,서울,동대문구,답십리동,서울특별시 동대문구 전농로 33,D13622,MD대리점,중복점,40%,5,2,, - ,1,1,, - ,1,100.00%,, - , - 
PA92321,PA9232,진영텔레콤,서울,구로구,개봉동,서울특별시 구로구 개봉로 24-2,D15146,PS&M,중복점,60%,5,3,, - ,1,2,,1, - ,0.00%,, - , - 
PA92322,PA9232,진영텔레콤,서울,구로구,개봉동,서울특별시 구로구 개봉로 24-2,D13225,광장대리점,중복점,40%,5,2,, - ,1,1,,1, - ,0.00%,, - , - 
PA92471,PA9247,3백점만점,서울,노원구,월계동,서울특별시 노원구 초안산로2라길 26,D13357,가능대리점,중복점,60%,5,3,, - ,1,2,,1, - ,0.00%,, - ,1
PA92472,PA9247,3백점만점,서울,노원구,월계동,서울특별시 노원구 초안산로2라길 26,D15146,PS&M,중복점,40%,5,2,, - ,2, - ,,2, - ,0.00%,, - , - 
PA93011,PA9301,썬플러스 중계,서울,노원구,중계동,서울특별시 노원구 노원로19길 23,D15121,CD대리점,수도권_전속,100%,5,5,, - ,4,1,,4, - ,0.00%,, - , - 
PA93611,PA9361,스마트통신,인천,서구,석남동,인천광역시 서구 가정로 200,D15146,PS&M,PS_전속,100%,5,5,, - ,4,1,,4, - ,0.00%,, - , - 
PA96361,PA9636,대박통신 성복점,경기,용인시 수지구,성복동,경기도 용인시 수지구 성복2로 174,D15121,CD대리점,수도권_전속,100%,5,5,, - ,5, - ,,4,1,20.00%,, - ,1
PC01771,PC0177,인천휴대폰성지 해리포터모바일,인천,남동구,논현동,인천광역시 남동구 앵고개로847번길 80-9,D13827,지은대리점,중복점,80%,5,4,, - , - ,4,, - , - ,0.00%,, - , - 
PC01772,PC0177,인천휴대폰성지 해리포터모바일,인천,남동구,논현동,인천광역시 남동구 앵고개로847번길 80-9,D14746,유원대리점,중복점,20%,5,1,, - , - ,1,, - , - ,0.00%,, - , - 
PC01931,PC0193,차니통신,경기,광주시,양벌동,경기도 광주시 오포읍 양벌로 207,F13586,신도SDR,중복점,60%,5,3,, - , - ,3,, - , - ,0.00%,, - , - 
PC01932,PC0193,차니통신,경기,광주시,양벌동,경기도 광주시 오포읍 양벌로 207,D13742,한유대리점,중복점,40%,5,2,, - , - ,2,, - , - ,0.00%,, - , - 
PC11741,PC1174,아이엠티정보통신(인하점),인천,미추홀구,용현동,인천광역시 미추홀구 독배로317번길 21,D13124,UNI대리점,중복점,80%,5,4,, - , - ,4,, - , - ,0.00%,, - , - 
PC11742,PC1174,아이엠티정보통신(인하점),인천,미추홀구,용현동,인천광역시 미추홀구 독배로317번길 21,D14342,신창대리점,중복점,20%,5,1,, - , - ,1,, - , - ,0.00%,, - ,2
PC14011,PC1401,지큐(GQ)모바일,서울,관악구,신림동,서울특별시 관악구 난곡로26길 3,D13622,MD대리점,중복점,60%,5,3,, - ,1,2,,1, - ,0.00%,, - , - 
PC14012,PC1401,지큐(GQ)모바일,서울,관악구,신림동,서울특별시 관악구 난곡로26길 3,D15146,PS&M,중복점,40%,5,2,, - ,1,1,, - ,1,100.00%,, - , - 
PC14961,PC1496,제이디모바일(부천역점),경기,부천시 소사구,심곡본동,경기도 부천시 경인로 231,D13952,참스타대리점,수도권_전속,100%,5,5,, - ,1,4,,1, - ,0.00%,, - , - 
PC16451,PC1645,오케이모바일,경기,성남시 수정구,단대동,경기도 성남시 수정구 논골로 3,D15146,PS&M,PS_전속,100%,5,5,, - ,5, - ,,3,2,40.00%,, - , - 
PC16691,PC1669,글로벌모바일,인천,서구,청라동,인천광역시 서구 청라커낼로 252,D13225,광장대리점,수도권_전속,100%,5,5,,1,1,3,,1, - ,0.00%,, - , - 
PC19551,PC1955,남촌텔레콤,인천,남동구,남촌동,인천광역시 남동구 호구포로535번길 39,D13952,참스타대리점,수도권_전속,100%,5,5,,1, - ,4,, - , - ,0.00%,, - , - 
PC20671,PC2067,드림모바일,인천,부평구,십정동,인천광역시 부평구 아트센터로 38,D13124,UNI대리점,수도권_전속,100%,5,5,, - ,4,1,,4, - ,0.00%,, - , - 
PC24961,PC2496,폰플러스,경기,평택시,소사동,경기도 평택시 소사5길 34,D13965,대교대리점,수도권_전속,100%,5,5,,1, - ,4,, - , - ,0.00%,, - , - 
PC28441,PC2844,폰무원,경기,용인시 기흥구,동백동,경기도 용인시 기흥구 동백7로 73,D15146,PS&M,중복점,80%,5,4,, - ,2,2,,1,1,50.00%,, - , - 
PC28442,PC2844,폰무원,경기,용인시 기흥구,동백동,경기도 용인시 기흥구 동백7로 73,D13546,ACT대리점,중복점,20%,5,1,, - , - ,1,, - , - ,0.00%,, - , - 
PC29461,PC2946,유광통신,인천,미추홀구,주안동,인천광역시 미추홀구 주안로 지하86,D13952,참스타대리점,수도권_전속,100%,5,5,, - ,3,2,,2,1,33.30%,, - ,1
PC30921,PC3092,당하한빛이동통신,인천,서구,당하동,인천광역시 서구 고산후로95번안길 21,D13546,ACT대리점,수도권_전속,100%,5,5,, - ,1,4,,1, - ,0.00%,, - , - 
PC31161,PC3116,주식회사다담넷,서울,종로구,명륜2가,서울특별시 종로구 창경궁로 258,D13546,ACT대리점,중복점,80%,5,4,, - ,1,3,,1, - ,0.00%,, - , - 
PC31162,PC3116,주식회사다담넷,서울,종로구,명륜2가,서울특별시 종로구 창경궁로 258,D13742,한유대리점,중복점,20%,5,1,, - , - ,1,, - , - ,0.00%,, - , - 
PC31361,PC3136,휴대폰거래소,경기,화성시 만세구,남양읍,경기도 화성시 남양읍 남양로 829,D13827,지은대리점,중복점,60%,5,3,, - , - ,3,, - , - ,0.00%,, - ,1
PC31362,PC3136,휴대폰거래소,경기,화성시 만세구,남양읍,경기도 화성시 남양읍 남양로 829,D15121,CD대리점,중복점,40%,5,2,,1, - ,1,, - , - ,0.00%,, - , - 
PC35741,PC3574,동탄휴대폰성지일등폰산척목동점,경기,화성시 동탄구,장지동,경기도 화성시 동탄장지천5길 30-9,D13965,대교대리점,수도권_전속,100%,5,5,, - ,1,4,,1, - ,0.00%,, - , - 
PC37191,PC3719,휴대폰제일싼집,강원,강릉시,포남동,강원 강릉시 하평길 38,D15146,PS&M,중복점,60%,5,3,, - ,1,2,,1, - ,0.00%,, - , - 
PC37192,PC3719,휴대폰제일싼집,강원,강릉시,포남동,강원 강릉시 하평길 38,D13965,대교대리점,중복점,40%,5,2,, - ,1,1,,1, - ,0.00%,, - , - 
PC37641,PC3764,탄현폰,경기,고양시 일산서구,탄현동,경기도 고양시 일산서구 일현로 122,D13622,MD대리점,수도권_전속,100%,5,5,, - ,1,4,,1, - ,0.00%,, - , - 
PC39161,PC3916,대박정보통신,경기,부천시 오정구,오정동,경기도 부천시 상오정로19번길 51,D15146,PS&M,PS_전속,100%,5,5,,2,2,1,,2, - ,0.00%,, - , - 
PC40391,PC4039,휴대폰성지 세모폰 판교역점,경기,성남시 분당구,삼평동,경기도 성남시 분당구 판교역로 178,D15121,CD대리점,수도권_전속,100%,5,5,, - ,3,2,,2,1,33.30%,, - , - 
PC42641,PC4264,리마스터 모바일 샵,경기,하남시,망월동,경기도 하남시 미사강변대로226번안길 35,D14674,서울ent대리점,중복점,80%,5,4,, - ,2,2,,1,1,50.00%,, - , - 
PC42642,PC4264,리마스터 모바일 샵,경기,하남시,망월동,경기도 하남시 미사강변대로226번안길 35,D13742,한유대리점,중복점,20%,5,1,, - , - ,1,, - , - ,0.00%,, - , - 
PC48811,PC4881,쉐어드림 상록수점,경기,안산시 상록구,본오동,경기도 안산시 상록구 용신로 381,D13622,MD대리점,수도권_전속,100%,5,5,, - ,3,2,,3, - ,0.00%,, - ,1
PC52081,PC5208,홍천폰마트,강원,홍천군,홍천읍,강원 홍천군 홍천읍 번영로 10,D13742,한유대리점,수도권_전속,100%,5,5,, - ,2,3,,2, - ,0.00%,, - , - 
PC57881,PC5788,병점모바일,경기,화성시 병점구,병점동,경기도 화성시 떡전골로 60,D13965,대교대리점,수도권_전속,100%,5,5,, - , - ,5,, - , - ,0.00%,, - , - 
PC59521,PC5952,휴대폰성지 강서 프로모바일,서울,강서구,화곡동,서울특별시 강서구 화곡로 196,D15051,프리스비,수도권_전속,100%,5,5,,1, - ,4,, - , - ,0.00%,, - , - 
PC60681,PC6068,1호선통신,서울,영등포구,신길동,서울특별시 영등포구 여의대방로62길 4,D13742,한유대리점,수도권_전속,100%,5,5,, - ,1,4,, - ,1,100.00%,, - , - 
PC63591,PC6359,폰아울렛,경기,남양주시,와부읍,"경기 남양주시 와부읍 덕소로 88,",D15146,PS&M,PS_전속,100%,5,5,, - , - ,5,, - , - ,0.00%,, - , - 
PC64151,PC6415,서울휴대폰성지옆커폰청파점,서울,용산구,청파동1가,서울특별시 용산구 청파로 333,D14674,서울ent대리점,수도권_전속,100%,5,5,, - , - ,5,, - , - ,0.00%,, - , - 
PC64821,PC6482,휴대폰성지 세모폰 가좌점,인천,서구,가좌동,인천광역시 서구 장고개로337번길 16,D15121,CD대리점,중복점,60%,5,3,, - ,3, - ,,3, - ,0.00%,, - , - 
PC64822,PC6482,휴대폰성지 세모폰 가좌점,인천,서구,가좌동,인천광역시 서구 장고개로337번길 16,D15146,PS&M,중복점,40%,5,2,, - , - ,2,, - , - ,0.00%,, - , - 
PC65651,PC6565,(주)글로벌모바일 홍은프라자,경기,김포시,구래동,경기도 김포시 김포한강8로 400,D13225,광장대리점,수도권_전속,100%,5,5,, - ,3,2,,3, - ,0.00%,, - ,2
PC66661,PC6666,푸른텔레콤 오산세교점,경기,오산시,금암동,경기도 오산시 수청로106번길 6-3,D13546,ACT대리점,수도권_전속,100%,5,5,, - ,5, - ,,5, - ,0.00%,, - ,2
PC67721,PC6772,마석본가,경기,남양주시,화도읍,경기도 남양주시 화도읍 마석로 80-2,D15146,PS&M,중복점,60%,5,3,,1,2, - ,,1,1,50.00%,, - , - 
PC67722,PC6772,마석본가,경기,남양주시,화도읍,경기도 남양주시 화도읍 마석로 80-2,D13546,ACT대리점,중복점,40%,5,2,,1,1, - ,,1, - ,0.00%,, - , - 
PC68261,PC6826,문산텔레콤,경기,파주시,문산읍,경기도 파주시 문산읍 문향로 39,D15146,PS&M,중복점,80%,5,4,, - , - ,4,, - , - ,0.00%,, - , - 
PC68262,PC6826,문산텔레콤,경기,파주시,문산읍,경기도 파주시 문산읍 문향로 39,D15117,알파대리점,중복점,20%,5,1,, - ,1, - ,, - ,1,100.00%,, - , - 
PC69891,PC6989,현이통신,강원,원주시,단구동,강원 원주시 단관길 113,D13965,대교대리점,수도권_전속,100%,5,5,, - , - ,5,, - , - ,0.00%,, - , - 
PC72591,PC7259,JW모바일,경기,안산시 단원구,원곡동,경기도 안산시 단원구 라성안길 17,D13622,MD대리점,수도권_전속,100%,5,5,,1,1,3,,1, - ,0.00%,, - , - 
PC73031,PC7303,친절한컴퍼니,경기,파주시,다율동,경기도 파주시 해올1길 7,D13357,가능대리점,수도권_전속,100%,5,5,,1,2,2,,2, - ,0.00%,, - ,1
PC75911,PC7591,레전드 모바일 2,인천,미추홀구,도화동,인천광역시 미추홀구 경인로 135,D13965,대교대리점,수도권_전속,100%,5,5,, - ,3,2,,3, - ,0.00%,, - , - 
PC76981,PC7698,휴대폰성지 세모폰 부천중동점,경기,부천시 원미구,중동,경기도 부천시 중동로254번길 64,D15121,CD대리점,중복점,60%,5,3,, - , - ,3,, - , - ,0.00%,, - , - 
PC76982,PC7698,휴대폰성지 세모폰 부천중동점,경기,부천시 원미구,중동,경기도 부천시 중동로254번길 64,D13357,가능대리점,중복점,20%,5,1,, - ,1, - ,,1, - ,0.00%,, - , - 
PC76983,PC7698,휴대폰성지 세모폰 부천중동점,경기,부천시 원미구,중동,경기도 부천시 중동로254번길 64,D14674,서울ent대리점,중복점,20%,5,1,, - , - ,1,, - , - ,0.00%,, - , - 
PC78331,PC7833,쿠모바일,서울,도봉구,쌍문동,서울특별시 도봉구 도봉로 585,D15146,PS&M,PS_전속,100%,5,5,,1,2,2,,2, - ,0.00%,, - , - 
PC80551,PC8055,휴대폰성지,경기,평택시,비전동,경기도 평택시 평남로 941,D13965,대교대리점,수도권_전속,100%,5,5,, - ,3,2,,3, - ,0.00%,, - ,1
PC80591,PC8059,연우(Yunu) 프라자,강원,춘천시,후평동,강원 춘천시 춘천로 316,D13469,코넥,중복점,40%,5,2,, - , - ,2,, - , - ,0.00%,, - , - 
PC80592,PC8059,연우(Yunu) 프라자,강원,춘천시,후평동,강원 춘천시 춘천로 316,D13965,대교대리점,중복점,40%,5,2,, - ,2, - ,,2, - ,0.00%,, - , - 
PC80593,PC8059,연우(Yunu) 프라자,강원,춘천시,후평동,강원 춘천시 춘천로 316,D13827,지은대리점,중복점,20%,5,1,, - ,1, - ,,1, - ,0.00%,, - , - 
PC80821,PC8082,삼월모바일,경기,오산시,수청동,경기도 오산시 오산대역로 214,D15146,PS&M,PS_전속,100%,5,5,,1,3,1,,2,1,33.30%,, - , - 
PC81591,PC8159,성지폰 미사점,경기,하남시,망월동,경기도 하남시 미사강변동로 100-1,D15146,PS&M,중복점,60%,5,3,, - , - ,3,, - , - ,0.00%,, - , - 
PC81592,PC8159,성지폰 미사점,경기,하남시,망월동,경기도 하남시 미사강변동로 100-1,D14342,신창대리점,중복점,40%,5,2,, - , - ,2,, - , - ,0.00%,, - , - 
PC82621,PC8262,아프로모바일,서울,성동구,행당동,서울특별시 성동구 왕십리광장로 17,D13225,광장대리점,중복점,80%,5,4,, - , - ,4,, - , - ,0.00%,, - , - 
PC82622,PC8262,아프로모바일,서울,성동구,행당동,서울특별시 성동구 왕십리광장로 17,D14654,알리바바대리점,중복점,20%,5,1,, - ,1, - ,,1, - ,0.00%,, - , - 
PC83821,PC8382,솔찬,서울,광진구,구의동,서울특별시 광진구 광나루로56길 85,F13586,신도SDR,수도권_전속,100%,5,5,, - , - ,5,, - , - ,0.00%,, - , - 
PC91921,PC9192,골드텔레콤수유점,서울,강북구,수유동,서울특별시 강북구 도봉로 259,D15146,PS&M,PS_전속,100%,5,5,, - ,1,4,,1, - ,0.00%,, - , - 
PC92421,PC9242,금나무,서울,구로구,구로동,서울특별시 구로구 새말로 97,F13586,신도SDR,수도권_전속,100%,5,5,, - ,1,4,,1, - ,0.00%,, - ,2
PC93691,PC9369,성지요,경기,의왕시,내손동,경기도 의왕시 내손중앙로 4,D13469,코넥,수도권_전속,100%,5,5,, - ,3,2,,3, - ,0.00%,, - , - 
PC94621,PC9462,퍼스트모바일 강화점,인천,강화군,강화읍,인천광역시 강화군 강화읍 강화대로 399,D15146,PS&M,중복점,60%,5,3,, - ,3, - ,,3, - ,0.00%,, - , - 
PC94622,PC9462,퍼스트모바일 강화점,인천,강화군,강화읍,인천광역시 강화군 강화읍 강화대로 399,D13951,강남스타대리점,중복점,40%,5,2,, - , - ,2,, - , - ,0.00%,, - , - 
PC95971,PC9597,삼일정보통신,경기,부천시 소사구,괴안동,경기도 부천시 경인로 517,D13952,참스타대리점,수도권_전속,100%,5,5,, - ,2,3,,2, - ,0.00%,, - , - 
PC96391,PC9639,누리컴퍼니,서울,동대문구,이문동,서울특별시 동대문구 신이문로 25,D13965,대교대리점,수도권_전속,100%,5,5,, - ,1,4,, - ,1,100.00%,, - , - 
PC97321,PC9732,우성모바일,인천,서구,청라동,인천광역시 서구 청라에메랄드로102번길 8,D15146,PS&M,중복점,60%,5,3,, - , - ,3,, - , - ,0.00%,, - , - 
PC97322,PC9732,우성모바일,인천,서구,청라동,인천광역시 서구 청라에메랄드로102번길 8,D13225,광장대리점,중복점,40%,5,2,,2, - , - ,, - , - ,0.00%,, - , - 
PC97751,PC9775,휴대폰성지,경기,하남시,망월동,경기도 하남시 미사강변동로 70,D14674,서울ent대리점,수도권_전속,100%,5,5,, - ,1,4,,1, - ,0.00%,, - , - 
PC98131,PC9813,당근모바일,경기,안양시 만안구,석수동,경기도 안양시 만안구 안양로 483,D13965,대교대리점,수도권_전속,100%,5,5,, - , - ,5,, - , - ,0.00%,, - , - 
PC99441,PC9944,성남통신,경기,성남시 중원구,중앙동,경기도 성남시 중원구 광명로 260-1,D15146,PS&M,PS_전속,100%,5,5,,1,4, - ,,4, - ,0.00%,, - , - 
PE00321,PE0032,하은모바일,서울,강남구,역삼동,서울특별시강남구언주로427,D15146,PS&M,PS_전속,100%,5,5,, - ,1,4,,1, - ,0.00%,, - , - 
PE01641,PE0164,남양본가,경기,화성시 만세구,남양읍,경기도 화성시 남양읍 남양성지로 6-4,D15146,PS&M,PS_전속,100%,5,5,,2,1,2,, - ,1,100.00%,, - , - 
PE01751,PE0175,안양휴대폰성지 옆커폰안양점,경기,안양시 만안구,안양동,경기도 안양시 만안구 박달로 572-1,D14674,서울ent대리점,수도권_전속,100%,5,5,, - , - ,5,, - , - ,0.00%,, - , - 
PE02991,PE0299,시우모바일 동천점,경기,용인시 수지구,동천동,경기도 용인시 수지구 동천로 69,D13827,지은대리점,중복점,60%,5,3,, - ,1,2,, - ,1,100.00%,, - , - 
PE02992,PE0299,시우모바일 동천점,경기,용인시 수지구,동천동,경기도 용인시 수지구 동천로 69,D15051,프리스비,중복점,40%,5,2,, - ,1,1,,1, - ,0.00%,, - , - 
PE04231,PE0423,아이디오(2호점),서울,중랑구,망우동,서울특별시 중랑구 양원역로10길 25,D13622,MD대리점,수도권_전속,100%,5,5,,1,3,1,, - ,3,100.00%,, - , - 
PE04321,PE0432,운정텔레콤,경기,파주시,야당동,경기도 파주시 송학1길 67-8,D14342,신창대리점,수도권_전속,100%,5,5,,1,4, - ,,4, - ,0.00%,, - ,1
PE06451,PE0645,휴대폰성지 옆커폰 검암점,인천,서구,검암동,인천광역시 서구 승학로 584,D14674,서울ent대리점,수도권_전속,100%,5,5,, - , - ,5,, - , - ,0.00%,, - , - 
PE07921,PE0792,비케이모바일,서울,금천구,독산동,서울특별시 금천구 독산로64길 20,D13965,대교대리점,수도권_전속,100%,5,5,, - ,2,3,,2, - ,0.00%,, - , - 
PE09031,PE0903,휴대폰성지(믿음),서울,구로구,구로동,서울특별시 구로구 새말로 97,D14746,유원대리점,수도권_전속,100%,5,5,,1, - ,4,, - , - ,0.00%,, - , - 
PE10231,PE1023,한양,경기,수원시 팔달구,매산로1가,경기도 수원시 팔달구 덕영대로 지하911,D13827,지은대리점,수도권_전속,100%,5,5,,2,3, - ,,3, - ,0.00%,, - , - 
PE11291,PE1129,에이치비텔레콤,경기,남양주시,호평동,경기도 남양주시 늘을3로 65-4,D15173,정원대리점,중복점,60%,5,3,, - ,1,2,,1, - ,0.00%,, - , - 
PE11292,PE1129,에이치비텔레콤,경기,남양주시,호평동,경기도 남양주시 늘을3로 65-4,D15176,ACE대리점,중복점,40%,5,2,, - , - ,2,, - , - ,0.00%,, - , - 
PE13251,PE1325,예은텔레콤,서울,양천구,목동,서울특별시 양천구 목동중앙남로 23-1,D13546,ACT대리점,수도권_전속,100%,5,5,, - , - ,5,, - , - ,0.00%,, - , - 
PE14001,PE1400,휴대폰멀티샵 공도점,경기,안성시,공도읍,경기도 안성시 공도읍 공도로 109,D13827,지은대리점,중복점,60%,5,3,, - ,2,1,,1,1,50.00%,, - , - 
PE14002,PE1400,휴대폰멀티샵 공도점,경기,안성시,공도읍,경기도 안성시 공도읍 공도로 109,D13542,삼보대리점,중복점,40%,5,2,, - ,1,1,,1, - ,0.00%,, - , - 
PE14971,PE1497,폰샵,인천,미추홀구,주안동,인천광역시미추홀구주안로지하86,D15146,PS&M,PS_전속,100%,5,5,, - ,4,1,,3,1,25.00%,, - , - 
PE15731,PE1573,하늘모바일,경기,김포시,통진읍,경기도 김포시 통진읍 조강로 57,D13124,UNI대리점,중복점,60%,5,3,,1,1,1,,1, - ,0.00%,, - , - 
PE15732,PE1573,하늘모바일,경기,김포시,통진읍,경기도 김포시 통진읍 조강로 57,D15146,PS&M,중복점,40%,5,2,, - ,1,1,,1, - ,0.00%,, - , - 
PE16541,PE1654,폰마켓,경기,화성시 효행구,봉담읍,경기도 화성시 봉담읍 동화새터길 98,D13952,참스타대리점,수도권_전속,100%,5,5,, - ,2,3,,2, - ,0.00%,, - ,3
PE17071,PE1707,태산,서울,구로구,구로동,서울특별시 구로구 새말로 97,D13462,광운대리점,수도권_전속,100%,5,5,,2, - ,3,, - , - ,0.00%,, - , - 
PE21201,PE2120,휴대폰성지 월곡점,서울,성북구,하월곡동,서울특별시 성북구 오패산로 46,D13225,광장대리점,중복점,60%,5,3,,1, - ,2,, - , - ,0.00%,, - , - 
PE21202,PE2120,휴대폰성지 월곡점,서울,성북구,하월곡동,서울특별시 성북구 오패산로 46,D15176,ACE대리점,중복점,40%,5,2,, - , - ,2,, - , - ,0.00%,, - , - 
PE21271,PE2127,테마이동통신 동양점,인천,계양구,동양동,인천광역시 계양구 동양로 101,D15121,CD대리점,수도권_전속,100%,5,5,,1,2,2,,2, - ,0.00%,, - , - 
PE23141,PE2314,주식회사 리더스,경기,수원시 영통구,이의동,경기도 수원시 영통구 도청로17번길 40,D15146,PS&M,중복점,60%,5,3,, - ,2,1,,2, - ,0.00%,, - , - 
PE23142,PE2314,주식회사 리더스,경기,수원시 영통구,이의동,경기도 수원시 영통구 도청로17번길 40,D14342,신창대리점,중복점,40%,5,2,, - , - ,2,, - , - ,0.00%,, - , - 
PE23321,PE2332,가람통신,경기,화성시 만세구,새솔동,경기도 화성시 수노을중앙로 160,D13827,지은대리점,수도권_전속,100%,5,5,, - ,2,3,,2, - ,0.00%,, - , - 
PE24571,PE2457,비비알정보통신,서울,동작구,노량진동,서울특별시 동작구 장승배기로 118,D15051,프리스비,중복점,80%,5,4,, - ,4, - ,,3,1,25.00%,, - ,1
PE24572,PE2457,비비알정보통신,서울,동작구,노량진동,서울특별시 동작구 장승배기로 118,D15146,PS&M,중복점,20%,5,1,, - ,1, - ,, - ,1,100.00%,, - , - 
PE25651,PE2565,우동폰,경기,파주시,목동동,경기도 파주시 청암로17번길 53,D13952,참스타대리점,중복점,60%,5,3,, - , - ,3,, - , - ,0.00%,, - , - 
PE25652,PE2565,우동폰,경기,파주시,목동동,경기도 파주시 청암로17번길 53,D13622,MD대리점,중복점,40%,5,2,,1, - ,1,, - , - ,0.00%,, - , - 
PE28131,PE2813,휴대폰성지 신풍점,서울,영등포구,신길동,서울특별시 영등포구 신길로28길 9,D13225,광장대리점,수도권_전속,100%,5,5,, - ,2,3,,2, - ,0.00%,, - ,1
PE28531,PE2853,휴대폰성지KR모바일검단신도시,인천,서구,원당동,인천광역시 서구 이음5로 39,D14746,유원대리점,중복점,40%,5,2,, - , - ,2,, - , - ,0.00%,, - ,1
PE28532,PE2853,휴대폰성지KR모바일검단신도시,인천,서구,원당동,인천광역시 서구 이음5로 39,D13546,ACT대리점,중복점,40%,5,2,,1,1, - ,,1, - ,0.00%,, - ,1
PE28533,PE2853,휴대폰성지KR모바일검단신도시,인천,서구,원당동,인천광역시 서구 이음5로 39,D13965,대교대리점,중복점,20%,5,1,, - ,1, - ,,1, - ,0.00%,, - , - 
PE29401,PE2940,준정보통신,경기,양평군,양평읍,경기도양평군양평읍양평시장길17번길31,D15146,PS&M,PS_전속,100%,5,5,, - ,1,4,,1, - ,0.00%,, - , - 
PE29581,PE2958,태봉통신,서울,구로구,구로동,서울특별시구로구구로중앙로36,D15146,PS&M,PS_전속,100%,5,5,,3,1,1,,1, - ,0.00%,, - , - 
PE29891,PE2989,휴대폰성지 옆커폰 간석점,인천,남동구,간석동,인천광역시남동구석산로17,D15146,PS&M,PS_전속,100%,5,5,, - ,2,3,,2, - ,0.00%,, - , - 
PE30181,PE3018,투빅텔레콤 고덕점,서울,강동구,고덕동,서울특별시 강동구 아리수로50길 50,D15117,알파대리점,중복점,40%,5,2,, - , - ,2,, - , - ,0.00%,, - , - 
PE30182,PE3018,투빅텔레콤 고덕점,서울,강동구,고덕동,서울특별시 강동구 아리수로50길 50,D13965,대교대리점,중복점,40%,5,2,, - , - ,2,, - , - ,0.00%,, - , - 
PE30183,PE3018,투빅텔레콤 고덕점,서울,강동구,고덕동,서울특별시 강동구 아리수로50길 50,D14342,신창대리점,중복점,20%,5,1,, - , - ,1,, - , - ,0.00%,, - , - 
PE32961,PE3296,광장텔레콤,강원,춘천시,중앙로2가,강원특별자치도 춘천시 중앙로 지하51-1,D15146,PS&M,PS_전속,100%,5,5,, - ,1,4,,1, - ,0.00%,, - , - 
PE34911,PE3491,스마트폰면세점 송파점,서울,송파구,잠실동,서울특별시 송파구 올림픽로 119,D13965,대교대리점,수도권_전속,100%,5,5,, - ,5, - ,,4,1,20.00%,, - ,1
PE35541,PE3554,주식회사 드로인,서울,금천구,시흥동,서울특별시 금천구 시흥대로 212,D15121,CD대리점,중복점,60%,5,3,, - ,3, - ,,3, - ,0.00%,, - , - 
PE35542,PE3554,주식회사 드로인,서울,금천구,시흥동,서울특별시 금천구 시흥대로 212,D15146,PS&M,중복점,40%,5,2,, - ,2, - ,,2, - ,0.00%,, - , - 
PE35551,PE3555,드림컴퍼니,경기,고양시 일산동구,백석동,경기도 고양시 일산동구 중앙로 1036,D14342,신창대리점,수도권_전속,100%,5,5,,1, - ,4,, - , - ,0.00%,, - , - 
PE36151,PE3615,스마트폰면세점사동본점주식회사,경기,안산시 상록구,사동,경기도 안산시 상록구 후곡로 81,D13827,지은대리점,수도권_전속,100%,5,5,, - ,5, - ,,4,1,20.00%,, - , - 
PE36661,PE3666,폰싸유,경기,고양시 일산동구,장항동,경기도 고양시 일산동구 정발산로 24,D14342,신창대리점,수도권_전속,100%,5,5,, - ,1,4,,1, - ,0.00%,, - , - 
PE36931,PE3693,성지모바일,강원,강릉시,교동,강원특별자치도 강릉시 원대로 6,D15146,PS&M,중복점,60%,5,3,, - , - ,3,, - , - ,0.00%,, - , - 
PE36932,PE3693,성지모바일,강원,강릉시,교동,강원특별자치도 강릉시 원대로 6,D13952,참스타대리점,중복점,40%,5,2,, - ,1,1,,1, - ,0.00%,, - , - 
PE37511,PE3751,휴대폰성지 서초점,서울,서초구,서초동,서울특별시 서초구 효령로 403,D13225,광장대리점,중복점,40%,5,2,, - , - ,2,, - , - ,0.00%,, - , - 
PE37512,PE3751,휴대폰성지 서초점,서울,서초구,서초동,서울특별시 서초구 효령로 403,D13827,지은대리점,중복점,40%,5,2,, - ,1,1,,1, - ,0.00%,, - , - 
PE37513,PE3751,휴대폰성지 서초점,서울,서초구,서초동,서울특별시 서초구 효령로 403,D15117,알파대리점,중복점,20%,5,1,, - , - ,1,, - , - ,0.00%,, - , - 
PE37521,PE3752,폰스토리 가정점,인천,서구,가정동,인천광역시 서구 청중로478번길 24,D13622,MD대리점,수도권_전속,100%,5,5,, - , - ,5,, - , - ,0.00%,, - , - 
PE38341,PE3834,열정통신 2호점,인천,연수구,송도동,인천광역시 연수구 랜드마크로 110,D15117,알파대리점,수도권_전속,100%,5,5,,3,1,1,, - ,1,100.00%,, - , - 
PE39331,PE3933,광명통신,경기,부천시 원미구,상동,경기도 부천시 원미구 부일로221번길 26,D15121,CD대리점,중복점,80%,5,4,, - ,1,3,, - ,1,100.00%,, - , - 
PE39332,PE3933,광명통신,경기,부천시 원미구,상동,경기도 부천시 원미구 부일로221번길 26,F13586,신도SDR,중복점,20%,5,1,, - , - ,1,, - , - ,0.00%,, - , - 
PE40561,PE4056,에스피텔레콤,서울,송파구,문정동,서울특별시 송파구 충민로 66,D13546,ACT대리점,수도권_전속,100%,5,5,, - ,1,4,,1, - ,0.00%,, - , - 
PE40761,PE4076,평택휴대폰성지 백억텔레콤,경기,평택시,평택동,경기도 평택시 평택1로 11,D13542,삼보대리점,수도권_전속,100%,5,5,, - ,3,2,,3, - ,0.00%,, - , - 
PE42171,PE4217,제로컴퍼니,서울,강서구,방화동,서울특별시 강서구 금낭화로 135,D13622,MD대리점,수도권_전속,100%,5,5,,1,2,2,,2, - ,0.00%,, - , - 
PE42731,PE4273,든든모바일,경기,안산시 상록구,건건동,경기도 안산시 상록구 건건로 41,D13965,대교대리점,중복점,80%,5,4,, - ,3,1,,3, - ,0.00%,, - , - 
PE42732,PE4273,든든모바일,경기,안산시 상록구,건건동,경기도 안산시 상록구 건건로 41,D13827,지은대리점,중복점,20%,5,1,, - , - ,1,, - , - ,0.00%,, - , - 
PE43551,PE4355,휴대폰성지,서울,은평구,응암동,서울특별시 은평구 은평로 101,D14342,신창대리점,수도권_전속,100%,5,5,, - ,2,3,,2, - ,0.00%,, - , - 
PE44341,PE4434,스마트폰면세점 호매실점,경기,수원시 권선구,금곡동,경기도 수원시 권선구 금곡로 100,D13965,대교대리점,수도권_전속,100%,5,5,,1,3,1,,2,1,33.30%,, - , - 
PE45281,PE4528,휴대폰성지휴대폰청년들누읍점,경기,오산시,누읍동,경기도 오산시 발안로 1355,D13965,대교대리점,수도권_전속,100%,5,5,, - ,3,2,,3, - ,0.00%,, - ,1
PE46131,PE4613,스마트폰면세점 비봉점,경기,화성시 효행구,비봉면,경기도 화성시 비봉면 푸른들판로 1628,D13965,대교대리점,수도권_전속,100%,5,5,,1,2,2,,1,1,50.00%,, - , - 
PE46141,PE4614,제이제이(JJ),서울,노원구,공릉동,서울특별시 노원구 동일로 1096,D14342,신창대리점,수도권_전속,100%,5,5,, - ,2,3,,2, - ,0.00%,, - , - 
PE47611,PE4761,스마트폰면세점 매탄점,경기,수원시 영통구,매탄동,경기도 수원시 영통구 매여울로67번길 48,D13965,대교대리점,수도권_전속,100%,5,5,,2,3, - ,,2,1,33.30%,, - , - 
PE49261,PE4926,한숲폰,경기,용인시 처인구,남사읍,경기도 용인시 처인구 남사읍 한숲로 60,D13225,광장대리점,중복점,80%,5,4,, - , - ,4,, - , - ,0.00%,, - , - 
PE49262,PE4926,한숲폰,경기,용인시 처인구,남사읍,경기도 용인시 처인구 남사읍 한숲로 60,D15146,PS&M,중복점,20%,5,1,, - , - ,1,, - , - ,0.00%,, - , - 
PE49621,PE4962,휴대폰특판매장 성지폰,경기,화성시 효행구,봉담읍,경기도 화성시 봉담읍 삼봉안3길 6-5,D13827,지은대리점,수도권_전속,100%,5,5,, - ,1,4,,1, - ,0.00%,, - , - 
PE50031,PE5003,윤텔레콤,서울,광진구,화양동,서울특별시 광진구 능동로13길 58,D15146,PS&M,PS_전속,100%,5,5,,1,1,3,,1, - ,0.00%,, - , - 
PE50391,PE5039,핸드폰클리닉 구의점,서울,광진구,구의동,서울특별시 광진구 광나루로 521,D15146,PS&M,PS_전속,100%,5,5,,2,2,1,,1,1,50.00%,, - , - 
PE50681,PE5068,효림텔레콤,강원,원주시,중앙동,강원특별자치도 원주시 평원로 61,D15146,PS&M,중복점,80%,5,4,, - , - ,4,, - , - ,0.00%,, - , - 
PE50682,PE5068,효림텔레콤,강원,원주시,중앙동,강원특별자치도 원주시 평원로 61,D83213,T&B대리점,중복점,20%,5,1,, - , - ,1,, - , - ,0.00%,, - , - 
PE51621,PE5162,라라폰,경기,안양시 만안구,석수동,경기도 안양시 만안구 충훈로 83,D15146,PS&M,중복점,60%,5,3,, - , - ,3,, - , - ,0.00%,, - , - 
PE51622,PE5162,라라폰,경기,안양시 만안구,석수동,경기도 안양시 만안구 충훈로 83,D13827,지은대리점,중복점,40%,5,2,, - ,1,1,,1, - ,0.00%,, - , - 
PE52941,PE5294,휴대폰성지정성플러스모바일만수,인천,남동구,만수동,인천광역시 남동구 장승로 22,D13965,대교대리점,수도권_전속,100%,5,5,, - , - ,5,, - , - ,0.00%,, - , - 
PE53511,PE5351,티유,경기,의정부시,민락동,경기도 의정부시 오목로205번길 21,D15117,알파대리점,수도권_전속,100%,5,5,, - ,3,2,,3, - ,0.00%,, - , - 
PE56821,PE5682,일산 탑모바일,경기,고양시 일산서구,가좌동,경기도 고양시 일산서구 가좌3로 11,D15121,CD대리점,수도권_전속,100%,5,5,, - ,4,1,,4, - ,0.00%,, - , - 
PE57061,PE5706,휴대폰성지,서울,구로구,항동,서울특별시 구로구 서해안로 2098,D13622,MD대리점,중복점,60%,5,3,, - , - ,3,, - , - ,0.00%,, - , - 
PE57062,PE5706,휴대폰성지,서울,구로구,항동,서울특별시 구로구 서해안로 2098,D15146,PS&M,중복점,40%,5,2,, - , - ,2,, - , - ,0.00%,, - , - 
PE57251,PE5725,오산휴대폰성지도매아울렛10호,경기,오산시,원동,경기도 오산시 원당로 22,D13542,삼보대리점,수도권_전속,100%,5,5,,2,3, - ,,3, - ,0.00%,, - ,1
PE57381,PE5738,휴대폰성지 세모폰 까치산역점,서울,강서구,화곡동,서울특별시 강서구 강서로 33,D15121,CD대리점,중복점,80%,5,4,,2, - ,2,, - , - ,0.00%,, - , - 
PE57382,PE5738,휴대폰성지 세모폰 까치산역점,서울,강서구,화곡동,서울특별시 강서구 강서로 33,D13357,가능대리점,중복점,20%,5,1,,1, - , - ,, - , - ,0.00%,, - , - 
PE57881,PE5788,휴대폰성지,서울,금천구,가산동,서울특별시 금천구 가산디지털2로 46,D14674,서울ent대리점,수도권_전속,100%,5,5,, - , - ,5,, - , - ,0.00%,, - , - 
PE58321,PE5832,이어라,강원,강릉시,포남동,강원특별자치도 강릉시 강릉대로 436,D13952,참스타대리점,수도권_전속,100%,5,5,, - ,3,2,,2,1,33.30%,, - , - 
PE58491,PE5849,패밀리 모바일 부곡점,경기,안산시 상록구,부곡동,경기도 안산시 상록구 부곡로 123,D13542,삼보대리점,중복점,80%,5,4,, - ,3,1,,3, - ,0.00%,, - , - 
PE58492,PE5849,패밀리 모바일 부곡점,경기,안산시 상록구,부곡동,경기도 안산시 상록구 부곡로 123,D14342,신창대리점,중복점,20%,5,1,, - , - ,1,, - , - ,0.00%,, - , - 
PE58701,PE5870,제이 행신,경기,고양시 덕양구,행신동,경기도 고양시 덕양구 행신로 276,D13622,MD대리점,수도권_전속,100%,5,5,, - ,3,2,,2,1,33.30%,, - , - 
PE58901,PE5890,파주 탑모바일,경기,파주시,동패동,경기도 파주시 초롱꽃로 141,D15146,PS&M,중복점,60%,5,3,,1,1,1,,1, - ,0.00%,, - , - 
PE58902,PE5890,파주 탑모바일,경기,파주시,동패동,경기도 파주시 초롱꽃로 141,D15121,CD대리점,중복점,40%,5,2,,1,1, - ,,1, - ,0.00%,, - , - 
PE59111,PE5911,휴대폰성지 옆커폰 삼전역점,서울,송파구,삼전동,서울특별시 송파구 삼전로 66,D14674,서울ent대리점,수도권_전속,100%,5,5,, - ,1,4,,1, - ,0.00%,, - , - 
PE59281,PE5928,산성텔레콤,경기,성남시 수정구,산성동,경기도 성남시 수정구 수정로 350,D15146,PS&M,중복점,80%,5,4,, - ,4, - ,,2,2,50.00%,, - , - 
PE59282,PE5928,산성텔레콤,경기,성남시 수정구,산성동,경기도 성남시 수정구 수정로 350,D13546,ACT대리점,중복점,20%,5,1,, - ,1, - ,,1, - ,0.00%,, - , - 
PE60061,PE6006,도매샵 2점,강원,춘천시,석사동,강원특별자치도 춘천시 퇴계로 241,D14342,신창대리점,수도권_전속,100%,5,5,, - ,2,3,,2, - ,0.00%,, - ,2
PE61011,PE6101,다올 오이도점,경기,시흥시,정왕동,경기도 시흥시 오이도로157번길 22-14,D15146,PS&M,중복점,60%,5,3,, - ,1,2,,1, - ,0.00%,, - , - 
PE61012,PE6101,다올 오이도점,경기,시흥시,정왕동,경기도 시흥시 오이도로157번길 22-14,D13622,MD대리점,중복점,40%,5,2,, - ,2, - ,,2, - ,0.00%,, - , - 
PE61391,PE6139,샤크텔레콤(풍무점),경기,김포시,풍무동,경기도 김포시 유현로 233,D15051,프리스비,중복점,80%,5,4,,2,1,1,,1, - ,0.00%,, - ,1
PE61392,PE6139,샤크텔레콤(풍무점),경기,김포시,풍무동,경기도 김포시 유현로 233,D15146,PS&M,중복점,20%,5,1,, - , - ,1,, - , - ,0.00%,, - , - 
PE62351,PE6235,휴대폰성지 옆커폰 금천시흥점,서울,금천구,시흥동,서울특별시 금천구 금하로 619,D15146,PS&M,중복점,80%,5,4,, - ,1,3,,1, - ,0.00%,, - , - 
PE62352,PE6235,휴대폰성지 옆커폰 금천시흥점,서울,금천구,시흥동,서울특별시 금천구 금하로 619,D14674,서울ent대리점,중복점,20%,5,1,, - ,1, - ,,1, - ,0.00%,, - , - 
PE63211,PE6321,미다스통신,인천,동구,송현동,인천광역시 동구 솔빛로 5-1,D15051,프리스비,수도권_전속,100%,5,5,, - ,1,4,,1, - ,0.00%,, - , - 
PE63241,PE6324,에스앤에이치모바일,서울,서대문구,남가좌동,서울특별시 서대문구 증가로 124,D15146,PS&M,PS_전속,100%,5,5,, - ,1,4,, - ,1,100.00%,, - , - 
PE63261,PE6326,프라임통신,서울,구로구,궁동,서울특별시 구로구 오리로 1289,D15146,PS&M,중복점,60%,5,3,, - , - ,3,, - , - ,0.00%,, - , - 
PE63262,PE6326,프라임통신,서울,구로구,궁동,서울특별시 구로구 오리로 1289,D15051,프리스비,중복점,40%,5,2,, - , - ,2,, - , - ,0.00%,, - , - 
PE63731,PE6373,에이치디마케팅 일산점,경기,고양시 일산동구,장항동,경기도고양시일산동구정발산로24,D15146,PS&M,PS_전속,100%,5,5,,5, - , - ,, - , - ,0.00%,, - , - 
PE64431,PE6443,휴대폰성지 폰통령,경기,의정부시,산곡동,경기도 의정부시 세석로 24,D13827,지은대리점,수도권_전속,100%,5,5,, - ,1,4,,1, - ,0.00%,, - , - 
PE64541,PE6454,휴대폰성지 옆커폰 화성점,경기,화성시 동탄구,반송동,경기도 화성시 동탄반석로 204,D14674,서울ent대리점,수도권_전속,100%,5,5,, - ,1,4,,1, - ,0.00%,, - , - 
PE65631,PE6563,휴대폰멀티샵 안성대림점,경기,안성시,공도읍,경기도 안성시 공도읍 서동대로 4437,D13542,삼보대리점,중복점,60%,5,3,, - ,1,2,,1, - ,0.00%,, - , - 
PE65632,PE6563,휴대폰멀티샵 안성대림점,경기,안성시,공도읍,경기도 안성시 공도읍 서동대로 4437,D13827,지은대리점,중복점,40%,5,2,, - , - ,2,, - , - ,0.00%,, - ,1
PE65801,PE6580,원당점YL통신,경기,고양시 덕양구,성사동,경기도 고양시 덕양구 고양대로1369번길 60,D13952,참스타대리점,중복점,60%,5,3,, - ,2,1,,1,1,50.00%,, - , - 
PE65802,PE6580,원당점YL통신,경기,고양시 덕양구,성사동,경기도 고양시 덕양구 고양대로1369번길 60,D15146,PS&M,중복점,40%,5,2,, - ,1,1,,1, - ,0.00%,, - , - 
PE66481,PE6648,대박착한폰,경기,김포시,양촌읍,경기도 김포시 양촌읍 황금로 117,D15146,PS&M,중복점,80%,5,4,, - ,1,3,,1, - ,0.00%,, - , - 
PE66482,PE6648,대박착한폰,경기,김포시,양촌읍,경기도 김포시 양촌읍 황금로 117,D15121,CD대리점,중복점,20%,5,1,, - , - ,1,, - , - ,0.00%,, - , - 
PE66731,PE6673,휴대폰성지 휴대폰맛집 사당점,서울,동작구,사당동,서울특별시 동작구 사당로17길 2,D15121,CD대리점,수도권_전속,100%,5,5,, - ,1,4,, - ,1,100.00%,, - , - 
PE67231,PE6723,폰아울렛 본점,경기,포천시,신읍동,경기도 포천시 중앙로 139,D15146,PS&M,중복점,80%,5,4,,2,1,1,,1, - ,0.00%,, - , - 
PE67232,PE6723,폰아울렛 본점,경기,포천시,신읍동,경기도 포천시 중앙로 139,D15176,ACE대리점,중복점,20%,5,1,, - ,1, - ,,1, - ,0.00%,, - , - 
PE68811,PE6881,주식회사 제이와이 강남점,서울,강남구,역삼동,서울특별시강남구도곡로225,D15146,PS&M,PS_전속,100%,5,5,, - , - ,5,, - , - ,0.00%,, - , - 
PE69521,PE6952,청라정보통신(2호점),인천,서구,청라동,인천광역시 서구 중봉대로586번길 9-4,D13225,광장대리점,중복점,80%,5,4,, - ,1,3,,1, - ,0.00%,, - , - 
PE69522,PE6952,청라정보통신(2호점),인천,서구,청라동,인천광역시 서구 중봉대로586번길 9-4,D13952,참스타대리점,중복점,20%,5,1,,1, - , - ,, - , - ,0.00%,, - , - 
PE71041,PE7104,휴대폰성지 우동폰 서초점,서울,서초구,방배동,서울특별시 서초구 방배로13길 18,D14342,신창대리점,중복점,60%,5,3,, - , - ,3,, - , - ,0.00%,, - , - 
PE71042,PE7104,휴대폰성지 우동폰 서초점,서울,서초구,방배동,서울특별시 서초구 방배로13길 18,D13225,광장대리점,중복점,40%,5,2,, - , - ,2,, - , - ,0.00%,, - , - 
PE71151,PE7115,휴대폰성지 수원성지폰,경기,수원시 팔달구,지동,경기도 수원시 팔달구 중부대로 123,D13827,지은대리점,중복점,60%,5,3,, - , - ,3,, - , - ,0.00%,, - , - 
PE71152,PE7115,휴대폰성지 수원성지폰,경기,수원시 팔달구,지동,경기도 수원시 팔달구 중부대로 123,F13586,신도SDR,중복점,40%,5,2,, - ,1,1,,1, - ,0.00%,, - ,1
PE72201,PE7220,휴대폰성지 폰키호테 용산점,서울,용산구,한강로1가,서울특별시 용산구 한강대로 208,D13469,코넥,수도권_전속,100%,5,5,, - , - ,5,, - , - ,0.00%,, - , - 
PE73361,PE7336,휴대폰면세점호매실직영,경기,수원시 권선구,금곡동,경기도 수원시 권선구 서수원로577번길 341,D13965,대교대리점,중복점,80%,5,4,,1,2,1,, - ,2,100.00%,, - , - 
PE73362,PE7336,휴대폰면세점호매실직영,경기,수원시 권선구,금곡동,경기도 수원시 권선구 서수원로577번길 341,D15146,PS&M,중복점,20%,5,1,, - , - ,1,, - , - ,0.00%,, - , - 
PE73851,PE7385,휴대폰성지 우동폰 안산점,경기,안산시 단원구,고잔동,경기도 안산시 단원구 광덕4로 246,D14342,신창대리점,수도권_전속,100%,5,5,, - ,1,4,,1, - ,0.00%,, - , - 
PE73911,PE7391,막내삼촌,서울,광진구,구의동,서울특별시광진구광나루로56길85,D13952,참스타대리점,수도권_전속,100%,5,5,, - , - ,5,, - , - ,0.00%,, - , - 
PE74161,PE7416,구구모바일,서울,도봉구,도봉동,서울특별시 도봉구 도봉로153길 16,D15146,PS&M,중복점,80%,5,4,,3,1, - ,,1, - ,0.00%,, - , - 
PE74162,PE7416,구구모바일,서울,도봉구,도봉동,서울특별시 도봉구 도봉로153길 16,D15173,정원대리점,중복점,20%,5,1,, - ,1, - ,,1, - ,0.00%,, - , - 
PE74661,PE7466,구름,서울,구로구,구로동,서울특별시 구로구 새말로 97,D13357,가능대리점,수도권_전속,100%,5,5,, - ,3,2,,3, - ,0.00%,, - ,1
PE75261,PE7526,휴대폰성지 휴대폰맛집 서창점,인천,남동구,서창동,인천광역시 남동구 서창남순환로 222,D13357,가능대리점,중복점,80%,5,4,, - ,4, - ,,4, - ,0.00%,, - , - 
PE75262,PE7526,휴대폰성지 휴대폰맛집 서창점,인천,남동구,서창동,인천광역시 남동구 서창남순환로 222,D15146,PS&M,중복점,20%,5,1,, - ,1, - ,,1, - ,0.00%,, - , - 
PE76141,PE7614,옆커폰 영등포양평역점,서울,영등포구,양평동1가,서울특별시 영등포구 선유서로24길 6,D14674,서울ent대리점,수도권_전속,100%,5,5,, - ,1,4,,1, - ,0.00%,, - , - 
PE76791,PE7679,수글로벌 청북점,경기,평택시,청북읍,경기도 평택시 청북읍 안청로 340,D13965,대교대리점,수도권_전속,100%,5,5,, - , - ,5,, - , - ,0.00%,, - , - 
PE78631,PE7863,휴대폰성지광교중앙역점 모두의,경기,수원시 영통구,이의동,경기도 수원시 영통구 도청로 65,D13965,대교대리점,수도권_전속,100%,5,5,, - ,1,4,,1, - ,0.00%,, - , - 
PE78911,PE7891,휴대폰성지세모폰송도3공구점,인천,연수구,송도동,인천광역시 연수구 컨벤시아대로230번길 54,D13357,가능대리점,중복점,40%,5,2,, - ,1,1,,1, - ,0.00%,, - , - 
PE78912,PE7891,휴대폰성지세모폰송도3공구점,인천,연수구,송도동,인천광역시 연수구 컨벤시아대로230번길 54,D15121,CD대리점,중복점,40%,5,2,, - , - ,2,, - , - ,0.00%,, - , - 
PE78913,PE7891,휴대폰성지세모폰송도3공구점,인천,연수구,송도동,인천광역시 연수구 컨벤시아대로230번길 54,D14674,서울ent대리점,중복점,20%,5,1,, - ,1, - ,,1, - ,0.00%,, - , - 
PE78931,PE7893,휴대폰성지퍼플폰 송담점,경기,평택시,안중읍,경기도 평택시 안중읍 송담2로 21,D15146,PS&M,PS_전속,100%,5,5,, - ,3,2,,3, - ,0.00%,, - , - 
PE79331,PE7933,휴대폰성지 옆커폰 기흥중동점,경기,용인시 기흥구,중동,경기도 용인시 기흥구 동백5로 21-11,D14674,서울ent대리점,수도권_전속,100%,5,5,, - ,2,3,,2, - ,0.00%,, - ,1
PE80081,PE8008,폰매니아,경기,이천시,중리동,경기도 이천시 어재연로 4,D15176,ACE대리점,수도권_전속,100%,5,5,, - ,1,4,,1, - ,0.00%,, - ,1
PE80421,PE8042,휴대폰성지 우동폰 부천점,경기,부천시 소사구,옥길동,경기도 부천시 소사구 옥길로 123,D14342,신창대리점,수도권_전속,100%,5,5,, - , - ,5,, - , - ,0.00%,, - , - 
PE80671,PE8067,휴대폰성지 세모폰 광명6동점,경기,광명시,광명동,경기도 광명시 광명로 824,D13357,가능대리점,중복점,60%,5,3,,2,1, - ,, - ,1,100.00%,, - , - 
PE80672,PE8067,휴대폰성지 세모폰 광명6동점,경기,광명시,광명동,경기도 광명시 광명로 824,D15121,CD대리점,중복점,40%,5,2,, - ,1,1,,1, - ,0.00%,, - , - 
PE81361,PE8136,라라폰,경기,화성시 효행구,봉담읍,경기도 화성시 봉담읍 동화서북안길 70,D13542,삼보대리점,수도권_전속,100%,5,5,, - ,3,2,,3, - ,0.00%,, - , - 
PE81401,PE8140,우수모바일 가좌점,인천,서구,가좌동,인천광역시 서구 원적로 99,D13546,ACT대리점,중복점,80%,5,4,, - ,1,3,,1, - ,0.00%,, - , - 
PE81402,PE8140,우수모바일 가좌점,인천,서구,가좌동,인천광역시 서구 원적로 99,D13622,MD대리점,중복점,20%,5,1,, - ,1, - ,,1, - ,0.00%,, - , - 
PE82771,PE8277,휴대폰성지폰슐랭화성향남지점,경기,화성시 만세구,향남읍,경기도 화성시 향남읍 향남로 430-16,D13546,ACT대리점,중복점,80%,5,4,, - ,3,1,,2,1,33.30%,, - ,1
PE82772,PE8277,휴대폰성지폰슐랭화성향남지점,경기,화성시 만세구,향남읍,경기도 화성시 향남읍 향남로 430-16,D15157,근흥대리점,중복점,20%,5,1,, - , - ,1,, - , - ,0.00%,, - , - 
PE83241,PE8324,휴대폰성지옆커폰 한성대점,서울,성북구,동소문동1가,서울특별시 성북구 동소문로 19,D14674,서울ent대리점,수도권_전속,100%,5,5,,1,2,2,,2, - ,0.00%,, - , - 
PE84271,PE8427,휴대폰성지,서울,동대문구,이문동,서울특별시 동대문구 이문로 120,D13357,가능대리점,수도권_전속,100%,5,5,, - ,3,2,,2,1,33.30%,, - , - 
PE84641,PE8464,다산드림모바일,경기,남양주시,다산동,"경기 남양주시 다산중앙로 132,",D13827,지은대리점,중복점,60%,5,3,, - ,3, - ,,3, - ,0.00%,, - , - 
PE84642,PE8464,다산드림모바일,경기,남양주시,다산동,"경기 남양주시 다산중앙로 132,",D15146,PS&M,중복점,40%,5,2,, - ,2, - ,,2, - ,0.00%,, - , - 
PE84731,PE8473,휴대폰성지따르릉통신철산역점,경기,광명시,철산동,경기도 광명시 시청로 50,D15176,ACE대리점,중복점,60%,5,3,, - , - ,3,, - , - ,0.00%,, - , - 
PE84732,PE8473,휴대폰성지따르릉통신철산역점,경기,광명시,철산동,경기도 광명시 시청로 50,D15117,알파대리점,중복점,20%,5,1,, - , - ,1,, - , - ,0.00%,, - , - 
PE84733,PE8473,휴대폰성지따르릉통신철산역점,경기,광명시,철산동,경기도 광명시 시청로 50,D13827,지은대리점,중복점,20%,5,1,, - ,1, - ,, - ,1,100.00%,, - , - 
PE84751,PE8475,휴대폰성지KR모바일김포풍무점,경기,김포시,풍무동,경기도 김포시 유현로 233,D13965,대교대리점,수도권_전속,100%,5,5,, - ,2,3,,2, - ,0.00%,, - ,1
PE85121,PE8512,휴대폰성지 팽성폰 송화점,경기,평택시,팽성읍,경기도 평택시 팽성읍 부용로 36,D01046,PS&M,PS_전속,100%,5,5,, - ,4,1,,4, - ,0.00%,, - , - 
PE85171,PE8517,휴대폰성지판다폰타임스페이스점,인천,연수구,송도동,인천광역시 연수구 인천타워대로132번길 9,D13827,지은대리점,중복점,60%,5,3,,1, - ,2,, - , - ,0.00%,, - , - 
PE85172,PE8517,휴대폰성지판다폰타임스페이스점,인천,연수구,송도동,인천광역시 연수구 인천타워대로132번길 9,D13951,강남스타대리점,중복점,40%,5,2,, - , - ,2,, - , - ,0.00%,, - , - 
PE85181,PE8518,휴대폰성지 고덕폰,경기,평택시,고덕동,경기도 평택시 고덕로1길 8,D13827,지은대리점,중복점,40%,5,2,, - , - ,2,, - , - ,0.00%,, - ,1
PE85182,PE8518,휴대폰성지 고덕폰,경기,평택시,고덕동,경기도 평택시 고덕로1길 8,D15146,PS&M,중복점,40%,5,2,, - ,1,1,, - ,1,100.00%,, - , - 
PE85183,PE8518,휴대폰성지 고덕폰,경기,평택시,고덕동,경기도 평택시 고덕로1길 8,D13469,코넥,중복점,20%,5,1,, - , - ,1,, - , - ,0.00%,, - , - 
PE87401,PE8740,효철폰,경기,시흥시,거모동,경기도 시흥시 도일로124번길 3,D14342,신창대리점,중복점,60%,5,3,, - ,3, - ,,3, - ,0.00%,, - , - 
PE87402,PE8740,효철폰,경기,시흥시,거모동,경기도 시흥시 도일로124번길 3,D13469,코넥,중복점,40%,5,2,, - ,1,1,,1, - ,0.00%,, - , - 
PE88061,PE8806,휴대폰 성지 광주점,경기,광주시,경안동,경기도 광주시 경안로41번길 6,F13586,신도SDR,중복점,80%,5,4,, - ,1,3,,1, - ,0.00%,, - , - 
PE88062,PE8806,휴대폰 성지 광주점,경기,광주시,경안동,경기도 광주시 경안로41번길 6,D14746,유원대리점,중복점,20%,5,1,, - , - ,1,, - , - ,0.00%,, - , - 
PE89931,PE8993,휴대폰성지 옆커폰가락시장점,서울,송파구,가락동,서울특별시 송파구 중대로 105,D15146,PS&M,PS_전속,100%,5,5,,1,2,2,,2, - ,0.00%,, - , - 
PE90001,PE9000,딱폰 미사점,경기,하남시,풍산동,경기도 하남시 미사강변대로 70,D15146,PS&M,중복점,60%,5,3,, - ,1,2,,1, - ,0.00%,, - , - 
PE90002,PE9000,딱폰 미사점,경기,하남시,풍산동,경기도 하남시 미사강변대로 70,D13546,ACT대리점,중복점,40%,5,2,, - , - ,2,, - , - ,0.00%,, - , - 
PE90341,PE9034,휴대폰성지우리폰역곡상상시장점,경기,부천시 원미구,역곡동,경기도 부천시 원미구 부일로 748,D15121,CD대리점,수도권_전속,100%,5,5,, - ,4,1,,4, - ,0.00%,, - ,3
PE90491,PE9049,KR모바일 영종하늘도시점,인천,중구,중산동,인천광역시 중구 자연대로 47,D13965,대교대리점,중복점,60%,5,3,, - , - ,3,, - , - ,0.00%,, - , - 
PE90492,PE9049,KR모바일 영종하늘도시점,인천,중구,중산동,인천광역시 중구 자연대로 47,D14746,유원대리점,중복점,20%,5,1,, - , - ,1,, - , - ,0.00%,, - , - 
PE90493,PE9049,KR모바일 영종하늘도시점,인천,중구,중산동,인천광역시 중구 자연대로 47,D13546,ACT대리점,중복점,20%,5,1,, - ,1, - ,, - ,1,100.00%,, - , - 
PE90981,PE9098,친절한 핸드폰,경기,파주시,목동동,"경기 파주시 청암로17번길 31,",D15146,PS&M,중복점,60%,5,3,, - ,3, - ,,2,1,33.30%,, - , - 
PE90982,PE9098,친절한 핸드폰,경기,파주시,목동동,"경기 파주시 청암로17번길 31,",D13357,가능대리점,중복점,40%,5,2,, - ,2, - ,,2, - ,0.00%,, - , - 
PE91031,PE9103,휴대폰성지열린폰마트방화역점,서울,강서구,방화동,"서울 강서구 금낭화로 135,",D13952,참스타대리점,수도권_전속,100%,5,5,,1,3,1,,3, - ,0.00%,, - ,1
PE91281,PE9128,휴대폰성지 옆커폰 화곡역점,서울,강서구,화곡동,서울특별시 강서구 화곡로 142,D14674,서울ent대리점,수도권_전속,100%,5,5,, - ,1,4,,1, - ,0.00%,, - , - 
PE91581,PE9158,휴대폰성지메카폰까치산역점,서울,강서구,화곡동,"서울 강서구 강서로18길 21,",D13827,지은대리점,수도권_전속,100%,5,5,, - ,4,1,,4, - ,0.00%,, - , - 
PE91641,PE9164,버스모바일,인천,연수구,송도동,인천광역시 연수구 해돋이로 107,D13827,지은대리점,수도권_전속,100%,5,5,, - ,1,4,,1, - ,0.00%,, - , - 
PE92721,PE9272,신갈휴대폰센터 주민센터점,경기,용인시 기흥구,신갈동,"경기 용인시 기흥구 신갈로58번길 8-1,",D13827,지은대리점,수도권_전속,100%,5,5,,1,2,2,,2, - ,0.00%,, - ,1
PE93211,PE9321,하람모바일 부평시장점,인천,부평구,부평동,"인천 부평구 부흥로243번길 12,",D13965,대교대리점,중복점,80%,5,4,, - ,3,1,,3, - ,0.00%,, - , - 
PE93212,PE9321,하람모바일 부평시장점,인천,부평구,부평동,"인천 부평구 부흥로243번길 12,",D15121,CD대리점,중복점,20%,5,1,, - , - ,1,, - , - ,0.00%,, - , - 
PE93291,PE9329,휴대폰성지 부천역사거리점,경기,부천시 원미구,심곡동,경기도 부천시 원미구 부천로 19,D15121,CD대리점,중복점,60%,5,3,, - ,2,1,,1,1,50.00%,, - , - 
PE93292,PE9329,휴대폰성지 부천역사거리점,경기,부천시 원미구,심곡동,경기도 부천시 원미구 부천로 19,D13357,가능대리점,중복점,40%,5,2,, - , - ,2,, - , - ,0.00%,, - , - 
PE93841,PE9384,휴대폰성지 약속폰 강북,서울,강북구,미아동,"서울 강북구 삼양로27길 56,",D13965,대교대리점,수도권_전속,100%,5,5,, - ,1,4,,1, - ,0.00%,, - , - 
P005791,P00579,누리텔레콤,서울,관악구,신림동,서울특별시 관악구 신원로 12,F13586,신도SDR,수도권_전속,100%,4,4,, - , - ,4,, - , - ,0.00%,, - , - 
P079781,P07978,성지텔레콤,인천,계양구,작전동,인천광역시 계양구 계양대로 118,D15121,CD대리점,수도권_전속,100%,4,4,,1,1,2,,1, - ,0.00%,, - , - 
P083661,P08366,파워010,서울,동작구,사당동,서울특별시 동작구 사당로16길 28,D14746,유원대리점,수도권_전속,100%,4,4,, - ,1,3,,1, - ,0.00%,, - ,1
P098311,P09831,양곡이동통신,경기,김포시,양촌읍,경기도 김포시 양촌읍 양곡로 530,D13124,UNI대리점,수도권_전속,100%,4,4,, - , - ,4,, - , - ,0.00%,, - , - 
P100031,P10003,로타리통신,경기,수원시 팔달구,팔달로2가,경기도수원시팔달구정조로783,D15146,PS&M,PS_전속,100%,4,4,, - ,2,2,,2, - ,0.00%,, - , - 
P100161,P10016,테크노정보통신,서울,금천구,시흥동,서울특별시 금천구 은행나무로 51,D13965,대교대리점,수도권_전속,100%,4,4,, - , - ,4,, - , - ,0.00%,, - , - 
P100801,P10080,유은정보,서울,영등포구,신길동,서울특별시 영등포구 신풍로 52,D13952,참스타대리점,수도권_전속,100%,4,4,, - , - ,4,, - , - ,0.00%,, - , - 
P101821,P10182,기전텔레콤,서울,서초구,서초동,서울특별시 서초구 효령로 304,D15051,프리스비,수도권_전속,100%,4,4,, - , - ,4,, - , - ,0.00%,, - , - 
P104001,P10400,성호이동통신,서울,동대문구,용두동,서울특별시 동대문구 고산자로29길 6,D15117,알파대리점,수도권_전속,100%,4,4,,2,1,1,,1, - ,0.00%,, - , - 
P104141,P10414,CJ폰뱅크,서울,성동구,행당동,서울특별시 성동구 행당로 106,D13225,광장대리점,수도권_전속,100%,4,4,,1, - ,3,, - , - ,0.00%,, - , - 
P106161,P10616,K2텔레콤,인천,부평구,십정동,인천광역시 부평구 열우물로 31,D13952,참스타대리점,수도권_전속,100%,4,4,, - ,2,2,,2, - ,0.00%,, - , - 
P108691,P10869,네오텔레콤,경기,안산시 단원구,원곡동,경기도 안산시 단원구 화랑로 123,D13622,MD대리점,수도권_전속,100%,4,4,, - ,2,2,,1,1,50.00%,, - , - 
P109561,P10956,중앙통신,경기,동두천시,생연동,경기도 동두천시 중앙로 247,D13858,새서울대리점,수도권_전속,100%,4,4,,1, - ,3,, - , - ,0.00%,, - , - 
P110041,P11004,하이텔레콤,경기,남양주시,평내동,경기도남양주시평내로29번길49,D15146,PS&M,PS_전속,100%,4,4,, - ,1,3,,1, - ,0.00%,, - , - 
P111901,P11190,하늘정보통신,경기,의정부시,의정부동,경기도 의정부시 태평로 109,D13357,가능대리점,수도권_전속,100%,4,4,,1, - ,3,, - , - ,0.00%,, - , - 
P113971,P11397,시원텔레콤,서울,성동구,금호동1가,서울 성동구 금호로 86,D15146,PS&M,중복점,75%,4,3,, - ,1,2,,1, - ,0.00%,, - , - 
P113972,P11397,시원텔레콤,서울,성동구,금호동1가,서울 성동구 금호로 86,D15117,알파대리점,중복점,25%,4,1,, - ,1, - ,,1, - ,0.00%,, - , - 
P118541,P11854,우리텔레콤,서울,광진구,자양동,서울특별시 광진구 뚝섬로 508-1,D15146,PS&M,PS_전속,100%,4,4,, - ,2,2,,2, - ,0.00%,, - , - 
P119281,P11928,한솔통신,경기,광주시,경안동,경기도 광주시 경안로 21,D13225,광장대리점,중복점,50%,4,2,,2, - , - ,, - , - ,0.00%,, - , - 
P119282,P11928,한솔통신,경기,광주시,경안동,경기도 광주시 경안로 21,D13546,ACT대리점,중복점,50%,4,2,,1, - ,1,, - , - ,0.00%,, - , - 
P127101,P12710,주식회사 에스앰정보통신,서울,구로구,고척동,서울특별시 구로구 고척로 148,D13827,지은대리점,수도권_전속,100%,4,4,, - ,1,3,,1, - ,0.00%,, - , - 
P129831,P12983,금호텔레콤,경기,수원시 팔달구,매산로1가,경기도 수원시 팔달구 덕영대로 지하907-65,D15121,CD대리점,수도권_전속,100%,4,4,, - ,3,1,,3, - ,0.00%,, - , - 
P129941,P12994,BB통신,인천,부평구,부개동,인천광역시 부평구 길주남로 159,D13622,MD대리점,수도권_전속,100%,4,4,, - ,3,1,,1,2,66.70%,, - , - 
P131861,P13186,케이티정보통신,인천,서구,석남동,인천광역시 서구 가정로 214,D13827,지은대리점,중복점,50%,4,2,, - , - ,2,, - , - ,0.00%,, - , - 
P131862,P13186,케이티정보통신,인천,서구,석남동,인천광역시 서구 가정로 214,D13952,참스타대리점,중복점,50%,4,2,, - , - ,2,, - , - ,0.00%,, - , - 
P136811,P13681,진텔레콤,서울,마포구,망원동,서울특별시 마포구 월드컵로13길 62,D13357,가능대리점,수도권_전속,100%,4,4,, - ,1,3,,1, - ,0.00%,, - , - 
P138141,P13814,조이텔레콤,서울,금천구,독산동,서울특별시 금천구 독산로 274,D13546,ACT대리점,수도권_전속,100%,4,4,,1,1,2,, - ,1,100.00%,, - , - 
P151231,P15123,대원TELECOM,경기,성남시 중원구,상대원동,경기도 성남시 중원구 금상로 62-1,D14654,알리바바대리점,수도권_전속,100%,4,4,,1,1,2,,1, - ,0.00%,, - , - 
P155781,P15578,수원통신,경기,수원시 권선구,세류동,경기도 수원시 권선구 정조로 504-1,F13586,신도SDR,수도권_전속,100%,4,4,,1,1,2,,1, - ,0.00%,, - , - 
P157501,P15750,SK작전방화,서울,강서구,방화동,서울특별시 강서구 양천로6길 15,D13546,ACT대리점,수도권_전속,100%,4,4,, - ,1,3,,1, - ,0.00%,, - , - 
P160211,P16021,모현통신,경기,용인시 처인구,모현읍,경기도 용인시 처인구 모현면 백옥대로 2404,D13542,삼보대리점,중복점,75%,4,3,, - ,1,2,,1, - ,0.00%,, - , - 
P160212,P16021,모현통신,경기,용인시 처인구,모현읍,경기도 용인시 처인구 모현면 백옥대로 2404,D13469,코넥,중복점,25%,4,1,, - ,1, - ,,1, - ,0.00%,, - , - 
P168331,P16833,이투통신,서울,동작구,사당동,서울특별시 동작구 사당로14길 6,D15173,정원대리점,중복점,75%,4,3,, - ,2,1,,1,1,50.00%,, - , - 
P168332,P16833,이투통신,서울,동작구,사당동,서울특별시 동작구 사당로14길 6,D15146,PS&M,중복점,25%,4,1,, - ,1, - ,,1, - ,0.00%,, - , - 
P177711,P17771,금능통신,경기,수원시 장안구,파장동,경기도 수원시 장안구 경수대로1081번길 9-2,D13469,코넥,수도권_전속,100%,4,4,, - ,1,3,,1, - ,0.00%,, - , - 
P178411,P17841,하나 통신,강원,정선군,정선읍,강원정선군정선읍봉양6길37,D15146,PS&M,PS_전속,100%,4,4,,1,1,2,,1, - ,0.00%,, - , - 
P187821,P18782,스마일통신,경기,평택시,평택동,경기도 평택시 평택로32번길 2,D13542,삼보대리점,수도권_전속,100%,4,4,, - ,1,3,,1, - ,0.00%,, - , - 
P192461,P19246,ROO정보통신,경기,남양주시,와부읍,경기도남양주시와부읍덕소로57,D15146,PS&M,PS_전속,100%,4,4,, - , - ,4,, - , - ,0.00%,, - , - 
P195971,P19597,(주)핸드폰마을천호점,서울,강동구,성내동,서울특별시 강동구 천호대로 1024,D15176,ACE대리점,수도권_전속,100%,4,4,, - ,2,2,,1,1,50.00%,, - , - 
P232671,P23267,연수텔레콤,경기,수원시 팔달구,화서동,경기도 수원시 팔달구 일월로22번길 3,D13357,가능대리점,수도권_전속,100%,4,4,, - ,1,3,,1, - ,0.00%,, - ,1
P249921,P24992,두리텔레콤,경기,고양시 덕양구,성사동,경기도 고양시 덕양구 호국로790번길 30,D14342,신창대리점,중복점,75%,4,3,, - ,1,2,,1, - ,0.00%,, - , - 
P249922,P24992,두리텔레콤,경기,고양시 덕양구,성사동,경기도 고양시 덕양구 호국로790번길 30,D13827,지은대리점,중복점,25%,4,1,, - ,1, - ,,1, - ,0.00%,, - , - 
P262461,P26246,한솔정보통신,경기,화성시 효행구,봉담읍,경기도화성시봉담읍삼천병마로1271,D15146,PS&M,PS_전속,100%,4,4,,2, - ,2,, - , - ,0.00%,, - , - 
P263751,P26375,주식회사 드림티에스,경기,이천시,관고동,경기도 이천시 영창로 162,D15121,CD대리점,수도권_전속,100%,4,4,, - ,3,1,,3, - ,0.00%,, - , - 
P267341,P26734,필 휴대폰통신,강원,속초시,조양동,강원특별자치도 속초시 조양상가길 25,D14746,유원대리점,수도권_전속,100%,4,4,,1,3, - ,,3, - ,0.00%,, - , - 
P270161,P27016,IMT코리아,인천,부평구,십정동,인천광역시 부평구 열우물로 39,D13952,참스타대리점,수도권_전속,100%,4,4,, - , - ,4,, - , - ,0.00%,, - , - 
P271841,P27184,군이동통신,강원,춘천시,우두동,강원춘천시영서로2788,D15146,PS&M,PS_전속,100%,4,4,,1, - ,3,, - , - ,0.00%,, - , - 
P273901,P27390,하나정보,서울,구로구,구로동,서울특별시 구로구 경인로53길 15,D13622,MD대리점,수도권_전속,100%,4,4,, - , - ,4,, - , - ,0.00%,, - , - 
P280541,P28054,대우통신,경기,포천시,일동면,경기도포천시일동면화동로10452,D15146,PS&M,PS_전속,100%,4,4,,1, - ,3,, - , - ,0.00%,, - , - 
P318281,P31828,우들통신,경기,광명시,소하동,경기도광명시오리로371,D15146,PS&M,PS_전속,100%,4,4,, - ,1,3,,1, - ,0.00%,, - , - 
P325411,P32541,M-play,서울,동대문구,제기동,서울특별시 동대문구 고산자로 562,D15121,CD대리점,중복점,75%,4,3,, - , - ,3,, - , - ,0.00%,, - , - 
P325412,P32541,M-play,서울,동대문구,제기동,서울특별시 동대문구 고산자로 562,D15146,PS&M,중복점,25%,4,1,, - , - ,1,, - , - ,0.00%,, - , - 
P334811,P33481,폰사랑,경기,시흥시,정왕동,경기도 시흥시 중심상가로 155,D15146,PS&M,PS_전속,100%,4,4,, - , - ,4,, - , - ,0.00%,, - , - 
P357391,P35739,오정센타,경기,부천시 오정구,오정동,경기도 부천시 오정로 210,D15157,근흥대리점,수도권_전속,100%,4,4,,1,2,1,,2, - ,0.00%,, - , - 
P360301,P36030,온누리삼성,서울,동대문구,답십리동,서울특별시 동대문구 전농로 95,D15146,PS&M,PS_전속,100%,4,4,,1, - ,3,, - , - ,0.00%,, - , - 
P361071,P36107,파랑텔레콤(송내점),경기,부천시 소사구,송내동,경기도 부천시 소사구 성주로 84,D15146,PS&M,중복점,75%,4,3,, - , - ,3,, - , - ,0.00%,, - , - 
P361072,P36107,파랑텔레콤(송내점),경기,부천시 소사구,송내동,경기도 부천시 소사구 성주로 84,D13952,참스타대리점,중복점,25%,4,1,, - , - ,1,, - , - ,0.00%,, - , - 
P409121,P40912,폰뱅크,경기,수원시 팔달구,매산로1가,경기도 수원시 팔달구 덕영대로 지하911,D15157,근흥대리점,중복점,75%,4,3,, - , - ,3,, - , - ,0.00%,, - , - 
P409122,P40912,폰뱅크,경기,수원시 팔달구,매산로1가,경기도 수원시 팔달구 덕영대로 지하911,D13546,ACT대리점,중복점,25%,4,1,, - , - ,1,, - , - ,0.00%,, - , - 
P428771,P42877,포스텔레콤,서울,서대문구,북가좌동,서울특별시 서대문구 응암로 94,D14342,신창대리점,수도권_전속,100%,4,4,, - , - ,4,, - , - ,0.00%,, - , - 
P441931,P44193,폰데코,경기,평택시,평택동,경기도 평택시 평택2로20번길 4,D13542,삼보대리점,수도권_전속,100%,4,4,, - ,1,3,,1, - ,0.00%,, - , - 
P453491,P45349,e편한통신,경기,동두천시,생연동,경기도 동두천시 생골로 41,D13546,ACT대리점,수도권_전속,100%,4,4,, - , - ,4,, - , - ,0.00%,, - , - 
P472121,P47212,No.1 mobile,인천,중구,내동,인천광역시 중구 우현로67번길 1-1,D13952,참스타대리점,수도권_전속,100%,4,4,, - ,2,2,,2, - ,0.00%,, - ,1
P497401,P49740,네네통신프라자,강원,속초시,교동,강원 속초시 동해대로 4299,D14746,유원대리점,수도권_전속,100%,4,4,, - , - ,4,, - , - ,0.00%,, - , - 
P499741,P49974,대호정보통신,서울,서초구,서초동,서울특별시 서초구 강남대로 275,D13951,강남스타대리점,수도권_전속,100%,4,4,,2,2, - ,,2, - ,0.00%,, - , - 
P515281,P51528,우림텔레콤,경기,김포시,대곶면,경기도 김포시 대곶면 율생로 74,D13622,MD대리점,중복점,75%,4,3,, - ,1,2,,1, - ,0.00%,, - , - 
P515282,P51528,우림텔레콤,경기,김포시,대곶면,경기도 김포시 대곶면 율생로 74,D15146,PS&M,중복점,25%,4,1,, - , - ,1,, - , - ,0.00%,, - , - 
P518031,P51803,연세통신 상대원점,경기,성남시 중원구,상대원동,경기도 성남시 중원구 금상로57번길 1,D13742,한유대리점,수도권_전속,100%,4,4,, - , - ,4,, - , - ,0.00%,, - , - 
P525841,P52584,(주)정우텔레콤,경기,화성시 병점구,병점동,경기도화성시병점1로218,D15146,PS&M,PS_전속,100%,4,4,,1, - ,3,, - , - ,0.00%,, - , - 
P532301,P53230,싼폰마트,경기,남양주시,와부읍,경기도남양주시와부읍수레로1번길3,D15146,PS&M,PS_전속,100%,4,4,, - ,2,2,,1,1,50.00%,, - , - 
P535441,P53544,강남통신,경기,수원시 권선구,고색동,경기도 수원시 권선구 매송고색로 703,F13586,신도SDR,수도권_전속,100%,4,4,, - ,1,3,,1, - ,0.00%,, - , - 
P536881,P53688,폰박스하남직영점,경기,하남시,창우동,경기도 하남시 더우개로 6,D13357,가능대리점,수도권_전속,100%,4,4,,1,1,2,,1, - ,0.00%,, - , - 
P543961,P54396,이정모바일,서울,마포구,공덕동,서울특별시마포구만리재옛길21,D15146,PS&M,PS_전속,100%,4,4,,1,2,1,,1,1,50.00%,, - , - 
P544561,P54456,하나정보,경기,부천시 원미구,원미동,경기도부천시조종로49,D15146,PS&M,PS_전속,100%,4,4,,1,1,2,,1, - ,0.00%,, - , - 
P547401,P54740,제이유통신,경기,양주시,덕정동,경기도 양주시 고암길 306-77,D15121,CD대리점,수도권_전속,100%,4,4,,1,2,1,,2, - ,0.00%,, - , - 
P551941,P55194,홍텔레콤앤컴퓨터,경기,화성시 만세구,남양읍,경기도화성시남양읍남양시장로66번길913,D15146,PS&M,PS_전속,100%,4,4,,1,3, - ,,2,1,33.30%,, - , - 
P564621,P56462,태형정보통신,인천,동구,송림동,인천광역시 동구 송림로 106,D13622,MD대리점,수도권_전속,100%,4,4,, - ,3,1,,3, - ,0.00%,, - , - 
P577121,P57712,한경통신,경기,안성시,대천동,경기도 안성시 안성맞춤대로 1063,D15121,CD대리점,수도권_전속,100%,4,4,, - ,2,2,,2, - ,0.00%,, - , - 
P577481,P57748,화이트 텔레콤,서울,영등포구,대림동,서울특별시 영등포구 도림로39길 21,D13225,광장대리점,수도권_전속,100%,4,4,,3,1, - ,,1, - ,0.00%,, - , - 
P583981,P58398,D. day(디데이),강원,동해시,부곡동,강원동해시발한로71,D15146,PS&M,PS_전속,100%,4,4,, - ,4, - ,,4, - ,0.00%,, - , - 
P585311,P58531,유니온통신,서울,구로구,개봉동,서울특별시 구로구 개봉로17길 25,F13586,신도SDR,수도권_전속,100%,4,4,, - ,4, - ,,1,3,75.00%,, - , - 
P594631,P59463,훈민정음,경기,하남시,덕풍동,경기도 하남시 신장로 197,D13357,가능대리점,수도권_전속,100%,4,4,, - ,1,3,,1, - ,0.00%,, - , - 
P595091,P59509,YJ텔레콤,서울,구로구,구로동,서울특별시 구로구 구로중앙로14길 12,D15157,근흥대리점,중복점,75%,4,3,,3, - , - ,, - , - ,0.00%,, - , - 
P595092,P59509,YJ텔레콤,서울,구로구,구로동,서울특별시 구로구 구로중앙로14길 12,D13469,코넥,중복점,25%,4,1,, - , - ,1,, - , - ,0.00%,, - , - 
P597911,P59791,대창텔레콤,서울,중랑구,면목동,서울특별시 중랑구 겸재로 216,D13546,ACT대리점,수도권_전속,100%,4,4,, - ,2,2,,2, - ,0.00%,, - , - 
P616951,P61695,DNT계산점,인천,계양구,계산동,인천광역시 계양구 경명대로 1043,D13124,UNI대리점,수도권_전속,100%,4,4,, - , - ,4,, - , - ,0.00%,, - , - 
P639091,P63909,모아텔레콤,인천,남동구,간석동,인천광역시 남동구 구월로 75-1,D13827,지은대리점,수도권_전속,100%,4,4,,1, - ,3,, - , - ,0.00%,, - , - 
P639331,P63933,유은정보 돈보스코점,서울,영등포구,신길동,서울특별시 영등포구 여의대방로 65,D13952,참스타대리점,수도권_전속,100%,4,4,, - , - ,4,, - , - ,0.00%,, - , - 
P640051,P64005,핸드폰아울렛,인천,미추홀구,용현동,인천광역시 남구 인하로 131,D15173,정원대리점,중복점,75%,4,3,, - , - ,3,, - , - ,0.00%,, - , - 
P640052,P64005,핸드폰아울렛,인천,미추홀구,용현동,인천광역시 남구 인하로 131,D13546,ACT대리점,중복점,25%,4,1,, - , - ,1,, - , - ,0.00%,, - , - 
P650621,P65062,태화텔레콤,강원,동해시,동회동,강원 동해시 효자남길 20,D13951,강남스타대리점,중복점,50%,4,2,, - ,2, - ,,1,1,50.00%,, - , - 
P650622,P65062,태화텔레콤,강원,동해시,동회동,강원 동해시 효자남길 20,D15146,PS&M,중복점,50%,4,2,, - ,2, - ,,2, - ,0.00%,, - , - 
P656351,P65635,썬모바일(공릉점),서울,노원구,공릉동,서울특별시 노원구 공릉로38길 17,D14342,신창대리점,수도권_전속,100%,4,4,,1, - ,3,, - , - ,0.00%,, - , - 
P661541,P66154,멀티스,경기,안산시 상록구,본오동,경기도 안산시 상록구 석호로 282,D15146,PS&M,PS_전속,100%,4,4,, - ,3,1,,2,1,33.30%,, - , - 
P662271,P66227,Main,경기,안양시 동안구,평촌동,경기도 안양시 동안구 흥안대로 420,D13965,대교대리점,수도권_전속,100%,4,4,, - , - ,4,, - , - ,0.00%,, - , - 
P663041,P66304,경인정보,경기,부천시 원미구,심곡동,경기도 부천시 부천로 12,D13225,광장대리점,수도권_전속,100%,4,4,, - ,2,2,,2, - ,0.00%,, - , - 
P663781,P66378,대박통신,경기,안산시 상록구,본오동,경기도 안산시 상록구 각골로 131,D13952,참스타대리점,수도권_전속,100%,4,4,,1,2,1,,2, - ,0.00%,, - ,3
P669891,P66989,ZCOMPANY,인천,부평구,십정동,인천광역시 부평구 배곶로 64-1,D15051,프리스비,수도권_전속,100%,4,4,, - ,4, - ,,4, - ,0.00%,, - , - 
P679201,P67920,해비폰,서울,광진구,구의동,서울특별시 광진구 자양로 172,D15146,PS&M,중복점,75%,4,3,, - , - ,3,, - , - ,0.00%,, - , - 
P679202,P67920,해비폰,서울,광진구,구의동,서울특별시 광진구 자양로 172,D15121,CD대리점,중복점,25%,4,1,,1, - , - ,, - , - ,0.00%,, - , - 
P702511,P70251,통신천국,강원,평창군,평창읍,강원 평창군 평창읍 백오로 73,D15146,PS&M,중복점,50%,4,2,, - ,1,1,, - ,1,100.00%,, - , - 
P702512,P70251,통신천국,강원,평창군,평창읍,강원 평창군 평창읍 백오로 73,D83273,(주)KSK대리점,중복점,50%,4,2,,1, - ,1,, - , - ,0.00%,, - , - 
P718061,P71806,현대통신,경기,성남시 중원구,성남동,경기도 성남시 중원구 산성대로 지하244-6,D13858,새서울대리점,수도권_전속,100%,4,4,,1, - ,3,, - , - ,0.00%,, - , - 
P718121,P71812,티앤티정보통신,인천,미추홀구,주안동,인천광역시 남구 인하로 195,D13469,코넥,수도권_전속,100%,4,4,, - ,2,2,,2, - ,0.00%,, - , - 
P748431,P74843,씨티탑,서울,중구,태평로2가,서울특별시 중구 세종대로 86-1,D15051,프리스비,중복점,75%,4,3,,1, - ,2,, - , - ,0.00%,, - , - 
P748432,P74843,씨티탑,서울,중구,태평로2가,서울특별시 중구 세종대로 86-1,D15146,PS&M,중복점,25%,4,1,, - ,1, - ,, - ,1,100.00%,, - , - 
P762061,P76206,주식회사 태영정보통신,서울,성동구,성수동2가,서울특별시 성동구 성덕정길 103,D15173,정원대리점,수도권_전속,100%,4,4,, - ,2,2,,2, - ,0.00%,, - , - 
P762541,P76254,씨에스텔레콤,서울,송파구,잠실동,서울특별시 송파구 올림픽로 119,D14746,유원대리점,중복점,50%,4,2,, - , - ,2,, - , - ,0.00%,, - , - 
P762542,P76254,씨에스텔레콤,서울,송파구,잠실동,서울특별시 송파구 올림픽로 119,D14342,신창대리점,중복점,50%,4,2,, - , - ,2,, - , - ,0.00%,, - , - 
P762981,P76298,태양통신,경기,양평군,양서면,경기도 양평군 양서면 양수로155번길 4,D14654,알리바바대리점,수도권_전속,100%,4,4,,2, - ,2,, - , - ,0.00%,, - , - 
P766321,P76632,다인통신,경기,의정부시,녹양동,경기도 의정부시 비우로 88,D15117,알파대리점,수도권_전속,100%,4,4,, - ,1,3,,1, - ,0.00%,, - , - 
P769641,P76964,폰마트,인천,서구,석남동,인천광역시 서구 서달로 130,D15146,PS&M,PS_전속,100%,4,4,, - ,2,2,,2, - ,0.00%,, - , - 
P770691,P77069,국제정보통신,인천,연수구,동춘동,인천광역시연수구앵고개로266,D15146,PS&M,PS_전속,100%,4,4,, - ,1,3,,1, - ,0.00%,, - , - 
P783401,P78340,당근모바일,경기,시흥시,장현동,경기도 시흥시 시청로68번길 4,D13952,참스타대리점,수도권_전속,100%,4,4,,1,2,1,,2, - ,0.00%,, - , - 
P790951,P79095,착한모바일,서울,영등포구,대림동,서울특별시영등포구대림로7길161,D15146,PS&M,PS_전속,100%,4,4,,1,2,1,,2, - ,0.00%,, - , - 
P797741,P79774,오피통신,경기,부천시 원미구,도당동,경기도부천시도약로261,D15146,PS&M,PS_전속,100%,4,4,, - ,2,2,,2, - ,0.00%,, - , - 
P807501,P80750,경성통신,서울,서초구,서초동,서울특별시 서초구 효령로 304,D14342,신창대리점,중복점,75%,4,3,, - , - ,3,, - , - ,0.00%,, - , - 
P807502,P80750,경성통신,서울,서초구,서초동,서울특별시 서초구 효령로 304,D14746,유원대리점,중복점,25%,4,1,, - , - ,1,, - , - ,0.00%,, - , - 
P811111,P81111,새롬정보통신 산곡본점,인천,부평구,산곡동,인천광역시 부평구 부영로189번길 51,D13124,UNI대리점,수도권_전속,100%,4,4,, - ,2,2,,2, - ,0.00%,, - , - 
P813601,P81360,형제통신,경기,용인시 기흥구,신갈동,경기도 용인시 기흥구 새천년로 18,D15146,PS&M,중복점,75%,4,3,, - , - ,3,, - , - ,0.00%,, - , - 
P813602,P81360,형제통신,경기,용인시 기흥구,신갈동,경기도 용인시 기흥구 새천년로 18,D13965,대교대리점,중복점,25%,4,1,,1, - , - ,, - , - ,0.00%,, - , - 
P814911,P81491,케이투모바일,경기,성남시 수정구,수진동,경기도 성남시 수정구 수정로120번길 7,D13742,한유대리점,수도권_전속,100%,4,4,,2, - ,2,, - , - ,0.00%,, - , - 
P815001,P81500,엠제이모바일,경기,용인시 수지구,풍덕천동,경기도 용인시 수지구 정평로 40-1,D15146,PS&M,중복점,50%,4,2,, - , - ,2,, - , - ,0.00%,, - , - 
P815002,P81500,엠제이모바일,경기,용인시 수지구,풍덕천동,경기도 용인시 수지구 정평로 40-1,D13542,삼보대리점,중복점,50%,4,2,, - ,2, - ,, - ,2,100.00%,, - , - 
P819971,P81997,온텔레콤,서울,강북구,수유동,"서울 강북구 한천로 1121,",D13225,광장대리점,수도권_전속,100%,4,4,, - , - ,4,, - , - ,0.00%,, - , - 
P822271,P82227,썬통신 면목점,서울,중랑구,면목동,서울특별시 중랑구 상봉로 49,D13357,가능대리점,수도권_전속,100%,4,4,, - ,3,1,,2,1,33.30%,, - , - 
P822291,P82229,DK모바일,경기,수원시 영통구,매탄동,경기도 수원시 영통구 매탄로 69,D13742,한유대리점,수도권_전속,100%,4,4,,1, - ,3,, - , - ,0.00%,, - , - 
P838151,P83815,주식회사 모바일제이,경기,고양시 덕양구,동산동,경기도 고양시 덕양구 동산2로 1,D13622,MD대리점,중복점,75%,4,3,, - ,2,1,,1,1,50.00%,, - , - 
P838152,P83815,주식회사 모바일제이,경기,고양시 덕양구,동산동,경기도 고양시 덕양구 동산2로 1,D14746,유원대리점,중복점,25%,4,1,, - ,1, - ,,1, - ,0.00%,, - , - 
P840011,P84001,푸른텔레콤,서울,광진구,구의동,서울특별시 광진구 광나루로56길 85,D14342,신창대리점,수도권_전속,100%,4,4,, - , - ,4,, - , - ,0.00%,, - , - 
P844351,P84435,미소통신,서울,노원구,상계동,서울특별시 노원구 한글비석로52길 30,D14342,신창대리점,수도권_전속,100%,4,4,, - , - ,4,, - , - ,0.00%,, - ,1
P846301,P84630,한씨네텔레콤,서울,강동구,고덕동,서울특별시 강동구 동남로81길 26,D15173,정원대리점,중복점,75%,4,3,, - ,1,2,, - ,1,100.00%,, - , - 
P846302,P84630,한씨네텔레콤,서울,강동구,고덕동,서울특별시 강동구 동남로81길 26,D13546,ACT대리점,중복점,25%,4,1,, - , - ,1,, - , - ,0.00%,, - , - 
P849181,P84918,주식회사휴대폰의모든것청춘대길,서울,은평구,갈현동,서울특별시 은평구 서오릉로 200,F13586,신도SDR,수도권_전속,100%,4,4,, - ,2,2,,1,1,50.00%,, - , - 
P849241,P84924,칼라통신,경기,파주시,탄현면,경기도파주시탄현면여치길81,D15146,PS&M,PS_전속,100%,4,4,, - ,2,2,,2, - ,0.00%,, - , - 
P855851,P85585,나이스텔레콤,서울,영등포구,양평동2가,서울특별시 영등포구 영등포로 33,D13858,새서울대리점,수도권_전속,100%,4,4,, - , - ,4,, - , - ,0.00%,, - , - 
P860251,P86025,혜성모바일,인천,동구,창영동,인천광역시 동구 샛골로73번길 4,D13827,지은대리점,중복점,75%,4,3,, - ,1,2,,1, - ,0.00%,, - , - 
P860252,P86025,혜성모바일,인천,동구,창영동,인천광역시 동구 샛골로73번길 4,D13622,MD대리점,중복점,25%,4,1,, - , - ,1,, - , - ,0.00%,, - , - 
P862011,P86201,(주)친절한폰가게,경기,고양시 일산서구,덕이동,경기도 고양시 일산서구 하이파크3로78번길 1,D13357,가능대리점,수도권_전속,100%,4,4,,1,1,2,, - ,1,100.00%,, - , - 
P862401,P86240,그레이스 모바일 엘,서울,서초구,서초동,서울특별시 서초구 서초대로 334,D13858,새서울대리점,수도권_전속,100%,4,4,,2,1,1,,1, - ,0.00%,, - , - 
P862861,P86286,원주텔레콤,강원,원주시,개운동,강원 원주시 치악로 1796,D13951,강남스타대리점,수도권_전속,100%,4,4,, - ,3,1,,2,1,33.30%,, - ,1
P862891,P86289,월드텔레콤,서울,성북구,장위동,서울특별시성북구월계로40길7,D15146,PS&M,PS_전속,100%,4,4,, - ,1,3,,1, - ,0.00%,, - , - 
P870611,P87061,주식회사 글로벌인베스트,경기,과천시,별양동,경기도 과천시 별양상가1로 25,D13827,지은대리점,중복점,50%,4,2,, - , - ,2,, - , - ,0.00%,, - , - 
P870612,P87061,주식회사 글로벌인베스트,경기,과천시,별양동,경기도 과천시 별양상가1로 25,D15051,프리스비,중복점,50%,4,2,, - ,1,1,,1, - ,0.00%,, - , - 
P873841,P87384,YL통신,경기,고양시 일산서구,주엽동,경기도 고양시 일산서구 중앙로 1456,D13952,참스타대리점,중복점,75%,4,3,, - , - ,3,, - , - ,0.00%,, - , - 
P873842,P87384,YL통신,경기,고양시 일산서구,주엽동,경기도 고양시 일산서구 중앙로 1456,D15146,PS&M,중복점,25%,4,1,, - ,1, - ,,1, - ,0.00%,, - , - 
P875581,P87558,대로텔레콤,서울,강서구,공항동,서울특별시 강서구 공항대로 28,D15121,CD대리점,수도권_전속,100%,4,4,, - ,3,1,,3, - ,0.00%,, - , - 
P877721,P87772,신정보통신뚝방,서울,중랑구,묵동,서울특별시중랑구중랑역로207,D15146,PS&M,PS_전속,100%,4,4,, - , - ,4,, - , - ,0.00%,, - , - 
P880811,P88081,행복텔레콤,인천,동구,송림동,인천광역시 동구 샛골로 160-1,D13469,코넥,수도권_전속,100%,4,4,,1,3, - ,,3, - ,0.00%,, - ,1
P890311,P89031,형제통신,경기,용인시 기흥구,상갈동,경기도 용인시 기흥구 금화로 101,D15146,PS&M,PS_전속,100%,4,4,,2,1,1,,1, - ,0.00%,, - , - 
P892421,P89242,비젼&드림(만리점),서울,용산구,서계동,서울특별시용산구효창원로271,D15146,PS&M,중복점,75%,4,3,, - , - ,3,, - , - ,0.00%,, - , - 
P892422,P89242,비젼&드림(만리점),서울,용산구,서계동,서울특별시용산구효창원로271,D14746,유원대리점,중복점,25%,4,1,, - , - ,1,, - , - ,0.00%,, - , - 
P893151,P89315,stp company,서울,동대문구,장안동,서울특별시동대문구천호대로77길94,D15146,PS&M,PS_전속,100%,4,4,, - , - ,4,, - , - ,0.00%,, - , - 
P915111,P91511,행복한모바일,인천,계양구,임학동,인천광역시 계양구 계양산로 214,D15117,알파대리점,수도권_전속,100%,4,4,, - ,1,3,, - ,1,100.00%,, - , - 
P921731,P92173,한길텔레콤,서울,강남구,신사동,서울특별시강남구도산대로지하102,D15146,PS&M,PS_전속,100%,4,4,,1,1,2,,1, - ,0.00%,, - , - 
P922311,P92231,내손모바일,경기,의왕시,내손동,경기도 의왕시 내손순환로 4,D15146,PS&M,PS_전속,100%,4,4,, - , - ,4,, - , - ,0.00%,, - , - 
P924211,P92421,마석폰월드,경기,남양주시,화도읍,경기도 남양주시 화도읍 마석로 59,D15176,ACE대리점,수도권_전속,100%,4,4,, - ,2,2,,1,1,50.00%,, - , - 
P924321,P92432,여주통신,경기,여주시,하동,경기도 여주시 청심로 32,D15146,PS&M,PS_전속,100%,4,4,,1,3, - ,,3, - ,0.00%,, - , - 
P925461,P92546,가온정보통신,서울,구로구,구로동,서울특별시 구로구 새말로 97,D13225,광장대리점,수도권_전속,100%,4,4,,1, - ,3,, - , - ,0.00%,, - , - 
P926231,P92623,휴대폰성지 옆커폰 폰브라더스,강원,춘천시,퇴계동,강원춘천시퇴계로175,D15146,PS&M,PS_전속,100%,4,4,, - ,1,3,,1, - ,0.00%,, - , - 
P927221,P92722,은진텔레콤,서울,동대문구,답십리동,서울특별시 동대문구 답십리로 149-1,D13858,새서울대리점,중복점,75%,4,3,, - ,1,2,,1, - ,0.00%,, - , - 
P927222,P92722,은진텔레콤,서울,동대문구,답십리동,서울특별시 동대문구 답십리로 149-1,D15146,PS&M,중복점,25%,4,1,, - , - ,1,, - , - ,0.00%,, - , - 
P932621,P93262,H모바일,서울,강남구,대치동,서울특별시 강남구 선릉로 326,D13858,새서울대리점,중복점,75%,4,3,,1, - ,2,, - , - ,0.00%,, - , - 
P932622,P93262,H모바일,서울,강남구,대치동,서울특별시 강남구 선릉로 326,D13742,한유대리점,중복점,25%,4,1,,1, - , - ,, - , - ,0.00%,, - , - 
P936381,P93638,까페포네,인천,계양구,효성동,인천광역시 계양구 봉오대로 468,D13124,UNI대리점,수도권_전속,100%,4,4,, - ,3,1,,3, - ,0.00%,, - ,1
P936781,P93678,페리도트&휴대폰면세점,경기,안성시,석정동,경기도 안성시 중앙로372번길 26,D15121,CD대리점,중복점,50%,4,2,, - , - ,2,, - , - ,0.00%,, - , - 
P936782,P93678,페리도트&휴대폰면세점,경기,안성시,석정동,경기도 안성시 중앙로372번길 26,D13952,참스타대리점,중복점,50%,4,2,, - , - ,2,, - , - ,0.00%,, - , - 
P937751,P93775,휴대폰면세점,경기,이천시,창전동,경기도 이천시 영창로 197,D15121,CD대리점,수도권_전속,100%,4,4,,1,2,1,,2, - ,0.00%,, - , - 
P937921,P93792,PS모바일3,경기,용인시 수지구,풍덕천동,경기도 용인시 수지구 풍덕천로 130,D13952,참스타대리점,수도권_전속,100%,4,4,, - ,4, - ,,3,1,25.00%,, - ,1
P938141,P93814,반해모바일,경기,오산시,원동,경기도 오산시 대원로 17,D13357,가능대리점,중복점,75%,4,3,, - , - ,3,, - , - ,0.00%,, - , - 
P938142,P93814,반해모바일,경기,오산시,원동,경기도 오산시 대원로 17,D15051,프리스비,중복점,25%,4,1,, - , - ,1,, - , - ,0.00%,, - , - 
P942091,P94209,가나텔,경기,김포시,북변동,경기도김포시사우중로87,D15146,PS&M,PS_전속,100%,4,4,, - , - ,4,, - , - ,0.00%,, - , - 
P945771,P94577,휴대폰성지세모폰부천잼존프라자,경기,부천시 원미구,심곡동,"경기 부천시 부일로 468,",D15121,CD대리점,수도권_전속,100%,4,4,,1, - ,3,, - , - ,0.00%,, - , - 
P949321,P94932,이지통신,서울,서대문구,연희동,서울특별시 서대문구 연희로 119,F13586,신도SDR,중복점,75%,4,3,, - ,1,2,,1, - ,0.00%,, - , - 
P949322,P94932,이지통신,서울,서대문구,연희동,서울특별시 서대문구 연희로 119,D13546,ACT대리점,중복점,25%,4,1,, - , - ,1,, - , - ,0.00%,, - , - 
P952861,P95286,메이드통신,강원,원주시,중앙동,강원 원주시 중앙로 127,D13951,강남스타대리점,중복점,75%,4,3,, - ,2,1,,2, - ,0.00%,, - , - 
P952862,P95286,메이드통신,강원,원주시,중앙동,강원 원주시 중앙로 127,D13742,한유대리점,중복점,25%,4,1,, - , - ,1,, - , - ,0.00%,, - , - 
P954441,P95444,스마트k,서울,노원구,공릉동,서울특별시 노원구 동일로 986,D13858,새서울대리점,중복점,75%,4,3,, - , - ,3,, - , - ,0.00%,, - , - 
P954442,P95444,스마트k,서울,노원구,공릉동,서울특별시 노원구 동일로 986,F13586,신도SDR,중복점,25%,4,1,, - , - ,1,, - , - ,0.00%,, - , - 
P955401,P95540,스마트정보통신,경기,남양주시,퇴계원읍,경기도 남양주시 퇴계원면 퇴계원로 37-1,D15051,프리스비,중복점,75%,4,3,,1, - ,2,, - , - ,0.00%,, - , - 
P955402,P95540,스마트정보통신,경기,남양주시,퇴계원읍,경기도 남양주시 퇴계원면 퇴계원로 37-1,D13546,ACT대리점,중복점,25%,4,1,, - ,1, - ,,1, - ,0.00%,, - , - 
P957071,P95707,VIP텔레콤,강원,춘천시,온의동,강원춘천시춘천로17번길31,D15146,PS&M,PS_전속,100%,4,4,,1,1,2,,1, - ,0.00%,, - , - 
P958571,P95857,미스터텔레콤,경기,고양시 일산동구,풍동,경기도 고양시 일산동구 숲속마을1로 76,D14342,신창대리점,중복점,50%,4,2,, - ,1,1,,1, - ,0.00%,, - ,1
P958572,P95857,미스터텔레콤,경기,고양시 일산동구,풍동,경기도 고양시 일산동구 숲속마을1로 76,D15146,PS&M,중복점,50%,4,2,, - ,1,1,,1, - ,0.00%,, - , - 
P971191,P97119,에이모바일,경기,고양시 일산동구,풍동,경기도 고양시 일산동구 숲속마을로 26,D13357,가능대리점,중복점,75%,4,3,, - ,1,2,,1, - ,0.00%,, - , - 
P971192,P97119,에이모바일,경기,고양시 일산동구,풍동,경기도 고양시 일산동구 숲속마을로 26,D15121,CD대리점,중복점,25%,4,1,, - , - ,1,, - , - ,0.00%,, - , - 
P971831,P97183,베스트모바일,경기,의정부시,민락동,경기도 의정부시 용민로 192,D15146,PS&M,중복점,75%,4,3,, - ,1,2,,1, - ,0.00%,, - , - 
P971832,P97183,베스트모바일,경기,의정부시,민락동,경기도 의정부시 용민로 192,D13546,ACT대리점,중복점,25%,4,1,,1, - , - ,, - , - ,0.00%,, - , - 
P975691,P97569,청춘대길 삼송 하나로마트점,경기,고양시 덕양구,동산동,경기도 고양시 덕양구 동송로 20,F13586,신도SDR,중복점,50%,4,2,,1, - ,1,, - , - ,0.00%,, - ,1
P975692,P97569,청춘대길 삼송 하나로마트점,경기,고양시 덕양구,동산동,경기도 고양시 덕양구 동송로 20,D13124,UNI대리점,중복점,50%,4,2,,1, - ,1,, - , - ,0.00%,, - , - 
P976181,P97618,지안텔레콤,경기,용인시 처인구,역북동,경기도 용인시 처인구 명지로60번길 8-10,D14342,신창대리점,중복점,75%,4,3,,1,1,1,,1, - ,0.00%,, - ,1
P976182,P97618,지안텔레콤,경기,용인시 처인구,역북동,경기도 용인시 처인구 명지로60번길 8-10,D15121,CD대리점,중복점,25%,4,1,,1, - , - ,, - , - ,0.00%,, - , - 
P976981,P97698,현정보통신,경기,부천시 오정구,삼정동,경기도부천시석천로397,D15146,PS&M,PS_전속,100%,4,4,,1,2,1,,2, - ,0.00%,, - , - 
P982011,P98201,착한휴대폰,강원,삼척시,남양동,강원 삼척시 중앙로 231,D15146,PS&M,PS_전속,100%,4,4,, - ,4, - ,,3,1,25.00%,, - , - 
P983521,P98352,드루와통신,서울,동작구,대방동,서울특별시 동작구 노량진로 40,D13225,광장대리점,중복점,50%,4,2,,1,1, - ,,1, - ,0.00%,, - , - 
P983522,P98352,드루와통신,서울,동작구,대방동,서울특별시 동작구 노량진로 40,D15146,PS&M,중복점,50%,4,2,, - ,1,1,,1, - ,0.00%,, - , - 
P983571,P98357,더플레이,서울,강북구,번동,서울특별시 강북구 도봉로 366,D15146,PS&M,중복점,75%,4,3,, - ,1,2,,1, - ,0.00%,, - , - 
P983572,P98357,더플레이,서울,강북구,번동,서울특별시 강북구 도봉로 366,D13357,가능대리점,중복점,25%,4,1,, - ,1, - ,,1, - ,0.00%,, - , - 
P984021,P98402,블루모바일 경서점,인천,서구,경서동,인천광역시 서구 도요지로 25,D15051,프리스비,수도권_전속,100%,4,4,, - ,4, - ,,4, - ,0.00%,, - ,1
P991101,P99110,폰아울렛,강원,동해시,효가동,강원 동해시 효자로 687,D14746,유원대리점,중복점,50%,4,2,, - ,1,1,,1, - ,0.00%,, - , - 
P991102,P99110,폰아울렛,강원,동해시,효가동,강원 동해시 효자로 687,D15146,PS&M,중복점,50%,4,2,, - ,2, - ,,1,1,50.00%,, - , - 
P993181,P99318,알(R)통신 (별내점),경기,남양주시,별내면,경기도 남양주시 별내면 청학로68번길 9,D13225,광장대리점,수도권_전속,100%,4,4,, - , - ,4,, - , - ,0.00%,, - ,2
P994761,P99476,K&M통신 신천점,경기,시흥시,신천동,경기도 시흥시 신천로 80,D13952,참스타대리점,수도권_전속,100%,4,4,, - , - ,4,, - , - ,0.00%,, - , - 
P995681,P99568,의리텔레콤,인천,중구,운남동,인천광역시 중구 관창로4번길 24,D13952,참스타대리점,중복점,75%,4,3,, - ,2,1,,1,1,50.00%,, - , - 
P995682,P99568,의리텔레콤,인천,중구,운남동,인천광역시 중구 관창로4번길 24,D15146,PS&M,중복점,25%,4,1,, - ,1, - ,,1, - ,0.00%,, - , - 
P999181,P99918,이레행복통신,인천,미추홀구,학익동,인천광역시 미추홀구 매소홀로 436,D15146,PS&M,PS_전속,100%,4,4,, - ,1,3,, - ,1,100.00%,, - , - 
PA23891,PA2389,제이에스텔레콤,강원,홍천군,홍천읍,강원홍천군홍천읍갈마로7길2826,D15146,PS&M,PS_전속,100%,4,4,,1, - ,3,, - , - ,0.00%,, - , - 
PA27421,PA2742,티와이모바일샵,강원,양구군,양구읍,강원 양구군 양구읍 양구새싹로 27,D14746,유원대리점,중복점,75%,4,3,, - ,2,1,,2, - ,0.00%,, - , - 
PA27422,PA2742,티와이모바일샵,강원,양구군,양구읍,강원 양구군 양구읍 양구새싹로 27,D15146,PS&M,중복점,25%,4,1,, - , - ,1,, - , - ,0.00%,, - , - 
PA36511,PA3651,베스트모바일,강원,속초시,중앙동,강원 속초시 중앙로147번길 2,D14746,유원대리점,수도권_전속,100%,4,4,,1,2,1,,2, - ,0.00%,, - , - 
PA39381,PA3938,다온텔레콤,서울,동작구,상도동,서울특별시 동작구 성대로 52,D15051,프리스비,수도권_전속,100%,4,4,, - ,1,3,,1, - ,0.00%,, - , - 
PA40571,PA4057,문산도매폰,경기,파주시,문산읍,경기 파주시 문산읍 문향로 61-1,D13622,MD대리점,수도권_전속,100%,4,4,, - ,1,3,,1, - ,0.00%,, - , - 
PA41621,PA4162,원모바일,서울,금천구,시흥동,서울특별시 금천구 독산로35길 15,D15121,CD대리점,수도권_전속,100%,4,4,,1,1,2,,1, - ,0.00%,, - , - 
PA42351,PA4235,대림통신,서울,영등포구,대림동,서울특별시 영등포구 디지털로53길 15,D15157,근흥대리점,수도권_전속,100%,4,4,,2,1,1,,1, - ,0.00%,, - ,1
PA42681,PA4268,폰하나,강원,강릉시,입암동,강원강릉시성덕포남로458,D15146,PS&M,중복점,75%,4,3,, - ,2,1,,2, - ,0.00%,, - , - 
PA42682,PA4268,폰하나,강원,강릉시,입암동,강원강릉시성덕포남로458,D13952,참스타대리점,중복점,25%,4,1,, - , - ,1,, - , - ,0.00%,, - , - 
PA46291,PA4629,정선LED통신,강원,정선군,정선읍,강원정선군정선읍비봉로61,D15146,PS&M,PS_전속,100%,4,4,,1,1,2,,1, - ,0.00%,, - , - 
PA47151,PA4715,삼척휴대폰할인매장,강원,삼척시,교동,강원 삼척시 정상로 72,D15146,PS&M,PS_전속,100%,4,4,, - ,2,2,,2, - ,0.00%,, - , - 
PA50401,PA5040,대명폰,경기,오산시,갈곶동,경기도 오산시 오산로 53,D15051,프리스비,수도권_전속,100%,4,4,,1,1,2,,1, - ,0.00%,, - ,2
PA50521,PA5052,헬리오 통신,서울,송파구,가락동,서울특별시 송파구 송파대로 345,D15146,PS&M,중복점,50%,4,2,, - ,1,1,,1, - ,0.00%,, - , - 
PA50522,PA5052,헬리오 통신,서울,송파구,가락동,서울특별시 송파구 송파대로 345,D15176,ACE대리점,중복점,50%,4,2,, - ,1,1,,1, - ,0.00%,, - , - 
PA51891,PA5189,청년통신,경기,안산시 상록구,사동,경기도 안산시 상록구 석호로 170,D14746,유원대리점,수도권_전속,100%,4,4,, - ,4, - ,,2,2,50.00%,, - , - 
PA52011,PA5201,미남통신,경기,안산시 상록구,사동,경기도 안산시 상록구 석호로 179,D13542,삼보대리점,수도권_전속,100%,4,4,, - , - ,4,, - , - ,0.00%,, - , - 
PA52871,PA5287,이룸,서울,도봉구,방학동,서울특별시도봉구도당로13길49,D15146,PS&M,PS_전속,100%,4,4,, - , - ,4,, - , - ,0.00%,, - , - 
PA54051,PA5405,주식회사오션모바일 3호점,경기,안산시 단원구,고잔동,경기도 안산시 단원구 광덕대로 182,D14342,신창대리점,수도권_전속,100%,4,4,,1,1,2,, - ,1,100.00%,, - , - 
PA54811,PA5481,거창통신,서울,도봉구,도봉동,서울특별시도봉구도봉로169나길58,D15146,PS&M,PS_전속,100%,4,4,, - ,2,2,,2, - ,0.00%,, - , - 
PA59931,PA5993,썬통신,서울,성북구,장위동,서울특별시 성북구 장월로 126,D13357,가능대리점,수도권_전속,100%,4,4,, - ,3,1,,2,1,33.30%,, - , - 
PA61681,PA6168,테마이동통신,인천,서구,가좌동,인천광역시 서구 원적로 75,D13952,참스타대리점,수도권_전속,100%,4,4,, - ,2,2,,2, - ,0.00%,, - , - 
PA63791,PA6379,엠지핸드폰아울렛 기안점,경기,화성시 효행구,기안동,경기도 화성시 효행로 233,D13952,참스타대리점,수도권_전속,100%,4,4,, - ,1,3,,1, - ,0.00%,, - , - 
PA65131,PA6513,폰스쿨(해모로점),경기,광명시,광명동,경기도 광명시 광화로 14,D13858,새서울대리점,수도권_전속,100%,4,4,, - ,3,1,,2,1,33.30%,, - , - 
PA66761,PA6676,영보통신 산곡점,인천,부평구,산곡동,인천광역시 부평구 마장로 154,D14746,유원대리점,중복점,75%,4,3,, - ,2,1,,2, - ,0.00%,, - , - 
PA66762,PA6676,영보통신 산곡점,인천,부평구,산곡동,인천광역시 부평구 마장로 154,D15173,정원대리점,중복점,25%,4,1,,1, - , - ,, - , - ,0.00%,, - , - 
PA66901,PA6690,라리모바일,경기,동두천시,지행동,경기도 동두천시 동두천로 119,D15117,알파대리점,수도권_전속,100%,4,4,, - ,4, - ,,4, - ,0.00%,, - , - 
PA69071,PA6907,에이치모바일,서울,관악구,신림동,서울특별시 관악구 난곡로 83,D13124,UNI대리점,수도권_전속,100%,4,4,,1,2,1,,1,1,50.00%,, - , - 
PA71241,PA7124,새로고침모바일,경기,의정부시,호원동,경기도 의정부시 호동로 67,D13357,가능대리점,수도권_전속,100%,4,4,, - ,3,1,,3, - ,0.00%,, - , - 
PA71351,PA7135,아우성TCA,경기,용인시 기흥구,상하동,경기도용인시기흥구중부대로788번길6,D15146,PS&M,PS_전속,100%,4,4,, - ,4, - ,,4, - ,0.00%,, - , - 
PA73321,PA7332,우성텔레컴,경기,양주시,덕계동,경기도 양주시 평화로 1440,D13546,ACT대리점,수도권_전속,100%,4,4,, - ,2,2,,2, - ,0.00%,, - , - 
PA73551,PA7355,폰밴드,경기,수원시 팔달구,인계동,경기도 수원시 팔달구 세지로174번길 31-3,D15121,CD대리점,중복점,50%,4,2,,1, - ,1,, - , - ,0.00%,, - , - 
PA73552,PA7355,폰밴드,경기,수원시 팔달구,인계동,경기도 수원시 팔달구 세지로174번길 31-3,D15146,PS&M,중복점,50%,4,2,, - , - ,2,, - , - ,0.00%,, - , - 
PA76171,PA7617,샤인,경기,부천시 소사구,송내동,"경기 부천시 소사구 중동로 57,",D13952,참스타대리점,수도권_전속,100%,4,4,, - ,2,2,,2, - ,0.00%,, - , - 
PA78531,PA7853,2백점만점,서울,노원구,월계동,서울특별시 노원구 월계로45길 21,D13357,가능대리점,중복점,50%,4,2,, - , - ,2,, - , - ,0.00%,, - , - 
PA78532,PA7853,2백점만점,서울,노원구,월계동,서울특별시 노원구 월계로45길 21,D15146,PS&M,중복점,50%,4,2,, - ,2, - ,,2, - ,0.00%,, - , - 
PA79751,PA7975,휴대폰성지킹콩폰고덕아트센터점,경기,평택시,고덕동,경기도 평택시 함박산8길 35,D13965,대교대리점,수도권_전속,100%,4,4,, - ,2,2,,2, - ,0.00%,, - ,1
PA81561,PA8156,에스이통신,서울,동대문구,답십리동,서울특별시 동대문구 답십리로 166,D14342,신창대리점,수도권_전속,100%,4,4,, - , - ,4,, - , - ,0.00%,, - , - 
PA82351,PA8235,휴대폰성지 모바일샵,서울,노원구,상계동,서울특별시 노원구 상계로1길 54-4,D13357,가능대리점,수도권_전속,100%,4,4,, - ,2,2,,2, - ,0.00%,, - ,1
PA82661,PA8266,이비모바일,경기,수원시 영통구,매탄동,경기도 수원시 영통구 효원로 387,D15146,PS&M,PS_전속,100%,4,4,, - ,3,1,,3, - ,0.00%,, - , - 
PA85211,PA8521,휴대폰가게,경기,양주시,백석읍,경기도 양주시 백석읍 호명로 76,D13357,가능대리점,수도권_전속,100%,4,4,, - , - ,4,, - , - ,0.00%,, - , - 
PA88661,PA8866,시티텔레콤,서울,도봉구,창동,서울특별시 도봉구 도봉로110길 41,D13965,대교대리점,수도권_전속,100%,4,4,, - ,3,1,,3, - ,0.00%,, - , - 
PA93481,PA9348,폰닥터,경기,시흥시,배곧동,경기도 시흥시 배곧4로 99,D13965,대교대리점,수도권_전속,100%,4,4,, - ,1,3,,1, - ,0.00%,, - , - 
PA93901,PA9390,더조은폰,경기,안산시 단원구,원곡동,경기도 안산시 단원구 원곡로 40,D13542,삼보대리점,수도권_전속,100%,4,4,,1,3, - ,,3, - ,0.00%,, - , - 
PA95661,PA9566,좋은휴대폰많은집,경기,용인시 처인구,이동읍,경기도용인시처인구이동읍경기동로687번길20,D15146,PS&M,PS_전속,100%,4,4,, - ,2,2,,2, - ,0.00%,, - , - 
PA96071,PA9607,도담모바일,인천,미추홀구,주안동,인천광역시 미추홀구 경원대로 737,D13622,MD대리점,수도권_전속,100%,4,4,,1, - ,3,, - , - ,0.00%,, - , - 
PA98471,PA9847,다판다모바일,인천,남동구,서창동,인천광역시 남동구 서창남순환로 60,D13952,참스타대리점,수도권_전속,100%,4,4,, - , - ,4,, - , - ,0.00%,, - , - 
PA99541,PA9954,휴대폰성지세모폰목동1단지점,서울,양천구,목동,서울특별시 양천구 목동서로 37,D15121,CD대리점,수도권_전속,100%,4,4,, - , - ,4,, - , - ,0.00%,, - , - 
PC01371,PC0137,선단중앙통신,경기,포천시,선단동,경기도 포천시 호국로 994,D13858,새서울대리점,수도권_전속,100%,4,4,,1,3, - ,,3, - ,0.00%,, - , - 
PC03111,PC0311,연세통신 은행점,경기,성남시 중원구,은행동,경기도 성남시 중원구 산성대로 490,D13742,한유대리점,중복점,75%,4,3,, - , - ,3,, - , - ,0.00%,, - , - 
PC03112,PC0311,연세통신 은행점,경기,성남시 중원구,은행동,경기도 성남시 중원구 산성대로 490,D15146,PS&M,중복점,25%,4,1,, - , - ,1,, - , - ,0.00%,, - , - 
PC07211,PC0721,와이지모바일,경기,안산시 상록구,월피동,경기도안산시상록구광덕산2로38,D15146,PS&M,PS_전속,100%,4,4,, - ,3,1,,3, - ,0.00%,, - , - 
PC08491,PC0849,대박통신위례점,경기,성남시 수정구,양지동,경기도 성남시 수정구 산성대로 529,D13858,새서울대리점,수도권_전속,100%,4,4,, - ,2,2,,2, - ,0.00%,, - , - 
PC09681,PC0968,이한텔레콤,강원,속초시,조양동,강원 속초시 조양로 181,D13952,참스타대리점,중복점,75%,4,3,, - , - ,3,, - , - ,0.00%,, - , - 
PC09682,PC0968,이한텔레콤,강원,속초시,조양동,강원 속초시 조양로 181,D14746,유원대리점,중복점,25%,4,1,,1, - , - ,, - , - ,0.00%,, - , - 
PC12971,PC1297,행운모바일,경기,화성시 만세구,향남읍,경기화성시향남읍삼천병마로207,D15146,PS&M,PS_전속,100%,4,4,, - ,4, - ,,4, - ,0.00%,, - , - 
PC15621,PC1562,엠에스통신,서울,마포구,상암동,서울특별시 마포구 월드컵북로 396,D14746,유원대리점,수도권_전속,100%,4,4,, - ,1,3,,1, - ,0.00%,, - ,1
PC17771,PC1777,주식회사 폰마트 갈마점,강원,홍천군,홍천읍,강원 홍천군 홍천읍 공작산로 37,D13742,한유대리점,수도권_전속,100%,4,4,, - ,2,2,,1,1,50.00%,, - , - 
PC18561,PC1856,폰매니저,경기,양평군,양평읍,경기도 양평군 양평읍 양평시장길 14-2,D15146,PS&M,PS_전속,100%,4,4,,1, - ,3,, - , - ,0.00%,, - , - 
PC22231,PC2223,수지휴대폰성지 창고형핸드폰,경기,용인시 수지구,풍덕천동,경기도용인시수지구풍덕천로149,D15146,PS&M,PS_전속,100%,4,4,, - , - ,4,, - , - ,0.00%,, - , - 
PC23161,PC2316,주식회사폰마트만천점,강원,춘천시,동면,강원 춘천시 동면 만천로 51,D15146,PS&M,중복점,75%,4,3,, - ,2,1,,2, - ,0.00%,, - , - 
PC23162,PC2316,주식회사폰마트만천점,강원,춘천시,동면,강원 춘천시 동면 만천로 51,D13742,한유대리점,중복점,25%,4,1,, - ,1, - ,, - ,1,100.00%,, - , - 
PC24691,PC2469,주식회사 씨씨클라쓰,경기,안양시 만안구,안양동,경기도 안양시 만안구 만안로 210,D13827,지은대리점,수도권_전속,100%,4,4,, - , - ,4,, - , - ,0.00%,, - , - 
PC25861,PC2586,프라임모바일,서울,마포구,창전동,서울특별시 마포구 서강로 55,D13225,광장대리점,수도권_전속,100%,4,4,, - ,1,3,,1, - ,0.00%,, - ,1
PC26421,PC2642,휴대폰성지 동삭폰,경기,평택시,동삭동,경기도 평택시 상서재로 50,D13827,지은대리점,중복점,75%,4,3,, - ,1,2,,1, - ,0.00%,, - , - 
PC26422,PC2642,휴대폰성지 동삭폰,경기,평택시,동삭동,경기도 평택시 상서재로 50,D13469,코넥,중복점,25%,4,1,,1, - , - ,, - , - ,0.00%,, - , - 
PC26581,PC2658,영원oa통신,서울,성동구,행당동,서울특별시 성동구 왕십리광장로 17,D15051,프리스비,수도권_전속,100%,4,4,, - ,3,1,,3, - ,0.00%,, - , - 
PC37761,PC3776,와이에스 통신,경기,성남시 수정구,신흥동,경기도 성남시 수정구 수정로 287,D15146,PS&M,PS_전속,100%,4,4,, - ,1,3,,1, - ,0.00%,, - , - 
PC38361,PC3836,레드정보통신,서울,도봉구,방학동,서울특별시 도봉구 도당로 79,D14342,신창대리점,수도권_전속,100%,4,4,, - ,2,2,,2, - ,0.00%,, - ,2
PC41971,PC4197,선양모바일,경기,안산시 상록구,월피동,경기도 안산시 상록구 월피로 50,D14342,신창대리점,수도권_전속,100%,4,4,, - , - ,4,, - , - ,0.00%,, - , - 
PC45361,PC4536,수원휴대폰성지세잎클로버정자동,경기,수원시 장안구,정자동,경기도 수원시 장안구 이목로 24-9,D15051,프리스비,중복점,75%,4,3,, - ,2,1,,2, - ,0.00%,, - , - 
PC45362,PC4536,수원휴대폰성지세잎클로버정자동,경기,수원시 장안구,정자동,경기도 수원시 장안구 이목로 24-9,D15146,PS&M,중복점,25%,4,1,, - , - ,1,, - , - ,0.00%,, - , - 
PC45831,PC4583,모바일면세점 주식회사,경기,평택시,평택동,경기도 평택시 평택로 35,D15121,CD대리점,수도권_전속,100%,4,4,, - ,3,1,,2,1,33.30%,, - , - 
PC48571,PC4857,은혜이동통신,강원,속초시,교동,강원 속초시 동해대로 4236,D13952,참스타대리점,중복점,75%,4,3,, - , - ,3,, - , - ,0.00%,, - , - 
PC48572,PC4857,은혜이동통신,강원,속초시,교동,강원 속초시 동해대로 4236,D18211,군인공제회대리점,중복점,25%,4,1,, - , - ,1,, - , - ,0.00%,, - , - 
PC51571,PC5157,어진모바일,경기,구리시,갈매동,경기도 구리시 경춘북로 252,D15173,정원대리점,수도권_전속,100%,4,4,, - ,4, - ,,4, - ,0.00%,, - ,1
PC51861,PC5186,시흥휴대폰성지 판다폰 목감점,경기,시흥시,산현동,경기도 시흥시 목감남서로 92-12,D13827,지은대리점,수도권_전속,100%,4,4,, - , - ,4,, - , - ,0.00%,, - ,1
PC54311,PC5431,창조텔레콤,강원,춘천시,퇴계동,강원춘천시안마산로189,D15146,PS&M,PS_전속,100%,4,4,, - ,2,2,,1,1,50.00%,, - , - 
PC59331,PC5933,휴대폰아울렛,경기,광주시,초월읍,경기도 광주시 초월읍 현산로 91,D14674,서울ent대리점,중복점,50%,4,2,, - , - ,2,, - , - ,0.00%,, - , - 
PC59332,PC5933,휴대폰아울렛,경기,광주시,초월읍,경기도 광주시 초월읍 현산로 91,D15146,PS&M,중복점,50%,4,2,,1,1, - ,,1, - ,0.00%,, - , - 
PC63821,PC6382,주민텔레콤,경기,김포시,풍무동,경기도 김포시 유현로238번길 26,D15146,PS&M,중복점,50%,4,2,, - , - ,2,, - , - ,0.00%,, - , - 
PC63822,PC6382,주민텔레콤,경기,김포시,풍무동,경기도 김포시 유현로238번길 26,D13952,참스타대리점,중복점,50%,4,2,,1, - ,1,, - , - ,0.00%,, - ,1
PC65231,PC6523,호금통신,경기,남양주시,화도읍,경기도남양주시화도읍마석중앙로661,D15146,PS&M,PS_전속,100%,4,4,, - ,2,2,,1,1,50.00%,, - , - 
PC66071,PC6607,모리모바일,서울,양천구,목동,서울특별시 양천구 목동동로12길 53,D14342,신창대리점,중복점,75%,4,3,, - , - ,3,, - , - ,0.00%,, - , - 
PC66072,PC6607,모리모바일,서울,양천구,목동,서울특별시 양천구 목동동로12길 53,D13546,ACT대리점,중복점,25%,4,1,, - , - ,1,, - , - ,0.00%,, - , - 
PC66871,PC6687,휴대폰성지 옆커폰 문막점,강원,원주시,문막읍,강원원주시문막읍건등리,D15146,PS&M,PS_전속,100%,4,4,,1,1,2,,1, - ,0.00%,, - , - 
PC67911,PC6791,케이(K)모바일,경기,안양시 만안구,안양동,경기도 안양시 만안구 안양로329번길 81,D13965,대교대리점,수도권_전속,100%,4,4,, - ,4, - ,,4, - ,0.00%,, - , - 
PC68641,PC6864,프라임정보통신,경기,안산시 상록구,건건동,경기도 안산시 상록구 건건로 28,D13469,코넥,수도권_전속,100%,4,4,,1, - ,3,, - , - ,0.00%,, - , - 
PC69351,PC6935,피케이텔레콤,경기,용인시 기흥구,보라동,경기도 용인시 기흥구 한보라1로 5,D13827,지은대리점,수도권_전속,100%,4,4,,1,1,2,,1, - ,0.00%,, - , - 
PC70451,PC7045,총각통신,강원,영월군,영월읍,강원영월군영월읍중앙로251,D15146,PS&M,PS_전속,100%,4,4,,2,1,1,,1, - ,0.00%,, - , - 
PC72251,PC7225,웨일모바일 별내2호점,경기,남양주시,별내동,경기도 남양주시 별내3로 334,D15121,CD대리점,수도권_전속,100%,4,4,,1,2,1,,2, - ,0.00%,, - , - 
PC73791,PC7379,휴대폰성지 킹콩폰 동삭점,경기,평택시,동삭동,경기도 평택시 지제동삭2로 181-26,D13965,대교대리점,수도권_전속,100%,4,4,, - ,1,3,,1, - ,0.00%,, - ,1
PC73931,PC7393,휴대폰성지 옆커폰 군포산본점,경기,군포시,산본동,경기도군포시금산로65,D15146,PS&M,PS_전속,100%,4,4,, - , - ,4,, - , - ,0.00%,, - , - 
PC75431,PC7543,수글로벌 발안점,경기,화성시 만세구,향남읍,경기도 화성시 향남읍 3.1만세로 1101-1,D15146,PS&M,PS_전속,100%,4,4,, - ,4, - ,,1,3,75.00%,, - , - 
PC80091,PC8009,피엘모바일,서울,은평구,진관동,서울특별시 은평구 진관3로 70,D15146,PS&M,중복점,50%,4,2,,1,1, - ,,1, - ,0.00%,, - , - 
PC80092,PC8009,피엘모바일,서울,은평구,진관동,서울특별시 은평구 진관3로 70,D14342,신창대리점,중복점,50%,4,2,, - , - ,2,, - , - ,0.00%,, - , - 
PC80901,PC8090,동반텔콤,경기,안양시 만안구,박달동,경기도 안양시 만안구 박달로 499,D15121,CD대리점,중복점,50%,4,2,, - ,1,1,,1, - ,0.00%,, - , - 
PC80902,PC8090,동반텔콤,경기,안양시 만안구,박달동,경기도 안양시 만안구 박달로 499,D13965,대교대리점,중복점,25%,4,1,, - ,1, - ,,1, - ,0.00%,, - ,1
PC80903,PC8090,동반텔콤,경기,안양시 만안구,박달동,경기도 안양시 만안구 박달로 499,D15146,PS&M,중복점,25%,4,1,, - ,1, - ,,1, - ,0.00%,, - , - 
PC82341,PC8234,폰마켓,서울,강서구,등촌동,서울특별시 강서구 등촌로13길 10,D15051,프리스비,수도권_전속,100%,4,4,, - ,2,2,,1,1,50.00%,, - , - 
PC82611,PC8261,에이치에스모바일,서울,노원구,중계동,서울특별시 노원구 한글비석로22길 26,D15176,ACE대리점,중복점,75%,4,3,, - , - ,3,, - , - ,0.00%,, - , - 
PC82612,PC8261,에이치에스모바일,서울,노원구,중계동,서울특별시 노원구 한글비석로22길 26,D15146,PS&M,중복점,25%,4,1,, - , - ,1,, - , - ,0.00%,, - , - 
PC83351,PC8335,케이에스엠,서울,종로구,숭인동,서울특별시 종로구 종로 411-1,D14342,신창대리점,수도권_전속,100%,4,4,,1,1,2,,1, - ,0.00%,, - , - 
PC89041,PC8904,총각통신,경기,시흥시,정왕동,경기도 시흥시 정왕천로411번길 20,D13225,광장대리점,수도권_전속,100%,4,4,,3, - ,1,, - , - ,0.00%,, - , - 
PC90011,PC9001,휴대폰성지 창동역점,서울,도봉구,창동,서울특별시 도봉구 노해로63다길 13,D13225,광장대리점,중복점,75%,4,3,, - , - ,3,, - , - ,0.00%,, - ,1
PC90012,PC9001,휴대폰성지 창동역점,서울,도봉구,창동,서울특별시 도봉구 노해로63다길 13,D15117,알파대리점,중복점,25%,4,1,, - , - ,1,, - , - ,0.00%,, - , - 
PC90691,PC9069,프렌즈 모바일,서울,광진구,구의동,서울특별시 광진구 광나루로56길 85,D13357,가능대리점,수도권_전속,100%,4,4,,2, - ,2,, - , - ,0.00%,, - , - 
PC91271,PC9127,나눔통신,경기,남양주시,화도읍,경기도남양주시화도읍경춘로1992,D15146,PS&M,PS_전속,100%,4,4,, - ,1,3,,1, - ,0.00%,, - , - 
PC93021,PC9302,안중폰2,경기,평택시,안중읍,경기도 평택시 안중읍 안현로서6길 72,D15146,PS&M,중복점,50%,4,2,, - ,1,1,,1, - ,0.00%,, - , - 
PC93022,PC9302,안중폰2,경기,평택시,안중읍,경기도 평택시 안중읍 안현로서6길 72,D13827,지은대리점,중복점,50%,4,2,, - ,1,1,,1, - ,0.00%,, - , - 
PC94101,PC9410,구파발점 YL통신,서울,은평구,진관동,서울특별시 은평구 통일로 1034,D13952,참스타대리점,중복점,75%,4,3,, - ,2,1,, - ,2,100.00%,, - , - 
PC94102,PC9410,구파발점 YL통신,서울,은평구,진관동,서울특별시 은평구 통일로 1034,D15146,PS&M,중복점,25%,4,1,, - , - ,1,, - , - ,0.00%,, - , - 
PC94921,PC9492,원탑모바일,경기,김포시,풍무동,경기도김포시풍무로97,D15146,PS&M,PS_전속,100%,4,4,, - ,2,2,,2, - ,0.00%,, - , - 
PC94981,PC9498,아이씨(IC)모바일,경기,고양시 일산동구,풍동,경기도 고양시 일산동구 숲속마을로 26,D13622,MD대리점,수도권_전속,100%,4,4,,1, - ,3,, - , - ,0.00%,, - , - 
PC95041,PC9504,양지다비모바일,경기,용인시 처인구,양지읍,경기도 용인시 처인구 양지면 양지로 142,D13546,ACT대리점,수도권_전속,100%,4,4,, - ,1,3,,1, - ,0.00%,, - , - 
PC96981,PC9698,폰마켓,강원,강릉시,주문진읍,"강원 강릉시 주문진읍 장성로 48,",D13952,참스타대리점,중복점,75%,4,3,,1,1,1,,1, - ,0.00%,, - , - 
PC96982,PC9698,폰마켓,강원,강릉시,주문진읍,"강원 강릉시 주문진읍 장성로 48,",D15146,PS&M,중복점,25%,4,1,,1, - , - ,, - , - ,0.00%,, - , - 
PC97371,PC9737,원텔레콤,경기,포천시,소흘읍,경기도 포천시 소흘읍 솔모루로 76,D14342,신창대리점,수도권_전속,100%,4,4,,1,1,2,,1, - ,0.00%,, - , - 
PC97631,PC9763,럭키모바일 이슈점,경기,수원시 장안구,율전동,경기도 수원시 장안구 서부로 2139,D13622,MD대리점,수도권_전속,100%,4,4,, - , - ,4,, - , - ,0.00%,, - , - 
PC98361,PC9836,주식회사 나우이공이,경기,평택시,청북읍,경기도 평택시 청북읍 안청로2길 33-36,D13469,코넥,수도권_전속,100%,4,4,, - ,1,3,,1, - ,0.00%,, - , - 
PC99001,PC9900,현이통신,서울,구로구,구로동,서울특별시 구로구 구로동로 118-2,D15121,CD대리점,수도권_전속,100%,4,4,,4, - , - ,, - , - ,0.00%,, - , - 
PC99891,PC9989,휴대폰다이렉트,경기,평택시,청북읍,경기도 평택시 청북읍 안청로 340,D13542,삼보대리점,중복점,75%,4,3,,1, - ,2,, - , - ,0.00%,, - , - 
PC99892,PC9989,휴대폰다이렉트,경기,평택시,청북읍,경기도 평택시 청북읍 안청로 340,D13742,한유대리점,중복점,25%,4,1,, - , - ,1,, - , - ,0.00%,, - , - 
PE02831,PE0283,휴대폰의모든것청춘대길이수점,서울,동작구,사당동,서울특별시 동작구 동작대로29길 110,F13586,신도SDR,중복점,50%,4,2,, - ,1,1,, - ,1,100.00%,, - , - 
PE02832,PE0283,휴대폰의모든것청춘대길이수점,서울,동작구,사당동,서울특별시 동작구 동작대로29길 110,D13124,UNI대리점,중복점,50%,4,2,, - ,1,1,,1, - ,0.00%,, - , - 
PE03391,PE0339,레인보우통신,경기,포천시,신읍동,경기도포천시중앙로119번길8,D15146,PS&M,PS_전속,100%,4,4,, - ,1,3,,1, - ,0.00%,, - , - 
PE04851,PE0485,지은정보통신,인천,서구,마전동,인천광역시 서구 검단로623번길 7,D15146,PS&M,PS_전속,100%,4,4,,1,1,2,,1, - ,0.00%,, - , - 
PE05811,PE0581,이엘코리아,경기,군포시,산본동,"경기 군포시 번영로 505,",D13965,대교대리점,수도권_전속,100%,4,4,, - , - ,4,, - , - ,0.00%,, - , - 
PE06891,PE0689,영산업,경기,군포시,산본동,경기도 군포시 산본천로 62,D13827,지은대리점,수도권_전속,100%,4,4,, - , - ,4,, - , - ,0.00%,, - , - 
PE06991,PE0699,지환모바일,인천,미추홀구,용현동,인천광역시 미추홀구 용정공원로 33,D13827,지은대리점,수도권_전속,100%,4,4,,1, - ,3,, - , - ,0.00%,, - , - 
PE08981,PE0898,제이컴퍼니,서울,마포구,염리동,서울특별시 마포구 백범로 113-1,D13858,새서울대리점,중복점,75%,4,3,, - ,2,1,,1,1,50.00%,, - , - 
PE08982,PE0898,제이컴퍼니,서울,마포구,염리동,서울특별시 마포구 백범로 113-1,D15146,PS&M,중복점,25%,4,1,, - , - ,1,, - , - ,0.00%,, - , - 
PE11641,PE1164,휴대폰성지 정직폰 금천점,서울,금천구,가산동,서울특별시 금천구 가산디지털1로 226,D13622,MD대리점,수도권_전속,100%,4,4,, - ,1,3,,1, - ,0.00%,, - , - 
PE12211,PE1221,의정부휴대폰성지,경기,의정부시,민락동,경기도 의정부시 오목로225번길 147,D14342,신창대리점,수도권_전속,100%,4,4,,1, - ,3,, - , - ,0.00%,, - , - 
PE13441,PE1344,스마트통신,강원,속초시,조양동,강원특별자치도속초시동해대로4161,D15146,PS&M,PS_전속,100%,4,4,, - ,2,2,,2, - ,0.00%,, - , - 
PE13521,PE1352,선봉모바일 7호점,경기,부천시 소사구,소사본동,경기도 부천시 은성로 76,D15117,알파대리점,중복점,75%,4,3,, - , - ,3,, - , - ,0.00%,, - ,1
PE13522,PE1352,선봉모바일 7호점,경기,부천시 소사구,소사본동,경기도 부천시 은성로 76,D13951,강남스타대리점,중복점,25%,4,1,, - , - ,1,, - , - ,0.00%,, - , - 
PE14451,PE1445,하안,경기,의정부시,민락동,경기도 의정부시 천보로 14,D15121,CD대리점,수도권_전속,100%,4,4,, - ,3,1,,2,1,33.30%,, - ,1
PE14581,PE1458,모바일J&S,경기,고양시 일산동구,식사동,경기도 고양시 일산동구 위시티로 67,D14746,유원대리점,수도권_전속,100%,4,4,, - ,2,2,,2, - ,0.00%,, - ,1
PE15711,PE1571,길상휴대폰,인천,강화군,길상면,인천광역시 강화군 길상면 온수길52번길 3,D13124,UNI대리점,중복점,75%,4,3,,1,1,1,,1, - ,0.00%,, - , - 
PE15712,PE1571,길상휴대폰,인천,강화군,길상면,인천광역시 강화군 길상면 온수길52번길 3,D15146,PS&M,중복점,25%,4,1,, - , - ,1,, - , - ,0.00%,, - , - 
PE18521,PE1852,통일핸드폰,인천,부평구,부평동,인천광역시 부평구 광장로 지하30,D15051,프리스비,수도권_전속,100%,4,4,, - , - ,4,, - , - ,0.00%,, - ,1
PE18681,PE1868,에스와이모바일 탄현점,경기,고양시 일산서구,탄현동,경기도고양시일산서구일현로67,D15146,PS&M,PS_전속,100%,4,4,,1,2,1,,1,1,50.00%,, - , - 
PE18761,PE1876,최강통신,서울,송파구,문정동,서울특별시 송파구 충민로 66,D15051,프리스비,중복점,50%,4,2,, - , - ,2,, - , - ,0.00%,, - , - 
PE18762,PE1876,최강통신,서울,송파구,문정동,서울특별시 송파구 충민로 66,D13357,가능대리점,중복점,50%,4,2,, - ,1,1,,1, - ,0.00%,, - , - 
PE20371,PE2037,솜모바일,서울,광진구,중곡동,서울특별시 광진구 용마산로 163,D13542,삼보대리점,중복점,50%,4,2,, - , - ,2,, - , - ,0.00%,, - ,1
PE20372,PE2037,솜모바일,서울,광진구,중곡동,서울특별시 광진구 용마산로 163,D13965,대교대리점,중복점,50%,4,2,, - ,2, - ,,1,1,50.00%,, - , - 
PE25271,PE2527,통큰통신 휴대폰성지 송파점,서울,송파구,오금동,서울특별시 송파구 마천로 68,D13965,대교대리점,수도권_전속,100%,4,4,, - , - ,4,, - , - ,0.00%,, - , - 
PE25981,PE2598,국대휴대폰성지,서울,영등포구,영등포동7가,서울특별시 영등포구 국회대로 646,D14342,신창대리점,중복점,75%,4,3,, - ,1,2,,1, - ,0.00%,, - , - 
PE25982,PE2598,국대휴대폰성지,서울,영등포구,영등포동7가,서울특별시 영등포구 국회대로 646,D15146,PS&M,중복점,25%,4,1,, - , - ,1,, - , - ,0.00%,, - , - 
PE28671,PE2867,휴대폰상점,경기,용인시 수지구,상현동,경기도 용인시 수지구 만현로 100,D15146,PS&M,PS_전속,100%,4,4,, - ,4, - ,,4, - ,0.00%,, - , - 
PE29751,PE2975,주식회사와이에이부평점,인천,부평구,부평동,인천광역시 부평구 부평대로20번길 2,D13827,지은대리점,수도권_전속,100%,4,4,,2,1,1,,1, - ,0.00%,, - , - 
PE30321,PE3032,다온,경기,광명시,소하동,경기도 광명시 오리로 352,D13546,ACT대리점,수도권_전속,100%,4,4,, - ,3,1,,2,1,33.30%,, - , - 
PE30981,PE3098,화천통신,강원,화천군,화천읍,강원특별자치도 화천군 화천읍 중앙로 3,D15146,PS&M,PS_전속,100%,4,4,,1,1,2,,1, - ,0.00%,, - , - 
PE31731,PE3173,주식회사 우수정보통신,경기,김포시,풍무동,경기도 김포시 풍무로96번길 8,D13546,ACT대리점,수도권_전속,100%,4,4,,1,1,2,,1, - ,0.00%,, - ,2
PE31861,PE3186,주식회사 비티에프(하동지점),경기,여주시,하동,경기도 여주시 우암로 50,D13622,MD대리점,중복점,50%,4,2,, - ,1,1,,1, - ,0.00%,, - , - 
PE31862,PE3186,주식회사 비티에프(하동지점),경기,여주시,하동,경기도 여주시 우암로 50,D13542,삼보대리점,중복점,50%,4,2,,1,1, - ,,1, - ,0.00%,, - , - 
PE32881,PE3288,벤틀리 통신,서울,강동구,명일동,서울특별시강동구고덕로262,D15146,PS&M,PS_전속,100%,4,4,,1,1,2,, - ,1,100.00%,, - , - 
PE33311,PE3331,스마트폰면세점 마평점,경기,용인시 처인구,마평동,경기도 용인시 처인구 금령로 129,D13827,지은대리점,수도권_전속,100%,4,4,, - ,2,2,,1,1,50.00%,, - , - 
PE36351,PE3635,휴대폰멀티샵 진사점,경기,안성시,공도읍,경기도 안성시 공도읍 서동대로 3874,D13827,지은대리점,중복점,50%,4,2,,1, - ,1,, - , - ,0.00%,, - , - 
PE36352,PE3635,휴대폰멀티샵 진사점,경기,안성시,공도읍,경기도 안성시 공도읍 서동대로 3874,D13542,삼보대리점,중복점,50%,4,2,, - ,2, - ,,2, - ,0.00%,, - ,1
PE37661,PE3766,휴대폰성지 폰통령 양주,경기,양주시,옥정동,경기도 양주시 옥정로6길 18,D13827,지은대리점,중복점,50%,4,2,, - ,1,1,,1, - ,0.00%,, - , - 
PE37662,PE3766,휴대폰성지 폰통령 양주,경기,양주시,옥정동,경기도 양주시 옥정로6길 18,D13357,가능대리점,중복점,50%,4,2,, - , - ,2,, - , - ,0.00%,, - , - 
PE37681,PE3768,주식회사 매직모바일,인천,중구,인현동,인천광역시 중구 우현로 77,D15146,PS&M,PS_전속,100%,4,4,,1,2,1,,2, - ,0.00%,, - , - 
PE40351,PE4035,휴대폰성지,서울,광진구,중곡동,서울특별시 광진구 용마산로 58,D14674,서울ent대리점,수도권_전속,100%,4,4,, - ,2,2,,2, - ,0.00%,, - , - 
PE41191,PE4119,휴대폰성지 도매폰,경기,시흥시,정왕동,경기도 시흥시 중심상가로 178,D13622,MD대리점,중복점,50%,4,2,, - ,1,1,,1, - ,0.00%,, - , - 
PE41192,PE4119,휴대폰성지 도매폰,경기,시흥시,정왕동,경기도 시흥시 중심상가로 178,D13827,지은대리점,중복점,50%,4,2,, - , - ,2,, - , - ,0.00%,, - , - 
PE41301,PE4130,위너 TFK 중동점,경기,부천시 원미구,중동,경기도 부천시 원미구 조마루로297번길 61,D13965,대교대리점,수도권_전속,100%,4,4,,3,1, - ,, - ,1,100.00%,, - , - 
PE41551,PE4155,스마일업,경기,고양시 일산서구,덕이동,경기도 고양시 일산서구 하이파크2로 40,D13827,지은대리점,수도권_전속,100%,4,4,, - ,2,2,,2, - ,0.00%,, - , - 
PE41561,PE4156,비티에프(용인지점),경기,용인시 처인구,삼가동,경기도 용인시 처인구 중부대로 1136,D13542,삼보대리점,중복점,50%,4,2,, - , - ,2,, - , - ,0.00%,, - , - 
PE41562,PE4156,비티에프(용인지점),경기,용인시 처인구,삼가동,경기도 용인시 처인구 중부대로 1136,D13622,MD대리점,중복점,50%,4,2,, - ,2, - ,,2, - ,0.00%,, - , - 
PE41721,PE4172,드림커뮤니케이션,강원,동해시,쇄운동,강원특별자치도 동해시 청운1길 47,D14746,유원대리점,수도권_전속,100%,4,4,, - ,2,2,,2, - ,0.00%,, - , - 
PE41921,PE4192,마이WAY,경기,용인시 수지구,죽전동,경기도용인시수지구정든로6번길2,D15146,PS&M,PS_전속,100%,4,4,,1,2,1,,2, - ,0.00%,, - , - 
PE42641,PE4264,휴대폰성지KR모바일송도글캠점,인천,연수구,송도동,인천광역시 연수구 송도문화로28번길 28,D13965,대교대리점,수도권_전속,100%,4,4,, - ,1,3,,1, - ,0.00%,, - , - 
PE43641,PE4364,주식회사 폰톡,경기,성남시 수정구,창곡동,경기도 성남시 수정구 위례순환로 130,D15176,ACE대리점,수도권_전속,100%,4,4,,1,2,1,,1,1,50.00%,, - , - 
PE44281,PE4428,수원 인계,경기,수원시 팔달구,인계동,경기도 수원시 팔달구 인계로 72,D15146,PS&M,중복점,75%,4,3,, - ,1,2,,1, - ,0.00%,, - , - 
PE44282,PE4428,수원 인계,경기,수원시 팔달구,인계동,경기도 수원시 팔달구 인계로 72,D14342,신창대리점,중복점,25%,4,1,,1, - , - ,, - , - ,0.00%,, - , - 
PE45881,PE4588,휴대폰성지 판다폰(은계점),경기,시흥시,은행동,경기도 시흥시 은계남로 12,D13827,지은대리점,수도권_전속,100%,4,4,, - , - ,4,, - , - ,0.00%,, - , - 
PE47381,PE4738,루하이모바일,경기,남양주시,화도읍,경기도 남양주시 화도읍 마석로 25,D15176,ACE대리점,수도권_전속,100%,4,4,, - ,3,1,,3, - ,0.00%,, - , - 
PE47571,PE4757,휴대폰성지 폰통령 진접,경기,남양주시,진접읍,경기도 남양주시 진접읍 해밀예당3로 142,D13827,지은대리점,수도권_전속,100%,4,4,, - , - ,4,, - , - ,0.00%,, - , - 
PE47941,PE4794,주식회사 옆커폰 인천논현점,인천,남동구,논현동,인천광역시남동구논고개로77,D15146,PS&M,PS_전속,100%,4,4,,2,1,1,,1, - ,0.00%,, - , - 
PE48541,PE4854,천경,경기,평택시,평택동,경기도 평택시 중앙로 38,D13542,삼보대리점,중복점,50%,4,2,, - ,2, - ,,1,1,50.00%,, - , - 
PE48542,PE4854,천경,경기,평택시,평택동,경기도 평택시 중앙로 38,D15146,PS&M,중복점,50%,4,2,,1, - ,1,, - , - ,0.00%,, - , - 
PE49161,PE4916,리치컴퍼니,경기,수원시 장안구,영화동,경기도 수원시 장안구 수성로262번길 2,D15146,PS&M,중복점,75%,4,3,, - ,2,1,,2, - ,0.00%,, - , - 
PE49162,PE4916,리치컴퍼니,경기,수원시 장안구,영화동,경기도 수원시 장안구 수성로262번길 2,D13827,지은대리점,중복점,25%,4,1,, - ,1, - ,,1, - ,0.00%,, - , - 
PE50241,PE5024,윤슬통신,서울,강동구,천호동,서울특별시 강동구 구천면로34길 7,D14342,신창대리점,수도권_전속,100%,4,4,,1, - ,3,, - , - ,0.00%,, - , - 
PE51361,PE5136,파주폰성지,경기,파주시,와동동,경기도 파주시 와석순환로 507,F13586,신도SDR,중복점,75%,4,3,,1, - ,2,, - , - ,0.00%,, - , - 
PE51362,PE5136,파주폰성지,경기,파주시,와동동,경기도 파주시 와석순환로 507,D13357,가능대리점,중복점,25%,4,1,, - , - ,1,, - , - ,0.00%,, - , - 
PE51491,PE5149,인천휴대폰성지 옆커폰 송도점,인천,연수구,송도동,인천광역시 연수구 신송로 121,D14674,서울ent대리점,수도권_전속,100%,4,4,, - ,2,2,,2, - ,0.00%,, - , - 
PE52531,PE5253,성지폰 평택동삭점,경기,평택시,동삭동,경기도 평택시 동삭1로22번길 19-17,D13965,대교대리점,수도권_전속,100%,4,4,,1, - ,3,, - , - ,0.00%,, - , - 
PE54241,PE5424,태기폰,경기,평택시,고덕면,경기도 평택시 고덕중앙로 200-4,D13965,대교대리점,수도권_전속,100%,4,4,, - ,2,2,,2, - ,0.00%,, - , - 
PE54291,PE5429,피오,서울,마포구,망원동,서울특별시 마포구 방울내로11길 26,D14674,서울ent대리점,수도권_전속,100%,4,4,, - , - ,4,, - , - ,0.00%,, - , - 
PE54871,PE5487,주식회사 휴대폰맛집,인천,서구,가정동,인천광역시 서구 가정로 406,D15121,CD대리점,중복점,75%,4,3,, - ,1,2,,1, - ,0.00%,, - , - 
PE54872,PE5487,주식회사 휴대폰맛집,인천,서구,가정동,인천광역시 서구 가정로 406,D15146,PS&M,중복점,25%,4,1,, - , - ,1,, - , - ,0.00%,, - , - 
PE55741,PE5574,휴대폰성지옆커폰용인죽전점,경기,용인시 수지구,죽전동,경기도 용인시 수지구 현암로 81,D14674,서울ent대리점,수도권_전속,100%,4,4,,1, - ,3,, - , - ,0.00%,, - , - 
PE56411,PE5641,휴대폰성지 옆커폰 만수점,인천,남동구,만수동,인천광역시 남동구 만수로 55,D14674,서울ent대리점,수도권_전속,100%,4,4,, - , - ,4,, - , - ,0.00%,, - , - 
PE57981,PE5798,휴대폰멀티샵 법원점,경기,평택시,동삭동,경기도 평택시 평남로 1035,D13542,삼보대리점,중복점,75%,4,3,,1, - ,2,, - , - ,0.00%,, - , - 
PE57982,PE5798,휴대폰멀티샵 법원점,경기,평택시,동삭동,경기도 평택시 평남로 1035,D13827,지은대리점,중복점,25%,4,1,, - , - ,1,, - , - ,0.00%,, - , - 
PE58281,PE5828,부광통신,인천,서구,석남동,인천광역시 서구 가남로291번길 2,F13586,신도SDR,중복점,75%,4,3,, - , - ,3,, - , - ,0.00%,, - , - 
PE58282,PE5828,부광통신,인천,서구,석남동,인천광역시 서구 가남로291번길 2,D14746,유원대리점,중복점,25%,4,1,, - , - ,1,, - , - ,0.00%,, - , - 
PE58331,PE5833,티에스씨 모바일,경기,광명시,일직동,경기도 광명시 양지로 19,D13827,지은대리점,수도권_전속,100%,4,4,,2,1,1,,1, - ,0.00%,, - , - 
PE58621,PE5862,휴대폰성지 금천점,서울,금천구,시흥동,서울특별시 금천구 시흥대로73길 67,D13965,대교대리점,수도권_전속,100%,4,4,, - ,1,3,,1, - ,0.00%,, - , - 
PE58721,PE5872,와이즈텔레콤,경기,양주시,덕정동,경기도 양주시 회정로 126,D15051,프리스비,중복점,75%,4,3,, - ,1,2,,1, - ,0.00%,, - , - 
PE58722,PE5872,와이즈텔레콤,경기,양주시,덕정동,경기도 양주시 회정로 126,D13357,가능대리점,중복점,25%,4,1,, - , - ,1,, - , - ,0.00%,, - , - 
PE60631,PE6063,휴대폰성지 미남폰 부평점,인천,부평구,부평동,인천광역시 부평구 경원대로 1366,D15051,프리스비,중복점,75%,4,3,, - ,2,1,,2, - ,0.00%,, - , - 
PE60632,PE6063,휴대폰성지 미남폰 부평점,인천,부평구,부평동,인천광역시 부평구 경원대로 1366,D13952,참스타대리점,중복점,25%,4,1,, - , - ,1,, - , - ,0.00%,, - , - 
PE60701,PE6070,아리,서울,광진구,구의동,서울특별시 광진구 광나루로56길 85,D13622,MD대리점,수도권_전속,100%,4,4,, - , - ,4,, - , - ,0.00%,, - ,1
PE63201,PE6320,휴천통신,경기,광주시,곤지암읍,"경기 광주시 곤지암읍 곤지암로 47,",D15146,PS&M,중복점,50%,4,2,, - ,2, - ,,1,1,50.00%,, - , - 
PE63202,PE6320,휴천통신,경기,광주시,곤지암읍,"경기 광주시 곤지암읍 곤지암로 47,",D15121,CD대리점,중복점,50%,4,2,,1,1, - ,,1, - ,0.00%,, - , - 
PE63771,PE6377,스마트폰성지(탑모바일),경기,군포시,도마교동,경기도 군포시 송부로 36,D13827,지은대리점,수도권_전속,100%,4,4,, - , - ,4,, - , - ,0.00%,, - , - 
PE64471,PE6447,우수모바일 용현점,인천,미추홀구,용현동,인천광역시 미추홀구 낙섬중로 43,D13546,ACT대리점,수도권_전속,100%,4,4,,1,2,1,,2, - ,0.00%,, - , - 
PE64741,PE6474,행복에리,경기,안양시 동안구,관양동,경기도 안양시 동안구 관평로 315,D13965,대교대리점,중복점,50%,4,2,, - , - ,2,, - , - ,0.00%,, - , - 
PE64742,PE6474,행복에리,경기,안양시 동안구,관양동,경기도 안양시 동안구 관평로 315,D13225,광장대리점,중복점,50%,4,2,, - ,1,1,,1, - ,0.00%,, - , - 
PE65061,PE6506,폰스토리 비산점,경기,안양시 동안구,비산동,"경기 안양시 동안구 비산로 22,",D13951,강남스타대리점,중복점,50%,4,2,, - ,1,1,,1, - ,0.00%,, - ,1
PE65062,PE6506,폰스토리 비산점,경기,안양시 동안구,비산동,"경기 안양시 동안구 비산로 22,",D13827,지은대리점,중복점,50%,4,2,, - , - ,2,, - , - ,0.00%,, - , - 
PE67001,PE6700,지오모바일,인천,서구,석남동,인천광역시 서구 서달로49번길 10-1,D15051,프리스비,수도권_전속,100%,4,4,,1, - ,3,, - , - ,0.00%,, - , - 
PE67121,PE6712,언니텔레콤,인천,부평구,갈산동,인천광역시 부평구 주부토로 231,D13124,UNI대리점,수도권_전속,100%,4,4,, - , - ,4,, - , - ,0.00%,, - ,1
PE67771,PE6777,주식회사 지오피,경기,광주시,초월읍,경기도 광주시 초월읍 경충대로 1253,D13542,삼보대리점,중복점,75%,4,3,,2,1, - ,,1, - ,0.00%,, - , - 
PE67772,PE6777,주식회사 지오피,경기,광주시,초월읍,경기도 광주시 초월읍 경충대로 1253,D13827,지은대리점,중복점,25%,4,1,, - , - ,1,, - , - ,0.00%,, - , - 
PE68311,PE6831,휴대폰성지,경기,김포시,구래동,경기도 김포시 김포한강7로 93,D14674,서울ent대리점,수도권_전속,100%,4,4,, - , - ,4,, - , - ,0.00%,, - , - 
PE68481,PE6848,진성폰 1호점,경기,화성시 만세구,남양읍,경기도 화성시 남양읍 남양로862번길 13,D13827,지은대리점,수도권_전속,100%,4,4,,2, - ,2,, - , - ,0.00%,, - , - 
PE68511,PE6851,휴대폰명가 본점,경기,시흥시,은행동,경기도 시흥시 은계번영길 23,D13469,코넥,수도권_전속,100%,4,4,, - , - ,4,, - , - ,0.00%,, - , - 
PE68771,PE6877,막내삼촌,서울,광진구,구의동,서울특별시 광진구 광나루로56길 85,D14342,신창대리점,수도권_전속,100%,4,4,, - , - ,4,, - , - ,0.00%,, - , - 
PE69751,PE6975,동탄휴대폰성지폰카콜라능동점,경기,화성시 동탄구,능동,경기도 화성시 동탄지성로 148,D13542,삼보대리점,수도권_전속,100%,4,4,, - ,4, - ,,4, - ,0.00%,, - , - 
PE69861,PE6986,휴대폰성지 청년폰 강북점,서울,도봉구,창동,서울특별시 도봉구 도봉로 504,D13357,가능대리점,중복점,75%,4,3,, - , - ,3,, - , - ,0.00%,, - , - 
PE69862,PE6986,휴대폰성지 청년폰 강북점,서울,도봉구,창동,서울특별시 도봉구 도봉로 504,D15146,PS&M,중복점,25%,4,1,, - , - ,1,, - , - ,0.00%,, - , - 
PE70141,PE7014,봉천 휴대폰성지,서울,관악구,봉천동,서울특별시 관악구 봉천로 377-1,D14342,신창대리점,수도권_전속,100%,4,4,, - , - ,4,, - , - ,0.00%,, - , - 
PE71371,PE7137,휴대폰성지 옆커폰 원주단구점,강원,원주시,단구동,강원특별자치도 원주시 서원대로 406,D15146,PS&M,PS_전속,100%,4,4,,1, - ,3,, - , - ,0.00%,, - , - 
PE72601,PE7260,온모바일 갈현점,서울,은평구,갈현동,서울특별시 은평구 통일로87길 7-1,D13952,참스타대리점,수도권_전속,100%,4,4,,1,3, - ,,3, - ,0.00%,, - ,4
PE72611,PE7261,주식회사 더드림스,경기,부천시 오정구,고강동,경기도 부천시 오정구 역곡로 485,D13827,지은대리점,수도권_전속,100%,4,4,, - ,1,3,,1, - ,0.00%,, - , - 
PE72961,PE7296,휴대폰성지 펭귄모바일 판교점,경기,성남시 분당구,삼평동,경기도 성남시 분당구 판교역로241번길 22,D13965,대교대리점,중복점,50%,4,2,, - , - ,2,, - , - ,0.00%,, - , - 
PE72962,PE7296,휴대폰성지 펭귄모바일 판교점,경기,성남시 분당구,삼평동,경기도 성남시 분당구 판교역로241번길 22,D13622,MD대리점,중복점,50%,4,2,, - , - ,2,, - , - ,0.00%,, - , - 
PE73131,PE7313,수달폰,서울,양천구,신정동,서울특별시양천구목동동로63,D15146,PS&M,PS_전속,100%,4,4,, - ,2,2,,2, - ,0.00%,, - , - 
PE73311,PE7331,우수모바일 병방점,인천,계양구,병방동,인천광역시 계양구 병방시장로 81,D13546,ACT대리점,중복점,50%,4,2,, - ,1,1,,1, - ,0.00%,, - ,1
PE73312,PE7331,우수모바일 병방점,인천,계양구,병방동,인천광역시 계양구 병방시장로 81,D13622,MD대리점,중복점,50%,4,2,, - ,2, - ,,2, - ,0.00%,, - , - 
PE73701,PE7370,와이에이치모바일,경기,수원시 권선구,금곡동,경기도 수원시 권선구 금곡로 225,D15051,프리스비,수도권_전속,100%,4,4,, - ,3,1,,3, - ,0.00%,, - , - 
PE74771,PE7477,주빌리텔레콤,서울,중랑구,망우동,서울특별시 중랑구 망우로 384,D13357,가능대리점,중복점,75%,4,3,, - ,2,1,,2, - ,0.00%,, - , - 
PE74772,PE7477,주빌리텔레콤,서울,중랑구,망우동,서울특별시 중랑구 망우로 384,D15146,PS&M,중복점,25%,4,1,, - , - ,1,, - , - ,0.00%,, - , - 
PE75101,PE7510,컴퍼니YH,경기,안양시 만안구,안양동,경기도 안양시 만안구 예술공원로 72,D13965,대교대리점,중복점,75%,4,3,, - ,2,1,,2, - ,0.00%,, - , - 
PE75102,PE7510,컴퍼니YH,경기,안양시 만안구,안양동,경기도 안양시 만안구 예술공원로 72,D15146,PS&M,중복점,25%,4,1,, - ,1, - ,,1, - ,0.00%,, - , - 
PE75131,PE7513,휴대폰성지 클린폰 마포점,서울,마포구,도화동,서울특별시 마포구 큰우물로 75,D13357,가능대리점,수도권_전속,100%,4,4,, - ,1,3,,1, - ,0.00%,, - , - 
PE75251,PE7525,휴대폰성지 옆커폰 신림점,서울,관악구,신림동,서울특별시 관악구 남부순환로 1597,D14674,서울ent대리점,수도권_전속,100%,4,4,,1,1,2,,1, - ,0.00%,, - , - 
PE76721,PE7672,휴대폰성지 펭귄모바일 합정점,서울,마포구,서교동,서울특별시 마포구 양화로 45,D13622,MD대리점,중복점,50%,4,2,,1, - ,1,, - , - ,0.00%,, - , - 
PE76722,PE7672,휴대폰성지 펭귄모바일 합정점,서울,마포구,서교동,서울특별시 마포구 양화로 45,D13965,대교대리점,중복점,50%,4,2,, - , - ,2,, - , - ,0.00%,, - , - 
PE77461,PE7746,휴대폰성지 옆커폰 응암역점,서울,은평구,응암동,서울특별시 은평구 은평로 82,D14674,서울ent대리점,수도권_전속,100%,4,4,, - ,2,2,,2, - ,0.00%,, - , - 
PE78211,PE7821,휴대폰 성지 옆커폰 행신점,경기,고양시 덕양구,행신동,경기도 고양시 덕양구 용현로 27,D13225,광장대리점,수도권_전속,100%,4,4,, - , - ,4,, - , - ,0.00%,, - , - 
PE78421,PE7842,원주휴대폰성지 올바로,강원,원주시,지정면,강원원주시지정면무릉로15,D15146,PS&M,PS_전속,100%,4,4,, - ,1,3,,1, - ,0.00%,, - , - 
PE78871,PE7887,와룡컴퍼니 원예하나로마트점,강원,원주시,단계동,강원특별자치도 원주시 무실로 182,D13965,대교대리점,수도권_전속,100%,4,4,, - ,3,1,,3, - ,0.00%,, - ,1
PE79191,PE7919,휴대폰성지 최싸폰 초지점,경기,안산시 단원구,초지동,경기도 안산시 단원구 초지로 90,D13357,가능대리점,수도권_전속,100%,4,4,, - ,1,3,,1, - ,0.00%,, - , - 
PE79241,PE7924,핸드폰클리닉 성지 신내점,서울,중랑구,신내동,서울특별시 중랑구 신내로 80,D15146,PS&M,중복점,75%,4,3,, - , - ,3,, - , - ,0.00%,, - , - 
PE79242,PE7924,핸드폰클리닉 성지 신내점,서울,중랑구,신내동,서울특별시 중랑구 신내로 80,D13965,대교대리점,중복점,25%,4,1,, - ,1, - ,,1, - ,0.00%,, - ,1
PE79731,PE7973,온 모바일,경기,시흥시,은행동,경기도 시흥시 은계번영길 40,D13542,삼보대리점,수도권_전속,100%,4,4,, - ,1,3,,1, - ,0.00%,, - , - 
PE80311,PE8031,패밀리통신,경기,용인시 처인구,양지읍,"경기 용인시 처인구 양지면 양지로138번길 14,",D14342,신창대리점,수도권_전속,100%,4,4,, - ,2,2,,2, - ,0.00%,, - , - 
PE80951,PE8095,서울휴대폰성지 옆커폰창동점,서울,도봉구,창동,서울특별시 도봉구 마들로11길 71,D15146,PS&M,중복점,75%,4,3,, - ,2,1,,2, - ,0.00%,, - , - 
PE80952,PE8095,서울휴대폰성지 옆커폰창동점,서울,도봉구,창동,서울특별시 도봉구 마들로11길 71,D13225,광장대리점,중복점,25%,4,1,, - ,1, - ,,1, - ,0.00%,, - , - 
PE81341,PE8134,통큰통신 휴대폰성지,서울,강동구,천호동,서울특별시 강동구 상암로 42,D13965,대교대리점,수도권_전속,100%,4,4,, - ,1,3,,1, - ,0.00%,, - , - 
PE81431,PE8143,휴대폰성지 옆커폰 구파발점,서울,은평구,진관동,서울특별시 은평구 통일로 1034,D14674,서울ent대리점,수도권_전속,100%,4,4,, - ,1,3,,1, - ,0.00%,, - , - 
PE81551,PE8155,새마을통신,서울,중랑구,묵동,서울특별시 중랑구 동일로143길 78,D13546,ACT대리점,수도권_전속,100%,4,4,, - ,4, - ,,1,3,75.00%,, - , - 
PE81571,PE8157,에스엔와이 통신,경기,용인시 수지구,동천동,경기도 용인시 수지구 손곡로 107,D13965,대교대리점,수도권_전속,100%,4,4,, - , - ,4,, - , - ,0.00%,, - , - 
PE81861,PE8186,핸드폰클리닉 성지 산성역점,경기,성남시 수정구,산성동,경기도성남시수정구수정로354,D15146,PS&M,PS_전속,100%,4,4,, - ,3,1,,3, - ,0.00%,, - , - 
PE81971,PE8197,우리동네휴대폰 신도림점,서울,구로구,구로동,서울특별시 구로구 새말로 97,D13357,가능대리점,수도권_전속,100%,4,4,, - ,1,3,,1, - ,0.00%,, - , - 
PE82871,PE8287,어셈블후곡점,경기,고양시 일산서구,일산동,경기도 고양시 일산서구 후곡로 22,D15173,정원대리점,수도권_전속,100%,4,4,,1, - ,3,, - , - ,0.00%,, - , - 
PE83251,PE8325,비주얼,경기,용인시 처인구,김량장동,경기도 용인시 처인구 금령로 94,D15157,근흥대리점,수도권_전속,100%,4,4,, - ,1,3,,1, - ,0.00%,, - , - 
PE85191,PE8519,휴대폰성지폰슐랭 성동지점,서울,성동구,행당동,서울특별시 성동구 행당로 84,D15157,근흥대리점,중복점,50%,4,2,, - , - ,2,, - , - ,0.00%,, - ,2
PE85192,PE8519,휴대폰성지폰슐랭 성동지점,서울,성동구,행당동,서울특별시 성동구 행당로 84,D14674,서울ent대리점,중복점,50%,4,2,, - , - ,2,, - , - ,0.00%,, - , - 
PE85581,PE8558,하남휴대폰성지 찐폰 미사점,경기,하남시,망월동,경기도 하남시 미사강변동로 100-1,D13225,광장대리점,수도권_전속,100%,4,4,, - ,4, - ,,4, - ,0.00%,, - , - 
PE85841,PE8584,주식회사 여기쏘,서울,강남구,논현동,서울특별시 강남구 학동로20길 42,D13357,가능대리점,수도권_전속,100%,4,4,,1,2,1,,1,1,50.00%,, - , - 
PE86191,PE8619,휴대폰성지 옆커폰 안양비산점,경기,안양시 동안구,비산동,경기도 안양시 동안구 관악대로 91,D14674,서울ent대리점,수도권_전속,100%,4,4,, - , - ,4,, - , - ,0.00%,, - ,1
PE86571,PE8657,더제이엔씨,경기,수원시 권선구,권선동,경기도수원시권선구덕영대로1205,D15146,PS&M,PS_전속,100%,4,4,, - , - ,4,, - , - ,0.00%,, - , - 
PE86871,PE8687,유유텔레콤,서울,양천구,신월동,서울 양천구 남부순환로 354,D14342,신창대리점,수도권_전속,100%,4,4,,2,1,1,,1, - ,0.00%,, - , - 
PE87241,PE8724,휴대폰 성지 청북폰,경기,평택시,청북읍,경기도 평택시 청북읍 안청로 336,D13827,지은대리점,중복점,50%,4,2,,1, - ,1,, - , - ,0.00%,, - ,1
PE87242,PE8724,휴대폰 성지 청북폰,경기,평택시,청북읍,경기도 평택시 청북읍 안청로 336,D13469,코넥,중복점,50%,4,2,, - ,1,1,,1, - ,0.00%,, - , - 
PE87811,PE8781,하루모바일 장위점,서울,성북구,장위동,서울특별시 성북구 돌곶이로27길 78,D15146,PS&M,중복점,75%,4,3,, - ,2,1,,2, - ,0.00%,, - , - 
PE87812,PE8781,하루모바일 장위점,서울,성북구,장위동,서울특별시 성북구 돌곶이로27길 78,D13357,가능대리점,중복점,25%,4,1,, - ,1, - ,,1, - ,0.00%,, - , - 
PE88821,PE8882,휴대폰성지 청년폰 김포운양점,경기,김포시,운양동,"경기 김포시 김포한강11로 288-32,",D13225,광장대리점,중복점,75%,4,3,, - ,1,2,, - ,1,100.00%,, - , - 
PE88822,PE8882,휴대폰성지 청년폰 김포운양점,경기,김포시,운양동,"경기 김포시 김포한강11로 288-32,",D13357,가능대리점,중복점,25%,4,1,, - , - ,1,, - , - ,0.00%,, - , - 
PE89191,PE8919,진성폰3호오목천점,경기,수원시 권선구,오목천동,경기도 수원시 권선구 서수원로47번길 11,D13827,지은대리점,수도권_전속,100%,4,4,,2,1,1,,1, - ,0.00%,, - , - 
PE89601,PE8960,핸드폰성지홈서비스아정당검단점,인천,서구,왕길동,인천광역시 서구 완정로 153,D15051,프리스비,수도권_전속,100%,4,4,, - ,1,3,,1, - ,0.00%,, - ,1
PE90661,PE9066,로마모바일,경기,의정부시,신곡동,경기도 의정부시 시민로 247,D14674,서울ent대리점,중복점,75%,4,3,, - , - ,3,, - , - ,0.00%,, - , - 
PE90662,PE9066,로마모바일,경기,의정부시,신곡동,경기도 의정부시 시민로 247,D15121,CD대리점,중복점,25%,4,1,, - , - ,1,, - , - ,0.00%,, - , - 
PE91001,PE9100,에스엠티 풍무점,경기,김포시,풍무동,"경기 김포시 풍무로 73,",D13622,MD대리점,중복점,50%,4,2,,1, - ,1,, - , - ,0.00%,, - , - 
PE91002,PE9100,에스엠티 풍무점,경기,김포시,풍무동,"경기 김포시 풍무로 73,",D13225,광장대리점,중복점,50%,4,2,, - ,1,1,,1, - ,0.00%,, - , - 
PE91341,PE9134,이음통신,강원,춘천시,퇴계동,강원특별자치도 춘천시 김유정로 1864,D13965,대교대리점,수도권_전속,100%,4,4,, - ,1,3,,1, - ,0.00%,, - , - 
PE91611,PE9161,휴대폰성지 클린폰 인천점,인천,미추홀구,주안동,인천광역시 미추홀구 염창로 80,D13357,가능대리점,수도권_전속,100%,4,4,, - ,1,3,,1, - ,0.00%,, - , - 
PE91651,PE9165,와이엔제이part2,서울,영등포구,영등포동2가,서울특별시 영등포구 영등포로49길 2,D13965,대교대리점,중복점,50%,4,2,, - ,1,1,,1, - ,0.00%,, - , - 
PE91652,PE9165,와이엔제이part2,서울,영등포구,영등포동2가,서울특별시 영등포구 영등포로49길 2,D13827,지은대리점,중복점,50%,4,2,, - , - ,2,, - , - ,0.00%,, - , - 
PE91701,PE9170,알투모바일,경기,수원시 팔달구,영동,경기도 수원시 팔달구 중부대로 11,D13965,대교대리점,수도권_전속,100%,4,4,,2,1,1,,1, - ,0.00%,, - , - 
PE92171,PE9217,휴대폰성지KR모바일김포걸포북,경기,김포시,걸포동,경기도 김포시 걸포2로 45,D13965,대교대리점,중복점,50%,4,2,, - ,1,1,, - ,1,100.00%,, - , - 
PE92172,PE9217,휴대폰성지KR모바일김포걸포북,경기,김포시,걸포동,경기도 김포시 걸포2로 45,D14746,유원대리점,중복점,50%,4,2,, - , - ,2,, - , - ,0.00%,, - , - 
PE92521,PE9252,따르릉통신 신내점,서울,중랑구,신내동,"서울 중랑구 신내로 82,",D13742,한유대리점,중복점,50%,4,2,, - ,1,1,, - ,1,100.00%,, - , - 
PE92522,PE9252,따르릉통신 신내점,서울,중랑구,신내동,"서울 중랑구 신내로 82,",D13225,광장대리점,중복점,25%,4,1,, - ,1, - ,,1, - ,0.00%,, - , - 
PE92523,PE9252,따르릉통신 신내점,서울,중랑구,신내동,"서울 중랑구 신내로 82,",D15176,ACE대리점,중복점,25%,4,1,, - , - ,1,, - , - ,0.00%,, - , - 
PE92621,PE9262,폰하우스,강원,삼척시,남양동,강원특별자치도 삼척시 척주로 7,D83213,T&B대리점,중복점,50%,4,2,, - ,1,1,,1, - ,0.00%,, - , - 
PE92622,PE9262,폰하우스,강원,삼척시,남양동,강원특별자치도 삼척시 척주로 7,D13952,참스타대리점,중복점,25%,4,1,, - , - ,1,, - , - ,0.00%,, - , - 
PE92623,PE9262,폰하우스,강원,삼척시,남양동,강원특별자치도 삼척시 척주로 7,D13965,대교대리점,중복점,25%,4,1,, - , - ,1,, - , - ,0.00%,, - , - 
PE93101,PE9310,원주도매폰,강원,원주시,행구동,강원특별자치도 원주시 영랑길 2,D15322,온유대리점,수도권_전속,100%,4,4,, - ,3,1,,3, - ,0.00%,, - , - 
PE93131,PE9313,휴대폰면세점,인천,연수구,연수동,"인천 연수구 원인재로 180,",D13622,MD대리점,수도권_전속,100%,4,4,, - ,1,3,,1, - ,0.00%,, - ,1
PE93681,PE9368,휴대폰성지 선통신 마포점,서울,마포구,서교동,"서울 마포구 양화로12길 19,",D13622,MD대리점,수도권_전속,100%,4,4,, - , - ,4,, - , - ,0.00%,, - , - 
PE93731,PE9373,휴대폰성지,인천,미추홀구,주안동,"인천 미추홀구 경인로 452,",D13124,UNI대리점,수도권_전속,100%,4,4,, - , - ,4,, - , - ,0.00%,, - , - 
PE93761,PE9376,티 케이티 유(T KT U),서울,성동구,도선동,서울특별시 성동구 무학로6길 50,D13622,MD대리점,수도권_전속,100%,4,4,, - ,2,2,,2, - ,0.00%,, - , - 
P017651,P01765,유현통신,경기,평택시,지산동,경기도 평택시 송탄로 398,D13546,ACT대리점,중복점,67%,3,2,, - , - ,2,, - , - ,0.00%,, - , - 
P017652,P01765,유현통신,경기,평택시,지산동,경기도 평택시 송탄로 398,D13225,광장대리점,중복점,33%,3,1,, - , - ,1,, - , - ,0.00%,, - , - 
P034961,P03496,OK통신,서울,강북구,번동,서울특별시 강북구 한천로123길 26,D15146,PS&M,PS_전속,100%,3,3,, - ,2,1,,2, - ,0.00%,, - , - 
P094011,P09401,누리텔레콤,서울,중구,저동2가,서울특별시 중구 마른내로 19,D14192,한남대리점,수도권_전속,100%,3,3,, - , - ,3,, - , - ,0.00%,, - , - 
P100361,P10036,큰사랑통신,경기,수원시 영통구,매탄동,경기도 수원시 영통구 매영로 58,D13469,코넥,수도권_전속,100%,3,3,, - ,2,1,,1,1,50.00%,, - , - 
P104081,P10408,나리정보(NARI),서울,성동구,행당동,서울특별시 성동구 왕십리광장로 17,D13225,광장대리점,수도권_전속,100%,3,3,, - , - ,3,, - , - ,0.00%,, - , - 
P107221,P10722,성남이동통신,경기,성남시 중원구,상대원동,경기도 성남시 중원구 둔촌대로425번길 15,F13586,신도SDR,수도권_전속,100%,3,3,, - ,1,2,,1, - ,0.00%,, - , - 
P109811,P10981,보성정보통신,경기,수원시 장안구,정자동,경기도수원시장안구파장로99,D15146,PS&M,PS_전속,100%,3,3,, - ,2,1,,1,1,50.00%,, - , - 
P115541,P11554,보성정보통신성수점,서울,성동구,성수동2가,서울특별시 성동구 성수일로8길 30,D14342,신창대리점,수도권_전속,100%,3,3,,1,1,1,,1, - ,0.00%,, - , - 
P117481,P11748,바로정보통신,서울,광진구,자양동,서울특별시 광진구 뚝섬로 502,D14746,유원대리점,중복점,67%,3,2,, - ,2, - ,,1,1,50.00%,, - , - 
P117482,P11748,바로정보통신,서울,광진구,자양동,서울특별시 광진구 뚝섬로 502,D14342,신창대리점,중복점,33%,3,1,, - , - ,1,, - , - ,0.00%,, - , - 
P122011,P12201,세유상사,서울,성동구,행당동,서울특별시 성동구 행당로 87,D13742,한유대리점,수도권_전속,100%,3,3,, - ,1,2,,1, - ,0.00%,, - , - 
P125041,P12504,브이테크정보통신,경기,군포시,산본동,경기도 군포시 번영로 505,D15146,PS&M,PS_전속,100%,3,3,, - ,2,1,,2, - ,0.00%,, - , - 
P130711,P13071,성지텔레콤,인천,부평구,갈산동,인천광역시 부평구 주부토로 259,D13952,참스타대리점,수도권_전속,100%,3,3,,2, - ,1,, - , - ,0.00%,, - , - 
P132941,P13294,세계로통신,서울,강남구,신사동,서울특별시 강남구 압구정로 162,D15051,프리스비,수도권_전속,100%,3,3,,1,1,1,,1, - ,0.00%,, - , - 
P144381,P14438,씨엔엔정보텔레콤,인천,미추홀구,용현동,인천광역시 남구 낙섬중로32번길 3,D13952,참스타대리점,중복점,67%,3,2,, - , - ,2,, - , - ,0.00%,, - , - 
P144382,P14438,씨엔엔정보텔레콤,인천,미추홀구,용현동,인천광역시 남구 낙섬중로32번길 3,D13225,광장대리점,중복점,33%,3,1,, - ,1, - ,,1, - ,0.00%,, - , - 
P146161,P14616,HOON TELECOM,서울,성동구,행당동,서울특별시성동구왕십리광장로17,D15146,PS&M,PS_전속,100%,3,3,,1, - ,2,, - , - ,0.00%,, - , - 
P151901,P15190,호야텔레콤,서울,금천구,시흥동,서울특별시 금천구 시흥대로28길 15,D13742,한유대리점,수도권_전속,100%,3,3,,1,1,1,,1, - ,0.00%,, - , - 
P157891,P15789,sk숭인점,서울,종로구,숭인동,서울특별시 종로구 종로 370,D15117,알파대리점,수도권_전속,100%,3,3,,1,1,1,,1, - ,0.00%,, - , - 
P177031,P17703,한빛통신,서울,동대문구,장안동,서울특별시 동대문구 한천로 196,D14342,신창대리점,수도권_전속,100%,3,3,, - ,1,2,,1, - ,0.00%,, - , - 
P177071,P17707,조이텔레콤,서울,강서구,마곡동,서울특별시 강서구 마곡서1로 100,D14746,유원대리점,수도권_전속,100%,3,3,,1,1,1,,1, - ,0.00%,, - , - 
P182841,P18284,썬엔텔레콤,서울,도봉구,방학동,서울특별시 도봉구 도봉로150길 27,D15173,정원대리점,수도권_전속,100%,3,3,, - , - ,3,, - , - ,0.00%,, - , - 
P190161,P19016,유노텔레콤,서울,용산구,한강로3가,서울특별시 용산구 청파로 74,D15051,프리스비,수도권_전속,100%,3,3,, - , - ,3,, - , - ,0.00%,, - , - 
P193791,P19379,돌고래통신,서울,노원구,하계동,서울특별시 노원구 한글비석로 77,D15173,정원대리점,수도권_전속,100%,3,3,, - ,3, - ,,2,1,33.30%,, - , - 
P194191,P19419,우람정보통신,서울,영등포구,대림동,서울특별시 영등포구 대림로 212,D15146,PS&M,중복점,67%,3,2,, - , - ,2,, - , - ,0.00%,, - , - 
P194192,P19419,우람정보통신,서울,영등포구,대림동,서울특별시 영등포구 대림로 212,D13225,광장대리점,중복점,33%,3,1,, - ,1, - ,,1, - ,0.00%,, - , - 
P220121,P22012,신화정보통신,경기,고양시 일산서구,대화동,경기도 고양시 일산서구 대화로 362,D13858,새서울대리점,수도권_전속,100%,3,3,, - , - ,3,, - , - ,0.00%,, - , - 
P221221,P22122,피에스텔레콤,서울,송파구,방이동,서울특별시 송파구 백제고분로48길 12,D15146,PS&M,중복점,67%,3,2,, - , - ,2,, - , - ,0.00%,, - , - 
P221222,P22122,피에스텔레콤,서울,송파구,방이동,서울특별시 송파구 백제고분로48길 12,D13546,ACT대리점,중복점,33%,3,1,, - ,1, - ,,1, - ,0.00%,, - , - 
P225041,P22504,폰프린스1호점,서울,성북구,길음동,서울특별시 성북구 숭인로 70-2,D15176,ACE대리점,수도권_전속,100%,3,3,, - ,1,2,,1, - ,0.00%,, - , - 
P226201,P22620,유진정보통신,경기,의정부시,의정부동,경기도 의정부시 시민로 지하100,D13357,가능대리점,수도권_전속,100%,3,3,, - , - ,3,, - , - ,0.00%,, - ,1
P227281,P22728,태영정보통신,서울,서대문구,북가좌동,서울특별시 서대문구 증가로20가길 82,D13742,한유대리점,수도권_전속,100%,3,3,, - ,1,2,,1, - ,0.00%,, - , - 
P231591,P23159,진양텔레콤(발안점),경기,화성시 만세구,향남읍,경기도화성시향남읍3.1만세로1108,D15146,PS&M,PS_전속,100%,3,3,,1,2, - ,,1,1,50.00%,, - , - 
P247611,P24761,원플러스원,경기,평택시,평택동,경기도 평택시 평택로32번길 10,D15176,ACE대리점,수도권_전속,100%,3,3,, - ,1,2,,1, - ,0.00%,, - , - 
P247881,P24788,한희통신,서울,송파구,거여동,서울특별시 송파구 오금로 504,D15146,PS&M,중복점,67%,3,2,, - ,1,1,,1, - ,0.00%,, - , - 
P247882,P24788,한희통신,서울,송파구,거여동,서울특별시 송파구 오금로 504,D13546,ACT대리점,중복점,33%,3,1,, - , - ,1,, - , - ,0.00%,, - , - 
P248861,P24886,지인통신,경기,고양시 일산동구,풍동,경기도 고양시 일산동구 숲속마을1로 29-30,D13858,새서울대리점,중복점,67%,3,2,, - ,2, - ,,2, - ,0.00%,, - , - 
P248862,P24886,지인통신,경기,고양시 일산동구,풍동,경기도 고양시 일산동구 숲속마을1로 29-30,D14342,신창대리점,중복점,33%,3,1,, - , - ,1,, - , - ,0.00%,, - , - 
P249321,P24932,나비텔레콤,인천,부평구,삼산동,인천광역시 부평구 길주로 623,D13124,UNI대리점,수도권_전속,100%,3,3,, - ,2,1,,2, - ,0.00%,, - , - 
P250761,P25076,나래정보통신,인천,미추홀구,용현동,인천광역시 미추홀구 인주대로 173,D15146,PS&M,PS_전속,100%,3,3,,1,1,1,,1, - ,0.00%,, - , - 
P274731,P27473,엘티이(LTE),인천,중구,운서동,인천광역시 중구 신도시남로 137,D13952,참스타대리점,수도권_전속,100%,3,3,,2,1, - ,,1, - ,0.00%,, - , - 
P276141,P27614,혜인정보통신,경기,고양시 덕양구,관산동,경기도 고양시 덕양구 통일로 781,D13742,한유대리점,중복점,67%,3,2,, - ,1,1,,1, - ,0.00%,, - , - 
P276142,P27614,혜인정보통신,경기,고양시 덕양구,관산동,경기도 고양시 덕양구 통일로 781,D13225,광장대리점,중복점,33%,3,1,, - ,1, - ,,1, - ,0.00%,, - , - 
P277481,P27748,두리텔레콤,서울,동작구,상도동,서울특별시 동작구 상도로 357,D15121,CD대리점,중복점,67%,3,2,,2, - , - ,, - , - ,0.00%,, - , - 
P277482,P27748,두리텔레콤,서울,동작구,상도동,서울특별시 동작구 상도로 357,D15176,ACE대리점,중복점,33%,3,1,, - , - ,1,, - , - ,0.00%,, - , - 
P282441,P28244,다음통신,경기,광명시,광명동,경기도 광명시 오리로 970,D13622,MD대리점,수도권_전속,100%,3,3,,1, - ,2,, - , - ,0.00%,, - , - 
P288461,P28846,월드전자랜드,서울,강남구,역삼동,서울특별시 강남구 테헤란로 101,D15146,PS&M,중복점,67%,3,2,, - , - ,2,, - , - ,0.00%,, - , - 
P288462,P28846,월드전자랜드,서울,강남구,역삼동,서울특별시 강남구 테헤란로 101,D13951,강남스타대리점,중복점,33%,3,1,, - ,1, - ,,1, - ,0.00%,, - , - 
P292691,P29269,새한텔레콤,서울,도봉구,방학동,서울특별시 도봉구 도봉로150길 43,D15117,알파대리점,중복점,67%,3,2,,1, - ,1,, - , - ,0.00%,, - , - 
P292692,P29269,새한텔레콤,서울,도봉구,방학동,서울특별시 도봉구 도봉로150길 43,D13357,가능대리점,중복점,33%,3,1,, - ,1, - ,,1, - ,0.00%,, - , - 
P299581,P29958,타임텔레콤,경기,안양시 만안구,석수동,경기도 안양시 만안구 안양로532번길 39,D14674,서울ent대리점,수도권_전속,100%,3,3,,1,1,1,, - ,1,100.00%,, - , - 
P314851,P31485,믿음텔레콤,경기,안산시 단원구,와동,경기도 안산시 단원구 와동로 11,D15146,PS&M,중복점,67%,3,2,, - ,1,1,,1, - ,0.00%,, - , - 
P314852,P31485,믿음텔레콤,경기,안산시 단원구,와동,경기도 안산시 단원구 와동로 11,D14342,신창대리점,중복점,33%,3,1,, - , - ,1,, - , - ,0.00%,, - , - 
P331941,P33194,명성정보통신,서울,양천구,신정동,서울특별시 양천구 목동남로4길 2,D13225,광장대리점,수도권_전속,100%,3,3,, - , - ,3,, - , - ,0.00%,, - , - 
P338511,P33851,애니원엠엔시,서울,송파구,가락동,서울특별시 송파구 송파대로30길 7,D15173,정원대리점,수도권_전속,100%,3,3,,1, - ,2,, - , - ,0.00%,, - , - 
P351511,P35151,텐시몰,경기,남양주시,금곡동,경기도 남양주시 금곡로 66,D14654,알리바바대리점,수도권_전속,100%,3,3,,1,1,1,,1, - ,0.00%,, - , - 
P355281,P35528,세연정보,서울,금천구,시흥동,서울특별시 금천구 독산로 72,D15157,근흥대리점,수도권_전속,100%,3,3,, - ,3, - ,,3, - ,0.00%,, - , - 
P365441,P36544,JS정보통신,인천,남동구,구월동,인천광역시 남동구 남동대로 729,D13124,UNI대리점,수도권_전속,100%,3,3,,1,1,1,,1, - ,0.00%,, - , - 
P377751,P37775,(주)앤트피디,서울,서대문구,북가좌동,서울특별시 서대문구 응암로 99,D14674,서울ent대리점,중복점,67%,3,2,, - , - ,2,, - , - ,0.00%,, - , - 
P377752,P37775,(주)앤트피디,서울,서대문구,북가좌동,서울특별시 서대문구 응암로 99,D15146,PS&M,중복점,33%,3,1,, - , - ,1,, - , - ,0.00%,, - , - 
P383771,P38377,쿨정보통신,서울,금천구,가산동,서울특별시 금천구 가산디지털1로 168,D15051,프리스비,수도권_전속,100%,3,3,,1,1,1,,1, - ,0.00%,, - , - 
P414531,P41453,창신텔레콤,서울,관악구,신림동,서울특별시 관악구 시흥대로 556,D15173,정원대리점,중복점,67%,3,2,, - , - ,2,, - , - ,0.00%,, - , - 
P414532,P41453,창신텔레콤,서울,관악구,신림동,서울특별시 관악구 시흥대로 556,D15146,PS&M,중복점,33%,3,1,, - , - ,1,, - , - ,0.00%,, - , - 
P415571,P41557,센스텔레콤,경기,안양시 만안구,안양동,경기도 안양시 만안구 안양로 지하 301,D13965,대교대리점,수도권_전속,100%,3,3,, - ,3, - ,,2,1,33.30%,, - , - 
P427991,P42799,프렌드통신,서울,성동구,행당동,서울특별시 성동구 왕십리광장로 17,D15146,PS&M,중복점,67%,3,2,, - ,1,1,,1, - ,0.00%,, - , - 
P427992,P42799,프렌드통신,서울,성동구,행당동,서울특별시 성동구 왕십리광장로 17,D14654,알리바바대리점,중복점,33%,3,1,,1, - , - ,, - , - ,0.00%,, - , - 
P428581,P42858,성훈대박텔레콤,서울,송파구,방이동,서울특별시 송파구 백제고분로48길 15,D15117,알파대리점,중복점,67%,3,2,, - ,2, - ,,1,1,50.00%,, - , - 
P428582,P42858,성훈대박텔레콤,서울,송파구,방이동,서울특별시 송파구 백제고분로48길 15,D14654,알리바바대리점,중복점,33%,3,1,, - ,1, - ,,1, - ,0.00%,, - , - 
P441181,P44118,베스트통신,경기,화성시 병점구,송산동,경기도 화성시 화산남로 39,D13742,한유대리점,수도권_전속,100%,3,3,,2, - ,1,, - , - ,0.00%,, - , - 
P459181,P45918,설악통신2호점,경기,가평군,설악면,경기도 가평군 설악면 신천중앙로 91,D15157,근흥대리점,수도권_전속,100%,3,3,, - , - ,3,, - , - ,0.00%,, - , - 
P469601,P46960,화이트(퇴촌),경기,광주시,퇴촌면,경기도 광주시 퇴촌면 광동로 50,D13827,지은대리점,중복점,67%,3,2,, - ,2, - ,,1,1,50.00%,, - , - 
P469602,P46960,화이트(퇴촌),경기,광주시,퇴촌면,경기도 광주시 퇴촌면 광동로 50,D15146,PS&M,중복점,33%,3,1,, - , - ,1,, - , - ,0.00%,, - , - 
P473371,P47337,O.K통신,서울,노원구,중계동,서울특별시 노원구 중계로14길 29,D15117,알파대리점,중복점,67%,3,2,, - , - ,2,, - , - ,0.00%,, - , - 
P473372,P47337,O.K통신,서울,노원구,중계동,서울특별시 노원구 중계로14길 29,D15146,PS&M,중복점,33%,3,1,, - , - ,1,, - , - ,0.00%,, - , - 
P473411,P47341,휴대폰성지 패밀리통신신월점,서울,양천구,신월동,서울특별시 양천구 곰달래로5길 34,D13225,광장대리점,중복점,67%,3,2,, - , - ,2,, - , - ,0.00%,, - , - 
P473412,P47341,휴대폰성지 패밀리통신신월점,서울,양천구,신월동,서울특별시 양천구 곰달래로5길 34,D13124,UNI대리점,중복점,33%,3,1,, - , - ,1,, - , - ,0.00%,, - , - 
P473971,P47397,수 커뮤니케이션스,경기,시흥시,은행동,경기도 시흥시 은행로 130,D13952,참스타대리점,수도권_전속,100%,3,3,, - , - ,3,, - , - ,0.00%,, - , - 
P480091,P48009,유신정보통신가좌2점,인천,서구,가좌동,인천광역시 서구 가정로 121,D15146,PS&M,PS_전속,100%,3,3,, - , - ,3,, - , - ,0.00%,, - , - 
P516941,P51694,예찬텔레콤,경기,성남시 수정구,복정동,경기도 성남시 수정구 복정로 28,D13357,가능대리점,수도권_전속,100%,3,3,, - , - ,3,, - , - ,0.00%,, - , - 
P517941,P51794,대명정보통신 조원 제2호점,경기,수원시 장안구,조원동,경기도 수원시 장안구 금당로 42,D13542,삼보대리점,수도권_전속,100%,3,3,, - ,3, - ,,2,1,33.30%,, - , - 
P523561,P52356,일산휴대폰성지,경기,고양시 덕양구,성사동,경기도 고양시 덕양구 호국로 792,D14342,신창대리점,수도권_전속,100%,3,3,, - ,1,2,,1, - ,0.00%,, - , - 
P544961,P54496,수진텔레콤,경기,성남시 수정구,수진동,경기도 성남시 수정구 수정로 142,D13952,참스타대리점,수도권_전속,100%,3,3,,2,1, - ,, - ,1,100.00%,, - , - 
P545861,P54586,JK텔레콤,서울,관악구,신림동,서울특별시 관악구 난우길 19,D13858,새서울대리점,수도권_전속,100%,3,3,, - , - ,3,, - , - ,0.00%,, - , - 
P556781,P55678,중계텔레콤,서울,노원구,중계동,서울특별시 노원구 동일로207길 18,D13965,대교대리점,수도권_전속,100%,3,3,, - ,1,2,,1, - ,0.00%,, - , - 
P560591,P56059,DH텔레콤,서울,강서구,화곡동,서울특별시 강서구 곰달래로 197,D13546,ACT대리점,중복점,67%,3,2,, - ,1,1,,1, - ,0.00%,, - , - 
P560592,P56059,DH텔레콤,서울,강서구,화곡동,서울특별시 강서구 곰달래로 197,D14342,신창대리점,중복점,33%,3,1,, - , - ,1,, - , - ,0.00%,, - , - 
P566631,P56663,리더스효성,인천,계양구,효성동,인천광역시 계양구 안남로 502,D14746,유원대리점,수도권_전속,100%,3,3,, - , - ,3,, - , - ,0.00%,, - , - 
P569181,P56918,대승네트웍스,경기,부천시 오정구,원종동,경기도 부천시 소사로 697,D15121,CD대리점,수도권_전속,100%,3,3,,1, - ,2,, - , - ,0.00%,, - , - 
P575441,P57544,하늘정보,서울,관악구,봉천동,서울특별시 관악구 청룡2길 33,D15121,CD대리점,중복점,67%,3,2,, - , - ,2,, - , - ,0.00%,, - , - 
P575442,P57544,하늘정보,서울,관악구,봉천동,서울특별시 관악구 청룡2길 33,D14674,서울ent대리점,중복점,33%,3,1,, - , - ,1,, - , - ,0.00%,, - , - 
P577001,P57700,폰뱅크,서울,강북구,수유동,서울특별시 강북구 수유로 81,D13858,새서울대리점,수도권_전속,100%,3,3,, - ,1,2,,1, - ,0.00%,, - , - 
P587111,P58711,지우통신,경기,화성시 만세구,향남읍,경기도 화성시 향남읍 행정중앙1로 10,D15146,PS&M,중복점,67%,3,2,, - ,1,1,,1, - ,0.00%,, - , - 
P587112,P58711,지우통신,경기,화성시 만세구,향남읍,경기도 화성시 향남읍 행정중앙1로 10,D15121,CD대리점,중복점,33%,3,1,, - , - ,1,, - , - ,0.00%,, - , - 
P594481,P59448,휴대폰 쇼핑몰(영서통신),강원,원주시,관설동,강원 원주시 나비허리길 146,D13952,참스타대리점,수도권_전속,100%,3,3,, - , - ,3,, - , - ,0.00%,, - , - 
P599791,P59979,더불유통신,서울,강동구,길동,서울특별시 강동구 양재대로 1476,D14674,서울ent대리점,수도권_전속,100%,3,3,, - ,2,1,,2, - ,0.00%,, - , - 
P616531,P61653,폰포유2(phone4u2),서울,송파구,풍납동,서울특별시 송파구 바람드리길 59,D13462,광운대리점,수도권_전속,100%,3,3,, - , - ,3,, - , - ,0.00%,, - , - 
P616791,P61679,투노,서울,노원구,중계동,서울특별시노원구중계로201,D15146,PS&M,PS_전속,100%,3,3,, - ,1,2,,1, - ,0.00%,, - , - 
P622111,P62211,빅뱅정보통신(삼산점),인천,부평구,삼산동,인천광역시 부평구 길주로 623,D15051,프리스비,수도권_전속,100%,3,3,, - ,2,1,,2, - ,0.00%,, - , - 
P627601,P62760,크라운텔레콤,경기,이천시,마장면,경기도 이천시 마장면 오천로 28,D15121,CD대리점,중복점,67%,3,2,,1, - ,1,, - , - ,0.00%,, - , - 
P627602,P62760,크라운텔레콤,경기,이천시,마장면,경기도 이천시 마장면 오천로 28,D15146,PS&M,중복점,33%,3,1,, - , - ,1,, - , - ,0.00%,, - , - 
P651201,P65120,KH통신,경기,파주시,광탄면,경기도 파주시 광탄면 동거리길 12,D13952,참스타대리점,수도권_전속,100%,3,3,,1,1,1,,1, - ,0.00%,, - , - 
P661741,P66174,한빛정보통신,인천,서구,석남동,인천광역시 서구 가정로 283,D13952,참스타대리점,수도권_전속,100%,3,3,, - ,1,2,,1, - ,0.00%,, - , - 
P672021,P67202,훈남모바일,경기,남양주시,진접읍,경기도남양주시진접읍장현로103,D15146,PS&M,PS_전속,100%,3,3,,2, - ,1,, - , - ,0.00%,, - , - 
P673111,P67311,대성모바일,서울,서대문구,창천동,서울특별시 서대문구 신촌로 15,D13357,가능대리점,중복점,67%,3,2,, - , - ,2,, - , - ,0.00%,, - , - 
P673112,P67311,대성모바일,서울,서대문구,창천동,서울특별시 서대문구 신촌로 15,D15121,CD대리점,중복점,33%,3,1,,1, - , - ,, - , - ,0.00%,, - , - 
P675631,P67563,현텔레콤,경기,가평군,조종면,경기도가평군조종면현창로25,D15146,PS&M,PS_전속,100%,3,3,, - , - ,3,, - , - ,0.00%,, - , - 
P675671,P67567,에스지(SG)텔레콤,경기,부천시 오정구,원종동,경기도 부천시 소사로 793,D15051,프리스비,중복점,67%,3,2,,1, - ,1,, - , - ,0.00%,, - , - 
P675672,P67567,에스지(SG)텔레콤,경기,부천시 오정구,원종동,경기도 부천시 소사로 793,D13622,MD대리점,중복점,33%,3,1,, - , - ,1,, - , - ,0.00%,, - , - 
P676931,P67693,폰사랑,강원,동해시,평릉동,강원 동해시 평릉1길 28,D14746,유원대리점,수도권_전속,100%,3,3,,1, - ,2,, - , - ,0.00%,, - , - 
P682041,P68204,승천오류점,인천,서구,오류동,인천광역시 서구 봉화로 50,D15121,CD대리점,수도권_전속,100%,3,3,, - ,1,2,,1, - ,0.00%,, - , - 
P682721,P68272,이미디어헤드 (E미디어헤드),서울,송파구,마천동,서울특별시 송파구 성내천로 263,D13225,광장대리점,수도권_전속,100%,3,3,,1,1,1,, - ,1,100.00%,, - , - 
P682981,P68298,세계로정보통신,서울,서대문구,남가좌동,서울특별시 서대문구 가재울로 38,D13952,참스타대리점,수도권_전속,100%,3,3,, - , - ,3,, - , - ,0.00%,, - , - 
P684491,P68449,모바일트리,서울,서초구,잠원동,서울특별시 서초구 잠원로14길 29,D13225,광장대리점,중복점,67%,3,2,, - ,1,1,,1, - ,0.00%,, - , - 
P684492,P68449,모바일트리,서울,서초구,잠원동,서울특별시 서초구 잠원로14길 29,D15146,PS&M,중복점,33%,3,1,, - , - ,1,, - , - ,0.00%,, - , - 
P687511,P68751,포스,경기,부천시 원미구,심곡동,경기도 부천시 부천로 지하 1-1,D13225,광장대리점,수도권_전속,100%,3,3,, - , - ,3,, - , - ,0.00%,, - , - 
P687751,P68775,폰세상휴대폰백화점,경기,남양주시,오남읍,경기도 남양주시 오남읍 진건오남로 560-5,D13858,새서울대리점,수도권_전속,100%,3,3,, - ,1,2,,1, - ,0.00%,, - , - 
P696901,P69690,오라클 모바일,서울,강서구,가양동,서울특별시 강서구 허준로 121,D14342,신창대리점,수도권_전속,100%,3,3,, - ,2,1,,2, - ,0.00%,, - , - 
P724371,P72437,미니텔레콤,인천,계양구,작전동,인천광역시 계양구 작전시장로 8,D13827,지은대리점,수도권_전속,100%,3,3,,1, - ,2,, - , - ,0.00%,, - ,1
P727811,P72781,디엠텔레콤,경기,수원시 장안구,연무동,경기도 수원시 장안구 연무로42번길 60,D13965,대교대리점,수도권_전속,100%,3,3,, - , - ,3,, - , - ,0.00%,, - , - 
P732491,P73249,제이비모바일,경기,파주시,문산읍,경기도파주시문산읍문향로431,D15146,PS&M,중복점,67%,3,2,, - ,1,1,,1, - ,0.00%,, - , - 
P732492,P73249,제이비모바일,경기,파주시,문산읍,경기도파주시문산읍문향로431,D18211,군인공제회대리점,중복점,33%,3,1,,1, - , - ,, - , - ,0.00%,, - , - 
P737041,P73704,대박통신,서울,서초구,양재동,서울특별시 서초구 동산로 74,D13858,새서울대리점,수도권_전속,100%,3,3,, - ,1,2,, - ,1,100.00%,, - , - 
P744431,P74443,유모바일,경기,안양시 동안구,호계동,경기도 안양시 동안구 평촌대로 141,D13965,대교대리점,중복점,67%,3,2,, - ,1,1,,1, - ,0.00%,, - , - 
P744432,P74443,유모바일,경기,안양시 동안구,호계동,경기도 안양시 동안구 평촌대로 141,D15146,PS&M,중복점,33%,3,1,,1, - , - ,, - , - ,0.00%,, - , - 
P750551,P75055,휴대폰성지 폰명장 고무신,인천,부평구,십정동,인천광역시 부평구 열우물로87번길 33,F13586,신도SDR,수도권_전속,100%,3,3,, - ,3, - ,,2,1,33.30%,, - ,1
P751421,P75142,하늘정보통신,경기,부천시 원미구,심곡동,경기도부천시원미구장말로257,D15146,PS&M,PS_전속,100%,3,3,, - ,2,1,,2, - ,0.00%,, - , - 
P759291,P75929,폰까페,경기,파주시,광탄면,경기도 파주시 광탄면 혜음로 1113,D15117,알파대리점,수도권_전속,100%,3,3,, - ,3, - ,,3, - ,0.00%,, - , - 
P762281,P76228,허브텔레콤,서울,강북구,번동,서울특별시강북구오현로32길245,D15146,PS&M,PS_전속,100%,3,3,, - , - ,3,, - , - ,0.00%,, - , - 
P765561,P76556,행운통신,서울,구로구,구로동,서울특별시구로구구로동로42길60,D15146,PS&M,PS_전속,100%,3,3,,3, - , - ,, - , - ,0.00%,, - , - 
P775391,P77539,제이(J)텔레콤,경기,용인시 기흥구,중동,경기도 용인시 기흥구 동백죽전대로 444,D14654,알리바바대리점,수도권_전속,100%,3,3,, - , - ,3,, - , - ,0.00%,, - , - 
P781461,P78146,TOP통신,경기,시흥시,은행동,경기도 시흥시 은행로 265,D13952,참스타대리점,수도권_전속,100%,3,3,,1,1,1,,1, - ,0.00%,, - , - 
P783941,P78394,휴대폰성지 판다폰 주안역점,인천,미추홀구,주안동,인천광역시 미추홀구 염창로 73,D13951,강남스타대리점,수도권_전속,100%,3,3,, - ,3, - ,,3, - ,0.00%,, - , - 
P786921,P78692,Seven 텔레콤,경기,고양시 덕양구,행신동,경기도 고양시 덕양구 중앙로 442,D13546,ACT대리점,수도권_전속,100%,3,3,,1,1,1,,1, - ,0.00%,, - , - 
P788621,P78862,에스투통신,경기,안산시 상록구,본오동,경기도 안산시 상록구 각골로 60,D13469,코넥,중복점,67%,3,2,, - , - ,2,, - , - ,0.00%,, - , - 
P788622,P78862,에스투통신,경기,안산시 상록구,본오동,경기도 안산시 상록구 각골로 60,D13952,참스타대리점,중복점,33%,3,1,,1, - , - ,, - , - ,0.00%,, - , - 
P788751,P78875,D.S정보통신,강원,철원군,갈말읍,강원도철원군갈말읍삼부연로9,D15146,PS&M,PS_전속,100%,3,3,, - , - ,3,, - , - ,0.00%,, - , - 
P798661,P79866,서안 모바일,경기,고양시 덕양구,행신동,경기도 고양시 덕양구 충경로 27,D15146,PS&M,중복점,67%,3,2,, - ,1,1,, - ,1,100.00%,, - , - 
P798662,P79866,서안 모바일,경기,고양시 덕양구,행신동,경기도 고양시 덕양구 충경로 27,D13469,코넥,중복점,33%,3,1,, - , - ,1,, - , - ,0.00%,, - , - 
P801311,P80131,나래정보통신,강원,철원군,동송읍,강원철원군동송읍금학로219,D15146,PS&M,PS_전속,100%,3,3,, - ,1,2,, - ,1,100.00%,, - , - 
P803861,P80386,미소통신,서울,동대문구,휘경동,서울특별시 동대문구 망우로 67,D14342,신창대리점,수도권_전속,100%,3,3,, - ,1,2,,1, - ,0.00%,, - , - 
P808231,P80823,S텔레콤,경기,고양시 일산동구,중산동,경기도 고양시 일산동구 중산로 244,D15121,CD대리점,수도권_전속,100%,3,3,, - ,3, - ,,3, - ,0.00%,, - , - 
P808611,P80861,엘림 정보통신,경기,안양시 동안구,관양동,경기도 안양시 동안구 흥안대로 509,D13965,대교대리점,중복점,67%,3,2,, - ,2, - ,,2, - ,0.00%,, - , - 
P808612,P80861,엘림 정보통신,경기,안양시 동안구,관양동,경기도 안양시 동안구 흥안대로 509,D15121,CD대리점,중복점,33%,3,1,, - ,1, - ,, - ,1,100.00%,, - , - 
P810301,P81030,영자텔레콤,경기,수원시 장안구,송죽동,경기도 수원시 장안구 경수대로 965,D15121,CD대리점,중복점,67%,3,2,,1,1, - ,,1, - ,0.00%,, - , - 
P810302,P81030,영자텔레콤,경기,수원시 장안구,송죽동,경기도 수원시 장안구 경수대로 965,D15146,PS&M,중복점,33%,3,1,, - , - ,1,, - , - ,0.00%,, - , - 
P811611,P81161,가온누리,강원,횡성군,둔내면,강원 횡성군 둔내면 둔내로 33-1,D83213,T&B대리점,수도권_전속,100%,3,3,, - ,3, - ,,3, - ,0.00%,, - , - 
P814481,P81448,일동하나로통신,경기,포천시,일동면,경기도포천시화동로1092,D15146,PS&M,PS_전속,100%,3,3,, - ,1,2,,1, - ,0.00%,, - , - 
P822371,P82237,제이텔레콤,강원,강릉시,노암동,강원특별자치도강릉시남부로125번길8,D15146,PS&M,PS_전속,100%,3,3,, - , - ,3,, - , - ,0.00%,, - , - 
P825401,P82540,라온폰앤카페,경기,이천시,모가면,경기도 이천시 모가면 진상미로 1274,D15146,PS&M,중복점,67%,3,2,,1, - ,1,, - , - ,0.00%,, - , - 
P825402,P82540,라온폰앤카페,경기,이천시,모가면,경기도 이천시 모가면 진상미로 1274,D13858,새서울대리점,중복점,33%,3,1,,1, - , - ,, - , - ,0.00%,, - , - 
P828391,P82839,폰&love,서울,관악구,봉천동,서울특별시 관악구 봉천로 580,D15157,근흥대리점,수도권_전속,100%,3,3,, - ,2,1,,1,1,50.00%,, - , - 
P829701,P82970,엘림,인천,부평구,산곡동,인천광역시 부평구 부영로189번길 36,D13952,참스타대리점,수도권_전속,100%,3,3,, - ,3, - ,,3, - ,0.00%,, - , - 
P829761,P82976,굿모닝,인천,미추홀구,학익동,인천광역시 남구 소성로 242,D13952,참스타대리점,수도권_전속,100%,3,3,, - , - ,3,, - , - ,0.00%,, - , - 
P830071,P83007,엠존(응암),서울,은평구,응암동,서울특별시 은평구 응암로12길 11-1,D13546,ACT대리점,수도권_전속,100%,3,3,, - ,1,2,,1, - ,0.00%,, - , - 
P835561,P83556,매직모바일,인천,동구,화평동,인천광역시 동구 송화로 11,D15146,PS&M,중복점,67%,3,2,, - ,2, - ,,2, - ,0.00%,, - , - 
P835562,P83556,매직모바일,인천,동구,화평동,인천광역시 동구 송화로 11,D13827,지은대리점,중복점,33%,3,1,, - , - ,1,, - , - ,0.00%,, - , - 
P836351,P83635,(주)와이통신,서울,금천구,독산동,서울특별시 금천구 가산로 57-2,D15121,CD대리점,수도권_전속,100%,3,3,, - ,1,2,,1, - ,0.00%,, - , - 
P836401,P83640,비타민텔레콤,서울,강북구,수유동,서울특별시 강북구 덕릉로 4,D14342,신창대리점,수도권_전속,100%,3,3,, - ,2,1,,1,1,50.00%,, - , - 
P836701,P83670,베스트통신 죽산점,경기,안성시,죽산면,경기도안성시죽산면죽주로257,D15146,PS&M,PS_전속,100%,3,3,,2, - ,1,, - , - ,0.00%,, - , - 
P837151,P83715,퍼스트 네트웍스,인천,부평구,부개동,인천광역시 부평구 부개로 61-6,D13124,UNI대리점,수도권_전속,100%,3,3,, - ,1,2,,1, - ,0.00%,, - , - 
P837981,P83798,테마정보통신,인천,남동구,논현동,인천광역시 남동구 은봉로165번길 86,D13952,참스타대리점,수도권_전속,100%,3,3,,1, - ,2,, - , - ,0.00%,, - , - 
P838781,P83878,리치텔레콤,경기,양주시,덕계동,경기도양주시평화로1413번길48,D15146,PS&M,PS_전속,100%,3,3,, - ,3, - ,,3, - ,0.00%,, - , - 
P839191,P83919,제이텔레콤,서울,중랑구,신내동,서울특별시 중랑구 신내로 225,D14342,신창대리점,수도권_전속,100%,3,3,, - , - ,3,, - , - ,0.00%,, - , - 
P839841,P83984,착한 총각네폰가게,경기,안양시 동안구,호계동,경기도 안양시 동안구 귀인로 101-1,D13965,대교대리점,수도권_전속,100%,3,3,, - ,2,1,, - ,2,100.00%,, - , - 
P847051,P84705,착한텔레콤,경기,고양시 덕양구,토당동,경기도 고양시 덕양구 지도로 33,D14342,신창대리점,수도권_전속,100%,3,3,,1,1,1,,1, - ,0.00%,, - , - 
P851871,P85187,대박통신,서울,영등포구,대림동,서울특별시 영등포구 도림로31길 22,D13124,UNI대리점,수도권_전속,100%,3,3,, - ,3, - ,,3, - ,0.00%,, - , - 
P857331,P85733,이조통신,서울,관악구,봉천동,서울특별시 관악구 은천로 33,D15051,프리스비,수도권_전속,100%,3,3,, - ,2,1,,1,1,50.00%,, - , - 
P860611,P86061,롯데통신,경기,남양주시,오남읍,경기도 남양주시 오남읍 진건오남로 512,D15173,정원대리점,수도권_전속,100%,3,3,, - ,1,2,,1, - ,0.00%,, - , - 
P861291,P86129,SD텔레콤,인천,서구,가좌동,인천광역시 서구 원적로 79-1,D14746,유원대리점,중복점,67%,3,2,, - , - ,2,, - , - ,0.00%,, - , - 
P861292,P86129,SD텔레콤,인천,서구,가좌동,인천광역시 서구 원적로 79-1,D15146,PS&M,중복점,33%,3,1,, - , - ,1,, - , - ,0.00%,, - , - 
P861431,P86143,폰다방,경기,고양시 일산동구,식사동,경기도 고양시 일산동구 위시티로 81,D15121,CD대리점,중복점,67%,3,2,, - ,1,1,,1, - ,0.00%,, - , - 
P861432,P86143,폰다방,경기,고양시 일산동구,식사동,경기도 고양시 일산동구 위시티로 81,D15146,PS&M,중복점,33%,3,1,, - ,1, - ,,1, - ,0.00%,, - , - 
P861771,P86177,이에스텔레콤,서울,양천구,신월동,서울특별시 양천구 오목로 71,D15146,PS&M,PS_전속,100%,3,3,, - ,2,1,, - ,2,100.00%,, - , - 
P862571,P86257,케이정보통신,경기,부천시 원미구,중동,경기도 부천시 원미구 장말로 171,D15157,근흥대리점,수도권_전속,100%,3,3,, - ,2,1,,2, - ,0.00%,, - , - 
P863091,P86309,휴대폰성지 범텔레콤,경기,성남시 중원구,은행동,경기도 성남시 중원구 자혜로 73-2,D14746,유원대리점,수도권_전속,100%,3,3,, - ,2,1,,2, - ,0.00%,, - , - 
P863981,P86398,솔향통신,강원,강릉시,임당동,강원 강릉시 토성로 152-1,D14746,유원대리점,수도권_전속,100%,3,3,, - , - ,3,, - , - ,0.00%,, - , - 
P865901,P86590,공간모바일,서울,은평구,신사동,서울특별시 은평구 은평로 66,D14342,신창대리점,중복점,67%,3,2,, - , - ,2,, - , - ,0.00%,, - , - 
P865902,P86590,공간모바일,서울,은평구,신사동,서울특별시 은평구 은평로 66,D13357,가능대리점,중복점,33%,3,1,, - , - ,1,, - , - ,0.00%,, - , - 
P866361,P86636,주 모바일,인천,계양구,동양동,인천광역시 계양구 동양로 101,D15173,정원대리점,중복점,67%,3,2,, - ,1,1,, - ,1,100.00%,, - , - 
P866362,P86636,주 모바일,인천,계양구,동양동,인천광역시 계양구 동양로 101,D13952,참스타대리점,중복점,33%,3,1,,1, - , - ,, - , - ,0.00%,, - , - 
P866871,P86687,문텔레콤,경기,고양시 덕양구,행신동,경기도 고양시 덕양구 중앙로 542,D15146,PS&M,PS_전속,100%,3,3,, - ,2,1,,1,1,50.00%,, - , - 
P869741,P86974,시은모바일,경기,화성시 동탄구,능동,경기도 화성시 여울로4길 2,D15146,PS&M,중복점,67%,3,2,,1,1, - ,,1, - ,0.00%,, - , - 
P869742,P86974,시은모바일,경기,화성시 동탄구,능동,경기도 화성시 여울로4길 2,D13225,광장대리점,중복점,33%,3,1,, - , - ,1,, - , - ,0.00%,, - , - 
P871751,P87175,주식회사 청춘대길 응암지점,서울,은평구,역촌동,서울특별시 은평구 은평로3길 6,F13586,신도SDR,수도권_전속,100%,3,3,,1, - ,2,, - , - ,0.00%,, - , - 
P872381,P87238,주식회사 에프에이치디,서울,강동구,성내동,서울특별시 강동구 풍성로 109,D14674,서울ent대리점,수도권_전속,100%,3,3,, - ,1,2,,1, - ,0.00%,, - , - 
P873071,P87307,주원통신,서울,송파구,문정동,서울특별시 송파구 동남로4길 25,D15121,CD대리점,수도권_전속,100%,3,3,, - ,1,2,,1, - ,0.00%,, - , - 
P873301,P87330,한국정보통신,인천,부평구,부개동,인천광역시 부평구 동수로120번길 11,D15117,알파대리점,수도권_전속,100%,3,3,, - ,2,1,,2, - ,0.00%,, - ,1
P874141,P87414,피에스텔레콤,경기,군포시,산본동,경기도 군포시 번영로 505,D14746,유원대리점,수도권_전속,100%,3,3,, - ,3, - ,,3, - ,0.00%,, - , - 
P874501,P87450,카인드,인천,동구,송현동,인천광역시 동구 송현로 44,F13586,신도SDR,수도권_전속,100%,3,3,, - , - ,3,, - , - ,0.00%,, - , - 
P874791,P87479,(주)평화커뮤니케이션,서울,구로구,구로동,서울특별시 구로구 구로동로22길 1,D13225,광장대리점,중복점,67%,3,2,, - , - ,2,, - , - ,0.00%,, - , - 
P874792,P87479,(주)평화커뮤니케이션,서울,구로구,구로동,서울특별시 구로구 구로동로22길 1,D15146,PS&M,중복점,33%,3,1,,1, - , - ,, - , - ,0.00%,, - , - 
P876001,P87600,드림비즈텔,서울,양천구,신정동,서울특별시 양천구 목동로3길 57,D15157,근흥대리점,수도권_전속,100%,3,3,,1,2, - ,,2, - ,0.00%,, - ,1
P879411,P87941,일루텔레콤,경기,부천시 소사구,심곡본동,경기도 부천시 소사구 성주로 219,D15121,CD대리점,수도권_전속,100%,3,3,, - ,3, - ,,3, - ,0.00%,, - , - 
P880711,P88071,픽스 공인중개사 사무소,강원,철원군,동송읍,강원 철원군 동송읍 금학로 191,D15146,PS&M,PS_전속,100%,3,3,,1, - ,2,, - , - ,0.00%,, - , - 
P882781,P88278,일진정보,강원,원주시,단구동,강원 원주시 치악로 1570,D13622,MD대리점,수도권_전속,100%,3,3,, - ,3, - ,,3, - ,0.00%,, - , - 
P883481,P88348,빅조모바일,경기,시흥시,거모동,경기도 시흥시 군자로481번길 2,D13124,UNI대리점,중복점,67%,3,2,, - ,2, - ,,2, - ,0.00%,, - , - 
P883482,P88348,빅조모바일,경기,시흥시,거모동,경기도 시흥시 군자로481번길 2,D13622,MD대리점,중복점,33%,3,1,,1, - , - ,, - , - ,0.00%,, - , - 
P886191,P88619,갤통신,강원,정선군,사북읍,강원정선군사북읍사북3길213,D15146,PS&M,PS_전속,100%,3,3,,1,1,1,,1, - ,0.00%,, - , - 
P889991,P88999,YS이동통신,강원,춘천시,온의동,강원 춘천시 스포츠타운길 524,D13742,한유대리점,수도권_전속,100%,3,3,, - ,2,1,,2, - ,0.00%,, - , - 
P890641,P89064,삼성모바일,경기,안산시 상록구,부곡동,경기도 안산시 상록구 부곡로 61,D13827,지은대리점,중복점,67%,3,2,, - ,1,1,,1, - ,0.00%,, - , - 
P890642,P89064,삼성모바일,경기,안산시 상록구,부곡동,경기도 안산시 상록구 부곡로 61,D13542,삼보대리점,중복점,33%,3,1,, - ,1, - ,,1, - ,0.00%,, - , - 
P890861,P89086,주식회사 청년사업단,인천,미추홀구,학익동,인천광역시 남구 소성로 88,D13827,지은대리점,수도권_전속,100%,3,3,, - ,3, - ,,2,1,33.30%,, - , - 
P891381,P89138,청담통신,서울,강남구,삼성동,서울특별시 강남구 학동로68길 7,D15146,PS&M,PS_전속,100%,3,3,, - , - ,3,, - , - ,0.00%,, - , - 
P892391,P89239,승텔레콤,경기,광명시,하안동,경기도 광명시 하안로287번길 8,D15051,프리스비,수도권_전속,100%,3,3,, - ,3, - ,,3, - ,0.00%,, - , - 
P893471,P89347,중고폰달인 천호역점,서울,송파구,풍납동,서울특별시 송파구 천호대로152길 17,D15121,CD대리점,수도권_전속,100%,3,3,,1,1,1,, - ,1,100.00%,, - , - 
P894121,P89412,동아모바일 소래점,인천,남동구,논현동,인천광역시 남동구 앵고개로 928,D13827,지은대리점,중복점,67%,3,2,,1, - ,1,, - , - ,0.00%,, - , - 
P894122,P89412,동아모바일 소래점,인천,남동구,논현동,인천광역시 남동구 앵고개로 928,D15146,PS&M,중복점,33%,3,1,, - ,1, - ,,1, - ,0.00%,, - , - 
P899821,P89982,제영모바일,경기,이천시,창전동,경기도 이천시 영창로 203,D15121,CD대리점,수도권_전속,100%,3,3,, - ,1,2,,1, - ,0.00%,, - , - 
P902931,P90293,세잎클로버(권선점),경기,수원시 권선구,권선동,경기도 수원시 권선구 권광로 69,D15051,프리스비,중복점,67%,3,2,, - ,2, - ,, - ,2,100.00%,, - , - 
P902932,P90293,세잎클로버(권선점),경기,수원시 권선구,권선동,경기도 수원시 권선구 권광로 69,D15146,PS&M,중복점,33%,3,1,,1, - , - ,, - , - ,0.00%,, - , - 
P903331,P90333,아이디오,서울,강북구,수유동,서울특별시 강북구 도봉로67길 8,D13622,MD대리점,중복점,67%,3,2,, - ,2, - ,,1,1,50.00%,, - , - 
P903332,P90333,아이디오,서울,강북구,수유동,서울특별시 강북구 도봉로67길 8,D13965,대교대리점,중복점,33%,3,1,, - ,1, - ,,1, - ,0.00%,, - , - 
P909791,P90979,에스디컴퍼니,서울,강북구,수유동,서울특별시 강북구 삼양로77길 2,D13742,한유대리점,수도권_전속,100%,3,3,, - ,2,1,,2, - ,0.00%,, - , - 
P913571,P91357,시원정보통신,경기,안산시 단원구,와동,경기도 안산시 단원구 와동로 22,D14342,신창대리점,수도권_전속,100%,3,3,, - ,1,2,,1, - ,0.00%,, - , - 
P913641,P91364,수락원텔레콤,서울,노원구,상계동,서울특별시 노원구 동일로 1701,D13827,지은대리점,수도권_전속,100%,3,3,,3, - , - ,, - , - ,0.00%,, - , - 
P919871,P91987,wh모바일,경기,고양시 덕양구,도내동,경기도고양시덕양구도래울1로57,D15146,PS&M,PS_전속,100%,3,3,, - ,3, - ,,3, - ,0.00%,, - , - 
P920301,P92030,위더스,서울,관악구,봉천동,서울특별시 관악구 양녕로 37,D13742,한유대리점,수도권_전속,100%,3,3,, - , - ,3,, - , - ,0.00%,, - , - 
P921131,P92113,버미통신,강원,원주시,흥업면,강원 원주시 흥업면 남원로 70,D15146,PS&M,중복점,67%,3,2,, - ,1,1,,1, - ,0.00%,, - , - 
P921132,P92113,버미통신,강원,원주시,흥업면,강원 원주시 흥업면 남원로 70,D13469,코넥,중복점,33%,3,1,, - ,1, - ,,1, - ,0.00%,, - , - 
P921631,P92163,참조은모바일,경기,광주시,곤지암읍,경기도 광주시 곤지암읍 곤지암로 72,D15146,PS&M,PS_전속,100%,3,3,,1, - ,2,, - , - ,0.00%,, - , - 
P928851,P92885,아마존,서울,강서구,마곡동,서울특별시 강서구 양천로 344,D15146,PS&M,PS_전속,100%,3,3,, - ,3, - ,,3, - ,0.00%,, - , - 
P929411,P92941,오마주,경기,부천시 원미구,중동,경기도 부천시 부흥로303번길 31,D15051,프리스비,중복점,67%,3,2,, - ,1,1,,1, - ,0.00%,, - , - 
P929412,P92941,오마주,경기,부천시 원미구,중동,경기도 부천시 부흥로303번길 31,D15121,CD대리점,중복점,33%,3,1,, - , - ,1,, - , - ,0.00%,, - , - 
P931601,P93160,중부넷,서울,동대문구,장안동,서울 동대문구 한천로 195,D15176,ACE대리점,수도권_전속,100%,3,3,, - ,2,1,,2, - ,0.00%,, - , - 
P932001,P93200,(주)YD컴퍼니 운정점,경기,파주시,와동동,경기도 파주시 와석순환로 421,D13546,ACT대리점,수도권_전속,100%,3,3,,1,1,1,, - ,1,100.00%,, - , - 
P933321,P93332,뀨텔레콤,서울,노원구,공릉동,서울특별시 노원구 공릉로 217,D15173,정원대리점,중복점,67%,3,2,, - , - ,2,, - , - ,0.00%,, - , - 
P933322,P93332,뀨텔레콤,서울,노원구,공릉동,서울특별시 노원구 공릉로 217,D13858,새서울대리점,중복점,33%,3,1,, - , - ,1,, - , - ,0.00%,, - , - 
P934061,P93406,엠제이모바일,경기,의정부시,민락동,경기도 의정부시 오목로 105,D13546,ACT대리점,수도권_전속,100%,3,3,, - ,1,2,,1, - ,0.00%,, - , - 
P934561,P93456,성실네트워크,인천,부평구,삼산동,인천광역시 부평구 수변로 333,D13124,UNI대리점,수도권_전속,100%,3,3,, - ,1,2,,1, - ,0.00%,, - , - 
P940441,P94044,케이에스시흥,경기,시흥시,대야동,경기도 시흥시 비둘기공원7길 27,D13622,MD대리점,수도권_전속,100%,3,3,, - ,1,2,, - ,1,100.00%,, - , - 
P940711,P94071,엔씨통신마북점,경기,용인시 기흥구,마북동,경기도 용인시 기흥구 마북로 152,D14342,신창대리점,수도권_전속,100%,3,3,, - ,1,2,,1, - ,0.00%,, - , - 
P941801,P94180,서광텔레콤,경기,안산시 상록구,본오동,경기도 안산시 상록구 본오로 144,D13742,한유대리점,수도권_전속,100%,3,3,, - ,2,1,,2, - ,0.00%,, - ,1
P952471,P95247,S COMPANY,강원,원주시,지정면,강원원주시지정면신지정로322,D15146,PS&M,PS_전속,100%,3,3,, - ,1,2,,1, - ,0.00%,, - , - 
P957541,P95754,하나통신,서울,구로구,구로동,서울특별시 구로구 구로동로 131-2,D13622,MD대리점,수도권_전속,100%,3,3,,2, - ,1,, - , - ,0.00%,, - , - 
P962461,P96246,대박통신세류점,경기,수원시 권선구,세류동,경기도수원시권선구세지로61,D15146,PS&M,PS_전속,100%,3,3,,2, - ,1,, - , - ,0.00%,, - , - 
P965551,P96555,휴대폰1번가,경기,평택시,팽성읍,경기도 평택시 팽성읍 송화택지로 161,D15176,ACE대리점,수도권_전속,100%,3,3,,1,2, - ,,2, - ,0.00%,, - , - 
P965861,P96586,희망대박통신,경기,남양주시,화도읍,경기도 남양주시 화도읍 수레로 1169,D15146,PS&M,중복점,67%,3,2,, - , - ,2,, - , - ,0.00%,, - , - 
P965862,P96586,희망대박통신,경기,남양주시,화도읍,경기도 남양주시 화도읍 수레로 1169,D15176,ACE대리점,중복점,33%,3,1,, - ,1, - ,,1, - ,0.00%,, - , - 
P966041,P96604,제이모바일,경기,양주시,옥정동,경기도 양주시 옥정동로7다길 54,D15117,알파대리점,수도권_전속,100%,3,3,, - ,1,2,,1, - ,0.00%,, - ,1
P968491,P96849,원 텔레콤,강원,인제군,남면,강원 인제군 남면 신남로58번길 16,D83213,T&B대리점,수도권_전속,100%,3,3,,1, - ,2,, - , - ,0.00%,, - , - 
P971371,P97137,폰&통신,경기,남양주시,화도읍,경기도 남양주시 화도읍 경춘보학1길 7,D15121,CD대리점,수도권_전속,100%,3,3,, - ,1,2,,1, - ,0.00%,, - , - 
P972791,P97279,폰 스토리,경기,안양시 동안구,관양동,경기도 안양시 동안구 관악대로 388,D13827,지은대리점,중복점,67%,3,2,, - , - ,2,, - , - ,0.00%,, - , - 
P972792,P97279,폰 스토리,경기,안양시 동안구,관양동,경기도 안양시 동안구 관악대로 388,D13951,강남스타대리점,중복점,33%,3,1,, - , - ,1,, - , - ,0.00%,, - , - 
P973941,P97394,화이트통신,경기,용인시 처인구,역북동,경기도 용인시 처인구 명지로40번길 13,D13542,삼보대리점,수도권_전속,100%,3,3,, - , - ,3,, - , - ,0.00%,, - , - 
P976581,P97658,신세계모바일,인천,부평구,부평동,인천광역시 부평구 주부토로 36,D15121,CD대리점,수도권_전속,100%,3,3,,1,2, - ,,2, - ,0.00%,, - , - 
P983161,P98316,(주) 더지엔,인천,부평구,십정동,인천광역시 부평구 동암남로 5,D13952,참스타대리점,수도권_전속,100%,3,3,,1, - ,2,, - , - ,0.00%,, - , - 
P984911,P98491,바이폰,서울,도봉구,도봉동,서울특별시 도봉구 도봉로170길 16,D13951,강남스타대리점,수도권_전속,100%,3,3,, - , - ,3,, - , - ,0.00%,, - , - 
P991591,P99159,일흥 모바일,경기,고양시 일산서구,일산동,경기도 고양시 일산서구 원일로 75,D13225,광장대리점,수도권_전속,100%,3,3,,1,2, - ,,2, - ,0.00%,, - , - 
P993461,P99346,스피드파워폰,경기,파주시,광탄면,"경기 파주시 광탄면 혜음로 1118,",D13546,ACT대리점,수도권_전속,100%,3,3,, - , - ,3,, - , - ,0.00%,, - , - 
P995641,P99564,이룸통신,서울,은평구,갈현동,서울특별시 은평구 서오릉로 150,D15146,PS&M,중복점,67%,3,2,, - , - ,2,, - , - ,0.00%,, - , - 
P995642,P99564,이룸통신,서울,은평구,갈현동,서울특별시 은평구 서오릉로 150,D15051,프리스비,중복점,33%,3,1,, - ,1, - ,,1, - ,0.00%,, - , - 
P996981,P99698,영모바일,서울,관악구,신림동,서울특별시 관악구 난곡로 231,D13622,MD대리점,수도권_전속,100%,3,3,, - ,1,2,,1, - ,0.00%,, - , - 
PA22501,PA2250,국제사,인천,미추홀구,주안동,인천광역시 미추홀구 주안로 지하 86,D13952,참스타대리점,수도권_전속,100%,3,3,, - , - ,3,, - , - ,0.00%,, - ,1
PA24701,PA2470,총각s phone,강원,동해시,천곡동,강원 동해시 한섬로 126,D13469,코넥,중복점,67%,3,2,, - ,1,1,,1, - ,0.00%,, - , - 
PA24702,PA2470,총각s phone,강원,동해시,천곡동,강원 동해시 한섬로 126,D13952,참스타대리점,중복점,33%,3,1,, - , - ,1,, - , - ,0.00%,, - , - 
PA25781,PA2578,럭셔리통신,서울,금천구,시흥동,서울특별시 금천구 금하로 631,D13124,UNI대리점,수도권_전속,100%,3,3,, - ,1,2,,1, - ,0.00%,, - , - 
PA26501,PA2650,맹호모바일,인천,남동구,논현동,인천광역시 남동구 논고개로 61,D15146,PS&M,PS_전속,100%,3,3,, - ,1,2,,1, - ,0.00%,, - , - 
PA26551,PA2655,비와이모바일,인천,미추홀구,숭의동,인천광역시 미추홀구 제물량로24번길 85,D15121,CD대리점,수도권_전속,100%,3,3,,2,1, - ,,1, - ,0.00%,, - , - 
PA26931,PA2693,엔스피드,서울,은평구,불광동,서울특별시 은평구 불광로 38,D13546,ACT대리점,중복점,67%,3,2,, - ,1,1,,1, - ,0.00%,, - , - 
PA26932,PA2693,엔스피드,서울,은평구,불광동,서울특별시 은평구 불광로 38,D13225,광장대리점,중복점,33%,3,1,, - , - ,1,, - , - ,0.00%,, - , - 
PA30921,PA3092,형제텔레콤,경기,김포시,감정동,경기도 김포시 중봉1로 21,D13124,UNI대리점,수도권_전속,100%,3,3,,1,2, - ,,2, - ,0.00%,, - , - 
PA32551,PA3255,아이정보통신,경기,부천시 원미구,도당동,경기도 부천시 옥산로 152,D13827,지은대리점,수도권_전속,100%,3,3,, - , - ,3,, - , - ,0.00%,, - , - 
PA34471,PA3447,휴대폰성지 세로폰 광진,서울,광진구,자양동,서울특별시 광진구 뚝섬로 644,D13542,삼보대리점,수도권_전속,100%,3,3,, - ,1,2,,1, - ,0.00%,, - , - 
PA36191,PA3619,모바일뱅크,경기,의정부시,의정부동,경기도 의정부시 범골로63번길 13,D15117,알파대리점,수도권_전속,100%,3,3,, - ,2,1,,2, - ,0.00%,, - , - 
PA38471,PA3847,폰사랑통신,경기,성남시 분당구,야탑동,경기도 성남시 분당구 성남대로925번길 16,D13742,한유대리점,수도권_전속,100%,3,3,, - ,3, - ,,3, - ,0.00%,, - , - 
PA39761,PA3976,상동시장 직영점,경기,부천시 원미구,상동,경기도 부천시 부일로298번길 3,D13952,참스타대리점,중복점,67%,3,2,, - ,2, - ,,2, - ,0.00%,, - , - 
PA39762,PA3976,상동시장 직영점,경기,부천시 원미구,상동,경기도 부천시 부일로298번길 3,D15146,PS&M,중복점,33%,3,1,, - ,1, - ,,1, - ,0.00%,, - , - 
PA39811,PA3981,연합정보통신,서울,강북구,미아동,서울특별시 강북구 도봉로 34,D13225,광장대리점,수도권_전속,100%,3,3,, - , - ,3,, - , - ,0.00%,, - ,1
PA40421,PA4042,주식회사 마켓제이앤제이,서울,은평구,대조동,서울특별시 은평구 서오릉로 86,D14342,신창대리점,중복점,67%,3,2,, - , - ,2,, - , - ,0.00%,, - , - 
PA40422,PA4042,주식회사 마켓제이앤제이,서울,은평구,대조동,서울특별시 은평구 서오릉로 86,D15146,PS&M,중복점,33%,3,1,,1, - , - ,, - , - ,0.00%,, - , - 
PA40451,PA4045,우리텔레콤,서울,동작구,노량진동,서울특별시동작구장승배기로1392,D15146,PS&M,PS_전속,100%,3,3,, - ,1,2,, - ,1,100.00%,, - , - 
PA42951,PA4295,바른통신 지금점,경기,남양주시,다산동,경기도 남양주시 다산지금로 127,D15173,정원대리점,수도권_전속,100%,3,3,, - ,2,1,,2, - ,0.00%,, - , - 
PA45731,PA4573,제이비모바일,경기,고양시 덕양구,화정동,경기도 고양시 덕양구 백양로 47,D13742,한유대리점,수도권_전속,100%,3,3,, - ,3, - ,,1,2,66.70%,, - ,2
PA46911,PA4691,위너텔레콤,경기,포천시,신읍동,경기도 포천시 중앙로 131,D14342,신창대리점,중복점,67%,3,2,, - , - ,2,, - , - ,0.00%,, - , - 
PA46912,PA4691,위너텔레콤,경기,포천시,신읍동,경기도 포천시 중앙로 131,D15146,PS&M,중복점,33%,3,1,, - ,1, - ,,1, - ,0.00%,, - , - 
PA47091,PA4709,영스피드,경기,부천시 오정구,삼정동,경기도 부천시 중동로 398,D13952,참스타대리점,수도권_전속,100%,3,3,,2, - ,1,, - , - ,0.00%,, - , - 
PA47371,PA4737,휴대폰성지 옆커폰 부평청천점,인천,부평구,청천동,인천광역시 부평구 마장로 470,D14674,서울ent대리점,수도권_전속,100%,3,3,, - ,1,2,,1, - ,0.00%,, - , - 
PA48211,PA4821,아이엔씨 잠실새내,서울,송파구,잠실동,서울특별시 송파구 석촌호수로12길 25,D15146,PS&M,PS_전속,100%,3,3,, - ,1,2,,1, - ,0.00%,, - , - 
PA50381,PA5038,휴대폰가게,경기,안성시,당왕동,경기도 안성시 남파로 89,D14674,서울ent대리점,수도권_전속,100%,3,3,, - , - ,3,, - , - ,0.00%,, - , - 
PA52421,PA5242,재용모바일,경기,고양시 일산서구,일산동,경기도 고양시 일산서구 원일로74번길 4,D13225,광장대리점,수도권_전속,100%,3,3,, - ,1,2,,1, - ,0.00%,, - , - 
PA53981,PA5398,넛지모바일,경기,남양주시,진접읍,경기 남양주시 진접읍 장현천로 24,D15146,PS&M,PS_전속,100%,3,3,,1,1,1,,1, - ,0.00%,, - , - 
PA54431,PA5443,하늘정보통신,인천,중구,중산동,인천광역시 중구 하늘중앙로195번길 14,D13124,UNI대리점,중복점,67%,3,2,, - ,1,1,,1, - ,0.00%,, - , - 
PA54432,PA5443,하늘정보통신,인천,중구,중산동,인천광역시 중구 하늘중앙로195번길 14,D15146,PS&M,중복점,33%,3,1,, - ,1, - ,,1, - ,0.00%,, - , - 
PA54791,PA5479,휴대폰성지 애플모바일현대시장점,서울,금천구,시흥동,서울특별시 금천구 독산로35길 25,D13124,UNI대리점,수도권_전속,100%,3,3,,1,1,1,,1, - ,0.00%,, - ,1
PA56131,PA5613,안곡통신,경기,가평군,조종면,경기도가평군조종면현창로38번길19,D15146,PS&M,PS_전속,100%,3,3,, - ,2,1,,2, - ,0.00%,, - , - 
PA56291,PA5629,효자통신,서울,동대문구,전농동,서울특별시 동대문구 사가정로 122,D13546,ACT대리점,수도권_전속,100%,3,3,, - ,1,2,, - ,1,100.00%,, - , - 
PA56611,PA5661,우리모바일,경기,시흥시,월곶동,경기도 시흥시 월곶중앙로 64,D13124,UNI대리점,수도권_전속,100%,3,3,, - , - ,3,, - , - ,0.00%,, - , - 
PA61141,PA6114,우리동네핸드폰아울렛,경기,수원시 팔달구,우만동,경기도 수원시 팔달구 팔달문로163번길 38,D13952,참스타대리점,중복점,67%,3,2,, - ,1,1,,1, - ,0.00%,, - , - 
PA61142,PA6114,우리동네핸드폰아울렛,경기,수원시 팔달구,우만동,경기도 수원시 팔달구 팔달문로163번길 38,D13827,지은대리점,중복점,33%,3,1,, - ,1, - ,,1, - ,0.00%,, - , - 
PA63461,PA6346,뉴코아텔레콤2,경기,이천시,창전동,경기도 이천시 어재연로 42-2,D15146,PS&M,중복점,67%,3,2,, - , - ,2,, - , - ,0.00%,, - , - 
PA63462,PA6346,뉴코아텔레콤2,경기,이천시,창전동,경기도 이천시 어재연로 42-2,D13827,지은대리점,중복점,33%,3,1,,1, - , - ,, - , - ,0.00%,, - , - 
PA65741,PA6574,네네통신,강원,속초시,교동,강원특별자치도 속초시 수복로 51,D14746,유원대리점,수도권_전속,100%,3,3,, - ,2,1,,2, - ,0.00%,, - , - 
PA67101,PA6710,미소텔레콤,강원,속초시,교동,강원 속초시 미시령로3359번길 28,D13952,참스타대리점,중복점,67%,3,2,,1,1, - ,, - ,1,100.00%,, - , - 
PA67102,PA6710,미소텔레콤,강원,속초시,교동,강원 속초시 미시령로3359번길 28,D15146,PS&M,중복점,33%,3,1,, - ,1, - ,,1, - ,0.00%,, - , - 
PA67351,PA6735,고척통신,서울,구로구,고척동,서울특별시 구로구 중앙로10길 21,D14674,서울ent대리점,수도권_전속,100%,3,3,, - ,1,2,,1, - ,0.00%,, - , - 
PA67841,PA6784,광장텔레콤,서울,광진구,광장동,서울특별시 광진구 광장로 45,D15146,PS&M,PS_전속,100%,3,3,, - , - ,3,, - , - ,0.00%,, - , - 
PA69531,PA6953,역전폰,경기,평택시,평택동,경기도 평택시 평택1로 2,D15176,ACE대리점,수도권_전속,100%,3,3,,1,1,1,,1, - ,0.00%,, - , - 
PA70651,PA7065,나바인터내셔널,서울,중구,태평로2가,서울특별시 중구 세종대로 86,D13357,가능대리점,수도권_전속,100%,3,3,,2,1, - ,,1, - ,0.00%,, - , - 
PA70721,PA7072,탄탄모바일,서울,금천구,독산동,서울특별시 금천구 벚꽃로 40,D13124,UNI대리점,수도권_전속,100%,3,3,, - , - ,3,, - , - ,0.00%,, - , - 
PA71381,PA7138,제이텔레콤,서울,노원구,공릉동,서울특별시 노원구 화랑로51길 38,D15176,ACE대리점,중복점,67%,3,2,, - ,2, - ,, - ,2,100.00%,, - , - 
PA71382,PA7138,제이텔레콤,서울,노원구,공릉동,서울특별시 노원구 화랑로51길 38,D14342,신창대리점,중복점,33%,3,1,,1, - , - ,, - , - ,0.00%,, - , - 
PA71711,PA7171,금천천보통신,서울,금천구,가산동,서울특별시 금천구 가산로 115-2,D15146,PS&M,중복점,67%,3,2,, - ,2, - ,,1,1,50.00%,, - , - 
PA71712,PA7171,금천천보통신,서울,금천구,가산동,서울특별시 금천구 가산로 115-2,D13622,MD대리점,중복점,33%,3,1,, - , - ,1,, - , - ,0.00%,, - , - 
PA71741,PA7174,휴대폰종착점,경기,평택시,합정동,경기도 평택시 중앙로 176,D13542,삼보대리점,수도권_전속,100%,3,3,, - ,2,1,,2, - ,0.00%,, - , - 
PA73311,PA7331,에스모바일,경기,고양시 덕양구,행신동,경기도 고양시 덕양구 행신로 266,D13858,새서울대리점,수도권_전속,100%,3,3,, - , - ,3,, - , - ,0.00%,, - , - 
PA75241,PA7524,신성난곡점,서울,관악구,신림동,서울특별시 관악구 난곡로 170,D15146,PS&M,중복점,67%,3,2,, - ,2, - ,,2, - ,0.00%,, - , - 
PA75242,PA7524,신성난곡점,서울,관악구,신림동,서울특별시 관악구 난곡로 170,D13622,MD대리점,중복점,33%,3,1,, - ,1, - ,,1, - ,0.00%,, - , - 
PA78611,PA7861,서아텔레콤,경기,화성시 만세구,향남읍,경기도 화성시 향남읍 상신하길로298번길 7-1,D13225,광장대리점,수도권_전속,100%,3,3,,1, - ,2,, - , - ,0.00%,, - , - 
PA82931,PA8293,수원휴대폰성지 시원폰,경기,수원시 권선구,오목천동,경기도 수원시 권선구 삼천병마로 1553,D13542,삼보대리점,수도권_전속,100%,3,3,,2, - ,1,, - , - ,0.00%,, - , - 
PA83591,PA8359,태양정보통신,경기,성남시 중원구,금광동,경기도 성남시 중원구 금빛로 101,D13546,ACT대리점,수도권_전속,100%,3,3,, - ,2,1,,2, - ,0.00%,, - , - 
PA84691,PA8469,정직한 모바일샵,경기,화성시 동탄구,목동,경기도 화성시 동탄순환대로20길 104,D15146,PS&M,중복점,67%,3,2,, - , - ,2,, - , - ,0.00%,, - , - 
PA84692,PA8469,정직한 모바일샵,경기,화성시 동탄구,목동,경기도 화성시 동탄순환대로20길 104,D15121,CD대리점,중복점,33%,3,1,, - , - ,1,, - , - ,0.00%,, - , - 
PA86351,PA8635,폰바꿔정보통신,서울,서대문구,북가좌동,서울특별시 서대문구 응암로 69,D13225,광장대리점,수도권_전속,100%,3,3,, - , - ,3,, - , - ,0.00%,, - , - 
PA89691,PA8969,폰포유,경기,시흥시,정왕동,경기도 시흥시 중심상가3길 10,D13124,UNI대리점,수도권_전속,100%,3,3,, - ,2,1,, - ,2,100.00%,, - , - 
PA91211,PA9121,기쁨텔레콤,경기,고양시 일산동구,정발산동,경기도 고양시 일산동구 일산로 449,D13546,ACT대리점,수도권_전속,100%,3,3,,2, - ,1,, - , - ,0.00%,, - , - 
PA91561,PA9156,제이모바일,서울,노원구,월계동,서울특별시 노원구 석계로 49,D15117,알파대리점,수도권_전속,100%,3,3,, - ,1,2,,1, - ,0.00%,, - , - 
PA93941,PA9394,폰사무소,서울,관악구,신림동,서울특별시 관악구 조원로 133,D15051,프리스비,수도권_전속,100%,3,3,,1,2, - ,,2, - ,0.00%,, - , - 
PA94581,PA9458,그랜드텔레콤,서울,강남구,논현동,서울특별시 강남구 학동로 170,D15051,프리스비,수도권_전속,100%,3,3,, - , - ,3,, - , - ,0.00%,, - , - 
PA94721,PA9472,박강컴퍼니,서울,동대문구,장안동,서울특별시동대문구답십리로66길136,D15146,PS&M,PS_전속,100%,3,3,,1,1,1,,1, - ,0.00%,, - , - 
PA94891,PA9489,sj다솜 은행나무,서울,금천구,시흥동,서울특별시 금천구 독산로 53,D13225,광장대리점,중복점,67%,3,2,, - ,2, - ,,2, - ,0.00%,, - , - 
PA94892,PA9489,sj다솜 은행나무,서울,금천구,시흥동,서울특별시 금천구 독산로 53,D13469,코넥,중복점,33%,3,1,, - , - ,1,, - , - ,0.00%,, - , - 
PA94901,PA9490,양가모바일,경기,시흥시,대야동,경기도 시흥시 복지로 61,D15051,프리스비,수도권_전속,100%,3,3,, - , - ,3,, - , - ,0.00%,, - , - 
PA95271,PA9527,미소레,경기,수원시 팔달구,매산로1가,경기도 수원시 팔달구 덕영대로 지하911,D13827,지은대리점,수도권_전속,100%,3,3,, - ,1,2,, - ,1,100.00%,, - , - 
PC01951,PC0195,문산통신,경기,파주시,문산읍,경기도파주시문산읍문향로521,D15146,PS&M,PS_전속,100%,3,3,, - ,1,2,,1, - ,0.00%,, - , - 
PC08811,PC0881,강화직영,인천,강화군,강화읍,인천광역시 강화군 강화읍 남문로 74,D15146,PS&M,중복점,67%,3,2,, - ,2, - ,,2, - ,0.00%,, - , - 
PC08812,PC0881,강화직영,인천,강화군,강화읍,인천광역시 강화군 강화읍 남문로 74,D13952,참스타대리점,중복점,33%,3,1,, - , - ,1,, - , - ,0.00%,, - , - 
PC09701,PC0970,몬스모바일,인천,부평구,부개동,인천광역시 부평구 부평문화로 167,D14746,유원대리점,수도권_전속,100%,3,3,, - ,1,2,,1, - ,0.00%,, - , - 
PC09711,PC0971,우리통신,서울,구로구,구로동,서울특별시 구로구 구로동로 216,D13225,광장대리점,수도권_전속,100%,3,3,,2,1, - ,,1, - ,0.00%,, - , - 
PC10171,PC1017,중앙직영통신,경기,성남시 수정구,태평동,경기도 성남시 수정구 수정로 115-1,D13952,참스타대리점,수도권_전속,100%,3,3,, - ,3, - ,,3, - ,0.00%,, - , - 
PC14931,PC1493,싸다폰,경기,용인시 수지구,상현동,경기도 용인시 수지구 광교중앙로 319,D13542,삼보대리점,수도권_전속,100%,3,3,, - ,1,2,,1, - ,0.00%,, - ,1
PC17911,PC1791,그린정보통신,서울,관악구,봉천동,서울특별시관악구남부순환로1728,D15146,PS&M,PS_전속,100%,3,3,,1,1,1,,1, - ,0.00%,, - , - 
PC18161,PC1816,글로벌모바일,서울,금천구,독산동,서울특별시 금천구 독산로65길 18,D13622,MD대리점,수도권_전속,100%,3,3,,1,1,1,,1, - ,0.00%,, - ,1
PC18901,PC1890,뉴(new)야탑통신,경기,성남시 분당구,야탑동,경기도 성남시 분당구 성남대로925번길 16,D15146,PS&M,PS_전속,100%,3,3,, - , - ,3,, - , - ,0.00%,, - , - 
PC20251,PC2025,알앤알 텔레콤,경기,용인시 기흥구,영덕동,경기도 용인시 기흥구 덕영대로2077번길 33,D13542,삼보대리점,중복점,67%,3,2,, - , - ,2,, - , - ,0.00%,, - ,1
PC20252,PC2025,알앤알 텔레콤,경기,용인시 기흥구,영덕동,경기도 용인시 기흥구 덕영대로2077번길 33,D15146,PS&M,중복점,33%,3,1,, - , - ,1,, - , - ,0.00%,, - , - 
PC21101,PC2110,동아모바일 만수점,인천,남동구,만수동,인천광역시 남동구 구월말로58번길 4,D13827,지은대리점,수도권_전속,100%,3,3,,1, - ,2,, - , - ,0.00%,, - , - 
PC22771,PC2277,제이제이스 모바일,인천,미추홀구,도화동,인천광역시 미추홀구 경인로 312,D15051,프리스비,수도권_전속,100%,3,3,,1,1,1,,1, - ,0.00%,, - , - 
PC26641,PC2664,한신모바일,인천,미추홀구,주안동,인천광역시 미추홀구 인하로340번길 5-40,D14746,유원대리점,수도권_전속,100%,3,3,, - ,1,2,,1, - ,0.00%,, - , - 
PC27261,PC2726,광희통신(고속터미널점),강원,속초시,조양동,강원 속초시 동해대로 3997,D15146,PS&M,PS_전속,100%,3,3,, - ,1,2,, - ,1,100.00%,, - , - 
PC27411,PC2741,(주) 하나정보통신 2호점,경기,안산시 단원구,와동,경기도 안산시 단원구 와동로 18,D14342,신창대리점,수도권_전속,100%,3,3,, - ,2,1,,1,1,50.00%,, - , - 
PC29281,PC2928,폰마트,강원,동해시,천곡동,강원 동해시 한섬로 10,D14746,유원대리점,수도권_전속,100%,3,3,,2, - ,1,, - , - ,0.00%,, - , - 
PC29471,PC2947,더블유정보통신,인천,서구,검암동,인천광역시 서구 승학로 494,D13124,UNI대리점,수도권_전속,100%,3,3,,1,1,1,,1, - ,0.00%,, - , - 
PC29841,PC2984,인천 큰마을,인천,미추홀구,주안동,인천광역시 미추홀구 경원대로 지하 848,D15121,CD대리점,수도권_전속,100%,3,3,, - ,3, - ,,2,1,33.30%,, - , - 
PC30271,PC3027,더원텔레콤,경기,시흥시,정왕동,경기도시흥시함송로14번길1317,D15146,PS&M,PS_전속,100%,3,3,, - ,2,1,,2, - ,0.00%,, - , - 
PC31761,PC3176,플러스통신,경기,안양시 동안구,평촌동,경기도 안양시 동안구 흥안대로456번길 56,D15146,PS&M,중복점,67%,3,2,, - , - ,2,, - , - ,0.00%,, - , - 
PC31762,PC3176,플러스통신,경기,안양시 동안구,평촌동,경기도 안양시 동안구 흥안대로456번길 56,D13965,대교대리점,중복점,33%,3,1,, - , - ,1,, - , - ,0.00%,, - , - 
PC33261,PC3326,샤크텔레콤,경기,화성시 만세구,향남읍,경기도 화성시 향남읍 상신하길로328번길 26,D13225,광장대리점,수도권_전속,100%,3,3,, - ,1,2,,1, - ,0.00%,, - , - 
PC34361,PC3436,꾸꾸통신,인천,미추홀구,주안동,인천광역시 미추홀구 승학길 114,D13622,MD대리점,중복점,67%,3,2,,1,1, - ,,1, - ,0.00%,, - , - 
PC34362,PC3436,꾸꾸통신,인천,미추홀구,주안동,인천광역시 미추홀구 승학길 114,D15051,프리스비,중복점,33%,3,1,, - , - ,1,, - , - ,0.00%,, - , - 
PC34581,PC3458,디에스이동통신,강원,원주시,중앙동,강원 원주시 평원로 59,D13742,한유대리점,수도권_전속,100%,3,3,,1, - ,2,, - , - ,0.00%,, - , - 
PC35191,PC3519,딸부자통신,강원,원주시,태장동,강원 원주시 흥양로 4,D13469,코넥,중복점,67%,3,2,, - , - ,2,, - , - ,0.00%,, - , - 
PC35192,PC3519,딸부자통신,강원,원주시,태장동,강원 원주시 흥양로 4,D13827,지은대리점,중복점,33%,3,1,, - , - ,1,, - , - ,0.00%,, - , - 
PC35361,PC3536,휴대폰쇼핑몰,경기,시흥시,신천동,경기도 시흥시 신천3길 26-1,D13622,MD대리점,수도권_전속,100%,3,3,, - , - ,3,, - , - ,0.00%,, - , - 
PC36301,PC3630,삼성프라자,경기,양평군,양평읍,경기양평군양평읍시민로13,D15146,PS&M,PS_전속,100%,3,3,,1,1,1,, - ,1,100.00%,, - , - 
PC37291,PC3729,주식회사 윈윈커뮤니티,서울,영등포구,영등포동,서울특별시 영등포구 영신로19길 22,D14674,서울ent대리점,중복점,67%,3,2,, - , - ,2,, - , - ,0.00%,, - , - 
PC37292,PC3729,주식회사 윈윈커뮤니티,서울,영등포구,영등포동,서울특별시 영등포구 영신로19길 22,D15121,CD대리점,중복점,33%,3,1,, - ,1, - ,,1, - ,0.00%,, - , - 
PC40801,PC4080,이리모바일,경기,시흥시,목감동,경기도 시흥시 솔고개길 3-4,D13827,지은대리점,수도권_전속,100%,3,3,, - , - ,3,, - , - ,0.00%,, - , - 
PC43071,PC4307,삼형제텔레콤,경기,양주시,옥정동,경기도 양주시 옥정로 218,F13586,신도SDR,중복점,67%,3,2,, - ,1,1,,1, - ,0.00%,, - , - 
PC43072,PC4307,삼형제텔레콤,경기,양주시,옥정동,경기도 양주시 옥정로 218,D14342,신창대리점,중복점,33%,3,1,, - , - ,1,, - , - ,0.00%,, - , - 
PC44431,PC4443,디딤모바일,인천,서구,가좌동,인천광역시 서구 원적로47번길 6,D15121,CD대리점,수도권_전속,100%,3,3,,2, - ,1,, - , - ,0.00%,, - , - 
PC44441,PC4444,형제모바일3매장,인천,남동구,서창동,인천광역시 남동구 장아산로 176,D15117,알파대리점,수도권_전속,100%,3,3,, - , - ,3,, - , - ,0.00%,, - , - 
PC44601,PC4460,두다모바일,경기,안산시 상록구,사동,경기도 안산시 상록구 해양1로 199,D13965,대교대리점,수도권_전속,100%,3,3,, - , - ,3,, - , - ,0.00%,, - , - 
PC46221,PC4622,그린,서울,중랑구,상봉동,서울특별시 중랑구 망우로 381,D15146,PS&M,중복점,67%,3,2,, - ,1,1,, - ,1,100.00%,, - , - 
PC46222,PC4622,그린,서울,중랑구,상봉동,서울특별시 중랑구 망우로 381,F13586,신도SDR,중복점,33%,3,1,, - , - ,1,, - , - ,0.00%,, - , - 
PC46601,PC4660,휴대폰성지 휴맛집 신길점,서울,영등포구,신길동,서울특별시 영등포구 여의대방로 197,D15121,CD대리점,수도권_전속,100%,3,3,, - , - ,3,, - , - ,0.00%,, - , - 
PC47601,PC4760,길상모바일,인천,미추홀구,용현동,인천광역시미추홀구낙섬중로129,D15146,PS&M,PS_전속,100%,3,3,, - ,2,1,,2, - ,0.00%,, - , - 
PC48541,PC4854,새솔11,서울,관악구,신림동,서울특별시 관악구 남부순환로 1430,D15051,프리스비,중복점,67%,3,2,, - ,1,1,,1, - ,0.00%,, - , - 
PC48542,PC4854,새솔11,서울,관악구,신림동,서울특별시 관악구 남부순환로 1430,D13622,MD대리점,중복점,33%,3,1,, - ,1, - ,,1, - ,0.00%,, - , - 
PC48721,PC4872,휴대폰성지 판다폰 만수점,인천,남동구,만수동,인천광역시 남동구 백범로 236,D13827,지은대리점,중복점,67%,3,2,, - ,1,1,, - ,1,100.00%,, - , - 
PC48722,PC4872,휴대폰성지 판다폰 만수점,인천,남동구,만수동,인천광역시 남동구 백범로 236,D13951,강남스타대리점,중복점,33%,3,1,, - , - ,1,, - , - ,0.00%,, - , - 
PC49531,PC4953,희승모바일,경기,수원시 권선구,세류동,경기도 수원시 권선구 세지로 25,D13469,코넥,중복점,67%,3,2,, - , - ,2,, - , - ,0.00%,, - , - 
PC49532,PC4953,희승모바일,경기,수원시 권선구,세류동,경기도 수원시 권선구 세지로 25,F13586,신도SDR,중복점,33%,3,1,, - , - ,1,, - , - ,0.00%,, - , - 
PC49641,PC4964,서울휴대폰성지 옆커폰답십리점,서울,동대문구,답십리동,서울특별시 동대문구 답십리로 108,D14674,서울ent대리점,수도권_전속,100%,3,3,, - , - ,3,, - , - ,0.00%,, - , - 
PC49651,PC4965,트리텔레콤,서울,은평구,역촌동,서울특별시 은평구 갈현로 82,D15146,PS&M,중복점,67%,3,2,, - ,1,1,,1, - ,0.00%,, - , - 
PC49652,PC4965,트리텔레콤,서울,은평구,역촌동,서울특별시 은평구 갈현로 82,D14674,서울ent대리점,중복점,33%,3,1,,1, - , - ,, - , - ,0.00%,, - , - 
PC51041,PC5104,퍼플컴퍼니,경기,파주시,와동동,경기도 파주시 미래로 612,D13622,MD대리점,수도권_전속,100%,3,3,, - ,1,2,, - ,1,100.00%,, - , - 
PC51831,PC5183,수택모바일팩토리,경기,구리시,수택동,경기도 구리시 이문안로 85,D15173,정원대리점,중복점,67%,3,2,, - , - ,2,, - , - ,0.00%,, - , - 
PC51832,PC5183,수택모바일팩토리,경기,구리시,수택동,경기도 구리시 이문안로 85,D15176,ACE대리점,중복점,33%,3,1,, - ,1, - ,,1, - ,0.00%,, - , - 
PC52091,PC5209,마이텔레콤,강원,원주시,무실동,강원 원주시 능라동길 81,D15146,PS&M,PS_전속,100%,3,3,,1,2, - ,,1,1,50.00%,, - , - 
PC54441,PC5444,샤인모바일,경기,안양시 만안구,박달동,경기도 안양시 만안구 삼봉로 19,D13469,코넥,중복점,33%,3,1,, - , - ,1,, - , - ,0.00%,, - , - 
PC54442,PC5444,샤인모바일,경기,안양시 만안구,박달동,경기도 안양시 만안구 삼봉로 19,D13965,대교대리점,중복점,33%,3,1,, - ,1, - ,, - ,1,100.00%,, - , - 
PC54443,PC5444,샤인모바일,경기,안양시 만안구,박달동,경기도 안양시 만안구 삼봉로 19,D15121,CD대리점,중복점,33%,3,1,, - ,1, - ,,1, - ,0.00%,, - , - 
PC56841,PC5684,88컴퍼니,경기,용인시 처인구,김량장동,경기도 용인시 처인구 중부대로 1352,D14674,서울ent대리점,수도권_전속,100%,3,3,, - ,1,2,,1, - ,0.00%,, - , - 
PC57301,PC5730,휴대폰성지 판다폰 작전점,인천,계양구,작전동,인천광역시 계양구 계양대로 38,D13951,강남스타대리점,중복점,67%,3,2,, - ,2, - ,,2, - ,0.00%,, - , - 
PC57302,PC5730,휴대폰성지 판다폰 작전점,인천,계양구,작전동,인천광역시 계양구 계양대로 38,D13827,지은대리점,중복점,33%,3,1,, - , - ,1,, - , - ,0.00%,, - , - 
PC57321,PC5732,(주)넷피플,서울,강서구,가양동,서울특별시 강서구 양천로57길 13,D13225,광장대리점,수도권_전속,100%,3,3,, - ,1,2,,1, - ,0.00%,, - , - 
PC58361,PC5836,슈퍼맨텔레콤,인천,부평구,십정동,인천광역시 부평구 이규보로 131,D13965,대교대리점,수도권_전속,100%,3,3,, - ,3, - ,,1,2,66.70%,, - , - 
PC58371,PC5837,트윈스2호점,경기,남양주시,진접읍,경기도 남양주시 진접읍 해밀예당1로 171,D15173,정원대리점,수도권_전속,100%,3,3,, - ,3, - ,,3, - ,0.00%,, - ,2
PC58381,PC5838,더폰코리아 본점,경기,광주시,곤지암읍,경기도 광주시 곤지암읍 곤지암로 39,D15121,CD대리점,중복점,67%,3,2,,2, - , - ,, - , - ,0.00%,, - , - 
PC58382,PC5838,더폰코리아 본점,경기,광주시,곤지암읍,경기도 광주시 곤지암읍 곤지암로 39,D15146,PS&M,중복점,33%,3,1,, - , - ,1,, - , - ,0.00%,, - , - 
PC58401,PC5840,넘버원텔레콤,경기,안성시,공도읍,경기도 안성시 공도읍 서동대로 4079,D13742,한유대리점,중복점,67%,3,2,,1, - ,1,, - , - ,0.00%,, - , - 
PC58402,PC5840,넘버원텔레콤,경기,안성시,공도읍,경기도 안성시 공도읍 서동대로 4079,D15146,PS&M,중복점,33%,3,1,, - , - ,1,, - , - ,0.00%,, - , - 
PC58631,PC5863,나우모바일,경기,광명시,일직동,경기도 광명시 양지로 11,D13469,코넥,중복점,67%,3,2,,1, - ,1,, - , - ,0.00%,, - , - 
PC58632,PC5863,나우모바일,경기,광명시,일직동,경기도 광명시 양지로 11,D15157,근흥대리점,중복점,33%,3,1,, - ,1, - ,,1, - ,0.00%,, - , - 
PC59131,PC5913,행복통신,경기,광주시,송정동,경기도 광주시 중앙로187번길 3,D14342,신창대리점,수도권_전속,100%,3,3,, - , - ,3,, - , - ,0.00%,, - , - 
PC59561,PC5956,디엔에스모바일,서울,금천구,시흥동,서울특별시 금천구 금하로14길 6,D13622,MD대리점,수도권_전속,100%,3,3,, - ,3, - ,,3, - ,0.00%,, - ,1
PC59581,PC5958,휴대폰성지패밀리모바일 연희점,인천,서구,연희동,인천광역시 서구 연희로 20,D13827,지은대리점,수도권_전속,100%,3,3,,1,1,1,,1, - ,0.00%,, - , - 
PC59701,PC5970,이제이모바일 안양점,경기,안양시 동안구,비산동,경기도 안양시 동안구 관악대로 103,D13357,가능대리점,수도권_전속,100%,3,3,,1,1,1,,1, - ,0.00%,, - , - 
PC60411,PC6041,폰싸다구 킨텍스원시티점,경기,고양시 일산동구,장항동,경기도 고양시 일산동구 월드고양로 21,D14342,신창대리점,수도권_전속,100%,3,3,,1,1,1,,1, - ,0.00%,, - , - 
PC60531,PC6053,주주 모바일,경기,김포시,양촌읍,"경기 김포시 양촌읍 양곡1로 66,",D15146,PS&M,PS_전속,100%,3,3,, - ,2,1,,2, - ,0.00%,, - , - 
PC63391,PC6339,착한가게,서울,송파구,문정동,서울특별시 송파구 충민로 66,D15051,프리스비,수도권_전속,100%,3,3,,1,2, - ,,2, - ,0.00%,, - ,1
PC63401,PC6340,쉐어드림 송산점,경기,화성시 만세구,새솔동,경기도 화성시 수노을중앙로 118,D13622,MD대리점,수도권_전속,100%,3,3,, - , - ,3,, - , - ,0.00%,, - , - 
PC64851,PC6485,빅뱅정보통신 부개점,인천,부평구,부개동,인천광역시 부평구 경인로 1070,D15051,프리스비,수도권_전속,100%,3,3,, - , - ,3,, - , - ,0.00%,, - , - 
PC64861,PC6486,꽃남통신,서울,광진구,구의동,서울특별시광진구자양로2791,D15146,PS&M,PS_전속,100%,3,3,, - ,1,2,,1, - ,0.00%,, - , - 
PC66041,PC6604,휴대폰성지,경기,안산시 상록구,부곡동,경기도 안산시 상록구 부곡로 144,D13622,MD대리점,수도권_전속,100%,3,3,,1, - ,2,, - , - ,0.00%,, - , - 
PC67011,PC6701,더블유정보통신(장기점),경기,김포시,장기동,경기도 김포시 김포한강2로 96,D13124,UNI대리점,수도권_전속,100%,3,3,, - , - ,3,, - , - ,0.00%,, - , - 
PC70061,PC7006,외대통신,경기,용인시 처인구,모현읍,"경기 용인시 처인구 모현읍 백옥대로2402번길 13,",D15146,PS&M,PS_전속,100%,3,3,, - ,1,2,, - ,1,100.00%,, - , - 
PC70551,PC7055,휴대폰성지 옆커폰 수원영통점,경기,수원시 영통구,영통동,경기도 수원시 영통구 봉영로 1590,D14674,서울ent대리점,수도권_전속,100%,3,3,, - , - ,3,, - , - ,0.00%,, - , - 
PC70661,PC7066,큐피드텔레콤,서울,강남구,역삼동,서울특별시 강남구 테헤란로 101,D13462,광운대리점,수도권_전속,100%,3,3,,1, - ,2,, - , - ,0.00%,, - , - 
PC73051,PC7305,뉴모바일,인천,미추홀구,도화동,인천광역시 미추홀구 숙골로87번길 5,D15146,PS&M,PS_전속,100%,3,3,, - ,1,2,,1, - ,0.00%,, - , - 
PC73471,PC7347,(HS)관교,인천,미추홀구,관교동,인천광역시 미추홀구 주승로 181,D13124,UNI대리점,수도권_전속,100%,3,3,, - , - ,3,, - , - ,0.00%,, - , - 
PC75411,PC7541,거상통신(탄현점),경기,고양시 일산서구,탄현동,경기도고양시일산서구일현로73,D15146,PS&M,PS_전속,100%,3,3,,1,1,1,,1, - ,0.00%,, - , - 
PC76171,PC7617,디와이텔레콤,서울,노원구,하계동,서울특별시 노원구 노원로 257,D13225,광장대리점,수도권_전속,100%,3,3,, - ,1,2,,1, - ,0.00%,, - , - 
PC76831,PC7683,휴대폰성지KR모바일김포장기점,경기,김포시,장기동,경기도 김포시 김포한강4로 125,D13965,대교대리점,중복점,67%,3,2,, - ,2, - ,,2, - ,0.00%,, - , - 
PC76832,PC7683,휴대폰성지KR모바일김포장기점,경기,김포시,장기동,경기도 김포시 김포한강4로 125,D13546,ACT대리점,중복점,33%,3,1,, - ,1, - ,,1, - ,0.00%,, - , - 
PC77171,PC7717,핸프모바일,서울,중구,신당동,서울특별시 중구 다산로8길 15,D15121,CD대리점,수도권_전속,100%,3,3,, - ,2,1,,1,1,50.00%,, - , - 
PC78271,PC7827,별빛,서울,구로구,천왕동,서울특별시 구로구 오류로 20,D15051,프리스비,수도권_전속,100%,3,3,, - ,2,1,,2, - ,0.00%,, - ,1
PC78491,PC7849,레드통신,경기,고양시 덕양구,고양동,경기도 고양시 덕양구 혜음로 66,D15146,PS&M,PS_전속,100%,3,3,, - ,1,2,,1, - ,0.00%,, - , - 
PC78881,PC7888,휴대폰성지,서울,마포구,공덕동,서울특별시 마포구 백범로31길 7,D14674,서울ent대리점,수도권_전속,100%,3,3,, - ,1,2,,1, - ,0.00%,, - , - 
PC79311,PC7931,제이엠원,경기,평택시,고덕동,경기도 평택시 고덕갈평5길 32,D13469,코넥,수도권_전속,100%,3,3,, - , - ,3,, - , - ,0.00%,, - , - 
PC81081,PC8108,도매폰,경기,수원시 권선구,호매실동,경기도 수원시 권선구 호매실로90번길 57,D13542,삼보대리점,수도권_전속,100%,3,3,, - , - ,3,, - , - ,0.00%,, - , - 
PC82881,PC8288,더원네트웍스,서울,중랑구,면목동,서울특별시 중랑구 면목로33길 33,D15176,ACE대리점,수도권_전속,100%,3,3,, - ,2,1,,1,1,50.00%,, - , - 
PC84511,PC8451,세진2호점,경기,안산시 단원구,원곡동,경기도 안산시 단원구 원본로 19,D13952,참스타대리점,수도권_전속,100%,3,3,,3, - , - ,, - , - ,0.00%,, - , - 
PC86581,PC8658,양가모바일(3호점),인천,남동구,만수동,인천광역시 남동구 만수로 39,D15051,프리스비,수도권_전속,100%,3,3,, - ,1,2,,1, - ,0.00%,, - , - 
PC86641,PC8664,트윈스 3호점,경기,남양주시,진접읍,경기도 남양주시 진접읍 부평로48번길 110,D15173,정원대리점,수도권_전속,100%,3,3,,1, - ,2,, - , - ,0.00%,, - , - 
PC88701,PC8870,성지모바일,서울,동대문구,장안동,서울특별시 동대문구 장한로 91,D14674,서울ent대리점,수도권_전속,100%,3,3,, - ,1,2,,1, - ,0.00%,, - , - 
PC89641,PC8964,강남모바일,서울,강남구,역삼동,서울특별시 강남구 강남대로 지하396,D14342,신창대리점,수도권_전속,100%,3,3,, - ,1,2,, - ,1,100.00%,, - , - 
PC90481,PC9048,이통신,서울,강서구,화곡동,서울특별시 강서구 강서로 242,D15176,ACE대리점,중복점,67%,3,2,, - ,1,1,,1, - ,0.00%,, - , - 
PC90482,PC9048,이통신,서울,강서구,화곡동,서울특별시 강서구 강서로 242,D13225,광장대리점,중복점,33%,3,1,, - ,1, - ,,1, - ,0.00%,, - , - 
PC90483,PC9048,이통신,서울,강서구,화곡동,서울특별시 강서구 강서로 242,D13827,지은대리점,중복점,33%,3,1,, - , - ,1,, - , - ,0.00%,, - , - 
PC90484,PC9048,이통신,서울,강서구,화곡동,서울특별시 강서구 강서로 242,D15117,알파대리점,중복점,-33%,3,-1,, - , - ,-1,, - , - ,0.00%,, - , - 
PC91211,PC9121,그레이스 모바일,강원,춘천시,퇴계동,강원 춘천시 안마산로 97,D13742,한유대리점,중복점,67%,3,2,, - , - ,2,, - , - ,0.00%,, - , - 
PC91212,PC9121,그레이스 모바일,강원,춘천시,퇴계동,강원 춘천시 안마산로 97,D13622,MD대리점,중복점,33%,3,1,, - , - ,1,, - , - ,0.00%,, - , - 
PC91291,PC9129,메가폰,경기,수원시 권선구,곡반정동,경기도 수원시 권선구 곡선로49번길 5-4,D15146,PS&M,PS_전속,100%,3,3,, - ,2,1,,2, - ,0.00%,, - , - 
PC92621,PC9262,우리통신,서울,도봉구,방학동,서울특별시 도봉구 도당로13길 22,D13742,한유대리점,수도권_전속,100%,3,3,, - ,2,1,,2, - ,0.00%,, - , - 
PC92961,PC9296,한결모바일,경기,안산시 단원구,와동,경기도 안산시 단원구 선부로 253,D13469,코넥,중복점,67%,3,2,, - ,1,1,,1, - ,0.00%,, - , - 
PC92962,PC9296,한결모바일,경기,안산시 단원구,와동,경기도 안산시 단원구 선부로 253,D13952,참스타대리점,중복점,33%,3,1,, - ,1, - ,,1, - ,0.00%,, - , - 
PC94011,PC9401,홍인 덕양구청점,경기,고양시 덕양구,화정동,경기도 고양시 덕양구 화신로 295,D13858,새서울대리점,수도권_전속,100%,3,3,, - ,2,1,,2, - ,0.00%,, - ,2
PC94711,PC9471,렐레,서울,도봉구,창동,서울특별시도봉구덕릉로253,D15146,PS&M,PS_전속,100%,3,3,, - , - ,3,, - , - ,0.00%,, - , - 
PC95361,PC9536,도끼폰,강원,원주시,반곡동,강원 원주시 양지로 20,D14674,서울ent대리점,수도권_전속,100%,3,3,, - , - ,3,, - , - ,0.00%,, - , - 
PC95531,PC9553,폰요기요,경기,오산시,궐동,경기도 오산시 법원로 25,D15146,PS&M,PS_전속,100%,3,3,, - , - ,3,, - , - ,0.00%,, - , - 
PC95991,PC9599,조프(JOF.),서울,성북구,장위동,서울특별시 성북구 돌곶이로40길 46,D14342,신창대리점,수도권_전속,100%,3,3,, - , - ,3,, - , - ,0.00%,, - , - 
PC97211,PC9721,오로지 개통,경기,평택시,평택동,경기도 평택시 평택2로 19,D15176,ACE대리점,중복점,67%,3,2,, - ,1,1,,1, - ,0.00%,, - , - 
PC97212,PC9721,오로지 개통,경기,평택시,평택동,경기도 평택시 평택2로 19,D15146,PS&M,중복점,33%,3,1,, - ,1, - ,,1, - ,0.00%,, - , - 
PC98991,PC9899,타이틀 케이스,경기,이천시,신둔면,"경기 이천시 신둔면 도자예술로 54,",D15121,CD대리점,수도권_전속,100%,3,3,, - , - ,3,, - , - ,0.00%,, - , - 
PE02131,PE0213,조은 핸드폰,인천,부평구,삼산동,인천광역시 부평구 후정동로 35,D15117,알파대리점,중복점,67%,3,2,, - , - ,2,, - , - ,0.00%,, - , - 
PE02132,PE0213,조은 핸드폰,인천,부평구,삼산동,인천광역시 부평구 후정동로 35,D13952,참스타대리점,중복점,33%,3,1,, - ,1, - ,, - ,1,100.00%,, - , - 
PE02161,PE0216,행복텔레콤,서울,영등포구,문래동6가,서울특별시 영등포구 선유로 63,D15146,PS&M,PS_전속,100%,3,3,, - ,1,2,,1, - ,0.00%,, - , - 
PE03001,PE0300,일산통신,경기,고양시 일산동구,식사동,경기도 고양시 일산동구 위시티2로11번길 11,D13622,MD대리점,수도권_전속,100%,3,3,, - ,1,2,,1, - ,0.00%,, - , - 
PE03121,PE0312,휴대폰성지 옆커폰 일산서구점,경기,고양시 일산서구,일산동,경기도고양시일산서구강선로152,D15146,PS&M,PS_전속,100%,3,3,, - , - ,3,, - , - ,0.00%,, - , - 
PE04191,PE0419,엠지핸드폰아울렛,경기,수원시 팔달구,화서동,경기도 수원시 팔달구 동말로 64,D13952,참스타대리점,수도권_전속,100%,3,3,,1,1,1,, - ,1,100.00%,, - , - 
PE06191,PE0619,드림폰마트,서울,서대문구,홍제동,서울특별시서대문구통일로429,D15146,PS&M,PS_전속,100%,3,3,, - ,1,2,,1, - ,0.00%,, - , - 
PE06491,PE0649,미소통신강북,서울,강북구,수유동,서울특별시 강북구 삼양로 304-1,D15117,알파대리점,수도권_전속,100%,3,3,,1,2, - ,,2, - ,0.00%,, - , - 
PE06851,PE0685,성지요 동백점,경기,용인시 기흥구,중동,경기도 용인시 기흥구 동백3로11번길 3,D13469,코넥,수도권_전속,100%,3,3,, - , - ,3,, - , - ,0.00%,, - ,1
PE07021,PE0702,탑앤탑,경기,남양주시,별내동,경기도 남양주시 별내3로 336,D13858,새서울대리점,수도권_전속,100%,3,3,, - , - ,3,, - , - ,0.00%,, - , - 
PE07361,PE0736,안중 휴대폰성지 폰맛집,경기,평택시,안중읍,경기도 평택시 안중읍 안현로서6길 44,D13965,대교대리점,수도권_전속,100%,3,3,,1, - ,2,, - , - ,0.00%,, - , - 
PE07721,PE0772,휴대폰성지 대박통신 명일직영,서울,강동구,명일동,서울특별시 강동구 양재대로138길 32,D15121,CD대리점,중복점,67%,3,2,, - ,1,1,,1, - ,0.00%,, - , - 
PE07722,PE0772,휴대폰성지 대박통신 명일직영,서울,강동구,명일동,서울특별시 강동구 양재대로138길 32,D15146,PS&M,중복점,33%,3,1,, - , - ,1,, - , - ,0.00%,, - , - 
PE11371,PE1137,통신마을,경기,시흥시,대야동,경기도 시흥시 비둘기공원로 21,D15051,프리스비,수도권_전속,100%,3,3,,1, - ,2,, - , - ,0.00%,, - ,1
PE12241,PE1224,모든이동통신,경기,이천시,장호원읍,경기도 이천시 장호원읍 장감로 88,D15146,PS&M,중복점,67%,3,2,, - ,1,1,,1, - ,0.00%,, - , - 
PE12242,PE1224,모든이동통신,경기,이천시,장호원읍,경기도 이천시 장호원읍 장감로 88,D83273,(주)KSK대리점,중복점,33%,3,1,, - ,1, - ,,1, - ,0.00%,, - , - 
PE12541,PE1254,휴대폰성지 송북폰,경기,평택시,독곡동,경기도 평택시 지산로 85,D13469,코넥,중복점,67%,3,2,,1,1, - ,,1, - ,0.00%,, - , - 
PE12542,PE1254,휴대폰성지 송북폰,경기,평택시,독곡동,경기도 평택시 지산로 85,D13827,지은대리점,중복점,33%,3,1,, - , - ,1,, - , - ,0.00%,, - , - 
PE12861,PE1286,휴대폰성지,경기,부천시 원미구,중동,경기도 부천시 중동로 144,D13952,참스타대리점,중복점,67%,3,2,, - , - ,2,, - , - ,0.00%,, - , - 
PE12862,PE1286,휴대폰성지,경기,부천시 원미구,중동,경기도 부천시 중동로 144,D15146,PS&M,중복점,33%,3,1,, - ,1, - ,, - ,1,100.00%,, - , - 
PE13051,PE1305,폰아울렛,서울,강북구,우이동,서울특별시 강북구 삼양로 579,D13742,한유대리점,중복점,67%,3,2,,1, - ,1,, - , - ,0.00%,, - , - 
PE13052,PE1305,폰아울렛,서울,강북구,우이동,서울특별시 강북구 삼양로 579,D15176,ACE대리점,중복점,33%,3,1,, - , - ,1,, - , - ,0.00%,, - , - 
PE13261,PE1326,골든,경기,시흥시,조남동,경기도 시흥시 동서로 1085,D15146,PS&M,PS_전속,100%,3,3,,1, - ,2,, - , - ,0.00%,, - , - 
PE13321,PE1332,주식회사 현우텔레콤,인천,남동구,간석동,인천광역시남동구백범로360번길2,D15146,PS&M,PS_전속,100%,3,3,, - ,3, - ,,3, - ,0.00%,, - , - 
PE13981,PE1398,휴대폰멀티샵 옥산점,경기,안성시,옥산동,경기도 안성시 중앙로 180,D13542,삼보대리점,중복점,67%,3,2,, - , - ,2,, - , - ,0.00%,, - , - 
PE13982,PE1398,휴대폰멀티샵 옥산점,경기,안성시,옥산동,경기도 안성시 중앙로 180,D13827,지은대리점,중복점,33%,3,1,, - , - ,1,, - , - ,0.00%,, - , - 
PE14721,PE1472,휴대폰성지 옆커폰 안산초지점,경기,안산시 단원구,원곡동,경기도 안산시 단원구 화랑로 102,D14674,서울ent대리점,수도권_전속,100%,3,3,, - ,1,2,,1, - ,0.00%,, - ,1
PE14991,PE1499,휴대폰성지 킹콩폰고덕로데오점,경기,평택시,고덕동,경기도 평택시 고덕갈평6길 29,D13965,대교대리점,수도권_전속,100%,3,3,,1, - ,2,, - , - ,0.00%,, - , - 
PE15141,PE1514,에스엠정보통신,인천,부평구,십정동,인천광역시 부평구 열우물로 54,D13952,참스타대리점,수도권_전속,100%,3,3,, - , - ,3,, - , - ,0.00%,, - , - 
PE16181,PE1618,제이더블유,서울,노원구,중계동,서울특별시노원구섬밭로263,D15146,PS&M,PS_전속,100%,3,3,, - , - ,3,, - , - ,0.00%,, - , - 
PE16521,PE1652,쭈이모바일,경기,남양주시,별내면,경기도 남양주시 별내면 청학로중앙길 37,D15146,PS&M,PS_전속,100%,3,3,, - , - ,3,, - , - ,0.00%,, - , - 
PE16551,PE1655,도매폰,경기,광주시,태전동,경기도 광주시 태전동로 27,D13225,광장대리점,중복점,67%,3,2,, - ,1,1,,1, - ,0.00%,, - , - 
PE16552,PE1655,도매폰,경기,광주시,태전동,경기도 광주시 태전동로 27,D15146,PS&M,중복점,33%,3,1,, - ,1, - ,,1, - ,0.00%,, - , - 
PE17151,PE1715,휴대폰성지 외대역점,서울,동대문구,이문동,서울특별시 동대문구 이문로 116,D15117,알파대리점,중복점,67%,3,2,, - , - ,2,, - , - ,0.00%,, - , - 
PE17152,PE1715,휴대폰성지 외대역점,서울,동대문구,이문동,서울특별시 동대문구 이문로 116,D15176,ACE대리점,중복점,33%,3,1,, - ,1, - ,,1, - ,0.00%,, - , - 
PE17481,PE1748,케이씨통신,서울,성북구,하월곡동,서울특별시 성북구 화랑로13길 14,D15117,알파대리점,수도권_전속,100%,3,3,, - , - ,3,, - , - ,0.00%,, - , - 
PE18161,PE1816,휴대폰성지 세모폰 역곡점,경기,부천시 원미구,역곡동,경기도 부천시 역곡로 18-1,D15121,CD대리점,수도권_전속,100%,3,3,, - ,3, - ,,2,1,33.30%,, - , - 
PE19111,PE1911,사거리핸드폰,경기,안산시 단원구,와동,경기도 안산시 단원구 화정로1길 6,D14342,신창대리점,수도권_전속,100%,3,3,, - ,2,1,,2, - ,0.00%,, - , - 
PE19591,PE1959,아이엔컴퍼니,경기,시흥시,대야동,경기도 시흥시 수인로3312번길 16,F13586,신도SDR,수도권_전속,100%,3,3,, - , - ,3,, - , - ,0.00%,, - , - 
PE19761,PE1976,투게더 통신,서울,동작구,상도동,서울특별시 동작구 상도로 181,D15121,CD대리점,중복점,67%,3,2,, - , - ,2,, - , - ,0.00%,, - , - 
PE19762,PE1976,투게더 통신,서울,동작구,상도동,서울특별시 동작구 상도로 181,D14674,서울ent대리점,중복점,33%,3,1,, - , - ,1,, - , - ,0.00%,, - , - 
PE21131,PE2113,제이니모바일,경기,평택시,서정동,"경기 평택시 서정역로 29,",D13965,대교대리점,수도권_전속,100%,3,3,, - ,1,2,,1, - ,0.00%,, - , - 
PE22541,PE2254,나는나텔레콤,경기,안양시 만안구,안양동,경기도 안양시 만안구 안양로 지하301,D15157,근흥대리점,수도권_전속,100%,3,3,, - , - ,3,, - , - ,0.00%,, - , - 
PE22741,PE2274,성남휴대폰성지 찐폰 신흥점,경기,성남시 수정구,신흥동,경기도 성남시 수정구 수정로 208,D13225,광장대리점,수도권_전속,100%,3,3,, - ,2,1,,2, - ,0.00%,, - ,1
PE22811,PE2281,777휴대폰 오성점,경기,평택시,오성면,경기도평택시오성면숙성시장길30,D01046,PS&M,PS_전속,100%,3,3,, - ,1,2,,1, - ,0.00%,, - , - 
PE23631,PE2363,와룡컴퍼니 중앙점,강원,춘천시,중앙로2가,강원특별자치도 춘천시 중앙로 79,D15121,CD대리점,수도권_전속,100%,3,3,, - ,2,1,,2, - ,0.00%,, - , - 
PE23731,PE2373,딱폰 판교대장점,경기,성남시 분당구,대장동,경기도 성남시 분당구 판교대장로6길 10,D15146,PS&M,중복점,67%,3,2,, - ,1,1,,1, - ,0.00%,, - , - 
PE23732,PE2373,딱폰 판교대장점,경기,성남시 분당구,대장동,경기도 성남시 분당구 판교대장로6길 10,D13546,ACT대리점,중복점,33%,3,1,,1, - , - ,, - , - ,0.00%,, - , - 
PE24771,PE2477,도매폰 구운점,경기,수원시 권선구,구운동,경기도 수원시 권선구 구운로45번길 1,D13965,대교대리점,수도권_전속,100%,3,3,, - ,2,1,,2, - ,0.00%,, - , - 
PE24861,PE2486,행복한남매통신,서울,양천구,목동,서울특별시 양천구 목동동로 309,D15051,프리스비,수도권_전속,100%,3,3,, - ,2,1,,1,1,50.00%,, - , - 
PE25251,PE2525,수원 센트럴,경기,수원시 권선구,세류동,경기도 수원시 권선구 세류로 36,D15146,PS&M,PS_전속,100%,3,3,, - , - ,3,, - , - ,0.00%,, - , - 
PE25341,PE2534,비케이모바일,경기,부천시 원미구,심곡동,경기도 부천시 원미구 부천로 30,D15051,프리스비,수도권_전속,100%,3,3,, - ,3, - ,,3, - ,0.00%,, - ,2
PE25501,PE2550,와이제이모바일,인천,부평구,부개동,인천광역시 부평구 부일로 87,D15121,CD대리점,수도권_전속,100%,3,3,, - ,2,1,,2, - ,0.00%,, - , - 
PE26381,PE2638,별모바일,경기,평택시,지산동,경기도 평택시 송탄로 407,D13542,삼보대리점,중복점,67%,3,2,, - , - ,2,, - , - ,0.00%,, - , - 
PE26382,PE2638,별모바일,경기,평택시,지산동,경기도 평택시 송탄로 407,D15051,프리스비,중복점,33%,3,1,, - , - ,1,, - , - ,0.00%,, - , - 
PE26761,PE2676,휴대폰성지 선부점,경기,안산시 단원구,선부동,경기도 안산시 단원구 선부광장북로 36,D13622,MD대리점,수도권_전속,100%,3,3,, - ,1,2,, - ,1,100.00%,, - ,1
PE27201,PE2720,원주휴대폰성지 제로폰,강원,원주시,반곡동,강원특별자치도 원주시 혁신로 35,D13952,참스타대리점,수도권_전속,100%,3,3,, - , - ,3,, - , - ,0.00%,, - , - 
PE27471,PE2747,궐동폰,경기,오산시,궐동,경기도 오산시 죽담3로 12,D15146,PS&M,중복점,67%,3,2,, - ,2, - ,,2, - ,0.00%,, - , - 
PE27472,PE2747,궐동폰,경기,오산시,궐동,경기도 오산시 죽담3로 12,D13827,지은대리점,중복점,33%,3,1,,1, - , - ,, - , - ,0.00%,, - , - 
PE28471,PE2847,의정부휴대폰성지옆커폰민락점,경기,의정부시,민락동,경기도 의정부시 용민로 192,D14674,서울ent대리점,수도권_전속,100%,3,3,,1, - ,2,, - , - ,0.00%,, - , - 
PE28551,PE2855,수원 조원,경기,수원시 장안구,조원동,경기도 수원시 장안구 금당로9번길 60,D15146,PS&M,중복점,67%,3,2,, - ,1,1,,1, - ,0.00%,, - , - 
PE28552,PE2855,수원 조원,경기,수원시 장안구,조원동,경기도 수원시 장안구 금당로9번길 60,D14342,신창대리점,중복점,33%,3,1,, - , - ,1,, - , - ,0.00%,, - , - 
PE30091,PE3009,엠에스텔레콤,경기,안양시 만안구,박달동,경기도 안양시 만안구 양화로136번길 59,D13827,지은대리점,수도권_전속,100%,3,3,,1,2, - ,,1,1,50.00%,, - , - 
PE30241,PE3024,장안모바일,서울,광진구,구의동,서울특별시 광진구 광나루로56길 85,D14674,서울ent대리점,수도권_전속,100%,3,3,, - ,2,1,,1,1,50.00%,, - , - 
PE30351,PE3035,오케이 모바일,서울,송파구,잠실동,서울특별시 송파구 올림픽로 119,D13827,지은대리점,수도권_전속,100%,3,3,, - , - ,3,, - , - ,0.00%,, - , - 
PE31041,PE3104,양지통신,경기,용인시 처인구,양지읍,경기도 용인시 처인구 양지면 남곡로 2,D13546,ACT대리점,수도권_전속,100%,3,3,, - , - ,3,, - , - ,0.00%,, - , - 
PE31261,PE3126,에이맨모바일,경기,용인시 기흥구,구갈동,경기도 용인시 기흥구 강남로 9,D13827,지은대리점,수도권_전속,100%,3,3,,2,1, - ,,1, - ,0.00%,, - ,1
PE31791,PE3179,화성 반송,경기,화성시 동탄구,반송동,경기도 화성시 메타폴리스로 47-7,D15146,PS&M,중복점,67%,3,2,, - , - ,2,, - , - ,0.00%,, - , - 
PE31792,PE3179,화성 반송,경기,화성시 동탄구,반송동,경기도 화성시 메타폴리스로 47-7,D14342,신창대리점,중복점,33%,3,1,, - , - ,1,, - , - ,0.00%,, - , - 
PE32411,PE3241,블루나인-지조모바일,경기,화성시 동탄구,송동,경기도 화성시 동탄대로5길 15,D15121,CD대리점,수도권_전속,100%,3,3,, - ,2,1,,2, - ,0.00%,, - , - 
PE32691,PE3269,천하모바일,서울,관악구,봉천동,"서울 관악구 남부순환로 1742,",D13225,광장대리점,수도권_전속,100%,3,3,, - ,1,2,,1, - ,0.00%,, - , - 
PE33611,PE3361,DM모바일,서울,동대문구,용두동,서울특별시 동대문구 고산자로 407,D15117,알파대리점,중복점,67%,3,2,,2, - , - ,, - , - ,0.00%,, - , - 
PE33612,PE3361,DM모바일,서울,동대문구,용두동,서울특별시 동대문구 고산자로 407,D15146,PS&M,중복점,33%,3,1,, - ,1, - ,,1, - ,0.00%,, - , - 
PE33831,PE3383,헤이HEY,서울,강남구,역삼동,서울특별시 강남구 언주로 313,D15146,PS&M,중복점,67%,3,2,, - ,2, - ,,2, - ,0.00%,, - , - 
PE33832,PE3383,헤이HEY,서울,강남구,역삼동,서울특별시 강남구 언주로 313,D14342,신창대리점,중복점,33%,3,1,, - ,1, - ,,1, - ,0.00%,, - , - 
PE33991,PE3399,청년모바일3호점,서울,강동구,성내동,서울특별시 강동구 양재대로91길 50,D14342,신창대리점,수도권_전속,100%,3,3,, - ,1,2,,1, - ,0.00%,, - , - 
PE35771,PE3577,논스톱컴퍼니,서울,양천구,신정동,서울특별시 양천구 오목로 233,D13965,대교대리점,중복점,67%,3,2,, - , - ,2,, - , - ,0.00%,, - , - 
PE35772,PE3577,논스톱컴퍼니,서울,양천구,신정동,서울특별시 양천구 오목로 233,D13827,지은대리점,중복점,33%,3,1,, - ,1, - ,,1, - ,0.00%,, - , - 
PE36031,PE3603,휴대폰성지,서울,구로구,개봉동,서울특별시 구로구 남부순환로97길 3,D13546,ACT대리점,수도권_전속,100%,3,3,, - ,1,2,,1, - ,0.00%,, - , - 
PE36431,PE3643,(주)케이씨엘,경기,성남시 중원구,상대원동,경기도 성남시 중원구 희망로 348,D13742,한유대리점,중복점,67%,3,2,,1,1, - ,,1, - ,0.00%,, - , - 
PE36432,PE3643,(주)케이씨엘,경기,성남시 중원구,상대원동,경기도 성남시 중원구 희망로 348,D15146,PS&M,중복점,33%,3,1,, - , - ,1,, - , - ,0.00%,, - , - 
PE36491,PE3649,궐동 꽁폰,경기,오산시,궐동,경기도 오산시 법원로 47,D13469,코넥,수도권_전속,100%,3,3,, - ,1,2,,1, - ,0.00%,, - , - 
PE36651,PE3665,숲 텔레콤,서울,용산구,한강로2가,서울특별시 용산구 한강대로 95,D15146,PS&M,PS_전속,100%,3,3,,1, - ,2,, - , - ,0.00%,, - , - 
PE36691,PE3669,꾸러기통신 포일점,경기,의왕시,포일동,경기도 의왕시 성고개로 53,D13225,광장대리점,중복점,67%,3,2,, - , - ,2,, - , - ,0.00%,, - , - 
PE36692,PE3669,꾸러기통신 포일점,경기,의왕시,포일동,경기도 의왕시 성고개로 53,D13965,대교대리점,중복점,33%,3,1,, - , - ,1,, - , - ,0.00%,, - , - 
PE36771,PE3677,화서시장,경기,수원시 팔달구,화서동,경기도 수원시 팔달구 동말로 79,D14342,신창대리점,수도권_전속,100%,3,3,, - ,3, - ,,1,2,66.70%,, - , - 
PE36911,PE3691,폰사자텔레콤,경기,안산시 상록구,사동,경기도 안산시 상록구 장화2길 7,D15146,PS&M,중복점,67%,3,2,, - ,2, - ,,2, - ,0.00%,, - , - 
PE36912,PE3691,폰사자텔레콤,경기,안산시 상록구,사동,경기도 안산시 상록구 장화2길 7,D13952,참스타대리점,중복점,33%,3,1,,1, - , - ,, - , - ,0.00%,, - , - 
PE37271,PE3727,스타원모바일,서울,강남구,신사동,서울특별시강남구선릉로161길31,D15146,PS&M,PS_전속,100%,3,3,,1, - ,2,, - , - ,0.00%,, - , - 
PE38301,PE3830,가족통신,경기,용인시 기흥구,중동,경기도 용인시 기흥구 동백죽전대로 444,D13225,광장대리점,수도권_전속,100%,3,3,, - , - ,3,, - , - ,0.00%,, - , - 
PE38721,PE3872,수원휴대폰성지 성심폰,경기,수원시 권선구,당수동,경기도 수원시 권선구 당수로 124,D13965,대교대리점,수도권_전속,100%,3,3,, - ,2,1,,1,1,50.00%,, - ,2
PE39591,PE3959,아름텔레콤,서울,구로구,고척동,서울특별시구로구경인로379,D15146,PS&M,PS_전속,100%,3,3,, - ,2,1,,2, - ,0.00%,, - , - 
PE40041,PE4004,휴대폰 성지 옆커폰 화정점,경기,고양시 덕양구,화정동,경기도 고양시 덕양구 화중로 100,D15146,PS&M,중복점,67%,3,2,, - , - ,2,, - , - ,0.00%,, - , - 
PE40042,PE4004,휴대폰 성지 옆커폰 화정점,경기,고양시 덕양구,화정동,경기도 고양시 덕양구 화중로 100,D14674,서울ent대리점,중복점,33%,3,1,, - , - ,1,, - , - ,0.00%,, - , - 
PE40301,PE4030,와우폰,경기,화성시 효행구,봉담읍,경기도 화성시 봉담읍 와우로 20,D13952,참스타대리점,수도권_전속,100%,3,3,, - ,3, - ,,3, - ,0.00%,, - ,2
PE40621,PE4062,탑 정보통신,경기,시흥시,신천동,경기도 시흥시 신천3길 30,D15146,PS&M,PS_전속,100%,3,3,, - , - ,3,, - , - ,0.00%,, - , - 
PE40681,PE4068,휴대폰클리닉,경기,파주시,야당동,경기도 파주시 경의로 1074,D15121,CD대리점,수도권_전속,100%,3,3,, - ,2,1,,2, - ,0.00%,, - ,4
PE40831,PE4083,휴대폰성지 메카폰 화곡본점,서울,강서구,화곡동,서울특별시 강서구 강서로 161,D13827,지은대리점,수도권_전속,100%,3,3,, - ,3, - ,,3, - ,0.00%,, - , - 
PE41041,PE4104,휴대폰성지,서울,강동구,명일동,서울특별시 강동구 양재대로 1637,D14674,서울ent대리점,수도권_전속,100%,3,3,,1,1,1,,1, - ,0.00%,, - , - 
PE41331,PE4133,휴대폰성지 토르모바일 천호역점,서울,강동구,천호동,서울특별시 강동구 천호대로 991,D13952,참스타대리점,중복점,67%,3,2,, - , - ,2,, - , - ,0.00%,, - , - 
PE41332,PE4133,휴대폰성지 토르모바일 천호역점,서울,강동구,천호동,서울특별시 강동구 천호대로 991,D14674,서울ent대리점,중복점,33%,3,1,, - , - ,1,, - , - ,0.00%,, - , - 
PE41531,PE4153,모두의 통신 아우라,경기,광명시,소하동,경기도 광명시 소하로76번길 7,D15146,PS&M,중복점,67%,3,2,, - , - ,2,, - , - ,0.00%,, - , - 
PE41532,PE4153,모두의 통신 아우라,경기,광명시,소하동,경기도 광명시 소하로76번길 7,D13965,대교대리점,중복점,33%,3,1,, - , - ,1,, - , - ,0.00%,, - , - 
PE43561,PE4356,씨씨인베스트먼트,경기,안양시 동안구,호계동,경기도 안양시 동안구 귀인로 108,D13827,지은대리점,수도권_전속,100%,3,3,, - , - ,3,, - , - ,0.00%,, - , - 
PE43951,PE4395,양주휴대폰성지 삼숭점,경기,양주시,삼숭동,경기도 양주시 삼숭로38번길 71,D15146,PS&M,PS_전속,100%,3,3,, - , - ,3,, - , - ,0.00%,, - , - 
PE44241,PE4424,윤텔레콤,강원,강릉시,포남동,강원특별자치도 강릉시 강릉대로 378,D13952,참스타대리점,중복점,67%,3,2,, - , - ,2,, - , - ,0.00%,, - , - 
PE44242,PE4424,윤텔레콤,강원,강릉시,포남동,강원특별자치도 강릉시 강릉대로 378,D15146,PS&M,중복점,33%,3,1,,1, - , - ,, - , - ,0.00%,, - , - 
PE44941,PE4494,휴대폰성지 청년폰 성지 진접,경기,남양주시,진접읍,경기도 남양주시 진접읍 해밀예당3로 130,D15146,PS&M,PS_전속,100%,3,3,,1, - ,2,, - , - ,0.00%,, - , - 
PE45741,PE4574,휴대폰성지 평촌호계점,경기,안양시 동안구,호계동,경기도 안양시 동안구 평촌대로 123,D13827,지은대리점,수도권_전속,100%,3,3,, - ,3, - ,,2,1,33.30%,, - , - 
PE47481,PE4748,휴대폰성지 다올통신,서울,강서구,화곡동,서울특별시 강서구 곰달래로25길 57,D13951,강남스타대리점,중복점,67%,3,2,, - ,1,1,,1, - ,0.00%,, - , - 
PE47482,PE4748,휴대폰성지 다올통신,서울,강서구,화곡동,서울특별시 강서구 곰달래로25길 57,D15146,PS&M,중복점,33%,3,1,, - , - ,1,, - , - ,0.00%,, - , - 
PE48581,PE4858,평택본가,경기,평택시,이충동,경기도 평택시 정암로 102,D13742,한유대리점,중복점,67%,3,2,, - , - ,2,, - , - ,0.00%,, - , - 
PE48582,PE4858,평택본가,경기,평택시,이충동,경기도 평택시 정암로 102,D15146,PS&M,중복점,33%,3,1,, - , - ,1,, - , - ,0.00%,, - , - 
PE49321,PE4932,형제모바일4,인천,부평구,부개동,인천광역시 부평구 동수로 121,D15117,알파대리점,중복점,67%,3,2,, - , - ,2,, - , - ,0.00%,, - , - 
PE49322,PE4932,형제모바일4,인천,부평구,부개동,인천광역시 부평구 동수로 121,D14746,유원대리점,중복점,33%,3,1,, - ,1, - ,,1, - ,0.00%,, - , - 
PE49491,PE4949,서울휴대폰성지 옆커폰 이대역,서울,마포구,염리동,서울특별시 마포구 신촌로 190,D14674,서울ent대리점,수도권_전속,100%,3,3,,1, - ,2,, - , - ,0.00%,, - , - 
PE50701,PE5070,휴대폰성지 옆커폰 용현점,인천,미추홀구,용현동,인천광역시 미추홀구 인주대로 74,D15146,PS&M,PS_전속,100%,3,3,, - , - ,3,, - , - ,0.00%,, - , - 
PE50791,PE5079,대박통신(송산점),경기,화성시 만세구,송산면,경기도 화성시 송산면 사강로 172,D13952,참스타대리점,수도권_전속,100%,3,3,,2, - ,1,, - , - ,0.00%,, - , - 
PE50801,PE5080,민스통신,경기,광주시,탄벌동,경기도 광주시 이배재로 13,D15146,PS&M,중복점,67%,3,2,, - , - ,2,, - , - ,0.00%,, - , - 
PE50802,PE5080,민스통신,경기,광주시,탄벌동,경기도 광주시 이배재로 13,D15121,CD대리점,중복점,33%,3,1,,1, - , - ,, - , - ,0.00%,, - , - 
PE50991,PE5099,휴대폰성지 도매폰센터 본점,경기,성남시 분당구,야탑동,경기도 성남시 분당구 성남대로926번길 12,D14342,신창대리점,중복점,67%,3,2,, - , - ,2,, - , - ,0.00%,, - , - 
PE50992,PE5099,휴대폰성지 도매폰센터 본점,경기,성남시 분당구,야탑동,경기도 성남시 분당구 성남대로926번길 12,D15146,PS&M,중복점,33%,3,1,, - ,1, - ,,1, - ,0.00%,, - , - 
PE51311,PE5131,스마트폰면세점 월피점,경기,안산시 상록구,월피동,경기도 안산시 상록구 예술광장로 31,D13965,대교대리점,수도권_전속,100%,3,3,, - ,3, - ,,2,1,33.30%,, - , - 
PE51771,PE5177,비투씨컴퍼니,경기,수원시 장안구,조원동,경기도수원시장안구조원로87,D15146,PS&M,PS_전속,100%,3,3,, - ,2,1,,1,1,50.00%,, - , - 
PE51861,PE5186,숭의정보통신,인천,미추홀구,숭의동,인천광역시 미추홀구 석정로 128,D13952,참스타대리점,수도권_전속,100%,3,3,, - ,1,2,, - ,1,100.00%,, - , - 
PE51881,PE5188,팜팜통신,경기,남양주시,다산동,경기도 남양주시 다산중앙로172번길 36,D14674,서울ent대리점,수도권_전속,100%,3,3,, - ,1,2,,1, - ,0.00%,, - , - 
PE52331,PE5233,감동통신,강원,고성군,간성읍,"강원 고성군 간성읍 간성로 52,",D15146,PS&M,중복점,67%,3,2,, - ,2, - ,,2, - ,0.00%,, - , - 
PE52332,PE5233,감동통신,강원,고성군,간성읍,"강원 고성군 간성읍 간성로 52,",D14746,유원대리점,중복점,33%,3,1,, - , - ,1,, - , - ,0.00%,, - , - 
PE52581,PE5258,휴대폰성지제이제이모바일동탄점,경기,화성시 동탄구,반송동,경기도 화성시 동탄솔빛로 67,D13965,대교대리점,수도권_전속,100%,3,3,, - ,1,2,,1, - ,0.00%,, - , - 
PE53011,PE5301,휴대폰성지옆커폰김포사우,경기,김포시,사우동,경기도 김포시 김포대로 839,D14674,서울ent대리점,수도권_전속,100%,3,3,,1,2, - ,, - ,2,100.00%,, - , - 
PE53071,PE5307,와룡컴퍼니 안산점,경기,안산시 상록구,사동,경기도 안산시 상록구 해양5로 11,D15121,CD대리점,수도권_전속,100%,3,3,,1,1,1,,1, - ,0.00%,, - , - 
PE54001,PE5400,성지폰,경기,군포시,산본동,경기도 군포시 번영로 489,D13827,지은대리점,수도권_전속,100%,3,3,, - , - ,3,, - , - ,0.00%,, - , - 
PE54031,PE5403,휴대폰광역시,인천,미추홀구,용현동,인천광역시 미추홀구 독배로 384,D13225,광장대리점,수도권_전속,100%,3,3,, - ,2,1,,2, - ,0.00%,, - , - 
PE55691,PE5569,핸드폰클리닉 다산점,경기,남양주시,다산동,경기도 남양주시 다산중앙로146번길 12-1,D15146,PS&M,중복점,67%,3,2,, - ,2, - ,,2, - ,0.00%,, - , - 
PE55692,PE5569,핸드폰클리닉 다산점,경기,남양주시,다산동,경기도 남양주시 다산중앙로146번길 12-1,D13965,대교대리점,중복점,33%,3,1,, - ,1, - ,,1, - ,0.00%,, - , - 
PE56351,PE5635,월드통신,경기,수원시 팔달구,매산로1가,경기도 수원시 팔달구 덕영대로 지하 911,F13586,신도SDR,수도권_전속,100%,3,3,, - ,3, - ,,2,1,33.30%,, - , - 
PE57961,PE5796,휴대폰거래소,경기,화성시 만세구,향남읍,"경기 화성시 향남읍 발안남로55번길 26-5,",D15173,정원대리점,수도권_전속,100%,3,3,, - ,2,1,,2, - ,0.00%,, - , - 
PE58451,PE5845,윤텔레콤,서울,구로구,구로동,"서울 구로구 새말로 97,",D14746,유원대리점,수도권_전속,100%,3,3,, - , - ,3,, - , - ,0.00%,, - , - 
PE58501,PE5850,JH 텔레콤,경기,화성시 동탄구,반송동,"경기 화성시 동탄솔빛로 64,",D15051,프리스비,수도권_전속,100%,3,3,, - , - ,3,, - , - ,0.00%,, - , - 
PE59471,PE5947,대박폰 매탄점,경기,수원시 영통구,매탄동,경기도 수원시 영통구 효원로 381,D13827,지은대리점,수도권_전속,100%,3,3,, - , - ,3,, - , - ,0.00%,, - , - 
PE59951,PE5995,안양휴대폰성지 옆커폰 평촌점,경기,안양시 동안구,평촌동,경기도 안양시 동안구 평촌대로 142,D14674,서울ent대리점,수도권_전속,100%,3,3,, - ,1,2,,1, - ,0.00%,, - , - 
PE60471,PE6047,휴대폰성지 휴대폰파크 부천점,경기,부천시 원미구,심곡동,경기도 부천시 원미구 부천로3번길 48,D15121,CD대리점,수도권_전속,100%,3,3,, - , - ,3,, - , - ,0.00%,, - , - 
PE61441,PE6144,토브텔레콤,서울,관악구,봉천동,서울특별시 관악구 쑥고개로11길 41,D13952,참스타대리점,수도권_전속,100%,3,3,,1,2, - ,,1,1,50.00%,, - , - 
PE61941,PE6194,도매폰성지센터 송탄서정리역점,경기,평택시,서정동,경기도 평택시 서정역로 29,D13965,대교대리점,수도권_전속,100%,3,3,, - ,3, - ,,3, - ,0.00%,, - ,2
PE62281,PE6228,도레미모바일,경기,부천시 소사구,괴안동,경기도 부천시 소사구 경인로498번길 14,D13952,참스타대리점,수도권_전속,100%,3,3,,1,1,1,,1, - ,0.00%,, - , - 
PE62861,PE6286,팩트모바일 오산점,경기,오산시,금암동,경기도 오산시 수청로 201,D13542,삼보대리점,수도권_전속,100%,3,3,, - ,2,1,,2, - ,0.00%,, - ,2
PE63051,PE6305,하이 폰 마트,경기,김포시,풍무동,경기도 김포시 풍무로 128,D13952,참스타대리점,수도권_전속,100%,3,3,, - , - ,3,, - , - ,0.00%,, - , - 
PE64001,PE6400,케이엠,서울,강서구,등촌동,서울특별시 강서구 공항대로41길 65,D15051,프리스비,수도권_전속,100%,3,3,, - ,3, - ,,3, - ,0.00%,, - ,1
PE64241,PE6424,주원통신(만천점),강원,춘천시,동면,"강원 춘천시 동면 춘천순환로 515,",D13622,MD대리점,중복점,67%,3,2,, - ,1,1,,1, - ,0.00%,, - , - 
PE64242,PE6424,주원통신(만천점),강원,춘천시,동면,"강원 춘천시 동면 춘천순환로 515,",D13742,한유대리점,중복점,33%,3,1,, - ,1, - ,,1, - ,0.00%,, - , - 
PE64881,PE6488,휴대폰성지 따르릉통신 송파점,서울,송파구,가락동,서울특별시 송파구 송파대로 345,D13827,지은대리점,중복점,33%,3,1,, - , - ,1,, - , - ,0.00%,, - , - 
PE64882,PE6488,휴대폰성지 따르릉통신 송파점,서울,송파구,가락동,서울특별시 송파구 송파대로 345,D15176,ACE대리점,중복점,33%,3,1,, - , - ,1,, - , - ,0.00%,, - , - 
PE64883,PE6488,휴대폰성지 따르릉통신 송파점,서울,송파구,가락동,서울특별시 송파구 송파대로 345,D15117,알파대리점,중복점,33%,3,1,, - , - ,1,, - , - ,0.00%,, - , - 
PE65001,PE6500,호국통신,강원,원주시,단구동,강원특별자치도 원주시 동부순환로 6,D13965,대교대리점,중복점,67%,3,2,, - , - ,2,, - , - ,0.00%,, - , - 
PE65002,PE6500,호국통신,강원,원주시,단구동,강원특별자치도 원주시 동부순환로 6,D13952,참스타대리점,중복점,33%,3,1,, - , - ,1,, - , - ,0.00%,, - , - 
PE65051,PE6505,은혜텔레콤,경기,오산시,궐동,경기도 오산시 궐동로69번길 67,D15146,PS&M,PS_전속,100%,3,3,,1,1,1,,1, - ,0.00%,, - , - 
PE65611,PE6561,휴대폰성지옆커폰 미아점,서울,강북구,미아동,서울특별시 강북구 도봉로14길 7-10,D14674,서울ent대리점,수도권_전속,100%,3,3,, - , - ,3,, - , - ,0.00%,, - , - 
PE65621,PE6562,휴대폰성지 판다폰 검단점,인천,서구,원당동,인천광역시 서구 이음5로 60,D13827,지은대리점,수도권_전속,100%,3,3,, - , - ,3,, - , - ,0.00%,, - , - 
PE66201,PE6620,휴대폰성지 정직폰 서정점,경기,평택시,서정동,경기도 평택시 탄현로 90,D13469,코넥,수도권_전속,100%,3,3,,1,1,1,, - ,1,100.00%,, - , - 
PE66211,PE6621,삼형제텔레콤 송우점,경기,포천시,소흘읍,경기도 포천시 소흘읍 태봉로 138,D14342,신창대리점,중복점,67%,3,2,, - ,1,1,,1, - ,0.00%,, - , - 
PE66212,PE6621,삼형제텔레콤 송우점,경기,포천시,소흘읍,경기도 포천시 소흘읍 태봉로 138,F13586,신도SDR,중복점,33%,3,1,, - , - ,1,, - , - ,0.00%,, - , - 
PE66631,PE6663,브이아이피(VIP)통신,경기,오산시,오산동,"경기 오산시 수청로106번길 6-2,",D15146,PS&M,PS_전속,100%,3,3,, - , - ,3,, - , - ,0.00%,, - , - 
PE68181,PE6818,예서통신,경기,의정부시,의정부동,경기도 의정부시 시민로 지하100,D13357,가능대리점,수도권_전속,100%,3,3,,2, - ,1,, - , - ,0.00%,, - , - 
PE68721,PE6872,씨에스텔레콤,경기,안산시 단원구,선부동,경기도 안산시 단원구 석수로 60,D13952,참스타대리점,수도권_전속,100%,3,3,,1, - ,2,, - , - ,0.00%,, - , - 
PE68971,PE6897,휴대폰성지 새빛폰 동문점,경기,평택시,칠원동,경기도 평택시 신촌2로 21,D13542,삼보대리점,중복점,67%,3,2,, - , - ,2,, - , - ,0.00%,, - , - 
PE68972,PE6897,휴대폰성지 새빛폰 동문점,경기,평택시,칠원동,경기도 평택시 신촌2로 21,D01046,PS&M,중복점,33%,3,1,, - ,1, - ,,1, - ,0.00%,, - , - 
PE69021,PE6902,브라보텔레콤 시장점,인천,부평구,부평동,인천부평구시장로58,D15146,PS&M,PS_전속,100%,3,3,,1,1,1,,1, - ,0.00%,, - , - 
PE69111,PE6911,휴대폰성지 옆커폰 용인수지점,경기,용인시 수지구,풍덕천동,경기도 용인시 수지구 문정로 46,D14674,서울ent대리점,수도권_전속,100%,3,3,, - , - ,3,, - , - ,0.00%,, - , - 
PE69881,PE6988,스마트폰면세점 목감점,경기,시흥시,조남동,경기도 시흥시 목감남서로 9-27,D13965,대교대리점,수도권_전속,100%,3,3,, - ,1,2,,1, - ,0.00%,, - , - 
PE70181,PE7018,휴대폰성지 청년폰 용산점,서울,용산구,한강로2가,서울특별시 용산구 한강대로 115,D13357,가능대리점,수도권_전속,100%,3,3,, - , - ,3,, - , - ,0.00%,, - , - 
PE70861,PE7086,유니버셜 컴퍼니,서울,종로구,종로5가,서울특별시 종로구 종로 226,D13357,가능대리점,수도권_전속,100%,3,3,, - ,3, - ,,3, - ,0.00%,, - ,1
PE70901,PE7090,케이제트모바일,경기,수원시 권선구,탑동,경기도 수원시 권선구 탑동로58번길 6-2,D15121,CD대리점,수도권_전속,100%,3,3,, - ,2,1,,2, - ,0.00%,, - , - 
PE71251,PE7125,휴대폰 성지 용인폰,경기,용인시 처인구,남사읍,경기도 용인시 처인구 남사읍 한숲로 60,D13827,지은대리점,수도권_전속,100%,3,3,, - , - ,3,, - , - ,0.00%,, - , - 
PE71301,PE7130,핸드폰클리닉 성지 약수역점,서울,중구,신당동,서울특별시 중구 동호로 178,D13965,대교대리점,중복점,67%,3,2,, - ,2, - ,,2, - ,0.00%,, - , - 
PE71302,PE7130,핸드폰클리닉 성지 약수역점,서울,중구,신당동,서울특별시 중구 동호로 178,D15121,CD대리점,중복점,33%,3,1,, - , - ,1,, - , - ,0.00%,, - , - 
PE72381,PE7238,쾌남정보통신,인천,서구,가좌동,인천광역시 서구 건지로284번길 39,D14746,유원대리점,수도권_전속,100%,3,3,,1,2, - ,,2, - ,0.00%,, - , - 
PE72541,PE7254,엠브이지,서울,구로구,구로동,"서울 구로구 새말로 97,",D15121,CD대리점,수도권_전속,100%,3,3,, - ,1,2,, - ,1,100.00%,, - , - 
PE72751,PE7275,휴대폰성지 옆커폰 상왕십리점,서울,성동구,도선동,서울특별시 성동구 왕십리로 336,D13546,ACT대리점,수도권_전속,100%,3,3,, - , - ,3,, - , - ,0.00%,, - ,2
PE72981,PE7298,옆커폰 이수역점,서울,동작구,사당동,서울특별시 동작구 사당로 300,D14674,서울ent대리점,수도권_전속,100%,3,3,, - , - ,3,, - , - ,0.00%,, - , - 
PE73151,PE7315,수호텔레콤,경기,광주시,태전동,경기도 광주시 태전동로 29,D14674,서울ent대리점,중복점,67%,3,2,, - ,2, - ,,2, - ,0.00%,, - ,1
PE73152,PE7315,수호텔레콤,경기,광주시,태전동,경기도 광주시 태전동로 29,D13546,ACT대리점,중복점,33%,3,1,, - ,1, - ,,1, - ,0.00%,, - , - 
PE73331,PE7333,정성텔레콤,인천,남동구,만수동,인천광역시 남동구 만수서로 76,D13965,대교대리점,수도권_전속,100%,3,3,,2,1, - ,,1, - ,0.00%,, - ,1
PE73491,PE7349,포일동 휴대폰성지,경기,의왕시,포일동,경기도 의왕시 안양판교로 101,D13965,대교대리점,수도권_전속,100%,3,3,, - , - ,3,, - , - ,0.00%,, - , - 
PE74201,PE7420,투지,경기,고양시 일산동구,중산동,경기도 고양시 일산동구 하늘마을1로 8,D13225,광장대리점,수도권_전속,100%,3,3,, - ,2,1,,2, - ,0.00%,, - , - 
PE74531,PE7453,휴대폰성지KR모바일일산후곡점,경기,고양시 일산서구,일산동,경기도 고양시 일산서구 일산로 543,D13965,대교대리점,중복점,67%,3,2,, - , - ,2,, - , - ,0.00%,, - , - 
PE74532,PE7453,휴대폰성지KR모바일일산후곡점,경기,고양시 일산서구,일산동,경기도 고양시 일산서구 일산로 543,D14746,유원대리점,중복점,33%,3,1,, - ,1, - ,,1, - ,0.00%,, - , - 
PE74711,PE7471,폰 스토리 박달점,경기,안양시 만안구,박달동,경기도 안양시 만안구 박달로 522,D13827,지은대리점,중복점,67%,3,2,,1, - ,1,, - , - ,0.00%,, - , - 
PE74712,PE7471,폰 스토리 박달점,경기,안양시 만안구,박달동,경기도 안양시 만안구 박달로 522,D13951,강남스타대리점,중복점,33%,3,1,, - , - ,1,, - , - ,0.00%,, - , - 
PE74791,PE7479,데이엠앤에스,서울,중랑구,면목동,서울특별시 중랑구 면목로 254,D15146,PS&M,중복점,67%,3,2,, - ,2, - ,,2, - ,0.00%,, - , - 
PE74792,PE7479,데이엠앤에스,서울,중랑구,면목동,서울특별시 중랑구 면목로 254,D14342,신창대리점,중복점,33%,3,1,, - ,1, - ,,1, - ,0.00%,, - , - 
PE75681,PE7568,착한휴대폰,경기,김포시,구래동,경기도 김포시 김포한강9로 40,D13952,참스타대리점,중복점,67%,3,2,, - , - ,2,, - , - ,0.00%,, - , - 
PE75682,PE7568,착한휴대폰,경기,김포시,구래동,경기도 김포시 김포한강9로 40,D13965,대교대리점,중복점,33%,3,1,, - , - ,1,, - , - ,0.00%,, - , - 
PE76081,PE7608,휴대폰성지 옆커폰 시흥점,경기,시흥시,능곡동,경기도시흥시승지로60번길25,D15146,PS&M,PS_전속,100%,3,3,, - , - ,3,, - , - ,0.00%,, - , - 
PE76591,PE7659,구리휴대폰성지 옆커폰 갈매점,경기,구리시,갈매동,경기도 구리시 갈매순환로 194,D14674,서울ent대리점,수도권_전속,100%,3,3,, - , - ,3,, - , - ,0.00%,, - , - 
PE76741,PE7674,폰슐랭 인천서구점,인천,서구,가정동,인천광역시 서구 가정로 451,D15157,근흥대리점,중복점,67%,3,2,, - ,1,1,,1, - ,0.00%,, - , - 
PE76742,PE7674,폰슐랭 인천서구점,인천,서구,가정동,인천광역시 서구 가정로 451,D13546,ACT대리점,중복점,33%,3,1,, - , - ,1,, - , - ,0.00%,, - , - 
PE76871,PE7687,휴대폰성지 나라컴퍼니 단계점,강원,원주시,단계동,강원특별자치도 원주시 북원로 2235-4,D13742,한유대리점,수도권_전속,100%,3,3,, - , - ,3,, - , - ,0.00%,, - , - 
PE77141,PE7714,온모바일 연신내역점,서울,은평구,대조동,서울특별시 은평구 연서로 230,D13952,참스타대리점,수도권_전속,100%,3,3,, - ,2,1,,2, - ,0.00%,, - ,1
PE77551,PE7755,짱구모바일,경기,안산시 상록구,월피동,경기도 안산시 상록구 광덕산3로 40,D13469,코넥,중복점,67%,3,2,, - , - ,2,, - , - ,0.00%,, - , - 
PE77552,PE7755,짱구모바일,경기,안산시 상록구,월피동,경기도 안산시 상록구 광덕산3로 40,D13965,대교대리점,중복점,33%,3,1,, - , - ,1,, - , - ,0.00%,, - , - 
PE78091,PE7809,해암정보통신,강원,동해시,발한동,강원동해시일출로1,D15146,PS&M,PS_전속,100%,3,3,,2,1, - ,,1, - ,0.00%,, - , - 
PE78471,PE7847,나르샤정보통신 서울은평점,서울,은평구,불광동,서울특별시 은평구 통일로 796,F13586,신도SDR,수도권_전속,100%,3,3,, - , - ,3,, - , - ,0.00%,, - , - 
PE78891,PE7889,휴대폰성지 부엉폰 봉담점,경기,화성시 효행구,봉담읍,경기도화성시봉담읍삼천병마로1315,D15146,PS&M,PS_전속,100%,3,3,, - , - ,3,, - , - ,0.00%,, - , - 
PE79031,PE7903,친절한 모바일,인천,미추홀구,도화동,인천미추홀구제일로43,D15146,PS&M,PS_전속,100%,3,3,, - ,1,2,,1, - ,0.00%,, - , - 
PE79081,PE7908,라은 커뮤니케이션,경기,양주시,덕계동,경기도양주시덕계로15024,D15146,PS&M,PS_전속,100%,3,3,, - ,2,1,,1,1,50.00%,, - , - 
PE79171,PE7917,엠투컴퍼니,경기,고양시 일산동구,장항동,경기도 고양시 일산동구 정발산로 24,D14342,신창대리점,수도권_전속,100%,3,3,, - ,2,1,,2, - ,0.00%,, - , - 
PE79681,PE7968,휴대폰성지폰키호테인천서구점,인천,서구,왕길동,인천광역시 서구 완정로 163,D13469,코넥,수도권_전속,100%,3,3,, - , - ,3,, - , - ,0.00%,, - , - 
PE79941,PE7994,휴대폰성지세모폰송도1공구점,인천,연수구,송도동,인천광역시 연수구 해돋이로 168,D15121,CD대리점,수도권_전속,100%,3,3,, - ,2,1,,2, - ,0.00%,, - , - 
PE80731,PE8073,휴대폰성지 야생마,경기,양주시,옥정동,경기도 양주시 옥정로 214,D14746,유원대리점,중복점,67%,3,2,, - ,1,1,,1, - ,0.00%,, - , - 
PE80732,PE8073,휴대폰성지 야생마,경기,양주시,옥정동,경기도 양주시 옥정로 214,D13357,가능대리점,중복점,33%,3,1,, - , - ,1,, - , - ,0.00%,, - , - 
PE80931,PE8093,휴대폰성지 청년폰 송파점,서울,송파구,잠실동,서울특별시 송파구 올림픽로 119,D13357,가능대리점,수도권_전속,100%,3,3,, - , - ,3,, - , - ,0.00%,, - , - 
PE80941,PE8094,휴대폰성지 폰슐랭 강서점,서울,강서구,마곡동,서울특별시 강서구 강서로 433,D15157,근흥대리점,중복점,67%,3,2,, - , - ,2,, - , - ,0.00%,, - , - 
PE80942,PE8094,휴대폰성지 폰슐랭 강서점,서울,강서구,마곡동,서울특별시 강서구 강서로 433,D14674,서울ent대리점,중복점,33%,3,1,, - , - ,1,, - , - ,0.00%,, - , - 
PE81091,PE8109,은혜컴퍼니,서울,금천구,가산동,서울특별시 금천구 가산디지털1로 1,D15146,PS&M,PS_전속,100%,3,3,,1, - ,2,, - , - ,0.00%,, - , - 
PE81391,PE8139,휴대폰성지,경기,안산시 상록구,본오동,경기도 안산시 상록구 석호로 312,D13622,MD대리점,수도권_전속,100%,3,3,,1, - ,2,, - , - ,0.00%,, - , - 
PE81561,PE8156,휴대폰성지옆커폰일산웨스턴돔점,경기,고양시 일산동구,장항동,경기도 고양시 일산동구 정발산로 23,D14674,서울ent대리점,수도권_전속,100%,3,3,, - , - ,3,, - , - ,0.00%,, - , - 
PE81661,PE8166,휴대폰성지 상승2호점,인천,부평구,삼산동,인천광역시 부평구 체육관로 40,D15121,CD대리점,수도권_전속,100%,3,3,, - , - ,3,, - , - ,0.00%,, - , - 
PE81981,PE8198,핸드폰아울렛휴대폰성지일산역점,경기,고양시 일산서구,일산동,경기도 고양시 일산서구 고양대로 667-1,D13827,지은대리점,수도권_전속,100%,3,3,, - ,3, - ,,3, - ,0.00%,, - , - 
PE82241,PE8224,하나로모바일,경기,화성시 동탄구,영천동,경기도 화성시 동탄순환대로27길 30,D13965,대교대리점,중복점,67%,3,2,,1,1, - ,,1, - ,0.00%,, - , - 
PE82242,PE8224,하나로모바일,경기,화성시 동탄구,영천동,경기도 화성시 동탄순환대로27길 30,D13542,삼보대리점,중복점,33%,3,1,, - ,1, - ,,1, - ,0.00%,, - , - 
PE82371,PE8237,가장싼핸드폰가게,강원,양양군,양양읍,강원특별자치도 양양군 양양읍 양양로 69,D15146,PS&M,중복점,67%,3,2,, - ,2, - ,,2, - ,0.00%,, - , - 
PE82372,PE8237,가장싼핸드폰가게,강원,양양군,양양읍,강원특별자치도 양양군 양양읍 양양로 69,D13965,대교대리점,중복점,33%,3,1,,1, - , - ,, - , - ,0.00%,, - , - 
PE82841,PE8284,미사1등휴대폰성지2호점,경기,하남시,망월동,경기도 하남시 미사강변중앙로198번길 35,D13965,대교대리점,수도권_전속,100%,3,3,, - ,1,2,,1, - ,0.00%,, - , - 
PE83341,PE8334,휴대폰 파는 총각,경기,수원시 팔달구,화서동,경기도 수원시 팔달구 화양로 38,D15146,PS&M,PS_전속,100%,3,3,,1,2, - ,,2, - ,0.00%,, - , - 
PE83521,PE8352,휴대폰성지 옆커폰 이천점,경기,이천시,창전동,경기도 이천시 이섭대천로 1236,D14674,서울ent대리점,수도권_전속,100%,3,3,, - ,1,2,,1, - ,0.00%,, - , - 
PE83621,PE8362,베스트정보통신,서울,영등포구,영등포동5가,"서울 영등포구 영중로 64,",D13546,ACT대리점,수도권_전속,100%,3,3,, - , - ,3,, - , - ,0.00%,, - , - 
PE84191,PE8419,휴대폰성지 휴대폰맛집 철산점,경기,광명시,철산동,경기도 광명시 시청로 70,D15121,CD대리점,수도권_전속,100%,3,3,,1, - ,2,, - , - ,0.00%,, - , - 
PE84711,PE8471,휴대폰성지 옆커폰부평산곡점,인천,부평구,산곡동,인천광역시 부평구 마장로 385,D14674,서울ent대리점,수도권_전속,100%,3,3,, - , - ,3,, - , - ,0.00%,, - , - 
PE84721,PE8472,휴대폰 청년들(소사벌점),경기,평택시,비전동,경기도 평택시 비전5로 20-24,D13965,대교대리점,수도권_전속,100%,3,3,, - , - ,3,, - , - ,0.00%,, - , - 
PE85031,PE8503,김가통신,경기,파주시,동패동,경기도 파주시 청석로 268,D15146,PS&M,중복점,67%,3,2,, - ,2, - ,,2, - ,0.00%,, - , - 
PE85032,PE8503,김가통신,경기,파주시,동패동,경기도 파주시 청석로 268,D14342,신창대리점,중복점,33%,3,1,, - ,1, - ,,1, - ,0.00%,, - , - 
PE85161,PE8516,휴대폰 성지,경기,남양주시,화도읍,"경기 남양주시 화도읍 비룡로 119,",D13965,대교대리점,수도권_전속,100%,3,3,, - ,1,2,,1, - ,0.00%,, - , - 
PE85221,PE8522,휴대폰성지 열린폰마트 가양점,서울,강서구,가양동,서울특별시 강서구 양천로57길 13,D13952,참스타대리점,수도권_전속,100%,3,3,, - ,2,1,,2, - ,0.00%,, - , - 
PE85631,PE8563,휴대폰성지아이엠텔레콤봉담점,경기,화성시 효행구,봉담읍,경기도 화성시 효행구 봉담읍 참샘길 33,D13965,대교대리점,중복점,67%,3,2,, - ,1,1,,1, - ,0.00%,, - , - 
PE85632,PE8563,휴대폰성지아이엠텔레콤봉담점,경기,화성시 효행구,봉담읍,경기도 화성시 효행구 봉담읍 참샘길 33,D15146,PS&M,중복점,33%,3,1,, - ,1, - ,, - ,1,100.00%,, - , - 
PE85691,PE8569,휴대폰성지 휴대폰참잘하는집,경기,시흥시,은행동,경기도 시흥시 은계번영길 1,D13827,지은대리점,수도권_전속,100%,3,3,, - ,3, - ,,3, - ,0.00%,, - , - 
PE86071,PE8607,휴대폰의모든것청춘대길목동점,서울,양천구,목동,서울특별시 양천구 오목로 315,F13586,신도SDR,수도권_전속,100%,3,3,, - ,1,2,,1, - ,0.00%,, - ,2
PE86581,PE8658,목동 휴대폰성지 염창역점,서울,양천구,목동,서울특별시 양천구 목동중앙북로 82,D15146,PS&M,PS_전속,100%,3,3,, - ,2,1,,1,1,50.00%,, - , - 
PE86641,PE8664,휴대폰성지24 고양점,경기,고양시 덕양구,삼송동,경기도 고양시 덕양구 동송로 70,D13622,MD대리점,수도권_전속,100%,3,3,, - , - ,3,, - , - ,0.00%,, - , - 
PE86821,PE8682,휴대폰성지 옆커폰 상봉역점,서울,중랑구,상봉동,서울특별시 중랑구 망우로 285,D14674,서울ent대리점,수도권_전속,100%,3,3,, - ,1,2,,1, - ,0.00%,, - , - 
PE87051,PE8705,휴대폰성지 폰키호테 광명점,경기,광명시,일직동,경기도 광명시 양달로20번길 1,D13469,코넥,수도권_전속,100%,3,3,, - , - ,3,, - , - ,0.00%,, - , - 
PE87231,PE8723,휴대폰 성지 포승폰,경기,평택시,포승읍,"경기 평택시 포승읍 여술4길 2,",D13469,코넥,수도권_전속,100%,3,3,,1, - ,2,, - , - ,0.00%,, - , - 
PE87381,PE8738,스타일텔레콤,경기,성남시 중원구,성남동,경기도 성남시 중원구 산성대로 지하204-5,D13858,새서울대리점,중복점,67%,3,2,, - , - ,2,, - , - ,0.00%,, - , - 
PE87382,PE8738,스타일텔레콤,경기,성남시 중원구,성남동,경기도 성남시 중원구 산성대로 지하204-5,D15121,CD대리점,중복점,33%,3,1,, - , - ,1,, - , - ,0.00%,, - , - 
PE87391,PE8739,제로컴퍼니 신월점,서울,양천구,신월동,"서울 양천구 지양로 79,",D13622,MD대리점,수도권_전속,100%,3,3,, - ,1,2,,1, - ,0.00%,, - , - 
PE87541,PE8754,휴대폰성지세모폰 부평남부역점,인천,부평구,부평동,인천광역시 부평구 육동로 24,D15121,CD대리점,수도권_전속,100%,3,3,, - ,1,2,,1, - ,0.00%,, - , - 
PE88461,PE8846,다쏜다 휴대폰성지 안산중앙점,경기,안산시 단원구,고잔동,경기도 안산시 단원구 중앙대로 899,D13965,대교대리점,수도권_전속,100%,3,3,, - , - ,3,, - , - ,0.00%,, - , - 
PE88641,PE8864,휴대폰성지세모폰송내역점,경기,부천시 원미구,상동,경기도 부천시 원미구 송내대로73번길 22,D13357,가능대리점,중복점,67%,3,2,, - ,1,1,,1, - ,0.00%,, - , - 
PE88642,PE8864,휴대폰성지세모폰송내역점,경기,부천시 원미구,상동,경기도 부천시 원미구 송내대로73번길 22,D15121,CD대리점,중복점,33%,3,1,, - , - ,1,, - , - ,0.00%,, - , - 
PE89241,PE8924,휴대폰성지 세모폰 성남금광점,경기,성남시 중원구,금광동,경기도 성남시 중원구 광명로 322,D15121,CD대리점,수도권_전속,100%,3,3,, - , - ,3,, - , - ,0.00%,, - , - 
PE89301,PE8930,다드림 모바일,경기,고양시 덕양구,신원동,경기도 고양시 덕양구 신원로 40-44,D13225,광장대리점,수도권_전속,100%,3,3,, - ,3, - ,,3, - ,0.00%,, - , - 
PE89551,PE8955,옆커폰 아라역점,인천,서구,원당동,"인천 서구 이음5로 39,",D13225,광장대리점,수도권_전속,100%,3,3,, - ,2,1,,2, - ,0.00%,, - , - 
PE90141,PE9014,하루텔레콤,경기,화성시 동탄구,산척동,,D15146,PS&M,PS_전속,100%,3,3,, - ,1,2,,1, - ,0.00%,, - , - 
PE90161,PE9016,휴대폰 성지 싸당 의정부점,경기,의정부시,의정부동,경기도 의정부시 평화로 490,D15121,CD대리점,수도권_전속,100%,3,3,, - , - ,3,, - , - ,0.00%,, - , - 
PE91241,PE9124,로이통신,서울,은평구,역촌동,서울특별시 은평구 갈현로 47,D15146,PS&M,PS_전속,100%,3,3,, - ,2,1,,2, - ,0.00%,, - , - 
PE91311,PE9131,백호텔레콤,경기,성남시 중원구,금광동,경기도 성남시 중원구 광명로 360,D13546,ACT대리점,중복점,67%,3,2,, - ,1,1,,1, - ,0.00%,, - , - 
PE91312,PE9131,백호텔레콤,경기,성남시 중원구,금광동,경기도 성남시 중원구 광명로 360,D15121,CD대리점,중복점,33%,3,1,, - , - ,1,, - , - ,0.00%,, - , - 
PE91571,PE9157,알찬모바일,인천,계양구,작전동,"인천 계양구 계양대로 122,",D15121,CD대리점,수도권_전속,100%,3,3,,1, - ,2,, - , - ,0.00%,, - , - 
PE92001,PE9200,청담 핸드폰,서울,강남구,논현동,서울특별시 강남구 선릉로 749,D13951,강남스타대리점,수도권_전속,100%,3,3,, - ,2,1,,1,1,50.00%,, - , - 
PE92021,PE9202,스마트폰면세점 송산점,경기,화성시 만세구,새솔동,"경기 화성시 만세구 꽃내음1길 19-18,",D13965,대교대리점,수도권_전속,100%,3,3,, - ,2,1,,2, - ,0.00%,, - , - 
PE92181,PE9218,어셈블 포천시청점,경기,포천시,신읍동,"경기 포천시 중앙로 133,",D15173,정원대리점,수도권_전속,100%,3,3,, - ,1,2,,1, - ,0.00%,, - , - 
PE92321,PE9232,약지금 6호점,서울,도봉구,방학동,"서울 도봉구 도봉로145길 33,",D15117,알파대리점,수도권_전속,100%,3,3,,1,1,1,,1, - ,0.00%,, - ,2
PE92451,PE9245,핸드폰마을,경기,하남시,덕풍동,경기도 하남시 신장로 133,D15146,PS&M,중복점,67%,3,2,, - , - ,2,, - , - ,0.00%,, - , - 
PE92452,PE9245,핸드폰마을,경기,하남시,덕풍동,경기도 하남시 신장로 133,D15176,ACE대리점,중복점,33%,3,1,, - , - ,1,, - , - ,0.00%,, - , - 
PE92951,PE9295,휴대폰성지 안양폰맛집,경기,안양시 만안구,안양동,경기도 안양시 만안구 관악대로 54,D13965,대교대리점,수도권_전속,100%,3,3,, - ,3, - ,,2,1,33.30%,, - , - 
PE93121,PE9312,정성텔레콤,경기,의정부시,용현동,경기도 의정부시 오목로 24,D15117,알파대리점,중복점,67%,3,2,, - , - ,2,, - , - ,0.00%,, - , - 
PE93122,PE9312,정성텔레콤,경기,의정부시,용현동,경기도 의정부시 오목로 24,D13225,광장대리점,중복점,33%,3,1,,1, - , - ,, - , - ,0.00%,, - , - 
PE93871,PE9387,메인텔레콤,서울,송파구,방이동,서울특별시 송파구 마천로 35,D14342,신창대리점,수도권_전속,100%,3,3,, - , - ,3,, - , - ,0.00%,, - , - 
P017911,P01791,원정보통신,경기,평택시,안중읍,경기도 평택시 안중읍 안현로서5길 66,D13858,새서울대리점,수도권_전속,100%,2,2,, - ,2, - ,,1,1,50.00%,, - , - 
P034891,P03489,대상정보통신,서울,도봉구,창동,서울특별시도봉구도봉로110길71,D15146,PS&M,PS_전속,100%,2,2,,1, - ,1,, - , - ,0.00%,, - , - 
P076691,P07669,블루통신,경기,평택시,비전동,경기도 평택시 경기대로 271,D13542,삼보대리점,수도권_전속,100%,2,2,, - ,1,1,,1, - ,0.00%,, - , - 
P078671,P07867,DMB정보통신,경기,안양시 동안구,비산동,경기도 안양시 동안구 시민대로 161,D15121,CD대리점,수도권_전속,100%,2,2,, - , - ,2,, - , - ,0.00%,, - ,1
P081671,P08167,푸른통신,경기,이천시,중리동,경기도 이천시 어재연로 3,D13827,지은대리점,중복점,50%,2,1,,1, - , - ,, - , - ,0.00%,, - , - 
P081672,P08167,푸른통신,경기,이천시,중리동,경기도 이천시 어재연로 3,D15146,PS&M,중복점,50%,2,1,, - , - ,1,, - , - ,0.00%,, - , - 
P085321,P08532,은현텔레콤,경기,양주시,은현면,경기도양주시은현면은현로64,D15146,PS&M,PS_전속,100%,2,2,, - , - ,2,, - , - ,0.00%,, - , - 
P096831,P09683,스마일통신,강원,양양군,양양읍,강원 양양군 양양읍 양양로 65,D15146,PS&M,중복점,50%,2,1,, - ,1, - ,,1, - ,0.00%,, - , - 
P096832,P09683,스마일통신,강원,양양군,양양읍,강원 양양군 양양읍 양양로 65,D14746,유원대리점,중복점,50%,2,1,, - , - ,1,, - , - ,0.00%,, - , - 
P098761,P09876,에이스텔레콤,인천,미추홀구,주안동,인천광역시 남구 석정로 433,D15121,CD대리점,수도권_전속,100%,2,2,, - ,1,1,,1, - ,0.00%,, - , - 
P100351,P10035,케이씨정보통신,경기,안산시 상록구,본오동,경기도 안산시 상록구 반석로 54,D15157,근흥대리점,수도권_전속,100%,2,2,, - ,1,1,,1, - ,0.00%,, - , - 
P102351,P10235,슈퍼전자,서울,강북구,미아동,서울특별시 강북구 솔샘로 254,D13357,가능대리점,수도권_전속,100%,2,2,,1,1, - ,,1, - ,0.00%,, - , - 
P102421,P10242,태현정보통신,서울,강서구,화곡동,서울특별시 강서구 곰달래로 239,D13225,광장대리점,수도권_전속,100%,2,2,,1, - ,1,, - , - ,0.00%,, - , - 
P105651,P10565,세븐통신,서울,서대문구,북가좌동,서울특별시 서대문구 거북골로 180,D13546,ACT대리점,수도권_전속,100%,2,2,, - ,1,1,,1, - ,0.00%,, - , - 
P107661,P10766,신영정보통신,서울,강서구,화곡동,서울특별시 강서구 등촌로 61,D15121,CD대리점,수도권_전속,100%,2,2,, - , - ,2,, - , - ,0.00%,, - , - 
P114641,P11464,혜성정보통신,서울,은평구,대조동,서울특별시 은평구 서오릉로 94,D13357,가능대리점,수도권_전속,100%,2,2,,1,1, - ,,1, - ,0.00%,, - , - 
P115801,P11580,대원정보통신,서울,강서구,등촌동,서울특별시 강서구 공항대로41길 66,D13523,목동4거리대리점,수도권_전속,100%,2,2,, - ,2, - ,, - ,2,100.00%,, - , - 
P118091,P11809,휴대폰천국,경기,성남시 분당구,야탑동,경기도 성남시 분당구 성남대로925번길 16,D15121,CD대리점,수도권_전속,100%,2,2,, - , - ,2,, - , - ,0.00%,, - , - 
P118361,P11836,원미정보통신,경기,부천시 원미구,원미동,경기도 부천시 원미구 조종로49번길 8,D13742,한유대리점,수도권_전속,100%,2,2,, - , - ,2,, - , - ,0.00%,, - , - 
P118961,P11896,애니콜프라자,서울,구로구,구로동,서울특별시 구로구 구로중앙로 32,D15146,PS&M,PS_전속,100%,2,2,, - ,2, - ,,2, - ,0.00%,, - , - 
P119461,P11946,(주)서원텔레콤,서울,강남구,세곡동,서울특별시 강남구 헌릉로 569,D15176,ACE대리점,수도권_전속,100%,2,2,, - ,1,1,,1, - ,0.00%,, - , - 
P122551,P12255,정보통신마을,서울,동작구,흑석동,서울특별시 동작구 서달로 153,D15146,PS&M,PS_전속,100%,2,2,, - , - ,2,, - , - ,0.00%,, - , - 
P125171,P12517,MK정보,서울,구로구,고척동,서울특별시 구로구 고척로 151,D13952,참스타대리점,수도권_전속,100%,2,2,, - , - ,2,, - , - ,0.00%,, - , - 
P126251,P12625,희성이동통신,경기,성남시 분당구,구미동,경기도성남시분당구돌마로80,D15146,PS&M,PS_전속,100%,2,2,, - ,1,1,,1, - ,0.00%,, - , - 
P132911,P13291,검단정보통신,인천,서구,마전동,인천광역시 서구 검단로 486,D15051,프리스비,수도권_전속,100%,2,2,, - , - ,2,, - , - ,0.00%,, - , - 
P133131,P13313,세계이동통신,서울,노원구,공릉동,서울특별시 노원구 동일로 1041,D15173,정원대리점,중복점,50%,2,1,, - , - ,1,, - , - ,0.00%,, - , - 
P133132,P13313,세계이동통신,서울,노원구,공릉동,서울특별시 노원구 동일로 1041,D15117,알파대리점,중복점,50%,2,1,,1, - , - ,, - , - ,0.00%,, - , - 
P135861,P13586,모아정보통신,서울,광진구,중곡동,서울특별시 광진구 면목로 197,D15051,프리스비,수도권_전속,100%,2,2,, - ,1,1,,1, - ,0.00%,, - , - 
P136331,P13633,글로벌 통신,서울,금천구,독산동,서울특별시 금천구 독산로85길 16,D13622,MD대리점,수도권_전속,100%,2,2,,1,1, - ,,1, - ,0.00%,, - , - 
P138841,P13884,대영정보통신,인천,미추홀구,주안동,인천광역시 남구 석정로 385-6,D13124,UNI대리점,수도권_전속,100%,2,2,, - , - ,2,, - , - ,0.00%,, - , - 
P145391,P14539,외대하이컴,서울,동대문구,이문동,서울특별시 동대문구 천장산로 3-1,D13742,한유대리점,수도권_전속,100%,2,2,, - , - ,2,, - , - ,0.00%,, - , - 
P148521,P14852,휴대폰천국,서울,광진구,군자동,서울특별시 광진구 군자로 85-1,D15051,프리스비,수도권_전속,100%,2,2,, - ,1,1,,1, - ,0.00%,, - , - 
P153591,P15359,세미텔레콤,경기,의정부시,가능동,경기도 의정부시 신촌로29번길 24,D13357,가능대리점,수도권_전속,100%,2,2,, - , - ,2,, - , - ,0.00%,, - , - 
P159971,P15997,유진텔레콤,서울,용산구,한강로3가,서울특별시 용산구 한강대로23길 55,D14342,신창대리점,수도권_전속,100%,2,2,, - , - ,2,, - , - ,0.00%,, - , - 
P160821,P16082,소리정보통신,경기,군포시,금정동,경기도 군포시 번영로 618,D13965,대교대리점,수도권_전속,100%,2,2,,1, - ,1,, - , - ,0.00%,, - , - 
P168051,P16805,블루명가,서울,관악구,봉천동,서울특별시 관악구 봉천로 608-1,D15146,PS&M,중복점,50%,2,1,, - , - ,1,, - , - ,0.00%,, - , - 
P168052,P16805,블루명가,서울,관악구,봉천동,서울특별시 관악구 봉천로 608-1,D13225,광장대리점,중복점,50%,2,1,, - , - ,1,, - , - ,0.00%,, - , - 
P169431,P16943,대박텔레콤,인천,미추홀구,주안동,인천광역시 미추홀구 인주대로 413,D13951,강남스타대리점,수도권_전속,100%,2,2,,2, - , - ,, - , - ,0.00%,, - , - 
P169821,P16982,크리스텔통신중앙점,경기,성남시 중원구,중앙동,경기도 성남시 중원구 산성대로 360,D13546,ACT대리점,수도권_전속,100%,2,2,, - ,2, - ,,2, - ,0.00%,, - , - 
P174421,P17442,유성텔레콤,서울,중랑구,망우동,서울특별시 중랑구 상봉로 68,F13586,신도SDR,수도권_전속,100%,2,2,, - , - ,2,, - , - ,0.00%,, - , - 
P177751,P17775,승현정보통신,경기,수원시 장안구,율전동,경기도 수원시 장안구 서부로 2119,D13827,지은대리점,수도권_전속,100%,2,2,, - ,1,1,,1, - ,0.00%,, - , - 
P177811,P17781,핑크텔레콤,경기,의정부시,녹양동,경기도 의정부시 비우로 89,D13357,가능대리점,수도권_전속,100%,2,2,, - ,1,1,,1, - ,0.00%,, - , - 
P178701,P17870,티텔레콤,강원,강릉시,임당동,강원강릉시경강로2093,D15146,PS&M,PS_전속,100%,2,2,,1, - ,1,, - , - ,0.00%,, - , - 
P181241,P18124,현텔레콤,경기,남양주시,와부읍,경기도 남양주시 와부읍 덕소로97번길 53,D15173,정원대리점,수도권_전속,100%,2,2,,1, - ,1,, - , - ,0.00%,, - , - 
P186681,P18668,시너지텔레콤,서울,강북구,미아동,서울특별시 강북구 월계로7길 66,D15117,알파대리점,수도권_전속,100%,2,2,, - ,1,1,,1, - ,0.00%,, - , - 
P190361,P19036,SB텔레콤,서울,구로구,개봉동,서울특별시 구로구 개봉로12길 10,D14746,유원대리점,수도권_전속,100%,2,2,, - ,1,1,,1, - ,0.00%,, - , - 
P192971,P19297,우리정보통신,인천,서구,가좌동,인천광역시 서구 가정로 128,D14746,유원대리점,수도권_전속,100%,2,2,, - , - ,2,, - , - ,0.00%,, - , - 
P195531,P19553,쌍문아이티,서울,도봉구,쌍문동,서울특별시 도봉구 도봉로 517,D15146,PS&M,PS_전속,100%,2,2,, - ,1,1,,1, - ,0.00%,, - , - 
P197991,P19799,C&T프라자S K,경기,평택시,팽성읍,경기도평택시안정쇼핑로30,D15146,PS&M,PS_전속,100%,2,2,, - ,2, - ,,2, - ,0.00%,, - , - 
P220081,P22008,온누리텔레콤,서울,강동구,암사동,서울특별시 강동구 올림픽로 800,D13858,새서울대리점,수도권_전속,100%,2,2,,1, - ,1,, - , - ,0.00%,, - , - 
P225011,P22501,시원통신,경기,광명시,광명동,경기도 광명시 광명로 837,D15121,CD대리점,수도권_전속,100%,2,2,, - ,1,1,, - ,1,100.00%,, - , - 
P227341,P22734,동파텔레콤,경기,동두천시,생연동,경기도 동두천시 동광로 87,D15117,알파대리점,수도권_전속,100%,2,2,, - ,2, - ,,2, - ,0.00%,, - , - 
P228661,P22866,신한텔레콤,경기,의정부시,의정부동,경기도 의정부시 태평로 129,D13546,ACT대리점,수도권_전속,100%,2,2,,1, - ,1,, - , - ,0.00%,, - , - 
P229781,P22978,대성통신,인천,남동구,간석동,인천광역시 남동구 석촌로36번길 25,D13952,참스타대리점,수도권_전속,100%,2,2,,1, - ,1,, - , - ,0.00%,, - , - 
P235811,P23581,나우통신,경기,안산시 상록구,월피동,경기도안산시상록구예술광장로1,D15146,PS&M,PS_전속,100%,2,2,, - , - ,2,, - , - ,0.00%,, - , - 
P241141,P24114,훈정보통신,서울,관악구,신림동,서울특별시 관악구 신림로 151-1,D15051,프리스비,수도권_전속,100%,2,2,, - ,1,1,,1, - ,0.00%,, - , - 
P244491,P24449,태한통신,경기,의정부시,의정부동,경기도 의정부시 시민로 지하100,D13357,가능대리점,수도권_전속,100%,2,2,, - ,1,1,,1, - ,0.00%,, - , - 
P244571,P24457,아이티통신,서울,용산구,한강로3가,서울특별시 용산구 청파로 100,D13546,ACT대리점,수도권_전속,100%,2,2,, - , - ,2,, - , - ,0.00%,, - , - 
P254101,P25410,S2 정보통신,경기,안성시,석정동,경기도 안성시 중앙로 354,D13542,삼보대리점,중복점,50%,2,1,, - , - ,1,, - , - ,0.00%,, - , - 
P254102,P25410,S2 정보통신,경기,안성시,석정동,경기도 안성시 중앙로 354,D13742,한유대리점,중복점,50%,2,1,, - ,1, - ,,1, - ,0.00%,, - , - 
P257321,P25732,왕텔레콤,경기,양주시,덕계동,경기도 양주시 평화로 1441,D15146,PS&M,PS_전속,100%,2,2,, - ,1,1,,1, - ,0.00%,, - , - 
P263351,P26335,수호정보통신,인천,부평구,청천동,인천광역시 부평구 길주로 491,D13952,참스타대리점,수도권_전속,100%,2,2,, - , - ,2,, - , - ,0.00%,, - , - 
P270841,P27084,현정보통신,서울,영등포구,영등포동5가,서울특별시영등포구영중로50,D15146,PS&M,PS_전속,100%,2,2,, - , - ,2,, - , - ,0.00%,, - , - 
P272351,P27235,민성텔레콤,인천,부평구,일신동,인천광역시 부평구 경인로1118번길 17,D13952,참스타대리점,수도권_전속,100%,2,2,, - ,2, - ,,1,1,50.00%,, - , - 
P274981,P27498,태양정보통신,경기,구리시,수택동,경기도구리시이문안로72,D15146,PS&M,PS_전속,100%,2,2,, - , - ,2,, - , - ,0.00%,, - , - 
P284441,P28444,우림정보통신,서울,금천구,시흥동,서울특별시금천구금하로6991,D15146,PS&M,PS_전속,100%,2,2,, - ,2, - ,,2, - ,0.00%,, - , - 
P289311,P28931,브이텔레콤,서울,광진구,구의동,서울특별시 광진구 광나루로56길 85,D13225,광장대리점,수도권_전속,100%,2,2,, - , - ,2,, - , - ,0.00%,, - , - 
P289401,P28940,신원텔레콤,서울,도봉구,쌍문동,서울특별시 도봉구 해등로 255,D14342,신창대리점,수도권_전속,100%,2,2,, - ,1,1,,1, - ,0.00%,, - , - 
P297411,P29741,구로원정보통신,서울,구로구,구로동,서울특별시 구로구 구로중앙로 216,D15157,근흥대리점,중복점,50%,2,1,,1, - , - ,, - , - ,0.00%,, - , - 
P297412,P29741,구로원정보통신,서울,구로구,구로동,서울특별시 구로구 구로중앙로 216,D13469,코넥,중복점,50%,2,1,, - , - ,1,, - , - ,0.00%,, - , - 
P313401,P31340,kst통신,서울,은평구,응암동,서울특별시 은평구 응암로 247,D15146,PS&M,PS_전속,100%,2,2,, - ,2, - ,,2, - ,0.00%,, - , - 
P319621,P31962,수원통신,경기,수원시 권선구,권선동,경기도 수원시 권선구 세권로195번길 13,D15157,근흥대리점,수도권_전속,100%,2,2,,2, - , - ,, - , - ,0.00%,, - , - 
P323921,P32392,씨티정보통신상대원점,경기,성남시 중원구,상대원동,경기도 성남시 중원구 금상로 80,D13357,가능대리점,중복점,50%,2,1,, - ,1, - ,, - ,1,100.00%,, - , - 
P323922,P32392,씨티정보통신상대원점,경기,성남시 중원구,상대원동,경기도 성남시 중원구 금상로 80,D15146,PS&M,중복점,50%,2,1,, - , - ,1,, - , - ,0.00%,, - , - 
P330091,P33009,만대유통,경기,성남시 수정구,수진동,경기도 성남시 수정구 수정남로 22,F13586,신도SDR,수도권_전속,100%,2,2,, - ,1,1,,1, - ,0.00%,, - , - 
P338501,P33850,유진상사,서울,구로구,고척동,서울특별시구로구고척로204,D15146,PS&M,PS_전속,100%,2,2,,1, - ,1,, - , - ,0.00%,, - , - 
P340661,P34066,성남쎄븐텔레콤,경기,성남시 수정구,태평동,경기도 성남시 수정구 남문로 70,D13742,한유대리점,수도권_전속,100%,2,2,, - ,2, - ,,1,1,50.00%,, - , - 
P347721,P34772,효원텔레콤,서울,금천구,시흥동,서울특별시 금천구 금하로 714,D15173,정원대리점,수도권_전속,100%,2,2,, - ,2, - ,,1,1,50.00%,, - , - 
P363291,P36329,드림텔레콤,서울,강북구,번동,서울특별시강북구오현로32길28,D15146,PS&M,PS_전속,100%,2,2,, - ,1,1,,1, - ,0.00%,, - , - 
P366231,P36623,원스텝,서울,성동구,금호동4가,서울특별시 성동구 장터길 40-3,D14746,유원대리점,수도권_전속,100%,2,2,, - , - ,2,, - , - ,0.00%,, - , - 
P382891,P38289,지혜정보2,서울,성동구,행당동,서울특별시 성동구 왕십리광장로 17,D13225,광장대리점,중복점,50%,2,1,, - , - ,1,, - , - ,0.00%,, - , - 
P382892,P38289,지혜정보2,서울,성동구,행당동,서울특별시 성동구 왕십리광장로 17,D14654,알리바바대리점,중복점,50%,2,1,,1, - , - ,, - , - ,0.00%,, - , - 
P397881,P39788,푸른통신,강원,철원군,동송읍,강원철원군동송읍금학로224,D15146,PS&M,PS_전속,100%,2,2,, - , - ,2,, - , - ,0.00%,, - , - 
P408961,P40896,미니텔레콤,인천,계양구,작전동,인천광역시 계양구 작전시장로 20,D13827,지은대리점,수도권_전속,100%,2,2,,1,1, - ,,1, - ,0.00%,, - , - 
P415031,P41503,달인통신,서울,종로구,숭인동,서울특별시 종로구 숭인동길 35,D13858,새서울대리점,수도권_전속,100%,2,2,, - ,1,1,,1, - ,0.00%,, - , - 
P422751,P42275,최강텔레콤,서울,중랑구,면목동,서울특별시 중랑구 봉우재로14길 23,D14342,신창대리점,중복점,50%,2,1,, - ,1, - ,,1, - ,0.00%,, - , - 
P422752,P42275,최강텔레콤,서울,중랑구,면목동,서울특별시 중랑구 봉우재로14길 23,D14746,유원대리점,중복점,50%,2,1,, - , - ,1,, - , - ,0.00%,, - , - 
P428941,P42894,총각네 텔레콤,경기,평택시,평택동,경기도 평택시 평택로32번길 1,D13827,지은대리점,수도권_전속,100%,2,2,, - ,1,1,,1, - ,0.00%,, - , - 
P438471,P43847,(주)총각네휴대폰가게 후곡점,경기,고양시 일산서구,일산동,경기도 고양시 일산서구 일산로 556,D15051,프리스비,중복점,50%,2,1,, - ,1, - ,,1, - ,0.00%,, - , - 
P438472,P43847,(주)총각네휴대폰가게 후곡점,경기,고양시 일산서구,일산동,경기도 고양시 일산서구 일산로 556,D15146,PS&M,중복점,50%,2,1,, - , - ,1,, - , - ,0.00%,, - , - 
P441981,P44198,비젼텔레콤,서울,광진구,중곡동,서울특별시 광진구 능동로 415-1,D13225,광장대리점,수도권_전속,100%,2,2,,2, - , - ,, - , - ,0.00%,, - , - 
P452881,P45288,SUN모바일,서울,노원구,상계동,서울특별시 노원구 덕릉로 814,D14342,신창대리점,수도권_전속,100%,2,2,, - , - ,2,, - , - ,0.00%,, - , - 
P458661,P45866,신세계이동통신,경기,부천시 오정구,삼정동,경기도 부천시 오정구 중동로420번길 5,D13546,ACT대리점,중복점,50%,2,1,, - ,1, - ,,1, - ,0.00%,, - , - 
P458662,P45866,신세계이동통신,경기,부천시 오정구,삼정동,경기도 부천시 오정구 중동로420번길 5,D13469,코넥,중복점,50%,2,1,, - , - ,1,, - , - ,0.00%,, - , - 
P475481,P47548,오션텔레콤,서울,강남구,논현동,서울특별시 강남구 강남대로118길 46,D14192,한남대리점,수도권_전속,100%,2,2,,1, - ,1,, - , - ,0.00%,, - , - 
P475981,P47598,오거리통신,경기,수원시 팔달구,화서동,경기도수원시팔달구동말로47번길1,D15146,PS&M,PS_전속,100%,2,2,,1,1, - ,,1, - ,0.00%,, - , - 
P491171,P49117,금강정보통신,서울,영등포구,신길동,서울특별시 영등포구 여의대방로29길 10,D13124,UNI대리점,수도권_전속,100%,2,2,, - , - ,2,, - , - ,0.00%,, - , - 
P491521,P49152,에이치케이,경기,수원시 권선구,금곡동,경기도 수원시 권선구 금곡로73번길 71,D13827,지은대리점,수도권_전속,100%,2,2,, - ,2, - ,,2, - ,0.00%,, - , - 
P499471,P49947,민Telecom,서울,서대문구,북가좌동,서울특별시 서대문구 응암로 53,D14342,신창대리점,수도권_전속,100%,2,2,, - ,2, - ,,2, - ,0.00%,, - , - 
P506991,P50699,하늘텔레콤,경기,고양시 덕양구,주교동,경기도고양시덕양구호국로789번길3,D15146,PS&M,PS_전속,100%,2,2,, - ,1,1,,1, - ,0.00%,, - , - 
P512791,P51279,굿모닝 외대점,서울,동대문구,이문동,서울특별시 동대문구 휘경로 33,D14342,신창대리점,수도권_전속,100%,2,2,,1,1, - ,, - ,1,100.00%,, - , - 
P512971,P51297,하나통신,경기,수원시 권선구,서둔동,경기도수원시권선구여기산로24,D15146,PS&M,PS_전속,100%,2,2,, - ,1,1,,1, - ,0.00%,, - , - 
P533511,P53351,알파정보통신,인천,연수구,선학동,인천광역시 연수구 학나래로118번길 47,D15121,CD대리점,수도권_전속,100%,2,2,,1, - ,1,, - , - ,0.00%,, - , - 
P534891,P53489,한얼정보통신,경기,김포시,감정동,경기도 김포시 중봉로 4,D13225,광장대리점,수도권_전속,100%,2,2,, - ,1,1,,1, - ,0.00%,, - , - 
P537631,P53763,신흥텔레콤,경기,성남시 수정구,신흥동,경기도 성남시 수정구 산성대로 255,D13357,가능대리점,수도권_전속,100%,2,2,, - , - ,2,, - , - ,0.00%,, - , - 
P547721,P54772,영텔레콤,경기,부천시 오정구,고강동,경기도 부천시 고리울로51번길 67,D13622,MD대리점,수도권_전속,100%,2,2,, - ,1,1,,1, - ,0.00%,, - , - 
P551551,P55155,다올 텔레콤,서울,은평구,역촌동,서울특별시 은평구 연서로 1,D13827,지은대리점,중복점,50%,2,1,, - , - ,1,, - , - ,0.00%,, - , - 
P551552,P55155,다올 텔레콤,서울,은평구,역촌동,서울특별시 은평구 연서로 1,D14674,서울ent대리점,중복점,50%,2,1,, - , - ,1,, - , - ,0.00%,, - , - 
P562411,P56241,폰부스,인천,연수구,청학동,인천광역시 연수구 먼우금로 189,D13952,참스타대리점,수도권_전속,100%,2,2,, - ,1,1,,1, - ,0.00%,, - , - 
P565801,P56580,총각네폰가게,서울,강서구,화곡동,서울특별시 강서구 곰달래로 173,D13622,MD대리점,수도권_전속,100%,2,2,, - ,2, - ,,1,1,50.00%,, - , - 
P565901,P56590,신월대명정보통신,서울,양천구,신월동,서울특별시 양천구 곰달래로 47,D13546,ACT대리점,수도권_전속,100%,2,2,, - ,1,1,,1, - ,0.00%,, - , - 
P566641,P56664,드림온정보통신,서울,강북구,수유동,서울특별시 강북구 삼양로77길 16,D15146,PS&M,중복점,50%,2,1,, - ,1, - ,, - ,1,100.00%,, - , - 
P566642,P56664,드림온정보통신,서울,강북구,수유동,서울특별시 강북구 삼양로77길 16,D13858,새서울대리점,중복점,50%,2,1,, - ,1, - ,,1, - ,0.00%,, - , - 
P581041,P58104,쌍둥이정보통신,인천,미추홀구,주안동,인천광역시 미추홀구 경인로 지하 343,D13952,참스타대리점,수도권_전속,100%,2,2,,1, - ,1,, - , - ,0.00%,, - , - 
P581491,P58149,핸드폰나라(사당점),서울,동작구,사당동,서울특별시 동작구 동작대로 39,D13858,새서울대리점,수도권_전속,100%,2,2,,1,1, - ,,1, - ,0.00%,, - , - 
P584441,P58444,진상텔레콤,서울,양천구,목동,서울특별시 양천구 목동중앙남로3길 64,D13965,대교대리점,수도권_전속,100%,2,2,, - , - ,2,, - , - ,0.00%,, - , - 
P584951,P58495,휴대폰성지 패밀리통신화곡점,서울,양천구,신월동,서울특별시 양천구 화곡로13길 19,D13225,광장대리점,중복점,50%,2,1,, - , - ,1,, - , - ,0.00%,, - , - 
P584952,P58495,휴대폰성지 패밀리통신화곡점,서울,양천구,신월동,서울특별시 양천구 화곡로13길 19,D13124,UNI대리점,중복점,50%,2,1,,1, - , - ,, - , - ,0.00%,, - , - 
P589271,P58927,트윈모바일,경기,안성시,대천동,경기도 안성시 중앙로 393,D13542,삼보대리점,수도권_전속,100%,2,2,, - ,1,1,,1, - ,0.00%,, - , - 
P592421,P59242,월드통신,서울,구로구,고척동,서울특별시 구로구 경인로33길 75,D15146,PS&M,PS_전속,100%,2,2,, - , - ,2,, - , - ,0.00%,, - , - 
P593841,P59384,NS텔레콤,서울,노원구,하계동,서울특별시노원구한글비석로1길73,D15146,PS&M,PS_전속,100%,2,2,, - , - ,2,, - , - ,0.00%,, - , - 
P612291,P61229,미남텔레콤,인천,미추홀구,주안동,인천광역시 남구 인하로 349,D13124,UNI대리점,수도권_전속,100%,2,2,, - , - ,2,, - , - ,0.00%,, - , - 
P632731,P63273,싸이렉스텔레콤,서울,영등포구,대림동,서울특별시 영등포구 도림로 136,D13124,UNI대리점,수도권_전속,100%,2,2,, - ,2, - ,,2, - ,0.00%,, - ,1
P636641,P63664,스마일텔레콤,경기,여주시,창동,경기도 여주시 세종로 42,D13469,코넥,수도권_전속,100%,2,2,, - , - ,2,, - , - ,0.00%,, - , - 
P642201,P64220,대박통신,서울,강동구,성내동,서울특별시 강동구 풍성로54길 37,D14342,신창대리점,수도권_전속,100%,2,2,, - ,2, - ,,2, - ,0.00%,, - , - 
P642211,P64221,솔모루정보통신,경기,포천시,소흘읍,경기도 포천시 소흘읍 봉솔로2길 22,D15146,PS&M,PS_전속,100%,2,2,, - , - ,2,, - , - ,0.00%,, - , - 
P642591,P64259,다온텔레콤,경기,고양시 덕양구,행신동,경기도 고양시 덕양구 화신로 102,D14342,신창대리점,수도권_전속,100%,2,2,, - , - ,2,, - , - ,0.00%,, - , - 
P645001,P64500,SB통신,경기,군포시,당동,경기도 군포시 군포로 487,D13622,MD대리점,수도권_전속,100%,2,2,, - ,1,1,,1, - ,0.00%,, - , - 
P649151,P64915,IM텔레콤,경기,시흥시,정왕동,경기도 시흥시 정왕천로411번길 42,D15157,근흥대리점,수도권_전속,100%,2,2,,2, - , - ,, - , - ,0.00%,, - , - 
P654651,P65465,고강믿음정보,경기,부천시 오정구,고강동,경기도 부천시 오정구 고리울로52번길 19-4,D13952,참스타대리점,수도권_전속,100%,2,2,,1,1, - ,,1, - ,0.00%,, - , - 
P657831,P65783,잡스네 Phone cafe,경기,이천시,증포동,경기도이천시이섭대천로1403,D15146,PS&M,PS_전속,100%,2,2,, - , - ,2,, - , - ,0.00%,, - , - 
P658151,P65815,도경텔레콤,강원,원주시,개운동,강원원주시치악로1780,D15146,PS&M,PS_전속,100%,2,2,, - , - ,2,, - , - ,0.00%,, - , - 
P659811,P65981,형제텔레콤,경기,김포시,북변동,경기도 김포시 사우중로73번길 24,D13124,UNI대리점,수도권_전속,100%,2,2,, - , - ,2,, - , - ,0.00%,, - , - 
P662311,P66231,대상텔레콤,경기,성남시 중원구,하대원동,경기도 성남시 중원구 둔촌대로 246,D14342,신창대리점,수도권_전속,100%,2,2,, - , - ,2,, - , - ,0.00%,, - , - 
P666711,P66671,로또텔레콤,인천,중구,인현동,인천광역시 중구 우현로 지하69,D14342,신창대리점,수도권_전속,100%,2,2,, - , - ,2,, - , - ,0.00%,, - , - 
P670371,P67037,신터미널이동통신,강원,속초시,동명동,강원속초시장안로15,D15146,PS&M,PS_전속,100%,2,2,, - ,1,1,,1, - ,0.00%,, - , - 
P674651,P67465,그린정보통신,경기,성남시 수정구,양지동,경기도 성남시 수정구 산성대로 481,D15146,PS&M,PS_전속,100%,2,2,,1,1, - ,,1, - ,0.00%,, - , - 
P678331,P67833,하늘정보통신,서울,마포구,망원동,서울특별시 마포구 월드컵로 159,D15146,PS&M,중복점,50%,2,1,, - , - ,1,, - , - ,0.00%,, - , - 
P678332,P67833,하늘정보통신,서울,마포구,망원동,서울특별시 마포구 월드컵로 159,D15173,정원대리점,중복점,50%,2,1,,1, - , - ,, - , - ,0.00%,, - , - 
P679421,P67942,시내산,경기,안산시 단원구,와동,경기도 안산시 단원구 와동공원로 157,D13225,광장대리점,수도권_전속,100%,2,2,, - , - ,2,, - , - ,0.00%,, - , - 
P681791,P68179,리더스텔레콤 교대점,인천,계양구,계산동,인천광역시 계양구 계산로 89,D14746,유원대리점,중복점,50%,2,1,, - ,1, - ,, - ,1,100.00%,, - , - 
P681792,P68179,리더스텔레콤 교대점,인천,계양구,계산동,인천광역시 계양구 계산로 89,D15146,PS&M,중복점,50%,2,1,, - ,1, - ,,1, - ,0.00%,, - , - 
P682011,P68201,버들텔레콤,경기,부천시 소사구,괴안동,경기도 부천시 범안로 41,D13952,참스타대리점,수도권_전속,100%,2,2,, - ,2, - ,,2, - ,0.00%,, - , - 
P697701,P69770,HJ텔레콤,경기,김포시,고촌읍,경기도김포시고촌읍김포대로323,D15146,PS&M,PS_전속,100%,2,2,, - ,2, - ,,2, - ,0.00%,, - , - 
P715771,P71577,현대정보통신,경기,안양시 동안구,호계동,경기도 안양시 동안구 경수대로 462,D13965,대교대리점,수도권_전속,100%,2,2,, - ,1,1,, - ,1,100.00%,, - , - 
P716981,P71698,서인텔레콤,인천,연수구,연수동,인천광역시 연수구 함박로 49-1,D13952,참스타대리점,수도권_전속,100%,2,2,, - ,1,1,,1, - ,0.00%,, - , - 
P719431,P71943,정화통신,경기,광주시,태전동,경기도 광주시 회안대로 350-2,D15117,알파대리점,수도권_전속,100%,2,2,, - , - ,2,, - , - ,0.00%,, - , - 
P721461,P72146,진텔레콤,서울,강서구,내발산동,서울특별시 강서구 강서로 304,D15051,프리스비,수도권_전속,100%,2,2,, - , - ,2,, - , - ,0.00%,, - , - 
P722171,P72217,스마트정보통신,경기,포천시,일동면,경기도 포천시 일동면 화동로 1048-1,D13546,ACT대리점,수도권_전속,100%,2,2,, - ,2, - ,,2, - ,0.00%,, - , - 
P724301,P72430,낭만통신,경기,안산시 상록구,부곡동,경기도 안산시 상록구 부곡로 28,D13965,대교대리점,수도권_전속,100%,2,2,, - , - ,2,, - , - ,0.00%,, - , - 
P725991,P72599,뉴정보통신,경기,고양시 일산서구,탄현동,경기도 고양시 일산서구 현중로 34,D15146,PS&M,PS_전속,100%,2,2,, - ,1,1,,1, - ,0.00%,, - , - 
P728191,P72819,천일텔레콤,서울,강서구,화곡동,서울특별시 강서구 곰달래로53길 38,D13523,목동4거리대리점,수도권_전속,100%,2,2,,1,1, - ,, - ,1,100.00%,, - , - 
P732531,P73253,스마일,경기,성남시 분당구,수내동,경기도성남시분당구불정로260,D15146,PS&M,PS_전속,100%,2,2,, - , - ,2,, - , - ,0.00%,, - , - 
P748111,P74811,폰사랑,경기,성남시 분당구,서현동,경기도 성남시 분당구 불정로376번길 31,D13546,ACT대리점,수도권_전속,100%,2,2,, - ,2, - ,,1,1,50.00%,, - , - 
P749171,P74917,파라코즘(Paracosm),서울,구로구,가리봉동,서울특별시구로구디지털로27길63,D15146,PS&M,PS_전속,100%,2,2,, - ,1,1,,1, - ,0.00%,, - , - 
P754101,P75410,코딱지텔레콤,경기,부천시 원미구,중동,경기도 부천시 중동로248번길 31,D15146,PS&M,PS_전속,100%,2,2,,1, - ,1,, - , - ,0.00%,, - , - 
P759961,P75996,제이엠 텔레콤,서울,서초구,반포동,서울특별시 서초구 사평대로57길 45,D15146,PS&M,PS_전속,100%,2,2,, - ,1,1,,1, - ,0.00%,, - , - 
P764981,P76498,별텔레콤,경기,파주시,금촌동,경기도 파주시 번영로 7-1,D13546,ACT대리점,수도권_전속,100%,2,2,, - ,1,1,,1, - ,0.00%,, - , - 
P769211,P76921,원다리텔레콤,경기,안양시 만안구,안양동,경기도 안양시 만안구 만안로 지하 231,D13952,참스타대리점,수도권_전속,100%,2,2,, - , - ,2,, - , - ,0.00%,, - , - 
P772351,P77235,우리모바일,인천,부평구,부평동,인천광역시 부평구 부흥북로 29,D14746,유원대리점,수도권_전속,100%,2,2,, - ,1,1,,1, - ,0.00%,, - , - 
P775741,P77574,OK통신,경기,평택시,청북읍,경기도 평택시 청북면 안청로2길 33-33,D13357,가능대리점,수도권_전속,100%,2,2,, - ,1,1,,1, - ,0.00%,, - , - 
P777401,P77740,늑대와여우컴퓨터,강원,강릉시,주문진읍,강원강릉시주문진읍연주로304,D15146,PS&M,PS_전속,100%,2,2,, - , - ,2,, - , - ,0.00%,, - , - 
P781601,P78160,호원정보통신,경기,의정부시,호원동,경기도 의정부시 평화로 191,D15173,정원대리점,수도권_전속,100%,2,2,, - ,2, - ,,1,1,50.00%,, - , - 
P782401,P78240,성지몰,인천,중구,운서동,인천광역시 중구 신도시남로142번길 17,D14746,유원대리점,수도권_전속,100%,2,2,, - , - ,2,, - , - ,0.00%,, - , - 
P784981,P78498,휴대폰가게,경기,평택시,청북읍,경기도 평택시 청북읍 안청로 328,D13542,삼보대리점,수도권_전속,100%,2,2,, - , - ,2,, - , - ,0.00%,, - , - 
P788321,P78832,대박텔레콤,서울,강서구,화곡동,서울특별시 강서구 까치산로4길 11,D15051,프리스비,수도권_전속,100%,2,2,, - , - ,2,, - , - ,0.00%,, - , - 
P796971,P79697,글컴정보통신,경기,용인시 기흥구,마북동,경기도 용인시 기흥구 마북로 35,D14342,신창대리점,수도권_전속,100%,2,2,, - , - ,2,, - , - ,0.00%,, - , - 
P799821,P79982,ORA텔레콤,경기,용인시 기흥구,청덕동,경기도 용인시 기흥구 구성3로28번길 16,D13858,새서울대리점,수도권_전속,100%,2,2,, - ,1,1,,1, - ,0.00%,, - , - 
P803751,P80375,디디디모바일,경기,수원시 팔달구,우만동,경기도 수원시 팔달구 팔달문로153번길 80,D13952,참스타대리점,수도권_전속,100%,2,2,,1,1, - ,,1, - ,0.00%,, - , - 
P804741,P80474,폰스토리(본점),서울,서대문구,대현동,서울특별시서대문구이화여대길74,D15146,PS&M,PS_전속,100%,2,2,, - , - ,2,, - , - ,0.00%,, - , - 
P804791,P80479,폰카페,경기,고양시 덕양구,고양동,경기도 고양시 덕양구 혜음로 61,D13827,지은대리점,수도권_전속,100%,2,2,, - , - ,2,, - , - ,0.00%,, - , - 
P804951,P80495,에이스 정보통신,인천,미추홀구,주안동,인천광역시 남구 경원대로 지하848,D13827,지은대리점,수도권_전속,100%,2,2,, - , - ,2,, - , - ,0.00%,, - , - 
P805481,P80548,아이랜드,서울,구로구,구로동,서울특별시 구로구 도림로 37,D15157,근흥대리점,수도권_전속,100%,2,2,, - ,1,1,,1, - ,0.00%,, - ,1
P805761,P80576,휴대폰성지진심모바일광덕시장점,경기,안산시 상록구,월피동,경기도 안산시 상록구 광덕산안길 28,D13124,UNI대리점,수도권_전속,100%,2,2,, - , - ,2,, - , - ,0.00%,, - , - 
P806811,P80681,일루 TC,서울,양천구,목동,서울특별시 양천구 목동중앙북로 95,D15146,PS&M,중복점,50%,2,1,,1, - , - ,, - , - ,0.00%,, - , - 
P806812,P80681,일루 TC,서울,양천구,목동,서울특별시 양천구 목동중앙북로 95,D13622,MD대리점,중복점,50%,2,1,, - ,1, - ,,1, - ,0.00%,, - , - 
P810311,P81031,휴대폰성지 다인폰 1호점,경기,수원시 팔달구,우만동,경기도 수원시 팔달구 월드컵로357번길 42,D13952,참스타대리점,중복점,50%,2,1,, - ,1, - ,,1, - ,0.00%,, - , - 
P810312,P81031,휴대폰성지 다인폰 1호점,경기,수원시 팔달구,우만동,경기도 수원시 팔달구 월드컵로357번길 42,D13965,대교대리점,중복점,50%,2,1,, - , - ,1,, - , - ,0.00%,, - , - 
P812481,P81248,한빛정보통신,인천,부평구,부개동,인천광역시 부평구 경인로 1099,D13124,UNI대리점,수도권_전속,100%,2,2,,1, - ,1,, - , - ,0.00%,, - , - 
P818391,P81839,단대오거리통신,경기,성남시 중원구,금광동,경기도성남시중원구산성대로372번길10,D15146,PS&M,PS_전속,100%,2,2,, - ,1,1,,1, - ,0.00%,, - , - 
P818951,P81895,하연,서울,강서구,화곡동,서울특별시 강서구 화곡로 286,D13827,지은대리점,수도권_전속,100%,2,2,, - ,1,1,,1, - ,0.00%,, - , - 
P823661,P82366,어바웃통신,경기,용인시 수지구,풍덕천동,경기도 용인시 수지구 풍덕천로96번길 3-1,D13858,새서울대리점,수도권_전속,100%,2,2,, - ,2, - ,,2, - ,0.00%,, - , - 
P823771,P82377,동군텔레콤,서울,송파구,문정동,서울특별시 송파구 송이로32길 37,D15146,PS&M,PS_전속,100%,2,2,, - ,2, - ,,2, - ,0.00%,, - , - 
P825141,P82514,CY,경기,파주시,아동동,경기도 파주시 송화로 11,D13622,MD대리점,수도권_전속,100%,2,2,,1, - ,1,, - , - ,0.00%,, - , - 
P825991,P82599,바로바로 폰 앤 기프트,강원,삼척시,남양동,강원 삼척시 진주로 18,D13951,강남스타대리점,중복점,50%,2,1,, - ,1, - ,,1, - ,0.00%,, - , - 
P825992,P82599,바로바로 폰 앤 기프트,강원,삼척시,남양동,강원 삼척시 진주로 18,D15146,PS&M,중복점,50%,2,1,, - ,1, - ,,1, - ,0.00%,, - , - 
P828331,P82833,신화정보통신,서울,은평구,불광동,서울특별시 은평구 통일로 902,D13357,가능대리점,수도권_전속,100%,2,2,, - ,1,1,,1, - ,0.00%,, - , - 
P830581,P83058,제이케이텔레콤,서울,강북구,미아동,서울특별시 강북구 솔샘로64길 29,D14674,서울ent대리점,수도권_전속,100%,2,2,, - , - ,2,, - , - ,0.00%,, - , - 
P831261,P83126,스마일통신,서울,중랑구,면목동,서울특별시 중랑구 용마산로 423,D13622,MD대리점,수도권_전속,100%,2,2,, - , - ,2,, - , - ,0.00%,, - , - 
P831481,P83148,영진모바일,서울,양천구,신월동,서울특별시 양천구 신월로 184,D13225,광장대리점,중복점,50%,2,1,, - ,1, - ,, - ,1,100.00%,, - , - 
P831482,P83148,영진모바일,서울,양천구,신월동,서울특별시 양천구 신월로 184,F13586,신도SDR,중복점,50%,2,1,,1, - , - ,, - , - ,0.00%,, - , - 
P832021,P83202,형제텔레콤,서울,중랑구,상봉동,서울특별시 중랑구 망우로42길 26,D15157,근흥대리점,수도권_전속,100%,2,2,, - , - ,2,, - , - ,0.00%,, - , - 
P834561,P83456,주식회사 스피드정보통신,경기,부천시 원미구,도당동,경기도 부천시 원미구 삼작로 252,D13622,MD대리점,수도권_전속,100%,2,2,, - , - ,2,, - , - ,0.00%,, - , - 
P835161,P83516,H통신,경기,성남시 수정구,태평동,경기도성남시수정구탄리로81,D15146,PS&M,PS_전속,100%,2,2,, - , - ,2,, - , - ,0.00%,, - , - 
P836661,P83666,알에스통신,강원,원주시,명륜동,강원원주시치악로1803,D15146,PS&M,PS_전속,100%,2,2,, - ,2, - ,,1,1,50.00%,, - , - 
P836721,P83672,dc폰프라자,강원,인제군,북면,강원인제군북면원통로171,D15146,PS&M,PS_전속,100%,2,2,, - , - ,2,, - , - ,0.00%,, - , - 
P837641,P83764,제니스모바일,경기,수원시 팔달구,우만동,경기도 수원시 팔달구 창룡대로150번길 67-2,D13742,한유대리점,수도권_전속,100%,2,2,,1, - ,1,, - , - ,0.00%,, - , - 
P840401,P84040,T텔레콤,서울,성북구,동선동4가,서울특별시 성북구 동소문로 107,D15121,CD대리점,수도권_전속,100%,2,2,, - , - ,2,, - , - ,0.00%,, - , - 
P840711,P84071,휴대폰타운,강원,강릉시,임당동,강원 강릉시 임영로 154,D15146,PS&M,PS_전속,100%,2,2,, - , - ,2,, - , - ,0.00%,, - , - 
P844131,P84413,제이에스통신,경기,광주시,능평동,경기도 광주시 오포읍 능평로 177,D13225,광장대리점,수도권_전속,100%,2,2,, - ,1,1,, - ,1,100.00%,, - , - 
P844951,P84495,광성텔레콤,경기,남양주시,와부읍,경기도 남양주시 와부읍 덕소로97번길 19-1,D14342,신창대리점,수도권_전속,100%,2,2,, - ,2, - ,,2, - ,0.00%,, - , - 
P846511,P84651,제이에이치모바일,서울,도봉구,도봉동,서울특별시 도봉구 도봉로181길 5,D15176,ACE대리점,수도권_전속,100%,2,2,, - ,2, - ,,1,1,50.00%,, - , - 
P846741,P84674,모아정보통신,경기,남양주시,오남읍,경기도 남양주시 오남읍 진건오남로 592,D13858,새서울대리점,수도권_전속,100%,2,2,, - , - ,2,, - , - ,0.00%,, - , - 
P849281,P84928,드림텔레콤,경기,파주시,문산읍,경기도 파주시 문산읍 문향로 76,D13546,ACT대리점,수도권_전속,100%,2,2,,1,1, - ,,1, - ,0.00%,, - , - 
P850211,P85021,행복통신,경기,화성시 만세구,우정읍,경기도 화성시 우정읍 조암남로 8,D13952,참스타대리점,수도권_전속,100%,2,2,, - , - ,2,, - , - ,0.00%,, - , - 
P852921,P85292,한진텔레콤,경기,용인시 처인구,포곡읍,경기도용인시처인구포곡읍전대로78,D15146,PS&M,PS_전속,100%,2,2,, - , - ,2,, - , - ,0.00%,, - , - 
P858661,P85866,대박착한폰2호점,인천,서구,오류동,인천광역시 서구 원당대로 117,D15121,CD대리점,수도권_전속,100%,2,2,, - ,1,1,,1, - ,0.00%,, - , - 
P860991,P86099,싸다구 모바일,서울,동작구,상도동,서울특별시 동작구 성대로 42,D14746,유원대리점,수도권_전속,100%,2,2,, - ,1,1,,1, - ,0.00%,, - , - 
P861301,P86130,새롬정보통신,인천,남동구,만수동,인천광역시 남동구 백범로 216,D13952,참스타대리점,수도권_전속,100%,2,2,,1,1, - ,,1, - ,0.00%,, - , - 
P861491,P86149,준텔레콤,서울,용산구,한강로2가,서울특별시 용산구 새창로 181,F13586,신도SDR,수도권_전속,100%,2,2,, - , - ,2,, - , - ,0.00%,, - , - 
P862681,P86268,TI모바일,서울,송파구,잠실동,서울특별시 송파구 올림픽로12길 26,D13546,ACT대리점,수도권_전속,100%,2,2,, - ,1,1,,1, - ,0.00%,, - , - 
P863411,P86341,한성통신,경기,용인시 처인구,김량장동,경기도 용인시 처인구 백옥대로 1115,D15157,근흥대리점,중복점,50%,2,1,, - , - ,1,, - , - ,0.00%,, - , - 
P863412,P86341,한성통신,경기,용인시 처인구,김량장동,경기도 용인시 처인구 백옥대로 1115,D14342,신창대리점,중복점,50%,2,1,, - , - ,1,, - , - ,0.00%,, - , - 
P863951,P86395,준모바일,경기,성남시 분당구,정자동,경기도 성남시 분당구 느티로87번길 1,D13742,한유대리점,중복점,50%,2,1,, - ,1, - ,,1, - ,0.00%,, - , - 
P863952,P86395,준모바일,경기,성남시 분당구,정자동,경기도 성남시 분당구 느티로87번길 1,D15146,PS&M,중복점,50%,2,1,, - , - ,1,, - , - ,0.00%,, - , - 
P864841,P86484,로얄통신,인천,미추홀구,용현동,인천광역시 남구 토금중로 63,D13225,광장대리점,수도권_전속,100%,2,2,, - ,1,1,,1, - ,0.00%,, - , - 
P865061,P86506,가온누리정보통신,경기,김포시,감정동,경기도 김포시 중봉로 1,D14746,유원대리점,중복점,50%,2,1,, - , - ,1,, - , - ,0.00%,, - , - 
P865062,P86506,가온누리정보통신,경기,김포시,감정동,경기도 김포시 중봉로 1,D15146,PS&M,중복점,50%,2,1,, - , - ,1,, - , - ,0.00%,, - , - 
P868081,P86808,주식회사 제이컴퍼니,경기,광주시,양벌동,경기도 광주시 오포읍 마루들길 228,D13225,광장대리점,수도권_전속,100%,2,2,,1, - ,1,, - , - ,0.00%,, - , - 
P868201,P86820,육일통신,경기,파주시,문산읍,경기도파주시문산읍문산로26번길13,D15146,PS&M,PS_전속,100%,2,2,, - ,2, - ,,2, - ,0.00%,, - , - 
P871321,P87132,대한정보통신,경기,김포시,양촌읍,경기도 김포시 양촌읍 양곡로 512,D15146,PS&M,PS_전속,100%,2,2,, - ,2, - ,,2, - ,0.00%,, - , - 
P873531,P87353,대박통신,강원,철원군,서면,강원철원군서면와수로181,D15146,PS&M,PS_전속,100%,2,2,, - ,1,1,,1, - ,0.00%,, - , - 
P874681,P87468,유아이(UI)정보통신,인천,남동구,간석동,인천광역시 남동구 석정로 501,D13827,지은대리점,수도권_전속,100%,2,2,, - ,1,1,,1, - ,0.00%,, - , - 
P875141,P87514,(주)메이저텔레콤,서울,종로구,명륜2가,서울특별시 종로구 성균관로 15,D15146,PS&M,PS_전속,100%,2,2,,1, - ,1,, - , - ,0.00%,, - , - 
P880401,P88040,이에스통신,경기,성남시 분당구,수내동,경기도 성남시 분당구 돌마로 361,D13546,ACT대리점,수도권_전속,100%,2,2,,1,1, - ,,1, - ,0.00%,, - , - 
P880761,P88076,폰스토리,경기,여주시,하동,경기도 여주시 우암로 14,D15146,PS&M,PS_전속,100%,2,2,, - , - ,2,, - , - ,0.00%,, - , - 
P884011,P88401,탑정보통신,인천,부평구,삼산동,인천광역시부평구영성중로40,D15146,PS&M,PS_전속,100%,2,2,, - , - ,2,, - , - ,0.00%,, - , - 
P886431,P88643,미르정보통신,서울,영등포구,대림동,서울특별시 영등포구 디지털로37길 4-1,D13225,광장대리점,수도권_전속,100%,2,2,, - ,2, - ,,2, - ,0.00%,, - , - 
P888151,P88815,휴대폰싸군,경기,의정부시,민락동,경기도 의정부시 오목로225번길 147,D15121,CD대리점,수도권_전속,100%,2,2,, - ,1,1,,1, - ,0.00%,, - , - 
P890011,P89001,봄정보통신,서울,송파구,가락동,서울특별시 송파구 오금로36길 23,D15051,프리스비,수도권_전속,100%,2,2,, - ,1,1,,1, - ,0.00%,, - , - 
P890151,P89015,폰마트 통신,경기,평택시,서정동,경기도 평택시 정암로 15,D15146,PS&M,PS_전속,100%,2,2,,1,1, - ,,1, - ,0.00%,, - , - 
P892201,P89220,아싸휴대폰,강원,평창군,봉평면,강원 평창군 봉평면 기풍5길 18,D15146,PS&M,PS_전속,100%,2,2,, - ,1,1,,1, - ,0.00%,, - , - 
P894161,P89416,스마트정보,경기,안산시 상록구,본오동,경기도 안산시 상록구 석호로 315,D13827,지은대리점,수도권_전속,100%,2,2,, - , - ,2,, - , - ,0.00%,, - , - 
P894571,P89457,미카엘통신,경기,안양시 만안구,안양동,경기도안양시만안구안양천서로376,D15146,PS&M,PS_전속,100%,2,2,, - , - ,2,, - , - ,0.00%,, - , - 
P895861,P89586,서이,경기,남양주시,퇴계원읍,경기도 남양주시 퇴계원면 퇴계원로 17,D15146,PS&M,PS_전속,100%,2,2,, - ,1,1,,1, - ,0.00%,, - , - 
P895871,P89587,대호텔레콤,서울,도봉구,창동,서울특별시 도봉구 우이천로4길 12,D14342,신창대리점,수도권_전속,100%,2,2,, - , - ,2,, - , - ,0.00%,, - , - 
P895881,P89588,이지스텔레콤,서울,마포구,망원동,서울특별시마포구월드컵로25길26,D15146,PS&M,PS_전속,100%,2,2,, - ,1,1,,1, - ,0.00%,, - , - 
P896981,P89698,석남동 휴대폰성지,인천,서구,석남동,인천광역시 서구 염곡로 321,D15121,CD대리점,중복점,50%,2,1,,1, - , - ,, - , - ,0.00%,, - , - 
P896982,P89698,석남동 휴대폰성지,인천,서구,석남동,인천광역시 서구 염곡로 321,D13952,참스타대리점,중복점,50%,2,1,, - , - ,1,, - , - ,0.00%,, - , - 
P897361,P89736,준 텔레콤,서울,강북구,수유동,서울특별시 강북구 삼양로 427,D15051,프리스비,수도권_전속,100%,2,2,, - , - ,2,, - , - ,0.00%,, - , - 
P901711,P90171,꽁짜폰연구소,서울,강서구,화곡동,서울특별시 강서구 강서로12길 8-8,D14674,서울ent대리점,수도권_전속,100%,2,2,, - , - ,2,, - , - ,0.00%,, - , - 
P903041,P90304,에스비모바일,강원,영월군,영월읍,강원영월군영월읍중앙로37,D15146,PS&M,PS_전속,100%,2,2,, - ,1,1,,1, - ,0.00%,, - , - 
P903091,P90309,명지정보통신(조원점),경기,수원시 장안구,조원동,경기도 수원시 장안구 금당로39번길 6,D13742,한유대리점,수도권_전속,100%,2,2,,1, - ,1,, - , - ,0.00%,, - , - 
P906891,P90689,남서울정보통신(주),서울,관악구,신림동,서울특별시 관악구 남부순환로 1369,D13225,광장대리점,수도권_전속,100%,2,2,, - ,2, - ,, - ,2,100.00%,, - , - 
P907211,P90721,주식회사 태영정보통신,서울,성동구,성수동2가,서울특별시 성동구 성덕정길 102,D15173,정원대리점,수도권_전속,100%,2,2,,1,1, - ,, - ,1,100.00%,, - , - 
P907271,P90727,제희텔레콤,경기,남양주시,진접읍,경기도 남양주시 진접읍 내각1로73번길 6,D15051,프리스비,수도권_전속,100%,2,2,, - ,2, - ,, - ,2,100.00%,, - , - 
P907741,P90774,아람정보통신,인천,서구,가좌동,인천광역시 서구 고래울로 25,D13546,ACT대리점,수도권_전속,100%,2,2,, - ,1,1,, - ,1,100.00%,, - , - 
P907961,P90796,MJ모바일,인천,서구,석남동,인천광역시 서구 가정로 246,D15146,PS&M,PS_전속,100%,2,2,, - , - ,2,, - , - ,0.00%,, - , - 
P909871,P90987,스폰서,서울,서초구,양재동,서울특별시 서초구 남부순환로356길 43,D14746,유원대리점,수도권_전속,100%,2,2,, - ,1,1,,1, - ,0.00%,, - , - 
P910221,P91022,한빛유통,강원,원주시,명륜동,강원원주시남원로535,D15146,PS&M,PS_전속,100%,2,2,, - , - ,2,, - , - ,0.00%,, - , - 
P912731,P91273,그린모바일 2호점,경기,용인시 수지구,신봉동,경기도 용인시 수지구 신봉1로 157,D15146,PS&M,PS_전속,100%,2,2,, - , - ,2,, - , - ,0.00%,, - , - 
P916431,P91643,휴대폰성지 미스터모바일,경기,성남시 중원구,성남동,경기도 성남시 중원구 제일로35번길 37,D15146,PS&M,PS_전속,100%,2,2,, - , - ,2,, - , - ,0.00%,, - , - 
P916831,P91683,에스지모바일,인천,부평구,산곡동,인천광역시 부평구 마장로324번길 12,D13952,참스타대리점,수도권_전속,100%,2,2,, - ,1,1,, - ,1,100.00%,, - , - 
P919981,P91998,총각네텔레콤(안중점),경기,평택시,안중읍,경기도 평택시 안중읍 안현로 304,D14674,서울ent대리점,수도권_전속,100%,2,2,, - , - ,2,, - , - ,0.00%,, - , - 
P923551,P92355,메인텔레콤,경기,군포시,부곡동,경기도 군포시 삼성로 6,D13965,대교대리점,수도권_전속,100%,2,2,, - ,2, - ,,2, - ,0.00%,, - , - 
P926291,P92629,시윤텔레콤,인천,부평구,부평동,인천광역시 부평구 부흥로 269,D13124,UNI대리점,수도권_전속,100%,2,2,, - ,1,1,,1, - ,0.00%,, - , - 
P928991,P92899,건이모바일,경기,수원시 권선구,탑동,경기도 수원시 권선구 하탑로 38,D15146,PS&M,PS_전속,100%,2,2,,1, - ,1,, - , - ,0.00%,, - , - 
P929591,P92959,미래정보통신 휘경점,서울,동대문구,장안동,서울특별시 동대문구 사가정로25길 50,D14342,신창대리점,중복점,50%,2,1,, - ,1, - ,,1, - ,0.00%,, - , - 
P929592,P92959,미래정보통신 휘경점,서울,동대문구,장안동,서울특별시 동대문구 사가정로25길 50,D15146,PS&M,중복점,50%,2,1,, - , - ,1,, - , - ,0.00%,, - , - 
P930751,P93075,디제이모바일,경기,용인시 처인구,양지읍,경기도용인시처인구양지면양지로1392,D15146,PS&M,PS_전속,100%,2,2,, - ,1,1,, - ,1,100.00%,, - , - 
P932221,P93222,엠케이텔레콤,경기,화성시 동탄구,반송동,경기도 화성시 동탄지성로 109,D13546,ACT대리점,수도권_전속,100%,2,2,, - , - ,2,, - , - ,0.00%,, - , - 
P933791,P93379,소사벌통신,경기,평택시,비전동,경기도 평택시 비전5로 20-9,D15176,ACE대리점,수도권_전속,100%,2,2,, - , - ,2,, - , - ,0.00%,, - , - 
P934021,P93402,SJ정보통신,서울,중랑구,면목동,서울특별시 중랑구 면목로 259,D15121,CD대리점,수도권_전속,100%,2,2,, - , - ,2,, - , - ,0.00%,, - , - 
P940451,P94045,모바일박스,경기,광주시,초월읍,경기도 광주시 초월읍 경충대로 926,D15121,CD대리점,중복점,50%,2,1,, - ,1, - ,, - ,1,100.00%,, - , - 
P940452,P94045,모바일박스,경기,광주시,초월읍,경기도 광주시 초월읍 경충대로 926,D15146,PS&M,중복점,50%,2,1,, - ,1, - ,,1, - ,0.00%,, - , - 
P940461,P94046,미리내텔레콤,경기,부천시 소사구,심곡본동,경기도 부천시 경인로 253,D15051,프리스비,수도권_전속,100%,2,2,, - , - ,2,, - , - ,0.00%,, - , - 
P941161,P94116,슈텔레콤,서울,마포구,동교동,서울특별시 마포구 월드컵북로4길 65,D15173,정원대리점,중복점,50%,2,1,, - , - ,1,, - , - ,0.00%,, - , - 
P941162,P94116,슈텔레콤,서울,마포구,동교동,서울특별시 마포구 월드컵북로4길 65,D14746,유원대리점,중복점,50%,2,1,, - , - ,1,, - , - ,0.00%,, - , - 
P942731,P94273,월드통신,경기,안산시 단원구,원곡동,경기도 안산시 단원구 화랑로 31,D13542,삼보대리점,수도권_전속,100%,2,2,,2, - , - ,, - , - ,0.00%,, - , - 
P943201,P94320,C.K.S.레이블,강원,원주시,태장동,강원 원주시 현충로 310,D15146,PS&M,중복점,50%,2,1,, - , - ,1,, - , - ,0.00%,, - , - 
P943202,P94320,C.K.S.레이블,강원,원주시,태장동,강원 원주시 현충로 310,D83213,T&B대리점,중복점,50%,2,1,, - ,1, - ,,1, - ,0.00%,, - , - 
P944361,P94436,핸드폰가게 덕소,경기,남양주시,와부읍,경기도 남양주시 와부읍 덕소로97번길 65,D14342,신창대리점,수도권_전속,100%,2,2,, - , - ,2,, - , - ,0.00%,, - , - 
P945081,P94508,애플모바일,서울,동작구,신대방동,서울특별시 동작구 신대방2길 2-1,D13124,UNI대리점,중복점,50%,2,1,, - ,1, - ,, - ,1,100.00%,, - , - 
P945082,P94508,애플모바일,서울,동작구,신대방동,서울특별시 동작구 신대방2길 2-1,D13965,대교대리점,중복점,50%,2,1,, - ,1, - ,,1, - ,0.00%,, - , - 
P946231,P94623,플러스상사,인천,서구,불로동,인천광역시 서구 검단로 842,D15121,CD대리점,수도권_전속,100%,2,2,, - ,1,1,,1, - ,0.00%,, - , - 
P946301,P94630,아트텔레콤,경기,하남시,신장동,경기도 하남시 신평로 59,D14674,서울ent대리점,수도권_전속,100%,2,2,, - , - ,2,, - , - ,0.00%,, - ,1
P949421,P94942,파워텔레컴,서울,영등포구,여의도동,서울특별시영등포구은행로37,D15146,PS&M,PS_전속,100%,2,2,, - , - ,2,, - , - ,0.00%,, - , - 
P949641,P94964,프로통신,서울,광진구,군자동,서울특별시 광진구 면목로 37,D13827,지은대리점,중복점,50%,2,1,, - ,1, - ,, - ,1,100.00%,, - , - 
P949642,P94964,프로통신,서울,광진구,군자동,서울특별시 광진구 면목로 37,D15146,PS&M,중복점,50%,2,1,, - ,1, - ,,1, - ,0.00%,, - , - 
P950421,P95042,장군통신,경기,안산시 상록구,일동,경기도 안산시 상록구 매화로 39,D14342,신창대리점,수도권_전속,100%,2,2,, - , - ,2,, - , - ,0.00%,, - , - 
P950551,P95055,행복통신,서울,강동구,암사동,서울특별시강동구올림픽로98길21,D15146,PS&M,PS_전속,100%,2,2,, - ,2, - ,,1,1,50.00%,, - , - 
P950771,P95077,폰스토리,서울,도봉구,창동,서울특별시 도봉구 덕릉로57길 19,D15146,PS&M,중복점,50%,2,1,,1, - , - ,, - , - ,0.00%,, - , - 
P950772,P95077,폰스토리,서울,도봉구,창동,서울특별시 도봉구 덕릉로57길 19,D13742,한유대리점,중복점,50%,2,1,, - , - ,1,, - , - ,0.00%,, - , - 
P951681,P95168,스마트트레이드,강원,춘천시,우두동,강원 춘천시 영서로 2779,D13622,MD대리점,수도권_전속,100%,2,2,, - , - ,2,, - , - ,0.00%,, - , - 
P952641,P95264,원텔레콤,강원,춘천시,중앙로2가,강원 춘천시 중앙로 73,D83213,T&B대리점,수도권_전속,100%,2,2,, - ,1,1,,1, - ,0.00%,, - , - 
P952681,P95268,폰통령,경기,평택시,지산동,경기도 평택시 지산로5번길 63,D13742,한유대리점,중복점,50%,2,1,, - ,1, - ,,1, - ,0.00%,, - , - 
P952682,P95268,폰통령,경기,평택시,지산동,경기도 평택시 지산로5번길 63,D15146,PS&M,중복점,50%,2,1,,1, - , - ,, - , - ,0.00%,, - , - 
P953851,P95385,중앙통신,서울,종로구,내자동,서울종로구사직로1111,D15146,PS&M,PS_전속,100%,2,2,, - , - ,2,, - , - ,0.00%,, - , - 
P958401,P95840,에린통신,경기,용인시 기흥구,중동,경기도용인시기흥구동백중앙로269,D15146,PS&M,PS_전속,100%,2,2,,1, - ,1,, - , - ,0.00%,, - , - 
P959361,P95936,선단통신,경기,포천시,선단동,경기도 포천시 삼육사로 2229,D13858,새서울대리점,중복점,50%,2,1,,1, - , - ,, - , - ,0.00%,, - , - 
P959362,P95936,선단통신,경기,포천시,선단동,경기도 포천시 삼육사로 2229,D13965,대교대리점,중복점,50%,2,1,, - , - ,1,, - , - ,0.00%,, - , - 
P959661,P95966,즐펀텔레콤,서울,노원구,공릉동,서울특별시노원구동일로180길28,D15146,PS&M,PS_전속,100%,2,2,, - ,1,1,,1, - ,0.00%,, - , - 
P959911,P95991,쭌텔레콤(수진점),인천,연수구,청학동,인천광역시 연수구 청학로 10,D13952,참스타대리점,수도권_전속,100%,2,2,,1, - ,1,, - , - ,0.00%,, - , - 
P966051,P96605,제이제이모바일(신화),인천,부평구,삼산동,인천광역시 부평구 영성중로 50,D15051,프리스비,수도권_전속,100%,2,2,, - ,2, - ,,2, - ,0.00%,, - , - 
P967991,P96799,태태통신,서울,성동구,금호동4가,서울특별시 성동구 장터길 36-1,D15146,PS&M,중복점,50%,2,1,, - , - ,1,, - , - ,0.00%,, - , - 
P967992,P96799,태태통신,서울,성동구,금호동4가,서울특별시 성동구 장터길 36-1,D15117,알파대리점,중복점,50%,2,1,, - ,1, - ,,1, - ,0.00%,, - , - 
P970981,P97098,디비통신,경기,용인시 기흥구,중동,경기도 용인시 기흥구 동백중앙로 191,D13225,광장대리점,수도권_전속,100%,2,2,, - , - ,2,, - , - ,0.00%,, - , - 
P971011,P97101,착한모바일,강원,춘천시,동면,강원 춘천시 동면 만천로 244,D13965,대교대리점,수도권_전속,100%,2,2,, - ,1,1,,1, - ,0.00%,, - , - 
P971651,P97165,마루 모바일,인천,부평구,십정동,인천광역시 부평구 동암남로7번길 8,D13952,참스타대리점,수도권_전속,100%,2,2,, - ,2, - ,,2, - ,0.00%,, - ,1
P971931,P97193,핑크텔레콤,경기,포천시,소흘읍,경기도포천시소흘읍호국로425,D15146,PS&M,PS_전속,100%,2,2,, - ,1,1,,1, - ,0.00%,, - , - 
P973841,P97384,하이텔레콤,서울,강북구,미아동,서울특별시강북구도봉로41,D15146,PS&M,PS_전속,100%,2,2,, - , - ,2,, - , - ,0.00%,, - , - 
P976101,P97610,나우 전기 통신,경기,평택시,통복동,"경기 평택시 통복시장로13번길 1-1,",D13542,삼보대리점,수도권_전속,100%,2,2,, - ,2, - ,,2, - ,0.00%,, - , - 
P976481,P97648,준텔레컴퍼니,강원,원주시,단구동,강원원주시치악로1612,D15146,PS&M,PS_전속,100%,2,2,, - , - ,2,, - , - ,0.00%,, - , - 
P981551,P98155,와이엠모바일,인천,계양구,임학동,인천광역시계양구임학동로12,D15146,PS&M,PS_전속,100%,2,2,, - ,1,1,,1, - ,0.00%,, - , - 
P986701,P98670,베스트텔레콤,서울,성동구,성수동1가,서울특별시 성동구 왕십리로 102,D13225,광장대리점,수도권_전속,100%,2,2,, - , - ,2,, - , - ,0.00%,, - , - 
P986751,P98675,제이투모바일,서울,금천구,시흥동,서울특별시 금천구 독산로50길 84,D13225,광장대리점,수도권_전속,100%,2,2,, - ,1,1,,1, - ,0.00%,, - , - 
P987661,P98766,동네통신,서울,광진구,중곡동,서울특별시 광진구 용마산로 55,D13225,광장대리점,수도권_전속,100%,2,2,, - ,1,1,,1, - ,0.00%,, - , - 
P987741,P98774,가람텔레콤 탄현점,경기,고양시 일산서구,탄현동,경기도 고양시 일산서구 현중로 8,D15121,CD대리점,수도권_전속,100%,2,2,, - ,1,1,,1, - ,0.00%,, - , - 
P989401,P98940,블루 모바일,서울,강서구,염창동,서울특별시 강서구 양천로 583,D13622,MD대리점,수도권_전속,100%,2,2,, - , - ,2,, - , - ,0.00%,, - , - 
P990401,P99040,신길정보통신(고잔점),경기,안산시 단원구,고잔동,경기도 안산시 단원구 광덕동로 61,D13542,삼보대리점,수도권_전속,100%,2,2,, - ,2, - ,,2, - ,0.00%,, - , - 
P992681,P99268,폰 하우스,인천,미추홀구,학익동,인천광역시 남구 한나루로 419,D15121,CD대리점,수도권_전속,100%,2,2,, - ,2, - ,,2, - ,0.00%,, - , - 
P992761,P99276,짱구통신,경기,여주시,점동면,경기도여주시점동면청안로136,D15146,PS&M,PS_전속,100%,2,2,, - ,1,1,,1, - ,0.00%,, - , - 
P994511,P99451,(주)경원아이티,경기,의정부시,낙양동,경기도의정부시용민로397,D15146,PS&M,PS_전속,100%,2,2,, - ,1,1,,1, - ,0.00%,, - , - 
P994951,P99495,수정텔레콤,경기,부천시 오정구,원종동,경기도 부천시 원종로 33,D13952,참스타대리점,수도권_전속,100%,2,2,, - ,1,1,,1, - ,0.00%,, - , - 
P995111,P99511,디디모바일,인천,계양구,효성동,인천광역시 계양구 봉오대로518번길 21,D13952,참스타대리점,수도권_전속,100%,2,2,,1, - ,1,, - , - ,0.00%,, - , - 
P996121,P99612,폰가게 삼촌들,강원,원주시,문막읍,강원 원주시 문막읍 건등로 40,D15146,PS&M,PS_전속,100%,2,2,, - , - ,2,, - , - ,0.00%,, - , - 
P996641,P99664,준정보통신,경기,시흥시,대야동,경기도 시흥시 대야로13번길 14,D15051,프리스비,수도권_전속,100%,2,2,,2, - , - ,, - , - ,0.00%,, - , - 
P998071,P99807,판다텔레콤,경기,안양시 만안구,안양동,경기도 안양시 만안구 박달로542번길 5,D13357,가능대리점,수도권_전속,100%,2,2,, - ,1,1,,1, - ,0.00%,, - , - 
P998931,P99893,탑모바일,강원,강릉시,포남동,강원특별자치도강릉시가작로315,D15146,PS&M,PS_전속,100%,2,2,, - ,1,1,,1, - ,0.00%,, - , - 
P999161,P99916,우주별모바일,서울,종로구,교북동,서울특별시 종로구 송월길 155,D14674,서울ent대리점,수도권_전속,100%,2,2,, - , - ,2,, - , - ,0.00%,, - , - 
PA22401,PA2240,은 컴퍼니,경기,시흥시,월곶동,경기도 시흥시 월곶중앙로30번안길 33,D13827,지은대리점,수도권_전속,100%,2,2,, - , - ,2,, - , - ,0.00%,, - , - 
PA23901,PA2390,스마일정보통신,인천,부평구,산곡동,인천광역시부평구부흥로123번길14,D15146,PS&M,PS_전속,100%,2,2,, - ,1,1,,1, - ,0.00%,, - , - 
PA24361,PA2436,휴대폰성지 폰킹 신월점,서울,양천구,신월동,서울특별시 양천구 지양로7길 12,D13965,대교대리점,수도권_전속,100%,2,2,, - , - ,2,, - , - ,0.00%,, - , - 
PA24491,PA2449,다온모바일,인천,남동구,서창동,인천광역시 남동구 독곡로48번길 42,D13952,참스타대리점,수도권_전속,100%,2,2,, - ,1,1,,1, - ,0.00%,, - , - 
PA25801,PA2580,영모바일,서울,강북구,수유동,서울특별시 강북구 노해로23길 73,D13357,가능대리점,수도권_전속,100%,2,2,,1, - ,1,, - , - ,0.00%,, - , - 
PA27831,PA2783,지안 텔레콤,인천,서구,경서동,인천광역시 서구 도요지로 11,D13952,참스타대리점,수도권_전속,100%,2,2,, - ,2, - ,,2, - ,0.00%,, - , - 
PA29261,PA2926,비에프(BF)모바일,경기,부천시 원미구,심곡동,경기도 부천시 부일로 516,D13827,지은대리점,수도권_전속,100%,2,2,, - ,2, - ,,2, - ,0.00%,, - ,1
PA29601,PA2960,가재울휴대폰,서울,서대문구,남가좌동,서울특별시 서대문구 가재울로 59,D14674,서울ent대리점,수도권_전속,100%,2,2,, - ,1,1,,1, - ,0.00%,, - ,1
PA30351,PA3035,휴대폰할인마트,강원,태백시,황지동,강원 태백시 대학길 56,D15146,PS&M,PS_전속,100%,2,2,,1, - ,1,, - , - ,0.00%,, - , - 
PA33691,PA3369,수원 통큰통신,경기,수원시 팔달구,우만동,경기도 수원시 팔달구 팔달문로163번길 52,F13586,신도SDR,수도권_전속,100%,2,2,,1,1, - ,,1, - ,0.00%,, - , - 
PA36161,PA3616,프렌즈모바일,경기,수원시 권선구,서둔동,경기도 수원시 권선구 여기산로 18,D13225,광장대리점,수도권_전속,100%,2,2,, - ,2, - ,,1,1,50.00%,, - , - 
PA37091,PA3709,제이에스모바일,서울,서대문구,북아현동,서울특별시 서대문구 북아현로 20,D13742,한유대리점,중복점,50%,2,1,, - ,1, - ,,1, - ,0.00%,, - , - 
PA37092,PA3709,제이에스모바일,서울,서대문구,북아현동,서울특별시 서대문구 북아현로 20,D15146,PS&M,중복점,50%,2,1,, - ,1, - ,,1, - ,0.00%,, - , - 
PA39411,PA3941,프라임 호평점,경기,남양주시,호평동,경기도 남양주시 호평로68번길 2,D15173,정원대리점,수도권_전속,100%,2,2,,1, - ,1,, - , - ,0.00%,, - , - 
PA40191,PA4019,우리통신,경기,용인시 처인구,이동읍,경기도 용인시 처인구 이동읍 백옥대로 602,D13858,새서울대리점,수도권_전속,100%,2,2,, - , - ,2,, - , - ,0.00%,, - , - 
PA40411,PA4041,더티진,서울,도봉구,쌍문동,서울특별시 도봉구 해등로 198,D14342,신창대리점,수도권_전속,100%,2,2,, - , - ,2,, - , - ,0.00%,, - ,1
PA40881,PA4088,지성정보통신,경기,부천시 원미구,도당동,경기도 부천시 옥산로 161,D15121,CD대리점,수도권_전속,100%,2,2,, - ,1,1,,1, - ,0.00%,, - , - 
PA41931,PA4193,오즈모바일,인천,미추홀구,주안동,인천광역시 미추홀구 인주대로251번길 92,D13952,참스타대리점,수도권_전속,100%,2,2,,2, - , - ,, - , - ,0.00%,, - , - 
PA42301,PA4230,휴대폰성지,서울,은평구,불광동,서울특별시 은평구 연서로 252,D14674,서울ent대리점,수도권_전속,100%,2,2,, - , - ,2,, - , - ,0.00%,, - , - 
PA42471,PA4247,쭌텔레콤 도화점,인천,미추홀구,도화동,인천광역시 미추홀구 제일로 38,D13952,참스타대리점,중복점,50%,2,1,, - , - ,1,, - , - ,0.00%,, - , - 
PA42472,PA4247,쭌텔레콤 도화점,인천,미추홀구,도화동,인천광역시 미추홀구 제일로 38,D15146,PS&M,중복점,50%,2,1,, - , - ,1,, - , - ,0.00%,, - , - 
PA42921,PA4292,폰나라,경기,여주시,홍문동,경기도 여주시 세종로14번길 6-2,D13546,ACT대리점,수도권_전속,100%,2,2,, - ,2, - ,,2, - ,0.00%,, - , - 
PA42981,PA4298,선우텔레콤,강원,원주시,단구동,강원 원주시 늘품로 187-56,D83213,T&B대리점,수도권_전속,100%,2,2,,1, - ,1,, - , - ,0.00%,, - , - 
PA44881,PA4488,에스엠트리,인천,남동구,서창동,인천광역시 남동구 독곡로48번길 6,D13124,UNI대리점,수도권_전속,100%,2,2,, - ,1,1,,1, - ,0.00%,, - , - 
PA45281,PA4528,영통신,경기,여주시,오학동,경기도 여주시 도예로 81,D83213,T&B대리점,중복점,50%,2,1,, - , - ,1,, - , - ,0.00%,, - , - 
PA45282,PA4528,영통신,경기,여주시,오학동,경기도 여주시 도예로 81,D15146,PS&M,중복점,50%,2,1,, - , - ,1,, - , - ,0.00%,, - , - 
PA45861,PA4586,현텔레콤,경기,하남시,망월동,경기도 하남시 미사강변동로 127,D13225,광장대리점,수도권_전속,100%,2,2,, - , - ,2,, - , - ,0.00%,, - , - 
PA48221,PA4822,휴대폰성지 마포 프로모바일,서울,마포구,대흥동,서울특별시 마포구 백범로 110,D15051,프리스비,수도권_전속,100%,2,2,, - ,1,1,,1, - ,0.00%,, - , - 
PA49601,PA4960,슈퍼텔레콤,인천,미추홀구,숭의동,인천광역시 미추홀구 수봉로 26-1,D13124,UNI대리점,수도권_전속,100%,2,2,,1, - ,1,, - , - ,0.00%,, - , - 
PA50531,PA5053,참수리통신,서울,관악구,봉천동,서울특별시 관악구 인헌6길 16,D14342,신창대리점,수도권_전속,100%,2,2,, - , - ,2,, - , - ,0.00%,, - , - 
PA51251,PA5125,(주)트리플에스,서울,송파구,가락동,서울특별시 송파구 오금로36길 29,D13858,새서울대리점,수도권_전속,100%,2,2,,1, - ,1,, - , - ,0.00%,, - , - 
PA51421,PA5142,성남휴대폰성지 쏙폰 수진점,경기,성남시 수정구,신흥동,경기도 성남시 수정구 산성대로 지하228-3,D14674,서울ent대리점,수도권_전속,100%,2,2,,2, - , - ,, - , - ,0.00%,, - , - 
PA52211,PA5221,우리모바일,경기,이천시,중리동,경기도 이천시 중리천로 64,D15146,PS&M,PS_전속,100%,2,2,, - ,1,1,,1, - ,0.00%,, - , - 
PA53611,PA5361,케이텔레콤,경기,동두천시,생연동,경기도 동두천시 중앙로 163,D15121,CD대리점,중복점,50%,2,1,, - ,1, - ,,1, - ,0.00%,, - , - 
PA53612,PA5361,케이텔레콤,경기,동두천시,생연동,경기도 동두천시 중앙로 163,D14674,서울ent대리점,중복점,50%,2,1,, - , - ,1,, - , - ,0.00%,, - , - 
PA54351,PA5435,에스에스통신,경기,성남시 수정구,태평동,경기성남시수정구탄리로73,D15146,PS&M,PS_전속,100%,2,2,,1, - ,1,, - , - ,0.00%,, - , - 
PA56391,PA5639,천하통신,경기,용인시 처인구,포곡읍,경기도 용인시 처인구 포곡읍 포곡로108번길 13-6,D14342,신창대리점,수도권_전속,100%,2,2,,1, - ,1,, - , - ,0.00%,, - , - 
PA56471,PA5647,주식회사 셈틀정보통신,경기,포천시,선단동,경기포천시호국로996,D15146,PS&M,PS_전속,100%,2,2,, - ,1,1,,1, - ,0.00%,, - , - 
PA56741,PA5674,나눔모바일,경기,부천시 원미구,역곡동,경기도 부천시 지봉로 103,D13622,MD대리점,수도권_전속,100%,2,2,, - ,1,1,,1, - ,0.00%,, - , - 
PA58701,PA5870,짱구통신,서울,중구,장충동2가,서울특별시 중구 퇴계로56길 61,F13586,신도SDR,수도권_전속,100%,2,2,, - , - ,2,, - , - ,0.00%,, - , - 
PA59731,PA5973,조아텔레콤,경기,김포시,하성면,경기도김포시하성면애기봉로852,D15146,PS&M,PS_전속,100%,2,2,,1,1, - ,,1, - ,0.00%,, - , - 
PA60211,PA6021,대윤모바일,서울,은평구,신사동,서울특별시 은평구 갈현로1길 18,D13546,ACT대리점,수도권_전속,100%,2,2,, - ,2, - ,,2, - ,0.00%,, - , - 
PA61081,PA6108,(주)에스에스플라자,서울,성동구,성수동1가,서울특별시 성동구 성덕정길 55,D13742,한유대리점,수도권_전속,100%,2,2,, - , - ,2,, - , - ,0.00%,, - , - 
PA64031,PA6403,창스통신,서울,영등포구,대림동,서울특별시 영등포구 도림천로11길 25,D13124,UNI대리점,수도권_전속,100%,2,2,,1,1, - ,,1, - ,0.00%,, - , - 
PA64381,PA6438,휴대폰할인매장,경기,양평군,양평읍,경기도 양평군 양평읍 양근로 206,D15176,ACE대리점,중복점,50%,2,1,, - , - ,1,, - , - ,0.00%,, - , - 
PA64382,PA6438,휴대폰할인매장,경기,양평군,양평읍,경기도 양평군 양평읍 양근로 206,D13546,ACT대리점,중복점,50%,2,1,, - , - ,1,, - , - ,0.00%,, - , - 
PA64721,PA6472,에스모바일,경기,이천시,창전동,경기도 이천시 영창로 192,D15146,PS&M,PS_전속,100%,2,2,,1, - ,1,, - , - ,0.00%,, - , - 
PA64991,PA6499,신유정보통신,경기,부천시 원미구,심곡동,경기 부천시 부천로 19,D13952,참스타대리점,중복점,50%,2,1,,1, - , - ,, - , - ,0.00%,, - , - 
PA64992,PA6499,신유정보통신,경기,부천시 원미구,심곡동,경기 부천시 부천로 19,D15051,프리스비,중복점,50%,2,1,, - , - ,1,, - , - ,0.00%,, - , - 
PA67631,PA6763,제이엠통신,경기,고양시 일산동구,중산동,경기도고양시일산동구하늘마을1로14,D15146,PS&M,PS_전속,100%,2,2,, - ,1,1,,1, - ,0.00%,, - , - 
PA69001,PA6900,베스트,서울,구로구,구로동,서울특별시구로구구로동로73,D15146,PS&M,PS_전속,100%,2,2,,2, - , - ,, - , - ,0.00%,, - , - 
PA69121,PA6912,안성맞춤모바일,경기,안성시,대천동,경기도 안성시 안성맞춤대로 1068,D13952,참스타대리점,수도권_전속,100%,2,2,, - , - ,2,, - , - ,0.00%,, - , - 
PA69501,PA6950,프렌드통신,경기,수원시 장안구,조원동,경기도 수원시 장안구 금당로10번길 31,D15146,PS&M,PS_전속,100%,2,2,, - , - ,2,, - , - ,0.00%,, - , - 
PA70171,PA7017,서부텔레콤,강원,영월군,영월읍,강원 영월군 영월읍 중앙로 27-1,D15146,PS&M,PS_전속,100%,2,2,, - ,2, - ,,2, - ,0.00%,, - , - 
PA72551,PA7255,주연테크컴퓨터PC119,경기,수원시 권선구,호매실동,경기도 수원시 권선구 금호로 64-3,D13742,한유대리점,수도권_전속,100%,2,2,, - ,1,1,,1, - ,0.00%,, - , - 
PA73651,PA7365,스카이,서울,광진구,자양동,서울특별시광진구뚝섬로634,D15146,PS&M,PS_전속,100%,2,2,, - ,1,1,,1, - ,0.00%,, - , - 
PA73951,PA7395,샵폰스타그램,경기,수원시 팔달구,인계동,경기도 수원시 팔달구 중부대로 80,D15146,PS&M,PS_전속,100%,2,2,, - ,2, - ,,2, - ,0.00%,, - , - 
PA74231,PA7423,대성통신,경기,고양시 일산서구,일산동,경기도고양시일산서구원일로128,D15146,PS&M,PS_전속,100%,2,2,, - ,1,1,,1, - ,0.00%,, - , - 
PA74591,PA7459,프라임통신,서울,마포구,상암동,서울특별시 마포구 월드컵북로 347,D15146,PS&M,PS_전속,100%,2,2,, - ,1,1,, - ,1,100.00%,, - , - 
PA74701,PA7470,리더일원,서울,강남구,일원동,서울특별시 강남구 일원로3길 56,D15051,프리스비,수도권_전속,100%,2,2,, - , - ,2,, - , - ,0.00%,, - , - 
PA74981,PA7498,1995통신,강원,원주시,일산동,강원 원주시 무실로 107,D13622,MD대리점,수도권_전속,100%,2,2,, - ,2, - ,,2, - ,0.00%,, - , - 
PA75011,PA7501,알뜰통신,서울,관악구,신림동,서울특별시 관악구 신림로 266,D15051,프리스비,중복점,50%,2,1,,1, - , - ,, - , - ,0.00%,, - , - 
PA75012,PA7501,알뜰통신,서울,관악구,신림동,서울특별시 관악구 신림로 266,D15146,PS&M,중복점,50%,2,1,, - , - ,1,, - , - ,0.00%,, - , - 
PA75821,PA7582,와룡컴퍼니 투탑시티점,강원,춘천시,석사동,강원 춘천시 퇴계농공로 15,D13965,대교대리점,수도권_전속,100%,2,2,, - ,1,1,,1, - ,0.00%,, - , - 
PA76241,PA7624,마카롱통신,경기,구리시,수택동,경기도 구리시 검배로 36,D15121,CD대리점,수도권_전속,100%,2,2,,1, - ,1,, - , - ,0.00%,, - , - 
PA79251,PA7925,주식회사 업밸류,경기,시흥시,신천동,경기도 시흥시 삼미시장4길 18,D13622,MD대리점,수도권_전속,100%,2,2,, - ,2, - ,,2, - ,0.00%,, - , - 
PA81171,PA8117,안군모바일,경기,평택시,용이동,경기도 평택시 용죽3로 16,D15146,PS&M,중복점,50%,2,1,, - , - ,1,, - , - ,0.00%,, - , - 
PA81172,PA8117,안군모바일,경기,평택시,용이동,경기도 평택시 용죽3로 16,D13965,대교대리점,중복점,50%,2,1,, - , - ,1,, - , - ,0.00%,, - , - 
PA81921,PA8192,레드비텔레콤,경기,의정부시,의정부동,경기도 의정부시 시민로 지하 100,D13469,코넥,수도권_전속,100%,2,2,, - , - ,2,, - , - ,0.00%,, - , - 
PA82541,PA8254,폰Plus,인천,남동구,논현동,인천광역시 남동구 에코중앙로156번길 5-30,D13952,참스타대리점,수도권_전속,100%,2,2,, - ,1,1,, - ,1,100.00%,, - , - 
PA83061,PA8306,폰샵,강원,동해시,부곡동,강원 동해시 발한로 63,D13469,코넥,수도권_전속,100%,2,2,, - ,1,1,,1, - ,0.00%,, - , - 
PA87291,PA8729,5S모바일,서울,노원구,월계동,서울특별시 노원구 마들로 31,D13858,새서울대리점,중복점,50%,2,1,, - , - ,1,, - , - ,0.00%,, - , - 
PA87292,PA8729,5S모바일,서울,노원구,월계동,서울특별시 노원구 마들로 31,D15146,PS&M,중복점,50%,2,1,, - , - ,1,, - , - ,0.00%,, - , - 
PA87341,PA8734,민스모바일,서울,관악구,신림동,서울특별시 관악구 난곡로 194-1,D15121,CD대리점,수도권_전속,100%,2,2,, - , - ,2,, - , - ,0.00%,, - , - 
PA87731,PA8773,폰월드,서울,마포구,신공덕동,서울특별시 마포구 만리재옛길 12,D15157,근흥대리점,수도권_전속,100%,2,2,, - ,2, - ,,1,1,50.00%,, - , - 
PA89051,PA8905,팡팡모바일,인천,부평구,부평동,인천광역시부평구육동로19,D15146,PS&M,PS_전속,100%,2,2,, - ,2, - ,,2, - ,0.00%,, - , - 
PA89701,PA8970,폰x폰,경기,오산시,원동,경기도 오산시 경기대로 240,D13469,코넥,수도권_전속,100%,2,2,,1, - ,1,, - , - ,0.00%,, - , - 
PA91001,PA9100,이레텔레콤,경기,김포시,운양동,경기도김포시김포한강11로140번길15,D15146,PS&M,PS_전속,100%,2,2,, - , - ,2,, - , - ,0.00%,, - , - 
PA92191,PA9219,셀폰,강원,동해시,천곡동,강원 동해시 한섬로 61-1,D83213,T&B대리점,수도권_전속,100%,2,2,, - ,1,1,,1, - ,0.00%,, - , - 
PA96741,PA9674,SC모바일,서울,양천구,신월동,서울특별시 양천구 오목로 47,F13586,신도SDR,수도권_전속,100%,2,2,, - ,1,1,,1, - ,0.00%,, - , - 
PA97291,PA9729,폰가게,경기,부천시 원미구,심곡동,경기도 부천시 부일로483번길 29,D13827,지은대리점,수도권_전속,100%,2,2,, - , - ,2,, - , - ,0.00%,, - , - 
PA98071,PA9807,88통신,서울,영등포구,대림동,서울특별시 영등포구 디지털로37길 17,D15157,근흥대리점,수도권_전속,100%,2,2,,1,1, - ,,1, - ,0.00%,, - , - 
PC00471,PC0047,핸드폰가게,경기,용인시 기흥구,고매동,경기도용인시기흥구공세로76,D15146,PS&M,PS_전속,100%,2,2,, - , - ,2,, - , - ,0.00%,, - , - 
PC01331,PC0133,환웅통신,경기,고양시 일산서구,주엽동,경기도 고양시 일산서구 중앙로 1391,D13858,새서울대리점,수도권_전속,100%,2,2,, - , - ,2,, - , - ,0.00%,, - , - 
PC01971,PC0197,토리통신,서울,광진구,자양동,서울특별시 광진구 자양로15길 6,D15121,CD대리점,수도권_전속,100%,2,2,, - , - ,2,, - , - ,0.00%,, - , - 
PC06721,PC0672,강남엔젤폰,서울,강남구,개포동,서울특별시 강남구 개포로82길 9-15,D13951,강남스타대리점,수도권_전속,100%,2,2,, - , - ,2,, - , - ,0.00%,, - , - 
PC06761,PC0676,아란모바일,서울,영등포구,대림동,서울특별시 영등포구 도림로 127,D13124,UNI대리점,수도권_전속,100%,2,2,, - ,2, - ,,2, - ,0.00%,, - , - 
PC07511,PC0751,엠에스지제이모바일,경기,남양주시,진접읍,경기도 남양주시 진접읍 장현로47번길 6-2,D15146,PS&M,중복점,50%,2,1,, - ,1, - ,,1, - ,0.00%,, - , - 
PC07512,PC0751,엠에스지제이모바일,경기,남양주시,진접읍,경기도 남양주시 진접읍 장현로47번길 6-2,D13469,코넥,중복점,50%,2,1,, - , - ,1,, - , - ,0.00%,, - , - 
PC07561,PC0756,(주)진용씨앤씨,서울,용산구,용문동,서울특별시 용산구 새창로 124,D13462,광운대리점,수도권_전속,100%,2,2,, - ,1,1,,1, - ,0.00%,, - , - 
PC08351,PC0835,(주)스마트폰면세점,경기,시흥시,배곧동,경기도 시흥시 배곧3로 80,D13965,대교대리점,수도권_전속,100%,2,2,, - ,2, - ,,2, - ,0.00%,, - , - 
PC08791,PC0879,폰스토리 군포점,경기,군포시,당정동,경기도 군포시 당정역로 92,D13827,지은대리점,수도권_전속,100%,2,2,, - ,1,1,,1, - ,0.00%,, - , - 
PC08961,PC0896,로얄통신,경기,광주시,경안동,경기도 광주시 중앙로 124-6,D15121,CD대리점,수도권_전속,100%,2,2,, - ,2, - ,,2, - ,0.00%,, - , - 
PC09071,PC0907,닉카컴퍼니,경기,남양주시,화도읍,경기도 남양주시 화도읍 마석중앙로37번길 45,D15176,ACE대리점,수도권_전속,100%,2,2,, - ,1,1,,1, - ,0.00%,, - , - 
PC09901,PC0990,성지통신,서울,은평구,역촌동,서울특별시 은평구 연서로 74,D14674,서울ent대리점,중복점,50%,2,1,, - ,1, - ,, - ,1,100.00%,, - , - 
PC09902,PC0990,성지통신,서울,은평구,역촌동,서울특별시 은평구 연서로 74,D15146,PS&M,중복점,50%,2,1,, - , - ,1,, - , - ,0.00%,, - , - 
PC10391,PC1039,새내모바일,서울,송파구,잠실동,서울특별시 송파구 올림픽로 119,D13225,광장대리점,수도권_전속,100%,2,2,, - ,1,1,, - ,1,100.00%,, - , - 
PC11411,PC1141,하나정보통신,서울,송파구,마천동,서울특별시 송파구 마천로41길 5,D15146,PS&M,PS_전속,100%,2,2,,1, - ,1,, - , - ,0.00%,, - , - 
PC12541,PC1254,폰82,인천,미추홀구,주안동,인천광역시 미추홀구 신기길 1,D13124,UNI대리점,수도권_전속,100%,2,2,,1, - ,1,, - , - ,0.00%,, - , - 
PC15851,PC1585,부곡모바일,경기,안산시 상록구,부곡동,경기도 안산시 상록구 부곡로 132,D13462,광운대리점,수도권_전속,100%,2,2,, - ,1,1,, - ,1,100.00%,, - , - 
PC15981,PC1598,나래이동통신(본점),경기,남양주시,진접읍,경기도 남양주시 진접읍 장현로 69-4,D15051,프리스비,수도권_전속,100%,2,2,,1,1, - ,,1, - ,0.00%,, - , - 
PC16641,PC1664,빅토리컴퍼니,인천,미추홀구,용현동,인천광역시 미추홀구 독정이로 16,D13622,MD대리점,수도권_전속,100%,2,2,, - ,2, - ,,2, - ,0.00%,, - , - 
PC16741,PC1674,제이앤씨,서울,은평구,신사동,서울특별시 은평구 갈현로 25,D14342,신창대리점,수도권_전속,100%,2,2,, - , - ,2,, - , - ,0.00%,, - , - 
PC16921,PC1692,서래통신,서울,서초구,반포동,서울특별시 서초구 서래로 44,D13858,새서울대리점,수도권_전속,100%,2,2,, - , - ,2,, - , - ,0.00%,, - , - 
PC20681,PC2068,업앤업,서울,서초구,신원동,서울특별시 서초구 청계산로 189,D15146,PS&M,중복점,50%,2,1,,1, - , - ,, - , - ,0.00%,, - , - 
PC20682,PC2068,업앤업,서울,서초구,신원동,서울특별시 서초구 청계산로 189,D13542,삼보대리점,중복점,50%,2,1,, - , - ,1,, - , - ,0.00%,, - , - 
PC23721,PC2372,T PREMIUM STORE,강원,원주시,흥업면,강원 원주시 흥업면 남원로 76,D15146,PS&M,중복점,50%,2,1,, - ,1, - ,,1, - ,0.00%,, - , - 
PC23722,PC2372,T PREMIUM STORE,강원,원주시,흥업면,강원 원주시 흥업면 남원로 76,D13469,코넥,중복점,50%,2,1,, - , - ,1,, - , - ,0.00%,, - , - 
PC25731,PC2573,폰파는 선비,경기,평택시,비전동,경기도 평택시 평남로 641,D15176,ACE대리점,수도권_전속,100%,2,2,,1,1, - ,, - ,1,100.00%,, - , - 
PC26881,PC2688,에스엠(SM),경기,안산시 상록구,본오동,경기도 안산시 상록구 석호로 288,D13965,대교대리점,수도권_전속,100%,2,2,, - , - ,2,, - , - ,0.00%,, - , - 
PC27501,PC2750,이천테크노본가,경기,이천시,증포동,경기도 이천시 증신로 185,D13469,코넥,중복점,50%,2,1,, - , - ,1,, - , - ,0.00%,, - , - 
PC27502,PC2750,이천테크노본가,경기,이천시,증포동,경기도 이천시 증신로 185,D15146,PS&M,중복점,50%,2,1,, - , - ,1,, - , - ,0.00%,, - , - 
PC27591,PC2759,더베스트폰,경기,오산시,궐동,경기도오산시궐리사로30,D15146,PS&M,PS_전속,100%,2,2,,2, - , - ,, - , - ,0.00%,, - , - 
PC27801,PC2780,스마트통신,인천,부평구,삼산동,인천광역시 부평구 후정동로 54,D13952,참스타대리점,수도권_전속,100%,2,2,,1, - ,1,, - , - ,0.00%,, - , - 
PC30831,PC3083,블루나인모바일(3호점),경기,화성시 동탄구,영천동,경기도 화성시 지산2길 4-2,D15121,CD대리점,수도권_전속,100%,2,2,, - ,2, - ,,2, - ,0.00%,, - , - 
PC32191,PC3219,주식회사 스피드정보통신,인천,부평구,산곡동,인천광역시 부평구 마장로220번길 13,D13622,MD대리점,수도권_전속,100%,2,2,, - ,1,1,,1, - ,0.00%,, - , - 
PC33221,PC3322,CKSShop,강원,원주시,태장동,강원 원주시 흥양로51번길 5,D15146,PS&M,PS_전속,100%,2,2,, - , - ,2,, - , - ,0.00%,, - , - 
PC34161,PC3416,위너 망원시장,서울,마포구,망원동,서울특별시 마포구 망원로8길 53,D13827,지은대리점,수도권_전속,100%,2,2,, - ,1,1,,1, - ,0.00%,, - , - 
PC35111,PC3511,국제통신,서울,도봉구,쌍문동,서울특별시 도봉구 도봉로113길 12,D13546,ACT대리점,중복점,50%,2,1,, - ,1, - ,, - ,1,100.00%,, - , - 
PC35112,PC3511,국제통신,서울,도봉구,쌍문동,서울특별시 도봉구 도봉로113길 12,D14342,신창대리점,중복점,50%,2,1,, - , - ,1,, - , - ,0.00%,, - , - 
PC35911,PC3591,라라컴퍼니,강원,평창군,평창읍,강원 평창군 평창읍 백오로 91,D13622,MD대리점,수도권_전속,100%,2,2,, - , - ,2,, - , - ,0.00%,, - , - 
PC36641,PC3664,연세폰카페,서울,구로구,궁동,서울특별시 구로구 부일로15길 4,D15051,프리스비,수도권_전속,100%,2,2,, - , - ,2,, - , - ,0.00%,, - , - 
PC37071,PC3707,화성휴대폰성지도비모바일병점점,경기,화성시 병점구,병점동,경기도 화성시 병점1로 216-21,D13622,MD대리점,수도권_전속,100%,2,2,, - , - ,2,, - , - ,0.00%,, - , - 
PC37931,PC3793,와이에이치모바일,경기,오산시,원동,경기도오산시성호대로92,D15146,PS&M,PS_전속,100%,2,2,, - ,2, - ,,2, - ,0.00%,, - , - 
PC38041,PC3804,조은텔레콤,서울,성북구,정릉동,서울특별시성북구보국문로2길21,D15146,PS&M,PS_전속,100%,2,2,, - ,1,1,,1, - ,0.00%,, - , - 
PC38291,PC3829,환영모바일,경기,김포시,풍무동,경기도 김포시 풍무로146번길 18,D13124,UNI대리점,수도권_전속,100%,2,2,, - , - ,2,, - , - ,0.00%,, - , - 
PC39311,PC3931,휴대폰성지 횡성점,강원,횡성군,횡성읍,강원 횡성군 횡성읍 문정로 22,D83213,T&B대리점,수도권_전속,100%,2,2,, - , - ,2,, - , - ,0.00%,, - , - 
PC39371,PC3937,주주통신,인천,미추홀구,도화동,인천광역시 미추홀구 숙골로112번길 2,D13542,삼보대리점,수도권_전속,100%,2,2,, - ,1,1,,1, - ,0.00%,, - , - 
PC40661,PC4066,대박통신 자곡점,서울,강동구,성내동,서울특별시 강동구 양재대로89길 31,D15146,PS&M,중복점,50%,2,1,, - , - ,1,, - , - ,0.00%,, - , - 
PC40662,PC4066,대박통신 자곡점,서울,강동구,성내동,서울특별시 강동구 양재대로89길 31,D13965,대교대리점,중복점,50%,2,1,, - , - ,1,, - , - ,0.00%,, - ,1
PC41751,PC4175,미소모바일,경기,하남시,망월동,경기도 하남시 미사강변동로84번길 39,D15146,PS&M,PS_전속,100%,2,2,, - ,2, - ,,2, - ,0.00%,, - , - 
PC42491,PC4249,스마트텔레콤(주),강원,속초시,조양동,강원 속초시 소평로 162,D14746,유원대리점,수도권_전속,100%,2,2,, - ,1,1,,1, - ,0.00%,, - , - 
PC42981,PC4298,스마트통신,서울,송파구,송파동,서울특별시송파구백제고분로42길13,D15146,PS&M,PS_전속,100%,2,2,,1,1, - ,,1, - ,0.00%,, - , - 
PC43601,PC4360,투빅텔레콤,서울,강동구,암사동,서울특별시 강동구 암사길 51,D14342,신창대리점,수도권_전속,100%,2,2,, - , - ,2,, - , - ,0.00%,, - , - 
PC44141,PC4414,폰&서비스,서울,은평구,역촌동,서울특별시 은평구 역말로 39,D15173,정원대리점,수도권_전속,100%,2,2,,1, - ,1,, - , - ,0.00%,, - , - 
PC46121,PC4612,럭키모바일 월드점,경기,안산시 단원구,고잔동,경기도 안산시 단원구 중앙대로 915,D13622,MD대리점,수도권_전속,100%,2,2,, - , - ,2,, - , - ,0.00%,, - , - 
PC46261,PC4626,휴대폰성지도매폰 간석구월점,인천,남동구,간석동,인천광역시 남동구 구월로 60,D13622,MD대리점,수도권_전속,100%,2,2,, - , - ,2,, - , - ,0.00%,, - , - 
PC48371,PC4837,나루모바일,인천,미추홀구,주안동,인천광역시 미추홀구 인하로 271,D13225,광장대리점,수도권_전속,100%,2,2,, - ,2, - ,,2, - ,0.00%,, - , - 
PC49121,PC4912,성운통신,경기,광명시,광명동,경기도 광명시 오리로 995,D13858,새서울대리점,수도권_전속,100%,2,2,, - , - ,2,, - , - ,0.00%,, - , - 
PC54041,PC5404,다산JS모바일,경기,남양주시,다산동,경기도남양주시도농로37,D15146,PS&M,PS_전속,100%,2,2,, - ,1,1,,1, - ,0.00%,, - , - 
PC55431,PC5543,퍼스트모바일,경기,김포시,고촌읍,경기도 김포시 고촌읍 수기로 136,D15051,프리스비,중복점,50%,2,1,, - , - ,1,, - , - ,0.00%,, - , - 
PC55432,PC5543,퍼스트모바일,경기,김포시,고촌읍,경기도 김포시 고촌읍 수기로 136,D15146,PS&M,중복점,50%,2,1,, - , - ,1,, - , - ,0.00%,, - , - 
PC55641,PC5564,시내모바일,서울,송파구,잠실동,서울특별시 송파구 올림픽로 145,D15051,프리스비,중복점,50%,2,1,, - , - ,1,, - , - ,0.00%,, - , - 
PC55642,PC5564,시내모바일,서울,송파구,잠실동,서울특별시 송파구 올림픽로 145,D13542,삼보대리점,중복점,50%,2,1,, - , - ,1,, - , - ,0.00%,, - , - 
PC55661,PC5566,성지모바일,경기,양주시,옥정동,경기도 양주시 옥정로6길 8,D13827,지은대리점,수도권_전속,100%,2,2,,1, - ,1,, - , - ,0.00%,, - , - 
PC56651,PC5665,광명통신,경기,성남시 중원구,성남동,경기도 성남시 중원구 제일로63번길 32,D15121,CD대리점,수도권_전속,100%,2,2,, - ,2, - ,,2, - ,0.00%,, - , - 
PC57361,PC5736,(YJ) 패밀리통신,경기,남양주시,진건읍,경기도 남양주시 진건읍 진건오남로 83,D13742,한유대리점,수도권_전속,100%,2,2,, - ,2, - ,,2, - ,0.00%,, - , - 
PC57441,PC5744,(주)스마트폰면세점,경기,안산시 단원구,원곡동,경기도 안산시 단원구 화랑로 102,D13965,대교대리점,수도권_전속,100%,2,2,, - , - ,2,, - , - ,0.00%,, - , - 
PC57911,PC5791,미소모바일,서울,노원구,공릉동,서울특별시 노원구 섬밭로 134,D13965,대교대리점,수도권_전속,100%,2,2,, - ,2, - ,,2, - ,0.00%,, - ,1
PC59251,PC5925,휴대폰성지 대림점,서울,영등포구,대림동,서울특별시 영등포구 신길로 41,D15146,PS&M,PS_전속,100%,2,2,, - , - ,2,, - , - ,0.00%,, - , - 
PC60561,PC6056,우주통신,서울,영등포구,대림동,서울특별시 영등포구 도림천로11길 24,D15157,근흥대리점,수도권_전속,100%,2,2,,1,1, - ,, - ,1,100.00%,, - , - 
PC60761,PC6076,휴대폰팜,경기,평택시,비전동,경기도평택시중앙로309,D15146,PS&M,PS_전속,100%,2,2,, - ,1,1,,1, - ,0.00%,, - , - 
PC61081,PC6108,휴대폰성지&맛집,경기,부천시 오정구,원종동,경기도 부천시 소사로 776,D13952,참스타대리점,수도권_전속,100%,2,2,,1, - ,1,, - , - ,0.00%,, - , - 
PC62851,PC6285,오칠,경기,하남시,감일동,경기도 하남시 신우실로 61,D15051,프리스비,수도권_전속,100%,2,2,, - ,2, - ,,2, - ,0.00%,, - , - 
PC63021,PC6302,다온모바일,경기,의정부시,의정부동,경기도 의정부시 시민로 지하100,D14342,신창대리점,수도권_전속,100%,2,2,, - , - ,2,, - , - ,0.00%,, - , - 
PC64281,PC6428,주성텔레콤,경기,남양주시,진건읍,경기도 남양주시 진건읍 진건오남로 55-1,D15146,PS&M,PS_전속,100%,2,2,, - ,2, - ,,2, - ,0.00%,, - , - 
PC64411,PC6441,한빛모바일,경기,광명시,광명동,경기도 광명시 광명로832번길 5,D13622,MD대리점,수도권_전속,100%,2,2,, - ,1,1,,1, - ,0.00%,, - , - 
PC65311,PC6531,위너TFK까치산,서울,강서구,화곡동,서울특별시 강서구 강서로18길 33,D13827,지은대리점,수도권_전속,100%,2,2,, - ,2, - ,,2, - ,0.00%,, - , - 
PC65431,PC6543,썬모바일,강원,춘천시,약사동,강원도 춘천시 중앙로 지하50-5,D13469,코넥,수도권_전속,100%,2,2,, - ,1,1,,1, - ,0.00%,, - , - 
PC65931,PC6593,패밀리통신 가양점,서울,강서구,가양동,서울특별시 강서구 강서로 499,D13225,광장대리점,수도권_전속,100%,2,2,,1, - ,1,, - , - ,0.00%,, - , - 
PC67071,PC6707,평창모바일 횡계점,강원,평창군,대관령면,강원 평창군 대관령면 눈마을길 39,D15322,온유대리점,수도권_전속,100%,2,2,, - ,1,1,, - ,1,100.00%,, - , - 
PC67261,PC6726,허니모바일,서울,강동구,천호동,서울특별시강동구성안로159,D15146,PS&M,PS_전속,100%,2,2,, - ,1,1,, - ,1,100.00%,, - , - 
PC67801,PC6780,502(오공이),강원,춘천시,우두동,강원특별자치도 춘천시 우두1길 70,D13952,참스타대리점,수도권_전속,100%,2,2,, - , - ,2,, - , - ,0.00%,, - , - 
PC67881,PC6788,청년모바일,경기,광주시,경안동,경기도 광주시 경안로 13-1,D13225,광장대리점,수도권_전속,100%,2,2,, - ,2, - ,, - ,2,100.00%,, - , - 
PC68161,PC6816,올리브폰,서울,중랑구,면목동,서울특별시중랑구면목로357,D15146,PS&M,PS_전속,100%,2,2,, - ,2, - ,,2, - ,0.00%,, - , - 
PC71971,PC7197,스타링크(starlink),경기,부천시 원미구,심곡동,경기도 부천시 부일로 409,D15121,CD대리점,수도권_전속,100%,2,2,, - ,1,1,,1, - ,0.00%,, - , - 
PC75351,PC7535,쾌남정보통신,경기,부천시 오정구,오정동,경기도 부천시 부천로464번길 44,D15146,PS&M,PS_전속,100%,2,2,, - ,1,1,,1, - ,0.00%,, - , - 
PC75701,PC7570,래빗통신,서울,도봉구,도봉동,서울특별시도봉구마들로684,D15146,PS&M,PS_전속,100%,2,2,,1,1, - ,,1, - ,0.00%,, - , - 
PC75851,PC7585,은빈모바일,경기,안산시 상록구,월피동,경기도 안산시 상록구 예술광장로 1,D13542,삼보대리점,수도권_전속,100%,2,2,, - ,1,1,,1, - ,0.00%,, - , - 
PC76291,PC7629,현텔레콤,서울,서초구,서초동,서울특별시 서초구 서초대로 240,D15121,CD대리점,수도권_전속,100%,2,2,, - , - ,2,, - , - ,0.00%,, - , - 
PC77331,PC7733,에이피,경기,부천시 소사구,괴안동,경기부천시경인로536번길27,D15146,PS&M,PS_전속,100%,2,2,, - ,1,1,,1, - ,0.00%,, - , - 
PC77831,PC7783,핸드폰 여기가그집,경기,부천시 원미구,상동,경기도 부천시 부일로 223,D13858,새서울대리점,수도권_전속,100%,2,2,, - , - ,2,, - , - ,0.00%,, - , - 
PC78021,PC7802,진텔레콤망원2호점,서울,마포구,망원동,서울특별시 마포구 월드컵로25길 58,D13357,가능대리점,수도권_전속,100%,2,2,, - , - ,2,, - , - ,0.00%,, - , - 
PC78151,PC7815,마송텔레콤,경기,김포시,통진읍,경기도 김포시 통진읍 서암로 68,D15051,프리스비,중복점,50%,2,1,, - , - ,1,, - , - ,0.00%,, - , - 
PC78152,PC7815,마송텔레콤,경기,김포시,통진읍,경기도 김포시 통진읍 서암로 68,D13124,UNI대리점,중복점,50%,2,1,, - , - ,1,, - , - ,0.00%,, - , - 
PC78281,PC7828,공도폰,경기,안성시,공도읍,경기안성시공도읍진사길32,D15146,PS&M,PS_전속,100%,2,2,, - ,1,1,,1, - ,0.00%,, - , - 
PC79191,PC7919,라베니체폰,경기,김포시,장기동,경기도 김포시 김포한강2로23번길 10,D13965,대교대리점,수도권_전속,100%,2,2,, - , - ,2,, - , - ,0.00%,, - , - 
PC79451,PC7945,휴대폰성지 미야텔레콤,경기,성남시 분당구,이매동,경기도 성남시 분당구 양현로94번길 7,D13357,가능대리점,수도권_전속,100%,2,2,, - ,2, - ,,2, - ,0.00%,, - , - 
PC79601,PC7960,민우텔레콤,서울,성북구,정릉동,서울특별시 성북구 정릉로 307,D15146,PS&M,PS_전속,100%,2,2,, - ,1,1,,1, - ,0.00%,, - , - 
PC81291,PC8129,핸드폰아울렛 동아모바일8호점,인천,계양구,작전동,인천광역시 계양구 봉오대로691번길 22-2,D15146,PS&M,PS_전속,100%,2,2,,1, - ,1,, - , - ,0.00%,, - , - 
PC81481,PC8148,에스에이치모바일(SH모바일),경기,시흥시,장곡동,경기도 시흥시 황고개로 526,D15121,CD대리점,수도권_전속,100%,2,2,, - , - ,2,, - , - ,0.00%,, - , - 
PC81711,PC8171,삼성모바일3,경기,시흥시,정왕동,경기도 시흥시 정왕신길로49번길 59,D13827,지은대리점,수도권_전속,100%,2,2,, - ,1,1,,1, - ,0.00%,, - , - 
PC82421,PC8242,글로벌통신 스퀘어점,인천,서구,청라동,인천광역시 서구 청라루비로 76,D13225,광장대리점,수도권_전속,100%,2,2,,1,1, - ,, - ,1,100.00%,, - , - 
PC83021,PC8302,(주)서린글로벌 광교점,경기,용인시 수지구,상현동,경기도 용인시 수지구 광교중앙로 297,D13469,코넥,수도권_전속,100%,2,2,, - , - ,2,, - , - ,0.00%,, - , - 
PC84451,PC8445,JWG코퍼레이션,경기,남양주시,별내동,경기도 남양주시 덕송2로10번길 15-80,D15146,PS&M,PS_전속,100%,2,2,,1, - ,1,, - , - ,0.00%,, - , - 
PC84651,PC8465,넘버원모바일,경기,시흥시,대야동,경기도 시흥시 비둘기공원5길 23-1,D13827,지은대리점,중복점,50%,2,1,, - , - ,1,, - , - ,0.00%,, - ,1
PC84652,PC8465,넘버원모바일,경기,시흥시,대야동,경기도 시흥시 비둘기공원5길 23-1,D13124,UNI대리점,중복점,50%,2,1,, - ,1, - ,,1, - ,0.00%,, - ,1
PC85531,PC8553,진심모바일,서울,구로구,오류동,서울특별시 구로구 오류로8길 20,D15121,CD대리점,중복점,50%,2,1,, - , - ,1,, - , - ,0.00%,, - , - 
PC85532,PC8553,진심모바일,서울,구로구,오류동,서울특별시 구로구 오류로8길 20,D13357,가능대리점,중복점,50%,2,1,, - ,1, - ,,1, - ,0.00%,, - , - 
PC85851,PC8585,리즈컴퍼니,인천,연수구,송도동,인천광역시 연수구 인천타워대로 257,D13357,가능대리점,수도권_전속,100%,2,2,, - , - ,2,, - , - ,0.00%,, - , - 
PC86231,PC8623,폰통신(배곧정왕점),경기,시흥시,배곧동,경기도 시흥시 서울대학로278번길 19-13,D13469,코넥,수도권_전속,100%,2,2,, - , - ,2,, - , - ,0.00%,, - , - 
PC86571,PC8657,퓨전통신,경기,포천시,소흘읍,경기도포천시소흘읍솔모루로43,D15146,PS&M,PS_전속,100%,2,2,,1,1, - ,,1, - ,0.00%,, - , - 
PC86751,PC8675,케이모바일(논현점),인천,남동구,논현동,인천광역시 남동구 호구포로 218,D15051,프리스비,수도권_전속,100%,2,2,, - ,1,1,,1, - ,0.00%,, - , - 
PC87091,PC8709,휴대폰성지세모폰송도학원가점,인천,연수구,송도동,인천광역시 연수구 해돋이로172번길 42,D15121,CD대리점,수도권_전속,100%,2,2,, - , - ,2,, - , - ,0.00%,, - , - 
PC87621,PC8762,에이치에이치씨,경기,남양주시,화도읍,경기도남양주시화도읍먹갓로28번길5,D15146,PS&M,PS_전속,100%,2,2,, - ,1,1,,1, - ,0.00%,, - , - 
PC87831,PC8783,메가스토어,경기,시흥시,정왕동,경기도 시흥시 봉우재로69번길 30,D15173,정원대리점,수도권_전속,100%,2,2,, - , - ,2,, - , - ,0.00%,, - , - 
PC88031,PC8803,(주)하나컴퍼니 선부지점,경기,안산시 단원구,선부동,경기도 안산시 단원구 달미로 100,D13469,코넥,수도권_전속,100%,2,2,, - , - ,2,, - , - ,0.00%,, - , - 
PC88131,PC8813,미녀텔레콤,경기,수원시 팔달구,매교동,경기도 수원시 팔달구 정조로 667,D13622,MD대리점,수도권_전속,100%,2,2,, - , - ,2,, - , - ,0.00%,, - , - 
PC88861,PC8886,폰마트,강원,동해시,발한동,강원동해시발한로229,D15146,PS&M,PS_전속,100%,2,2,, - ,2, - ,,2, - ,0.00%,, - , - 
PC89581,PC8958,황제통신,경기,고양시 일산서구,일산동,경기도 고양시 일산서구 일청로 32,D14746,유원대리점,중복점,50%,2,1,, - , - ,1,, - , - ,0.00%,, - , - 
PC89582,PC8958,황제통신,경기,고양시 일산서구,일산동,경기도 고양시 일산서구 일청로 32,D15121,CD대리점,중복점,50%,2,1,, - , - ,1,, - , - ,0.00%,, - , - 
PC89601,PC8960,씨엔아이(CNI),경기,부천시 원미구,원미동,경기도 부천시 부천로90번길 67,D13827,지은대리점,수도권_전속,100%,2,2,, - ,2, - ,,2, - ,0.00%,, - , - 
PC90561,PC9056,휴대폰성지 옆커폰 안양범계점,경기,안양시 동안구,호계동,경기도안양시동안구시민대로190,D15146,PS&M,PS_전속,100%,2,2,, - ,2, - ,,2, - ,0.00%,, - , - 
PC90821,PC9082,구구폰,경기,용인시 처인구,고림동,경기도 용인시 처인구 한터로 99,D15146,PS&M,PS_전속,100%,2,2,,1, - ,1,, - , - ,0.00%,, - , - 
PC91541,PC9154,착한휴대폰 팽성점,경기,평택시,팽성읍,경기 평택시 팽성읍 동서촌로 77,D01046,PS&M,PS_전속,100%,2,2,,1,1, - ,, - ,1,100.00%,, - , - 
PC91721,PC9172,헤로스,서울,구로구,개봉동,서울특별시구로구고척로21나길22,D15146,PS&M,PS_전속,100%,2,2,, - ,2, - ,,2, - ,0.00%,, - , - 
PC92061,PC9206,휴대폰1번지,경기,오산시,수청동,경기도오산시수청로30,D15146,PS&M,PS_전속,100%,2,2,, - ,1,1,,1, - ,0.00%,, - , - 
PC92601,PC9260,멀티텔레콤 본점,서울,양천구,신월동,서울특별시 양천구 월정로 45,D14746,유원대리점,수도권_전속,100%,2,2,, - , - ,2,, - , - ,0.00%,, - , - 
PC92891,PC9289,하늘통신,경기,화성시 효행구,봉담읍,경기도 화성시 봉담읍 샘마을길 18,D13965,대교대리점,중복점,50%,2,1,, - , - ,1,, - , - ,0.00%,, - , - 
PC92892,PC9289,하늘통신,경기,화성시 효행구,봉담읍,경기도 화성시 봉담읍 샘마을길 18,D15121,CD대리점,중복점,50%,2,1,, - , - ,1,, - , - ,0.00%,, - , - 
PC92921,PC9292,이케이 people,서울,중랑구,망우동,서울특별시 중랑구 용마산로 501,D15176,ACE대리점,수도권_전속,100%,2,2,, - ,2, - ,,2, - ,0.00%,, - , - 
PC93091,PC9309,핑크폰,강원,동해시,이도동,강원 동해시 동해대로 4833,D14746,유원대리점,수도권_전속,100%,2,2,, - , - ,2,, - , - ,0.00%,, - , - 
PC93341,PC9334,레인보우 모바일,경기,군포시,당동,경기도 군포시 용호1로 20,D13965,대교대리점,수도권_전속,100%,2,2,,1,1, - ,, - ,1,100.00%,, - , - 
PC94911,PC9491,조아모바일,경기,수원시 장안구,율전동,경기도 수원시 장안구 서부로2123번길 28,D13965,대교대리점,수도권_전속,100%,2,2,, - ,1,1,, - ,1,100.00%,, - , - 
PC95721,PC9572,오케이통신,경기,남양주시,화도읍,경기도남양주시화도읍마석로29,D15146,PS&M,PS_전속,100%,2,2,, - ,1,1,, - ,1,100.00%,, - , - 
PC96111,PC9611,제이케이 네트웍스(우만점),경기,수원시 팔달구,우만동,경기도 수원시 팔달구 권광로 373,D13124,UNI대리점,수도권_전속,100%,2,2,, - , - ,2,, - , - ,0.00%,, - , - 
PC96131,PC9613,세은통신,강원,원주시,우산동,강원 원주시 우산로 41,D13951,강남스타대리점,수도권_전속,100%,2,2,, - , - ,2,, - , - ,0.00%,, - , - 
PC96141,PC9614,휴대폰성지 폰통령 (하남),경기,하남시,풍산동,경기도 하남시 미사강변서로 45,D13827,지은대리점,수도권_전속,100%,2,2,, - ,1,1,,1, - ,0.00%,, - ,1
PC96621,PC9662,엔젤텔레콤,경기,여주시,홍문동,경기도 여주시 여흥로 110,D13827,지은대리점,수도권_전속,100%,2,2,, - ,1,1,,1, - ,0.00%,, - , - 
PC96841,PC9684,미르통신,경기,수원시 장안구,연무동,경기도 수원시 장안구 창룡대로 195,D13965,대교대리점,수도권_전속,100%,2,2,, - ,1,1,,1, - ,0.00%,, - ,1
PC96991,PC9699,만월,서울,강서구,방화동,서울특별시 강서구 방화동로 82,D14342,신창대리점,수도권_전속,100%,2,2,, - ,1,1,,1, - ,0.00%,, - , - 
PC97281,PC9728,휴대폰성지옆커폰시흥능곡역점,경기,시흥시,능곡동,경기도 시흥시 장현능곡로 155,D14674,서울ent대리점,수도권_전속,100%,2,2,, - ,1,1,,1, - ,0.00%,, - , - 
PC97551,PC9755,월드정보통신,경기,안산시 단원구,선부동,경기도 안산시 단원구 달미로 63,D14342,신창대리점,수도권_전속,100%,2,2,, - , - ,2,, - , - ,0.00%,, - , - 
PC98161,PC9816,대명폰 3호점,경기,오산시,오산동,경기도 오산시 운암로 113,D15051,프리스비,수도권_전속,100%,2,2,,1,1, - ,, - ,1,100.00%,, - , - 
PC98981,PC9898,도매폰마트(호두텔레콤),경기,고양시 덕양구,신원동,경기도 고양시 덕양구 신원로 40,D13622,MD대리점,수도권_전속,100%,2,2,, - , - ,2,, - , - ,0.00%,, - , - 
PE00661,PE0066,휴대폰성지 세로폰 안암점,서울,성북구,안암동5가,서울특별시 성북구 안암로 145,D13542,삼보대리점,수도권_전속,100%,2,2,, - , - ,2,, - , - ,0.00%,, - , - 
PE01381,PE0138,수박통신,경기,양주시,옥정동,경기도양주시옥정동로4길11,D15146,PS&M,PS_전속,100%,2,2,, - ,1,1,, - ,1,100.00%,, - , - 
PE01491,PE0149,휴대폰성지 딱폰 송파본점,서울,송파구,마천동,서울특별시 송파구 마천로 315,D15146,PS&M,PS_전속,100%,2,2,, - ,1,1,, - ,1,100.00%,, - , - 
PE01501,PE0150,생각대로 통신,경기,시흥시,신천동,경기도 시흥시 신천3길 22-1,D13622,MD대리점,수도권_전속,100%,2,2,, - ,2, - ,,2, - ,0.00%,, - , - 
PE01881,PE0188,로이,경기,수원시 영통구,이의동,경기도 수원시 영통구 도청로 95,D14746,유원대리점,중복점,50%,2,1,, - ,1, - ,, - ,1,100.00%,, - , - 
PE01882,PE0188,로이,경기,수원시 영통구,이의동,경기도 수원시 영통구 도청로 95,D13827,지은대리점,중복점,50%,2,1,, - , - ,1,, - , - ,0.00%,, - , - 
PE02451,PE0245,티지모바일,서울,관악구,신림동,서울특별시 관악구 난곡로 234,D14746,유원대리점,수도권_전속,100%,2,2,, - ,1,1,,1, - ,0.00%,, - , - 
PE02771,PE0277,미르통신,강원,춘천시,석사동,강원춘천시안마산로352,D15146,PS&M,PS_전속,100%,2,2,, - ,1,1,,1, - ,0.00%,, - , - 
PE03751,PE0375,(H&J)모바일,경기,수원시 권선구,호매실동,경기도 수원시 권선구 노림로 20,D13965,대교대리점,수도권_전속,100%,2,2,, - , - ,2,, - , - ,0.00%,, - , - 
PE05741,PE0574,원주휴대폰성지 아찿폰 혁신점,강원,원주시,반곡동,강원 원주시 건강로 31,D15146,PS&M,PS_전속,100%,2,2,, - ,2, - ,,2, - ,0.00%,, - , - 
PE06011,PE0601,대복텔레콤,인천,남동구,논현동,인천광역시 남동구 장도로 85-24,D13622,MD대리점,수도권_전속,100%,2,2,, - ,2, - ,,2, - ,0.00%,, - , - 
PE06261,PE0626,아이에스컴퍼니,서울,구로구,개봉동,서울특별시 구로구 개봉로20길 6,D13622,MD대리점,중복점,50%,2,1,, - ,1, - ,,1, - ,0.00%,, - , - 
PE06262,PE0626,아이에스컴퍼니,서울,구로구,개봉동,서울특별시 구로구 개봉로20길 6,D15146,PS&M,중복점,50%,2,1,, - ,1, - ,,1, - ,0.00%,, - , - 
PE06771,PE0677,유주컴퍼니,인천,남동구,만수동,인천광역시 남동구 만수로 9,D15146,PS&M,PS_전속,100%,2,2,,1, - ,1,, - , - ,0.00%,, - , - 
PE06881,PE0688,휴대폰성지 아셀폰 하남점,경기,하남시,망월동,경기도 하남시 미사강변동로 81,D13357,가능대리점,수도권_전속,100%,2,2,, - , - ,2,, - , - ,0.00%,, - , - 
PE07331,PE0733,스마트폰면세점 하남감일점,경기,하남시,감이동,경기도 하남시 감일백제로180번길 17,D13965,대교대리점,수도권_전속,100%,2,2,,1, - ,1,, - , - ,0.00%,, - , - 
PE07481,PE0748,셀프메이드,서울,노원구,월계동,서울특별시 노원구 마들로 111,D13542,삼보대리점,중복점,50%,2,1,, - ,1, - ,,1, - ,0.00%,, - , - 
PE07482,PE0748,셀프메이드,서울,노원구,월계동,서울특별시 노원구 마들로 111,D15146,PS&M,중복점,50%,2,1,,1, - , - ,, - , - ,0.00%,, - , - 
PE07781,PE0778,지교 북가좌점,서울,서대문구,북가좌동,서울특별시 서대문구 증가로 256,D15146,PS&M,PS_전속,100%,2,2,, - ,1,1,, - ,1,100.00%,, - , - 
PE08671,PE0867,착한휴대폰,인천,부평구,갈산동,인천광역시 부평구 주부토로 236,D15121,CD대리점,중복점,50%,2,1,, - , - ,1,, - , - ,0.00%,, - , - 
PE08672,PE0867,착한휴대폰,인천,부평구,갈산동,인천광역시 부평구 주부토로 236,D13951,강남스타대리점,중복점,50%,2,1,, - ,1, - ,,1, - ,0.00%,, - , - 
PE08731,PE0873,스마트폰면세점 트리지움점,서울,송파구,잠실동,서울특별시 송파구 석촌호수로 61,D13542,삼보대리점,수도권_전속,100%,2,2,, - ,2, - ,,1,1,50.00%,, - , - 
PE09511,PE0951,진부통신,강원,평창군,진부면,강원 평창군 진부면 진부중앙로 56,D14674,서울ent대리점,중복점,50%,2,1,,1, - , - ,, - , - ,0.00%,, - , - 
PE09512,PE0951,진부통신,강원,평창군,진부면,강원 평창군 진부면 진부중앙로 56,D15146,PS&M,중복점,50%,2,1,, - , - ,1,, - , - ,0.00%,, - , - 
PE09531,PE0953,호원에이치모바일,경기,의정부시,호원동,경기도 의정부시 평화로244번길 25,D13357,가능대리점,수도권_전속,100%,2,2,,1,1, - ,,1, - ,0.00%,, - , - 
PE09691,PE0969,휴대폰성지바른마켓,서울,성동구,행당동,서울특별시성동구사근동길2,D15146,PS&M,PS_전속,100%,2,2,, - , - ,2,, - , - ,0.00%,, - , - 
PE10101,PE1010,에이치와이모바일,경기,고양시 덕양구,도내동,경기도 고양시 덕양구 도래울로 85,D15146,PS&M,PS_전속,100%,2,2,, - , - ,2,, - , - ,0.00%,, - , - 
PE10541,PE1054,프렌즈모바일,강원,원주시,태장동,강원도원주시치악로2037,D15146,PS&M,PS_전속,100%,2,2,, - ,2, - ,,2, - ,0.00%,, - , - 
PE10891,PE1089,한우물통신,경기,용인시 처인구,김량장동,경기도 용인시 처인구 중부대로 1479,D15173,정원대리점,수도권_전속,100%,2,2,, - ,1,1,,1, - ,0.00%,, - , - 
PE10931,PE1093,광교휴대폰성지모두의폰,경기,수원시 영통구,원천동,경기도 수원시 영통구 광교호수공원로 277,D13965,대교대리점,수도권_전속,100%,2,2,, - , - ,2,, - , - ,0.00%,, - , - 
PE11531,PE1153,썬다롱텔레콤,인천,서구,검암동,인천광역시 서구 승학로 446,D14342,신창대리점,중복점,50%,2,1,, - , - ,1,, - , - ,0.00%,, - , - 
PE11532,PE1153,썬다롱텔레콤,인천,서구,검암동,인천광역시 서구 승학로 446,D13858,새서울대리점,중복점,50%,2,1,, - , - ,1,, - , - ,0.00%,, - , - 
PE11851,PE1185,비제이(BJ)텔레콤,경기,성남시 분당구,야탑동,경기도 성남시 분당구 성남대로925번길 16,D15121,CD대리점,수도권_전속,100%,2,2,,1, - ,1,, - , - ,0.00%,, - , - 
PE12021,PE1202,알뜰온통신,서울,금천구,독산동,서울특별시 금천구 독산로 196,D13225,광장대리점,중복점,50%,2,1,, - , - ,1,, - , - ,0.00%,, - , - 
PE12022,PE1202,알뜰온통신,서울,금천구,독산동,서울특별시 금천구 독산로 196,D13622,MD대리점,중복점,50%,2,1,, - , - ,1,, - , - ,0.00%,, - , - 
PE12531,PE1253,타이거 모바일,경기,하남시,풍산동,경기도하남시미사강변중앙로111번길3,D15146,PS&M,PS_전속,100%,2,2,, - ,1,1,,1, - ,0.00%,, - , - 
PE12701,PE1270,어울림텔레콤,서울,중랑구,망우동,서울특별시 중랑구 양원역로 20,D15146,PS&M,PS_전속,100%,2,2,, - ,1,1,,1, - ,0.00%,, - , - 
PE12801,PE1280,폰짱플러스,경기,화성시 병점구,진안동,경기도 화성시 병점1로 236-12,D13827,지은대리점,중복점,50%,2,1,, - ,1, - ,,1, - ,0.00%,, - , - 
PE12802,PE1280,폰짱플러스,경기,화성시 병점구,진안동,경기도 화성시 병점1로 236-12,D15121,CD대리점,중복점,50%,2,1,, - , - ,1,, - , - ,0.00%,, - , - 
PE13001,PE1300,제이비텔레콤,서울,강서구,화곡동,서울특별시 강서구 등촌로5길 2,D13225,광장대리점,수도권_전속,100%,2,2,, - , - ,2,, - , - ,0.00%,, - , - 
PE13291,PE1329,주식회사 이테르,경기,고양시 일산동구,중산동,경기도고양시일산동구탄중로425번길3,D15146,PS&M,PS_전속,100%,2,2,, - , - ,2,, - , - ,0.00%,, - , - 
PE13351,PE1335,조양이동통신,강원,속초시,조양동,강원특별자치도속초시동해대로4018,D15146,PS&M,PS_전속,100%,2,2,, - , - ,2,, - , - ,0.00%,, - , - 
PE13501,PE1350,태호모바일,강원,춘천시,우두동,강원특별자치도 춘천시 우두1길 140,D13965,대교대리점,수도권_전속,100%,2,2,, - ,2, - ,,2, - ,0.00%,, - , - 
PE13741,PE1374,에이치컴퍼니,경기,고양시 덕양구,신원동,경기도 고양시 덕양구 권율대로 893,D14746,유원대리점,수도권_전속,100%,2,2,, - ,1,1,,1, - ,0.00%,, - ,1
PE13811,PE1381,우광통신,경기,시흥시,정왕동,경기도 시흥시 거북섬남로 47,D13952,참스타대리점,수도권_전속,100%,2,2,,1,1, - ,, - ,1,100.00%,, - ,1
PE13831,PE1383,차차모바일,경기,시흥시,정왕동,경기도 시흥시 정왕대로 74,D13827,지은대리점,중복점,50%,2,1,, - , - ,1,, - , - ,0.00%,, - , - 
PE13832,PE1383,차차모바일,경기,시흥시,정왕동,경기도 시흥시 정왕대로 74,D13622,MD대리점,중복점,50%,2,1,, - , - ,1,, - , - ,0.00%,, - , - 
PE13921,PE1392,인스토어,경기,포천시,신읍동,경기도 포천시 중앙로 102,D15146,PS&M,중복점,50%,2,1,, - , - ,1,, - , - ,0.00%,, - , - 
PE13922,PE1392,인스토어,경기,포천시,신읍동,경기도 포천시 중앙로 102,D13546,ACT대리점,중복점,50%,2,1,, - , - ,1,, - , - ,0.00%,, - , - 
PE14421,PE1442,믿음텔레콤,서울,마포구,성산동,서울특별시 마포구 월드컵로 100,D13546,ACT대리점,수도권_전속,100%,2,2,,1, - ,1,, - , - ,0.00%,, - , - 
PE14661,PE1466,현빈텔레콤,서울,강서구,화곡동,서울특별시 강서구 곰달래로 224,D15157,근흥대리점,수도권_전속,100%,2,2,, - ,1,1,,1, - ,0.00%,, - , - 
PE15721,PE1572,애플모바일시흥점,서울,금천구,시흥동,서울특별시 금천구 독산로40길 17,D13124,UNI대리점,수도권_전속,100%,2,2,,1,1, - ,,1, - ,0.00%,, - , - 
PE16201,PE1620,777휴대폰 안성점,경기,안성시,옥산동,경기안성시아양1로61,D01046,PS&M,PS_전속,100%,2,2,, - , - ,2,, - , - ,0.00%,, - , - 
PE16321,PE1632,(주)모바일제이 능곡점,경기,고양시 덕양구,토당동,경기도 고양시 덕양구 지도로103번길 105,D13622,MD대리점,수도권_전속,100%,2,2,, - ,2, - ,,2, - ,0.00%,, - , - 
PE16761,PE1676,주식회사 눈비,경기,안성시,공도읍,경기도안성시공도읍공도로91,D15146,PS&M,PS_전속,100%,2,2,,1,1, - ,,1, - ,0.00%,, - , - 
PE16941,PE1694,우디모바일,경기,파주시,다율동,경기도 파주시 해올2길 16,D15146,PS&M,PS_전속,100%,2,2,,1,1, - ,,1, - ,0.00%,, - , - 
PE16981,PE1698,지운통신,서울,중랑구,묵동,서울특별시 중랑구 동일로 873,D14342,신창대리점,수도권_전속,100%,2,2,, - ,1,1,,1, - ,0.00%,, - , - 
PE17561,PE1756,이EA코리아,경기,수원시 팔달구,매산로2가,경기도 수원시 팔달구 권선로 467,D15173,정원대리점,수도권_전속,100%,2,2,,1, - ,1,, - , - ,0.00%,, - , - 
PE18011,PE1801,베스트텔레콤,강원,춘천시,후평동,강원특별자치도춘천시춘천로297,D15146,PS&M,PS_전속,100%,2,2,, - ,2, - ,,2, - ,0.00%,, - , - 
PE18571,PE1857,(주)트윈스,경기,남양주시,진접읍,경기도 남양주시 진접읍 장현로 68,D15173,정원대리점,수도권_전속,100%,2,2,, - ,1,1,,1, - ,0.00%,, - , - 
PE19631,PE1963,모바일컴퍼니장기점,인천,계양구,장기동,인천광역시 계양구 장기로 36,D13124,UNI대리점,수도권_전속,100%,2,2,, - ,2, - ,,2, - ,0.00%,, - , - 
PE19821,PE1982,파란,서울,광진구,구의동,서울특별시 광진구 광나루로56길 85,D13357,가능대리점,수도권_전속,100%,2,2,, - , - ,2,, - , - ,0.00%,, - , - 
PE21111,PE2111,태리텔레콤,경기,부천시 원미구,춘의동,경기도 부천시 옥산로 138,D15121,CD대리점,중복점,50%,2,1,, - , - ,1,, - , - ,0.00%,, - , - 
PE21112,PE2111,태리텔레콤,경기,부천시 원미구,춘의동,경기도 부천시 옥산로 138,D15146,PS&M,중복점,50%,2,1,, - ,1, - ,,1, - ,0.00%,, - , - 
PE21571,PE2157,건강모바일,서울,강북구,수유동,서울특별시 강북구 한천로 1046-1,D14342,신창대리점,수도권_전속,100%,2,2,, - ,1,1,,1, - ,0.00%,, - , - 
PE21901,PE2190,주식회사 청년사업단,인천,남동구,만수동,인천광역시 남동구 만수서로 56,D13827,지은대리점,수도권_전속,100%,2,2,, - ,1,1,,1, - ,0.00%,, - , - 
PE22141,PE2214,휴대폰성지 구리점,경기,구리시,수택동,경기도 구리시 이문안로 131,D13827,지은대리점,중복점,50%,2,1,, - , - ,1,, - , - ,0.00%,, - , - 
PE22142,PE2214,휴대폰성지 구리점,경기,구리시,수택동,경기도 구리시 이문안로 131,D15176,ACE대리점,중복점,50%,2,1,, - , - ,1,, - , - ,0.00%,, - , - 
PE22151,PE2215,상상통신,경기,부천시 원미구,역곡동,경기도 부천시 지봉로 108,D15157,근흥대리점,수도권_전속,100%,2,2,, - ,1,1,,1, - ,0.00%,, - ,1
PE22441,PE2244,정남하늘,경기,화성시 효행구,정남면,경기도 화성시 정남면 만년로 530-1,D15146,PS&M,PS_전속,100%,2,2,, - ,2, - ,,1,1,50.00%,, - , - 
PE23251,PE2325,휴대폰할인매장,서울,노원구,중계동,서울특별시 노원구 한글비석로 359,D15146,PS&M,PS_전속,100%,2,2,, - ,2, - ,,2, - ,0.00%,, - , - 
PE23351,PE2335,티제이정보통신,경기,의왕시,학의동,경기도 의왕시 바라산로 16,D13622,MD대리점,수도권_전속,100%,2,2,, - ,2, - ,,2, - ,0.00%,, - , - 
PE24081,PE2408,대박엠케이통신,서울,강동구,둔촌동,서울특별시 강동구 명일로 167,D15146,PS&M,PS_전속,100%,2,2,, - ,1,1,,1, - ,0.00%,, - , - 
PE24151,PE2415,휴대폰천하통일 구일점,서울,구로구,구로동,서울특별시 구로구 구일로8길 56,D13357,가능대리점,중복점,50%,2,1,,1, - , - ,, - , - ,0.00%,, - , - 
PE24152,PE2415,휴대폰천하통일 구일점,서울,구로구,구로동,서울특별시 구로구 구일로8길 56,D15121,CD대리점,중복점,50%,2,1,, - , - ,1,, - , - ,0.00%,, - , - 
PE25941,PE2594,짱구모바일,경기,수원시 장안구,율전동,경기도 수원시 장안구 율전로 104,D13827,지은대리점,중복점,50%,2,1,, - , - ,1,, - , - ,0.00%,, - , - 
PE25942,PE2594,짱구모바일,경기,수원시 장안구,율전동,경기도 수원시 장안구 율전로 104,D13965,대교대리점,중복점,50%,2,1,, - ,1, - ,,1, - ,0.00%,, - , - 
PE26111,PE2611,성공2호점,경기,안산시 상록구,본오동,경기도 안산시 상록구 오목로 8,D13858,새서울대리점,수도권_전속,100%,2,2,, - , - ,2,, - , - ,0.00%,, - , - 
PE26511,PE2651,브로통신,서울,마포구,망원동,서울특별시 마포구 망원로7길 36,D15146,PS&M,PS_전속,100%,2,2,, - ,1,1,,1, - ,0.00%,, - , - 
PE26661,PE2666,세븐텔레콤,서울,중랑구,면목동,서울특별시 중랑구 용마산로94길 6,D15051,프리스비,수도권_전속,100%,2,2,,1, - ,1,, - , - ,0.00%,, - , - 
PE26951,PE2695,비전폰,경기,평택시,비전동,경기도 평택시 평택5로 94,D15146,PS&M,중복점,50%,2,1,, - , - ,1,, - , - ,0.00%,, - , - 
PE26952,PE2695,비전폰,경기,평택시,비전동,경기도 평택시 평택5로 94,D13827,지은대리점,중복점,50%,2,1,, - , - ,1,, - , - ,0.00%,, - ,1
PE28331,PE2833,하늘정보통신,인천,서구,검암동,인천광역시 서구 승학로 508,D15121,CD대리점,수도권_전속,100%,2,2,, - , - ,2,, - , - ,0.00%,, - , - 
PE28391,PE2839,"오가다, 폰가게",경기,김포시,감정동,경기도 김포시 감정로 6,D13965,대교대리점,수도권_전속,100%,2,2,, - ,1,1,,1, - ,0.00%,, - , - 
PE28541,PE2854,진심모바일 이동점,경기,안산시 상록구,이동,경기도 안산시 상록구 도매시장로 30,D13124,UNI대리점,수도권_전속,100%,2,2,, - ,2, - ,,2, - ,0.00%,, - , - 
PE28701,PE2870,용산텔레콤20호,경기,김포시,하성면,경기도 김포시 하성면 하성로 489,D15146,PS&M,PS_전속,100%,2,2,, - ,2, - ,,2, - ,0.00%,, - , - 
PE29191,PE2919,장하다통신,서울,동작구,상도동,서울특별시 동작구 상도로 364,D13952,참스타대리점,수도권_전속,100%,2,2,, - , - ,2,, - , - ,0.00%,, - , - 
PE29771,PE2977,누읍폰,경기,오산시,누읍동,경기도오산시발안로1367,D15146,PS&M,PS_전속,100%,2,2,, - ,1,1,, - ,1,100.00%,, - , - 
PE29941,PE2994,주식회사 와이에이,경기,부천시 원미구,중동,경기도 부천시 길주로 243,D13827,지은대리점,수도권_전속,100%,2,2,,1,1, - ,,1, - ,0.00%,, - , - 
PE30171,PE3017,하나텔레콤,경기,김포시,대곶면,경기도 김포시 대곶면 율생로 78,D13124,UNI대리점,수도권_전속,100%,2,2,, - ,2, - ,,2, - ,0.00%,, - , - 
PE30311,PE3031,도매샵1점,강원,춘천시,석사동,강원특별자치도 춘천시 벌말길 112,D14342,신창대리점,수도권_전속,100%,2,2,, - ,2, - ,,2, - ,0.00%,, - ,2
PE30541,PE3054,하루모바일,경기,의정부시,낙양동,경기도 의정부시 송양로 29,D15176,ACE대리점,수도권_전속,100%,2,2,, - ,1,1,,1, - ,0.00%,, - , - 
PE30771,PE3077,엘제이컴퍼니,경기,안양시 동안구,관양동,경기도 안양시 동안구 관악대로 347,D13951,강남스타대리점,수도권_전속,100%,2,2,, - ,2, - ,,2, - ,0.00%,, - , - 
PE30851,PE3085,케이모바일 부천자유시장점,경기,부천시 소사구,심곡본동,경기도 부천시 소사구 경인로 218-1,D15051,프리스비,수도권_전속,100%,2,2,, - ,2, - ,,2, - ,0.00%,, - , - 
PE31911,PE3191,인정보통신,서울,강서구,방화동,서울특별시강서구방화동로92,D15146,PS&M,PS_전속,100%,2,2,, - ,2, - ,,1,1,50.00%,, - , - 
PE32361,PE3236,낫띵이즈임파서블,서울,강북구,수유동,서울특별시 강북구 노해로 55,D13542,삼보대리점,수도권_전속,100%,2,2,, - ,2, - ,,2, - ,0.00%,, - , - 
PE32381,PE3238,사이버통신,강원,원주시,명륜동,강원특별자치도 원주시 남원로 441-8,D13622,MD대리점,수도권_전속,100%,2,2,, - , - ,2,, - , - ,0.00%,, - , - 
PE32401,PE3240,제로컴퍼니 내발산점,서울,강서구,내발산동,서울특별시 강서구 수명로 74,D13622,MD대리점,수도권_전속,100%,2,2,, - , - ,2,, - , - ,0.00%,, - , - 
PE33081,PE3308,키움,서울,동대문구,답십리동,서울특별시 동대문구 한천로 55,D15146,PS&M,PS_전속,100%,2,2,,1, - ,1,, - , - ,0.00%,, - , - 
PE33191,PE3319,휴대폰성지1등폰서울대입구역점,서울,관악구,봉천동,서울특별시 관악구 남부순환로 1820,D13542,삼보대리점,수도권_전속,100%,2,2,, - ,2, - ,,2, - ,0.00%,, - ,1
PE33341,PE3334,지정,경기,성남시 중원구,성남동,경기도 성남시 중원구 제일로35번길 16,D13225,광장대리점,수도권_전속,100%,2,2,, - ,2, - ,,2, - ,0.00%,, - , - 
PE33641,PE3364,이가통신,강원,강릉시,입암동,강원특별자치도 강릉시 입암로 157,D15146,PS&M,PS_전속,100%,2,2,, - , - ,2,, - , - ,0.00%,, - , - 
PE33691,PE3369,캡틴모바일,서울,송파구,잠실동,서울특별시 송파구 올림픽로 119,D13622,MD대리점,수도권_전속,100%,2,2,,1, - ,1,, - , - ,0.00%,, - , - 
PE34121,PE3412,(주) 엠텔레콤 증산1호점,서울,은평구,증산동,서울특별시 은평구 증산서길 111,D13546,ACT대리점,수도권_전속,100%,2,2,, - ,2, - ,, - ,2,100.00%,, - , - 
PE34711,PE3471,바른통신,경기,수원시 권선구,권선동,경기도수원시권선구세권로195번길204,D15146,PS&M,PS_전속,100%,2,2,, - ,1,1,,1, - ,0.00%,, - , - 
PE35011,PE3501,모바일 파크,인천,서구,원당동,인천광역시 서구 이음5로 66,D13952,참스타대리점,수도권_전속,100%,2,2,, - ,1,1,, - ,1,100.00%,, - , - 
PE35221,PE3522,트립라이트,인천,계양구,작전동,인천광역시 계양구 장제로 721,D15146,PS&M,중복점,50%,2,1,,1, - , - ,, - , - ,0.00%,, - , - 
PE35222,PE3522,트립라이트,인천,계양구,작전동,인천광역시 계양구 장제로 721,F13586,신도SDR,중복점,50%,2,1,, - , - ,1,, - , - ,0.00%,, - , - 
PE35401,PE3540,(주)신윤티앤에스,서울,동작구,상도동,서울특별시동작구상도로376,D15146,PS&M,PS_전속,100%,2,2,, - ,1,1,,1, - ,0.00%,, - , - 
PE35491,PE3549,휴대폰성지 세모폰 원미점,경기,부천시 원미구,원미동,경기도 부천시 원미구 부천로 102,D15121,CD대리점,중복점,50%,2,1,, - ,1, - ,,1, - ,0.00%,, - , - 
PE35492,PE3549,휴대폰성지 세모폰 원미점,경기,부천시 원미구,원미동,경기도 부천시 원미구 부천로 102,D14674,서울ent대리점,중복점,50%,2,1,, - , - ,1,, - , - ,0.00%,, - , - 
PE35591,PE3559,으뜸정보통신,인천,계양구,계산동,인천광역시 계양구 계산로 85,D15157,근흥대리점,수도권_전속,100%,2,2,, - ,1,1,,1, - ,0.00%,, - ,1
PE36271,PE3627,부평구청역휴대폰성지,인천,부평구,부평동,인천광역시 부평구 부평대로 152,D13124,UNI대리점,수도권_전속,100%,2,2,,1, - ,1,, - , - ,0.00%,, - , - 
PE36761,PE3676,도매샵 본점,강원,춘천시,퇴계동,강원특별자치도 춘천시 행촌로 50,D14342,신창대리점,수도권_전속,100%,2,2,, - , - ,2,, - , - ,0.00%,, - , - 
PE37641,PE3764,지영통신,인천,남동구,만수동,인천광역시 남동구 하촌로45번길 12,D13622,MD대리점,수도권_전속,100%,2,2,, - , - ,2,, - , - ,0.00%,, - , - 
PE38111,PE3811,휴대폰반값창고 남양주오남점,경기,남양주시,오남읍,경기도 남양주시 오남읍 진건오남로 653,D15121,CD대리점,수도권_전속,100%,2,2,,1, - ,1,, - , - ,0.00%,, - , - 
PE38121,PE3812,강빛통신,서울,강동구,강일동,서울특별시 강동구 아리수로93나길 50,D15146,PS&M,PS_전속,100%,2,2,, - , - ,2,, - , - ,0.00%,, - , - 
PE38131,PE3813,하이텔레콤,서울,성북구,석관동,서울특별시 성북구 돌곶이로18길 4,D15146,PS&M,PS_전속,100%,2,2,, - ,2, - ,,1,1,50.00%,, - , - 
PE38641,PE3864,JN텔레콤,서울,강동구,길동,서울특별시 강동구 천중로 237,D14342,신창대리점,수도권_전속,100%,2,2,, - ,1,1,,1, - ,0.00%,, - , - 
PE38661,PE3866,휴대폰성지 폰통령 중랑,서울,중랑구,망우동,서울특별시 중랑구 용마산로118길 31,D13827,지은대리점,수도권_전속,100%,2,2,, - , - ,2,, - , - ,0.00%,, - , - 
PE39351,PE3935,별빛정보통신,경기,부천시 오정구,내동,경기도 부천시 오정구 부천로 389,D15121,CD대리점,수도권_전속,100%,2,2,, - , - ,2,, - , - ,0.00%,, - , - 
PE39521,PE3952,휴대폰멀티샵,경기,오산시,원동,경기도오산시원동로307,D15146,PS&M,PS_전속,100%,2,2,, - ,2, - ,,2, - ,0.00%,, - , - 
PE39831,PE3983,선봉모바일8호점,경기,부천시 소사구,범박동,경기도 부천시 소사구 범안로 98,D13952,참스타대리점,수도권_전속,100%,2,2,, - ,1,1,,1, - ,0.00%,, - , - 
PE40151,PE4015,순수동규스마트폰,경기,성남시 수정구,단대동,경기도 성남시 수정구 단대로5번길 11-2,D14342,신창대리점,수도권_전속,100%,2,2,, - ,1,1,,1, - ,0.00%,, - , - 
PE40731,PE4073,청년폰성지 춘천점,강원,춘천시,퇴계동,강원특별자치도춘천시지석로80,D15146,PS&M,PS_전속,100%,2,2,, - , - ,2,, - , - ,0.00%,, - , - 
PE41201,PE4120,원주 휴대폰 성지 명륜점,강원,원주시,명륜동,강원특별자치도 원주시 무실로 181,D83213,T&B대리점,수도권_전속,100%,2,2,, - ,1,1,,1, - ,0.00%,, - , - 
PE41631,PE4163,유텔레콤,경기,가평군,가평읍,경기도가평군가평읍가화로481,D15146,PS&M,PS_전속,100%,2,2,, - ,1,1,,1, - ,0.00%,, - , - 
PE41791,PE4179,로얄텔레콤,경기,시흥시,배곧동,경기도 시흥시 배곧4로 103,D13965,대교대리점,수도권_전속,100%,2,2,, - , - ,2,, - , - ,0.00%,, - ,1
PE41801,PE4180,대박폰(봉담점),경기,화성시 효행구,봉담읍,경기도 화성시 봉담읍 동화길 81-10,D13827,지은대리점,수도권_전속,100%,2,2,, - ,1,1,,1, - ,0.00%,, - , - 
PE41831,PE4183,온모바일프라자,강원,춘천시,운교동,강원특별자치도 춘천시 춘천로 185,D15146,PS&M,PS_전속,100%,2,2,,2, - , - ,, - , - ,0.00%,, - , - 
PE41911,PE4191,케이모바일 원종2호점,경기,부천시 오정구,원종동,경기도 부천시 오정구 소사로 748,D15051,프리스비,중복점,50%,2,1,, - , - ,1,, - , - ,0.00%,, - , - 
PE41912,PE4191,케이모바일 원종2호점,경기,부천시 오정구,원종동,경기도 부천시 오정구 소사로 748,D14342,신창대리점,중복점,50%,2,1,, - , - ,1,, - , - ,0.00%,, - , - 
PE42251,PE4225,샤넬텔레콤,경기,파주시,문산읍,경기도파주시문산읍방촌로1719,D15146,PS&M,PS_전속,100%,2,2,, - , - ,2,, - , - ,0.00%,, - , - 
PE42271,PE4227,용산 휴대폰성지,서울,용산구,청파동2가,서울특별시 용산구 청파로47길 26,D13357,가능대리점,수도권_전속,100%,2,2,, - , - ,2,, - , - ,0.00%,, - , - 
PE42311,PE4231,휴대폰성지 폰통령 마석,경기,남양주시,화도읍,경기도 남양주시 화도읍 맷돌로 93,D13827,지은대리점,수도권_전속,100%,2,2,,2, - , - ,, - , - ,0.00%,, - , - 
PE42801,PE4280,미라클텔레콤,경기,용인시 기흥구,보라동,경기도 용인시 기흥구 사은로126번길 10,D13124,UNI대리점,수도권_전속,100%,2,2,,1, - ,1,, - , - ,0.00%,, - , - 
PE42951,PE4295,오거리통신,경기,안양시 만안구,안양동,경기도 안양시 만안구 양화로72번길 83,D15146,PS&M,PS_전속,100%,2,2,, - ,1,1,,1, - ,0.00%,, - , - 
PE43091,PE4309,광명휴대폰성지 폰여기요,경기,광명시,광명동,경기도 광명시 광명로848번길 54,D13965,대교대리점,중복점,50%,2,1,, - , - ,1,, - , - ,0.00%,, - , - 
PE43092,PE4309,광명휴대폰성지 폰여기요,경기,광명시,광명동,경기도 광명시 광명로848번길 54,F13586,신도SDR,중복점,50%,2,1,, - , - ,1,, - , - ,0.00%,, - , - 
PE43241,PE4324,미추홀통신 본점,인천,미추홀구,용현동,인천광역시 미추홀구 낙섬중로 51-1,D13622,MD대리점,중복점,50%,2,1,,1, - , - ,, - , - ,0.00%,, - , - 
PE43242,PE4324,미추홀통신 본점,인천,미추홀구,용현동,인천광역시 미추홀구 낙섬중로 51-1,D15146,PS&M,중복점,50%,2,1,, - ,1, - ,,1, - ,0.00%,, - , - 
PE43251,PE4325,주니텔레콤,서울,도봉구,쌍문동,서울특별시 도봉구 도봉로113길 37,D15146,PS&M,PS_전속,100%,2,2,, - , - ,2,, - , - ,0.00%,, - , - 
PE43361,PE4336,행복통신,서울,동작구,상도동,서울특별시 동작구 상도로 152-1,D13225,광장대리점,수도권_전속,100%,2,2,, - ,1,1,,1, - ,0.00%,, - , - 
PE43621,PE4362,사나이통신 청라점,인천,서구,청라동,인천광역시 서구 중봉대로586번길 22,D13542,삼보대리점,수도권_전속,100%,2,2,, - ,2, - ,,2, - ,0.00%,, - , - 
PE43701,PE4370,와룡컴퍼니 온의점,강원,춘천시,온의동,강원특별자치도 춘천시 춘천로 7,D13965,대교대리점,수도권_전속,100%,2,2,, - , - ,2,, - , - ,0.00%,, - , - 
PE43801,PE4380,장하다통신 2호점,서울,동작구,흑석동,서울특별시 동작구 흑석로 105,D13124,UNI대리점,중복점,50%,2,1,, - ,1, - ,,1, - ,0.00%,, - , - 
PE43802,PE4380,장하다통신 2호점,서울,동작구,흑석동,서울특별시 동작구 흑석로 105,D13952,참스타대리점,중복점,50%,2,1,, - ,1, - ,, - ,1,100.00%,, - , - 
PE44751,PE4475,오알지,경기,안산시 상록구,일동,경기도 안산시 상록구 도매시장로 114,D13542,삼보대리점,수도권_전속,100%,2,2,, - ,1,1,,1, - ,0.00%,, - , - 
PE44761,PE4476,엘군텔레콤,서울,노원구,상계동,서울특별시 노원구 상계로1길 14-11,D15146,PS&M,중복점,50%,2,1,, - ,1, - ,,1, - ,0.00%,, - , - 
PE44762,PE4476,엘군텔레콤,서울,노원구,상계동,서울특별시 노원구 상계로1길 14-11,D15117,알파대리점,중복점,50%,2,1,, - , - ,1,, - , - ,0.00%,, - , - 
PE44891,PE4489,하이컴퍼니,서울,종로구,무악동,서울특별시종로구통일로14길2,D15146,PS&M,PS_전속,100%,2,2,, - ,1,1,,1, - ,0.00%,, - , - 
PE44951,PE4495,약지금,경기,의정부시,민락동,경기도 의정부시 승지로 8,D15117,알파대리점,수도권_전속,100%,2,2,, - ,2, - ,,2, - ,0.00%,, - ,2
PE45191,PE4519,우리가치,경기,화성시 동탄구,반송동,경기도 화성시 동탄반송3길 30-18,D15146,PS&M,중복점,50%,2,1,, - , - ,1,, - , - ,0.00%,, - , - 
PE45192,PE4519,우리가치,경기,화성시 동탄구,반송동,경기도 화성시 동탄반송3길 30-18,D13827,지은대리점,중복점,50%,2,1,, - , - ,1,, - , - ,0.00%,, - , - 
PE45241,PE4524,휴대폰센터 마북점,경기,용인시 기흥구,마북동,경기도 용인시 기흥구 용구대로2394번길 2,D13827,지은대리점,수도권_전속,100%,2,2,, - ,1,1,,1, - ,0.00%,, - , - 
PE46091,PE4609,우리텔레콤,경기,수원시 권선구,호매실동,경기도수원시권선구매실로32,D15146,PS&M,PS_전속,100%,2,2,, - ,2, - ,,1,1,50.00%,, - , - 
PE46461,PE4646,와룡컴퍼니 동해점,강원,동해시,천곡동,강원특별자치도 동해시 한섬로 73,D13965,대교대리점,수도권_전속,100%,2,2,, - ,2, - ,,2, - ,0.00%,, - , - 
PE47261,PE4726,백석점YL통신,경기,고양시 일산동구,백석동,경기도 고양시 일산동구 장백로 60,D13952,참스타대리점,수도권_전속,100%,2,2,,1, - ,1,, - , - ,0.00%,, - , - 
PE47271,PE4727,대산,서울,은평구,구산동,서울특별시 은평구 연서로 137,D13827,지은대리점,중복점,50%,2,1,, - , - ,1,, - , - ,0.00%,, - , - 
PE47272,PE4727,대산,서울,은평구,구산동,서울특별시 은평구 연서로 137,D15146,PS&M,중복점,50%,2,1,, - , - ,1,, - , - ,0.00%,, - , - 
PE47281,PE4728,청백텔레콤,서울,노원구,월계동,서울특별시 노원구 월계로45가길 89,D14342,신창대리점,수도권_전속,100%,2,2,, - ,1,1,,1, - ,0.00%,, - ,1
PE47921,PE4792,주식회사 별마루,인천,서구,청라동,인천광역시 서구 청라라임로 85,D15146,PS&M,PS_전속,100%,2,2,,1, - ,1,, - , - ,0.00%,, - , - 
PE48061,PE4806,휴대폰성지 스타모바일 14호,경기,시흥시,대야동,경기도 시흥시 호현로40번길 16,D15121,CD대리점,수도권_전속,100%,2,2,, - ,1,1,,1, - ,0.00%,, - , - 
PE48261,PE4826,원주휴대폰성지 휴대폰아울렛,강원,원주시,중앙동,강원특별자치도 원주시 원일로 130,D13742,한유대리점,중복점,50%,2,1,, - , - ,1,, - , - ,0.00%,, - , - 
PE48262,PE4826,원주휴대폰성지 휴대폰아울렛,강원,원주시,중앙동,강원특별자치도 원주시 원일로 130,D15146,PS&M,중복점,50%,2,1,,1, - , - ,, - , - ,0.00%,, - , - 
PE48521,PE4852,망원 텔레콤,서울,마포구,성산동,서울특별시 마포구 월드컵로 108,D13951,강남스타대리점,중복점,50%,2,1,, - ,1, - ,,1, - ,0.00%,, - , - 
PE48522,PE4852,망원 텔레콤,서울,마포구,성산동,서울특별시 마포구 월드컵로 108,D13357,가능대리점,중복점,50%,2,1,, - , - ,1,, - , - ,0.00%,, - , - 
PE48731,PE4873,휴대폰성지 파인애플상가점,서울,송파구,잠실동,서울특별시 송파구 올림픽로 119,D13357,가능대리점,수도권_전속,100%,2,2,, - ,2, - ,,2, - ,0.00%,, - ,1
PE49041,PE4904,좋은선택 주식회사 라페점,경기,고양시 일산동구,장항동,경기도 고양시 일산동구 무궁화로 20-11,D13858,새서울대리점,수도권_전속,100%,2,2,, - ,2, - ,,1,1,50.00%,, - , - 
PE49071,PE4907,플렉스폰,경기,군포시,대야미동,경기도군포시대야1로7,D15146,PS&M,PS_전속,100%,2,2,, - ,1,1,,1, - ,0.00%,, - , - 
PE49221,PE4922,우리텔레콤,경기,화성시 효행구,봉담읍,경기도 화성시 봉담읍 와우안길 46,D15146,PS&M,PS_전속,100%,2,2,, - ,1,1,,1, - ,0.00%,, - , - 
PE49441,PE4944,준케이모바일,서울,중랑구,망우동,서울특별시 중랑구 용마산로 498,F13586,신도SDR,수도권_전속,100%,2,2,, - ,1,1,,1, - ,0.00%,, - , - 
PE49681,PE4968,휴대폰성지 세모폰 부천도당점,경기,부천시 원미구,도당동,경기도 부천시 원미구 삼작로 257,D15121,CD대리점,수도권_전속,100%,2,2,, - ,1,1,,1, - ,0.00%,, - , - 
PE49941,PE4994,에스유컴퍼니,인천,미추홀구,주안동,인천광역시 미추홀구 미추홀대로 576,D13124,UNI대리점,수도권_전속,100%,2,2,, - ,2, - ,,2, - ,0.00%,, - , - 
PE50411,PE5041,행복통신,서울,은평구,응암동,서울특별시 은평구 응암로 248,D14342,신창대리점,중복점,50%,2,1,, - , - ,1,, - , - ,0.00%,, - , - 
PE50412,PE5041,행복통신,서울,은평구,응암동,서울특별시 은평구 응암로 248,D13858,새서울대리점,중복점,50%,2,1,, - , - ,1,, - , - ,0.00%,, - , - 
PE50491,PE5049,은지텔레콤,경기,안양시 만안구,안양동,경기도 안양시 만안구 문예로52번길 27,D13965,대교대리점,수도권_전속,100%,2,2,, - ,1,1,,1, - ,0.00%,, - , - 
PE50721,PE5072,휴대폰성지옆커폰가산점,서울,금천구,가산동,서울특별시금천구벚꽃로36길30,D15146,PS&M,중복점,50%,2,1,, - ,1, - ,,1, - ,0.00%,, - , - 
PE50722,PE5072,휴대폰성지옆커폰가산점,서울,금천구,가산동,서울특별시금천구벚꽃로36길30,D14674,서울ent대리점,중복점,50%,2,1,, - , - ,1,, - , - ,0.00%,, - , - 
PE51841,PE5184,휴대폰성지진접역점,경기,남양주시,진접읍,경기도 남양주시 진접읍 해밀예당1로 221,D13965,대교대리점,수도권_전속,100%,2,2,, - , - ,2,, - , - ,0.00%,, - , - 
PE52611,PE5261,휴대폰성지 옆커폰진접점,경기,남양주시,진접읍,경기도 남양주시 진접읍 해밀예당3로 51,D14674,서울ent대리점,수도권_전속,100%,2,2,, - , - ,2,, - , - ,0.00%,, - , - 
PE52791,PE5279,휴대폰성지 옆커폰 김포구래점,경기,김포시,구래동,경기도 김포시 솔터로 22,D15146,PS&M,PS_전속,100%,2,2,, - , - ,2,, - , - ,0.00%,, - , - 
PE53001,PE5300,휴대폰성지 클린폰 군포점,경기,군포시,산본동,경기도 군포시 공단로 356-54,D13357,가능대리점,수도권_전속,100%,2,2,, - , - ,2,, - , - ,0.00%,, - , - 
PE53761,PE5376,창우,서울,도봉구,쌍문동,서울특별시도봉구도봉로109길69,D15146,PS&M,PS_전속,100%,2,2,, - , - ,2,, - , - ,0.00%,, - , - 
PE54271,PE5427,착한핸드폰가게,인천,계양구,효성동,인천광역시 계양구 안남로 568,D13952,참스타대리점,수도권_전속,100%,2,2,, - , - ,2,, - , - ,0.00%,, - , - 
PE54531,PE5453,알뜰휴대폰 오산점,경기,오산시,오산동,경기도 오산시 경기대로 271,D13965,대교대리점,중복점,50%,2,1,, - ,1, - ,,1, - ,0.00%,, - , - 
PE54532,PE5453,알뜰휴대폰 오산점,경기,오산시,오산동,경기도 오산시 경기대로 271,D13542,삼보대리점,중복점,50%,2,1,, - ,1, - ,,1, - ,0.00%,, - , - 
PE54561,PE5456,옆커폰성지 운양점,경기,김포시,운양동,경기도김포시김포한강11로28832,D15146,PS&M,PS_전속,100%,2,2,,1,1, - ,,1, - ,0.00%,, - , - 
PE54801,PE5480,청춘대길 광명점,경기,광명시,소하동,경기도 광명시 금하로 534,F13586,신도SDR,수도권_전속,100%,2,2,, - , - ,2,, - , - ,0.00%,, - , - 
PE55051,PE5505,후폰,경기,안양시 만안구,안양동,경기도 안양시 만안구 안양로320번길 17,D14342,신창대리점,수도권_전속,100%,2,2,, - , - ,2,, - , - ,0.00%,, - , - 
PE55311,PE5531,텐텐통신,경기,부천시 소사구,소사본동,경기도 부천시 소사구 소삼로 9,D15146,PS&M,PS_전속,100%,2,2,,1, - ,1,, - , - ,0.00%,, - , - 
PE55431,PE5543,태양모바일,경기,고양시 일산동구,장항동,경기도 고양시 일산동구 정발산로 24,D13357,가능대리점,수도권_전속,100%,2,2,, - , - ,2,, - , - ,0.00%,, - , - 
PE56081,PE5608,휴대폰성지 옆커폰 수유점,서울,강북구,수유동,서울특별시 강북구 덕릉로 82,D14674,서울ent대리점,수도권_전속,100%,2,2,, - , - ,2,, - , - ,0.00%,, - , - 
PE56461,PE5646,민지정보,경기,안양시 동안구,관양동,"경기 안양시 동안구 관악대로 297,",D15146,PS&M,PS_전속,100%,2,2,, - , - ,2,, - , - ,0.00%,, - , - 
PE56491,PE5649,노란마켓 동해점,강원,동해시,나안동,강원특별자치도 동해시 청운1길 73,D13952,참스타대리점,수도권_전속,100%,2,2,, - , - ,2,, - , - ,0.00%,, - , - 
PE57151,PE5715,휴대폰성지옆커폰경안점,경기,광주시,경안동,경기도 광주시 중앙로 113,D14674,서울ent대리점,수도권_전속,100%,2,2,, - , - ,2,, - , - ,0.00%,, - , - 
PE57271,PE5727,옆커폰성지 일산주엽점,경기,고양시 일산서구,주엽동,경기도 고양시 일산서구 중앙로 1456,D14674,서울ent대리점,수도권_전속,100%,2,2,, - , - ,2,, - , - ,0.00%,, - , - 
PE57371,PE5737,정석텔레콤,인천,미추홀구,학익동,인천광역시 미추홀구 재넘이길 6,D13225,광장대리점,수도권_전속,100%,2,2,,1, - ,1,, - , - ,0.00%,, - , - 
PE57471,PE5747,휴대폰성지세모폰송도풍림아이원,인천,연수구,송도동,"인천 연수구 신송로118번길 6,",D15146,PS&M,중복점,50%,2,1,, - , - ,1,, - , - ,0.00%,, - , - 
PE57472,PE5747,휴대폰성지세모폰송도풍림아이원,인천,연수구,송도동,"인천 연수구 신송로118번길 6,",D15121,CD대리점,중복점,50%,2,1,, - ,1, - ,, - ,1,100.00%,, - , - 
PE57671,PE5767,케이스토어 권선시장점,경기,수원시 권선구,권선동,경기도 수원시 권선구 세권로 188,D13622,MD대리점,수도권_전속,100%,2,2,, - ,2, - ,,2, - ,0.00%,, - , - 
PE58021,PE5802,에이비씨모바일,서울,강동구,천호동,서울특별시 강동구 올림픽로92길 66,D13827,지은대리점,수도권_전속,100%,2,2,, - , - ,2,, - , - ,0.00%,, - ,1
PE58361,PE5836,안심폰,경기,파주시,와동동,"경기 파주시 가온로 200,",D13124,UNI대리점,수도권_전속,100%,2,2,, - , - ,2,, - , - ,0.00%,, - , - 
PE58821,PE5882,휴대폰성지,인천,남동구,논현동,인천광역시 남동구 논고개로123번길 28,D13965,대교대리점,수도권_전속,100%,2,2,, - ,1,1,,1, - ,0.00%,, - , - 
PE59131,PE5913,휴대폰성지 판다폰 정왕점,경기,시흥시,정왕동,경기도 시흥시 함송로29번길 7,D13827,지은대리점,수도권_전속,100%,2,2,, - , - ,2,, - , - ,0.00%,, - , - 
PE59511,PE5951,엠아이텔레콤,경기,평택시,고덕동,경기도 평택시 함박산9길 11,D13742,한유대리점,수도권_전속,100%,2,2,, - , - ,2,, - , - ,0.00%,, - , - 
PE59561,PE5956,더블유모바일,인천,서구,가좌동,인천광역시 서구 고래울로 44,D13952,참스타대리점,중복점,50%,2,1,, - ,1, - ,,1, - ,0.00%,, - , - 
PE59562,PE5956,더블유모바일,인천,서구,가좌동,인천광역시 서구 고래울로 44,D15146,PS&M,중복점,50%,2,1,, - , - ,1,, - , - ,0.00%,, - , - 
PE59741,PE5974,원당제이,경기,고양시 덕양구,성사동,경기도 고양시 덕양구 고양대로1384번길 6,D13622,MD대리점,수도권_전속,100%,2,2,, - ,2, - ,,2, - ,0.00%,, - , - 
PE59991,PE5999,일직모바일,경기,광명시,일직동,경기도 광명시 일직로 28,D15121,CD대리점,수도권_전속,100%,2,2,, - , - ,2,, - , - ,0.00%,, - , - 
PE60051,PE6005,주아텔레콤,서울,중구,중림동,서울특별시 중구 중림로 10,D15051,프리스비,수도권_전속,100%,2,2,,2, - , - ,, - , - ,0.00%,, - , - 
PE60321,PE6032,휴대폰성지,서울,강서구,마곡동,서울특별시 강서구 마곡중앙5로 87,D14674,서울ent대리점,수도권_전속,100%,2,2,,1, - ,1,, - , - ,0.00%,, - , - 
PE60431,PE6043,샤크텔레콤,경기,김포시,북변동,경기도 김포시 사우중로 79,D15051,프리스비,수도권_전속,100%,2,2,,1, - ,1,, - , - ,0.00%,, - ,1
PE60621,PE6062,샤크텔레콤,경기,김포시,장기동,경기도 김포시 김포한강2로 110,D15051,프리스비,수도권_전속,100%,2,2,,1, - ,1,, - , - ,0.00%,, - , - 
PE60961,PE6096,핸드폰클리닉 성지 운정점,경기,파주시,와동동,경기도 파주시 경의로1240번길 31,D15121,CD대리점,수도권_전속,100%,2,2,, - ,2, - ,,2, - ,0.00%,, - , - 
PE61031,PE6103,휴대폰성지 옆커폰백석점,경기,고양시 일산동구,백석동,경기도고양시일산동구중앙로1080,D15146,PS&M,PS_전속,100%,2,2,,1, - ,1,, - , - ,0.00%,, - , - 
PE61041,PE6104,휴대폰성지 옆커폰 원종직영점,경기,부천시 오정구,작동,경기도 부천시 오정구 소사로 680,D14674,서울ent대리점,수도권_전속,100%,2,2,, - , - ,2,, - , - ,0.00%,, - ,1
PE61321,PE6132,조은정보,경기,수원시 권선구,세류동,경기도수원시권선구정조로572,D15146,PS&M,PS_전속,100%,2,2,,1, - ,1,, - , - ,0.00%,, - , - 
PE61481,PE6148,새로통신,서울,구로구,구로동,서울특별시 구로구 구로중앙로8길 39-1,D13124,UNI대리점,수도권_전속,100%,2,2,, - ,2, - ,,2, - ,0.00%,, - , - 
PE62091,PE6209,휴대폰성지 스마트통신,서울,마포구,창전동,서울특별시마포구독막로146,D15146,PS&M,PS_전속,100%,2,2,, - ,2, - ,, - ,2,100.00%,, - , - 
PE62201,PE6220,이가네통신 2점,경기,고양시 일산서구,탄현동,경기도 고양시 일산서구 일현로 95,D13622,MD대리점,수도권_전속,100%,2,2,, - , - ,2,, - , - ,0.00%,, - , - 
PE62371,PE6237,휴대폰성지 옆커폰 별내별가람,경기,남양주시,별내동,경기도 남양주시 덕송2로6번길 28-26,D14674,서울ent대리점,수도권_전속,100%,2,2,, - ,1,1,,1, - ,0.00%,, - , - 
PE62441,PE6244,우리동네도매폰2호,경기,고양시 일산동구,중산동,경기도 고양시 일산동구 중산로 67,D13357,가능대리점,중복점,50%,2,1,, - , - ,1,, - , - ,0.00%,, - , - 
PE62442,PE6244,우리동네도매폰2호,경기,고양시 일산동구,중산동,경기도 고양시 일산동구 중산로 67,D13225,광장대리점,중복점,50%,2,1,, - , - ,1,, - , - ,0.00%,, - , - 
PE62461,PE6246,휴대폰성지옆커폰송도랜드마크점,인천,연수구,송도동,인천광역시 연수구 센트럴로 313,D14674,서울ent대리점,수도권_전속,100%,2,2,,1,1, - ,,1, - ,0.00%,, - , - 
PE62661,PE6266,휴대폰성지 강북,서울,강북구,미아동,서울특별시 강북구 솔매로 110,D13622,MD대리점,중복점,50%,2,1,, - , - ,1,, - , - ,0.00%,, - , - 
PE62662,PE6266,휴대폰성지 강북,서울,강북구,미아동,서울특별시 강북구 솔매로 110,D15146,PS&M,중복점,50%,2,1,,1, - , - ,, - , - ,0.00%,, - , - 
PE62911,PE6291,휴대폰성지옆커폰약대점,경기,부천시 오정구,삼정동,경기도부천시오정구중동로398,D15146,PS&M,PS_전속,100%,2,2,, - ,1,1,,1, - ,0.00%,, - , - 
PE63461,PE6346,휴대폰의모든것 청춘대길정릉점,서울,성북구,정릉동,서울특별시 성북구 보국문로 48,F13586,신도SDR,수도권_전속,100%,2,2,, - , - ,2,, - , - ,0.00%,, - , - 
PE63491,PE6349,알뜰휴대폰 금천점,서울,금천구,독산동,서울특별시 금천구 두산로 71,D13542,삼보대리점,수도권_전속,100%,2,2,, - , - ,2,, - , - ,0.00%,, - , - 
PE63841,PE6384,솔루션,경기,안산시 단원구,선부동,경기도 안산시 단원구 선여불로 35,D13124,UNI대리점,수도권_전속,100%,2,2,, - , - ,2,, - , - ,0.00%,, - , - 
PE63851,PE6385,와이파이,인천,부평구,부평동,인천광역시 부평구 경원대로 1429,D13858,새서울대리점,수도권_전속,100%,2,2,, - , - ,2,, - , - ,0.00%,, - , - 
PE64121,PE6412,오라방텔레콤 평택고덕함박산점,경기,평택시,고덕동,경기도 평택시 함박산9길 3,D14674,서울ent대리점,수도권_전속,100%,2,2,, - ,1,1,,1, - ,0.00%,, - , - 
PE64441,PE6444,더바른폰,경기,의정부시,민락동,경기도 의정부시 배꽃길 7,D15146,PS&M,PS_전속,100%,2,2,, - , - ,2,, - , - ,0.00%,, - , - 
PE64511,PE6451,용인휴대폰성지일등폰 수지구점,경기,용인시 수지구,풍덕천동,경기도 용인시 수지구 풍덕천로 122,D13965,대교대리점,수도권_전속,100%,2,2,, - , - ,2,, - , - ,0.00%,, - , - 
PE64711,PE6471,휴대폰성지 따르릉통신 수유점,서울,강북구,미아동,서울특별시 강북구 도봉로 272,D13225,광장대리점,수도권_전속,100%,2,2,, - , - ,2,, - , - ,0.00%,, - , - 
PE64801,PE6480,지엔텔레콤,경기,안양시 만안구,안양동,경기도 안양시 만안구 경수대로 1175,D15121,CD대리점,수도권_전속,100%,2,2,, - ,1,1,,1, - ,0.00%,, - ,1
PE64861,PE6486,원 텔레콤,인천,남동구,만수동,인천광역시 남동구 장승남로 54,D13542,삼보대리점,중복점,50%,2,1,, - , - ,1,, - , - ,0.00%,, - , - 
PE64862,PE6486,원 텔레콤,인천,남동구,만수동,인천광역시 남동구 장승남로 54,D13622,MD대리점,중복점,50%,2,1,, - ,1, - ,,1, - ,0.00%,, - , - 
PE64911,PE6491,모아폰,경기,김포시,풍무동,경기도 김포시 풍무로146번길 26,D13827,지은대리점,수도권_전속,100%,2,2,, - ,1,1,,1, - ,0.00%,, - , - 
PE65151,PE6515,최강통신,강원,춘천시,퇴계동,"강원 춘천시 안마산로 133,",D15146,PS&M,PS_전속,100%,2,2,, - ,1,1,,1, - ,0.00%,, - , - 
PE65191,PE6519,휴대폰성지 폰통령 (다산),경기,남양주시,다산동,경기도 남양주시 다산중앙로123번길 22-24,D13827,지은대리점,수도권_전속,100%,2,2,, - ,1,1,,1, - ,0.00%,, - ,1
PE65281,PE6528,에스피컴퍼니,경기,안산시 상록구,본오동,경기도 안산시 상록구 샘골로 111,D13124,UNI대리점,수도권_전속,100%,2,2,, - ,1,1,, - ,1,100.00%,, - , - 
PE65291,PE6529,휴대폰성지 옆커폰 오포능평점,경기,광주시,능평동,경기도 광주시 능평로 206-6,D14674,서울ent대리점,수도권_전속,100%,2,2,, - , - ,2,, - , - ,0.00%,, - , - 
PE65601,PE6560,싸다폰 덕계점,경기,양주시,덕계동,경기도 양주시 덕계로4길 24,D15051,프리스비,수도권_전속,100%,2,2,, - ,1,1,, - ,1,100.00%,, - ,1
PE65841,PE6584,남양주휴대폰성지옆커폰도농점,경기,남양주시,다산동,경기도 남양주시 미금로 235,D14674,서울ent대리점,수도권_전속,100%,2,2,, - , - ,2,, - , - ,0.00%,, - , - 
PE65851,PE6585,애플모바일 개봉점,서울,구로구,개봉동,서울특별시 구로구 고척로 132,D13965,대교대리점,중복점,50%,2,1,, - , - ,1,, - , - ,0.00%,, - , - 
PE65852,PE6585,애플모바일 개봉점,서울,구로구,개봉동,서울특별시 구로구 고척로 132,D13124,UNI대리점,중복점,50%,2,1,, - ,1, - ,,1, - ,0.00%,, - , - 
PE66121,PE6612,새롬모바일,인천,서구,원당동,인천광역시 서구 원당대로 853,D13542,삼보대리점,수도권_전속,100%,2,2,, - ,2, - ,,2, - ,0.00%,, - , - 
PE67521,PE6752,모여라 정보통신,인천,계양구,작전동,인천광역시계양구효서로341,D15146,PS&M,PS_전속,100%,2,2,, - , - ,2,, - , - ,0.00%,, - , - 
PE67801,PE6780,새롬모바일,인천,미추홀구,학익동,인천 미추홀구 한나루로 429-1,D13622,MD대리점,수도권_전속,100%,2,2,, - , - ,2,, - , - ,0.00%,, - , - 
PE68741,PE6874,휴대폰성지따르릉통신원흥역점,경기,고양시 덕양구,원흥동,경기도 고양시 덕양구 권율대로 671,D13827,지은대리점,수도권_전속,100%,2,2,,1,1, - ,,1, - ,0.00%,, - , - 
PE69631,PE6963,오티움모바일,서울,영등포구,대림동,서울특별시 영등포구 디지털로 437-1,D15146,PS&M,중복점,50%,2,1,, - ,1, - ,,1, - ,0.00%,, - , - 
PE69632,PE6963,오티움모바일,서울,영등포구,대림동,서울특별시 영등포구 디지털로 437-1,D15121,CD대리점,중복점,50%,2,1,, - , - ,1,, - , - ,0.00%,, - , - 
PE69711,PE6971,휴대폰성지 메가폰 송도점,인천,연수구,송도동,인천광역시 연수구 인천타워대로132번길 9,D13225,광장대리점,수도권_전속,100%,2,2,, - ,1,1,,1, - ,0.00%,, - , - 
PE69941,PE6994,휴대폰성지 신검단 중앙점,인천,서구,불로동,인천광역시 서구 금정로 12,D15121,CD대리점,수도권_전속,100%,2,2,, - , - ,2,, - , - ,0.00%,, - , - 
PE70011,PE7001,초콜릿 모바일,인천,서구,검암동,인천광역시 서구 승학로 567,D13952,참스타대리점,수도권_전속,100%,2,2,, - , - ,2,, - , - ,0.00%,, - , - 
PE70531,PE7053,행복영락통신,경기,수원시 팔달구,매산로1가,경기도 수원시 팔달구 덕영대로 937,D15173,정원대리점,수도권_전속,100%,2,2,, - ,2, - ,,2, - ,0.00%,, - , - 
PE71051,PE7105,옆커폰 사가정점,서울,중랑구,면목동,서울특별시 중랑구 사가정로 382,D13546,ACT대리점,수도권_전속,100%,2,2,, - ,1,1,,1, - ,0.00%,, - , - 
PE71191,PE7119,에스제이컴퍼니,경기,오산시,오산동,경기도 오산시 성호대로 72,D13965,대교대리점,중복점,50%,2,1,, - ,1, - ,,1, - ,0.00%,, - , - 
PE71192,PE7119,에스제이컴퍼니,경기,오산시,오산동,경기도 오산시 성호대로 72,D13542,삼보대리점,중복점,50%,2,1,, - , - ,1,, - , - ,0.00%,, - , - 
PE71221,PE7122,오남휴대폰할인매장,경기,남양주시,오남읍,경기도 남양주시 오남읍 진건오남로 782,D13965,대교대리점,수도권_전속,100%,2,2,, - , - ,2,, - , - ,0.00%,, - , - 
PE71711,PE7171,보배컴퍼니,경기,부천시 원미구,중동,경기도 부천시 원미구 장말로216번길 3,D13542,삼보대리점,수도권_전속,100%,2,2,, - , - ,2,, - , - ,0.00%,, - , - 
PE71941,PE7194,우리동네 휴대폰 성지,인천,계양구,작전동,인천광역시계양구아나지로247번길22,D15146,PS&M,PS_전속,100%,2,2,, - ,2, - ,,2, - ,0.00%,, - , - 
PE72221,PE7222,하이랜드,경기,구리시,수택동,경기도 구리시 이문안로 81,D13965,대교대리점,수도권_전속,100%,2,2,, - ,1,1,,1, - ,0.00%,, - , - 
PE72281,PE7228,친절통신,서울,구로구,구로동,"서울 구로구 새말로 97,",D15121,CD대리점,수도권_전속,100%,2,2,, - , - ,2,, - , - ,0.00%,, - , - 
PE72871,PE7287,구리휴대폰성지 성지폰구리점,경기,구리시,인창동,경기도 구리시 건원대로 95,D15146,PS&M,중복점,50%,2,1,, - , - ,1,, - , - ,0.00%,, - , - 
PE72872,PE7287,구리휴대폰성지 성지폰구리점,경기,구리시,인창동,경기도 구리시 건원대로 95,D14342,신창대리점,중복점,50%,2,1,, - , - ,1,, - , - ,0.00%,, - , - 
PE72951,PE7295,휴대폰성지 폰플러스 당곡점,서울,관악구,봉천동,서울특별시 관악구 보라매로2길 8,D15121,CD대리점,수도권_전속,100%,2,2,, - ,1,1,,1, - ,0.00%,, - , - 
PE73171,PE7317,휴대폰성지옆커폰양평그로브점,경기,양평군,양평읍,경기도 양평군 양평읍 흥청길 17,D14674,서울ent대리점,수도권_전속,100%,2,2,,1,1, - ,,1, - ,0.00%,, - , - 
PE73191,PE7319,제이디통신,서울,동대문구,답십리동,서울특별시 동대문구 전농로 15,D13357,가능대리점,수도권_전속,100%,2,2,, - , - ,2,, - , - ,0.00%,, - , - 
PE73321,PE7332,휴대폰성지 열정통신 인천연수점,인천,연수구,연수동,"인천 연수구 원인재로 300,",D15117,알파대리점,수도권_전속,100%,2,2,, - ,1,1,,1, - ,0.00%,, - , - 
PE73511,PE7351,혜성모바일,경기,수원시 권선구,당수동,경기도 수원시 권선구 당진로15번길 56,D15146,PS&M,PS_전속,100%,2,2,, - ,2, - ,,2, - ,0.00%,, - , - 
PE73551,PE7355,(MZ)폰 성지,경기,하남시,망월동,경기도 하남시 미사강변동로 95,D15121,CD대리점,수도권_전속,100%,2,2,, - , - ,2,, - , - ,0.00%,, - , - 
PE73711,PE7371,신봉휴대폰성지 휴대폰센터,경기,용인시 수지구,신봉동,경기도 용인시 수지구 신봉2로 5,D13827,지은대리점,수도권_전속,100%,2,2,, - , - ,2,, - , - ,0.00%,, - , - 
PE74141,PE7414,성공폰,경기,안산시 상록구,본오동,경기도 안산시 상록구 본오로 136-1,D13469,코넥,수도권_전속,100%,2,2,, - ,2, - ,,2, - ,0.00%,, - , - 
PE74231,PE7423,에스제이 컴퍼니,서울,마포구,서교동,서울특별시마포구와우산로19길27,D15146,PS&M,PS_전속,100%,2,2,, - , - ,2,, - , - ,0.00%,, - , - 
PE74361,PE7436,피스폰,서울,노원구,상계동,서울특별시 노원구 노원로 421,D14746,유원대리점,중복점,50%,2,1,, - , - ,1,, - , - ,0.00%,, - , - 
PE74362,PE7436,피스폰,서울,노원구,상계동,서울특별시 노원구 노원로 421,F13586,신도SDR,중복점,50%,2,1,, - , - ,1,, - , - ,0.00%,, - , - 
PE74411,PE7441,핸드폰클리닉 성지 미아점,서울,강북구,미아동,서울특별시 강북구 오현로6길 88,D13965,대교대리점,수도권_전속,100%,2,2,, - , - ,2,, - , - ,0.00%,, - ,1
PE74541,PE7454,휴대폰성지 청년폰 하남미사점,경기,하남시,망월동,경기도 하남시 미사강변동로 95,D15146,PS&M,PS_전속,100%,2,2,, - , - ,2,, - , - ,0.00%,, - , - 
PE74821,PE7482,이천 휴대폰 성지 쌀밥통신,경기,이천시,중리동,경기도 이천시 서희로 26,D15146,PS&M,PS_전속,100%,2,2,, - ,1,1,,1, - ,0.00%,, - , - 
PE75021,PE7502,캡틴모바일 대치점,서울,강남구,대치동,서울특별시 강남구 삼성로 237,D15146,PS&M,PS_전속,100%,2,2,, - , - ,2,, - , - ,0.00%,, - , - 
PE75281,PE7528,폰살롱,서울,강서구,염창동,서울특별시 강서구 공항대로 557,D13965,대교대리점,수도권_전속,100%,2,2,, - , - ,2,, - , - ,0.00%,, - , - 
PE75671,PE7567,핸드폰성지 폰공략,서울,관악구,신림동,"서울 관악구 남부순환로 1652,",D15146,PS&M,PS_전속,100%,2,2,, - , - ,2,, - , - ,0.00%,, - , - 
PE75801,PE7580,더블유케이 모바일,서울,은평구,갈현동,서울특별시 은평구 갈현로 206,D13858,새서울대리점,수도권_전속,100%,2,2,, - ,2, - ,,2, - ,0.00%,, - ,1
PE76231,PE7623,청사단텔레콤,인천,남동구,간석동,인천광역시 남동구 남동대로 880,D13827,지은대리점,수도권_전속,100%,2,2,,1,1, - ,,1, - ,0.00%,, - , - 
PE76341,PE7634,청년폰,경기,평택시,서정동,경기도평택시서정역로1,D15146,PS&M,PS_전속,100%,2,2,, - ,2, - ,,1,1,50.00%,, - , - 
PE76381,PE7638,휴대폰성지 옆커폰 시흥정왕점,경기,시흥시,정왕동,경기도 시흥시 정왕대로 64,D14674,서울ent대리점,수도권_전속,100%,2,2,,1,1, - ,, - ,1,100.00%,, - , - 
PE76761,PE7676,휴대폰성지 제이정보통신,인천,서구,신현동,인천광역시 서구 새오개로111번안길 21,D13952,참스타대리점,중복점,50%,2,1,, - ,1, - ,,1, - ,0.00%,, - , - 
PE76762,PE7676,휴대폰성지 제이정보통신,인천,서구,신현동,인천광역시 서구 새오개로111번안길 21,D13858,새서울대리점,중복점,50%,2,1,, - , - ,1,, - , - ,0.00%,, - , - 
PE77271,PE7727,후모바일,경기,고양시 일산서구,주엽동,경기도 고양시 일산서구 중앙로 1406,D13622,MD대리점,수도권_전속,100%,2,2,, - ,1,1,,1, - ,0.00%,, - , - 
PE77731,PE7773,(주)제이엔티직폰인계점,경기,수원시 팔달구,인계동,경기도 수원시 팔달구 권광로 208,D13546,ACT대리점,수도권_전속,100%,2,2,, - , - ,2,, - , - ,0.00%,, - , - 
PE77741,PE7774,휴대폰성지 범박점,경기,부천시 소사구,괴안동,경기도 부천시 소사구 범안로 54,D14674,서울ent대리점,수도권_전속,100%,2,2,, - , - ,2,, - , - ,0.00%,, - , - 
PE77791,PE7779,휴대폰 성지 옆커폰 용인흥점,경기,용인시 기흥구,영덕동,경기도 용인시 기흥구 흥덕2로75번길 12,D14674,서울ent대리점,수도권_전속,100%,2,2,, - , - ,2,, - , - ,0.00%,, - , - 
PE77821,PE7782,주식회사 폰오션,경기,안산시 상록구,월피동,"경기 안산시 상록구 충장로 584,",D13827,지은대리점,수도권_전속,100%,2,2,, - ,1,1,,1, - ,0.00%,, - , - 
PE77901,PE7790,휴대폰 도매센터,경기,용인시 수지구,풍덕천동,경기도용인시수지구풍덕천로119,D15146,PS&M,PS_전속,100%,2,2,, - ,1,1,,1, - ,0.00%,, - , - 
PE78221,PE7822,휴대폰성지 옆커폰 망원점,서울,마포구,서교동,서울특별시 마포구 월드컵로 64,D14674,서울ent대리점,수도권_전속,100%,2,2,, - , - ,2,, - , - ,0.00%,, - , - 
PE78281,PE7828,휴대폰성지 세마폰,경기,오산시,세교동,경기도오산시수목원로606,D15146,PS&M,PS_전속,100%,2,2,, - ,1,1,,1, - ,0.00%,, - , - 
PE78661,PE7866,옆커폰 속초중앙점,강원,속초시,중앙동,강원특별자치도속초시중앙로1391,D15146,PS&M,PS_전속,100%,2,2,, - ,1,1,,1, - ,0.00%,, - , - 
PE78881,PE7888,휴대폰 성지 싸당 서초점,서울,서초구,방배동,서울특별시 서초구 서초대로 3-4,D15121,CD대리점,수도권_전속,100%,2,2,, - , - ,2,, - , - ,0.00%,, - , - 
PE79311,PE7931,휴대폰성지 옆커폰 시흥장곡점,경기,시흥시,장곡동,경기도 시흥시 장곡로 35-1,D14674,서울ent대리점,수도권_전속,100%,2,2,, - , - ,2,, - , - ,0.00%,, - , - 
PE79451,PE7945,휴대폰성지스마트폰면세점지제점,경기,평택시,지제동,경기도 평택시 지제동삭1로 41,D13965,대교대리점,수도권_전속,100%,2,2,, - , - ,2,, - , - ,0.00%,, - , - 
PE79521,PE7952,새롬텔레콤,인천,미추홀구,용현동,인천광역시 미추홀구 낙섬서로 46,D13952,참스타대리점,수도권_전속,100%,2,2,, - ,1,1,,1, - ,0.00%,, - , - 
PE79651,PE7965,휴대폰성지 폰슐랭 시흥점,경기,시흥시,배곧동,경기도 시흥시 서울대학로 77,D14674,서울ent대리점,중복점,50%,2,1,, - , - ,1,, - , - ,0.00%,, - , - 
PE79652,PE7965,휴대폰성지 폰슐랭 시흥점,경기,시흥시,배곧동,경기도 시흥시 서울대학로 77,D13546,ACT대리점,중복점,50%,2,1,, - , - ,1,, - , - ,0.00%,, - , - 
PE80091,PE8009,휴대폰성지 정직폰 마포점,서울,마포구,용강동,서울특별시 마포구 토정로31길 23,D15121,CD대리점,수도권_전속,100%,2,2,, - , - ,2,, - , - ,0.00%,, - , - 
PE80111,PE8011,퍼스트 컴퍼니,서울,관악구,신림동,서울특별시 관악구 조원로 28,D13965,대교대리점,수도권_전속,100%,2,2,, - ,2, - ,,1,1,50.00%,, - ,1
PE80981,PE8098,휴대폰성지 도심역점,경기,남양주시,와부읍,경기도 남양주시 와부읍 덕소로 213,D15121,CD대리점,수도권_전속,100%,2,2,,1, - ,1,, - , - ,0.00%,, - , - 
PE81161,PE8116,동해폰,강원,동해시,천곡동,"강원 동해시 천곡로 49-1,",D13469,코넥,수도권_전속,100%,2,2,, - , - ,2,, - , - ,0.00%,, - , - 
PE81321,PE8132,퍼스트모바일,서울,양천구,신월동,서울특별시 양천구 월정로 50,D15157,근흥대리점,수도권_전속,100%,2,2,, - , - ,2,, - , - ,0.00%,, - , - 
PE81421,PE8142,휴대폰성지 마전역점,인천,서구,마전동,인천광역시 서구 완정로 70,D14674,서울ent대리점,수도권_전속,100%,2,2,, - , - ,2,, - , - ,0.00%,, - , - 
PE81591,PE8159,휴대폰성지옆커폰의정부금오점,경기,의정부시,금오동,경기도 의정부시 청사로 50,D13546,ACT대리점,수도권_전속,100%,2,2,,1, - ,1,, - , - ,0.00%,, - , - 
PE81671,PE8167,에이치에스통신,경기,파주시,와동동,경기도 파주시 미래로602번길 3,D15146,PS&M,중복점,50%,2,1,, - , - ,1,, - , - ,0.00%,, - , - 
PE81672,PE8167,에이치에스통신,경기,파주시,와동동,경기도 파주시 미래로602번길 3,D13622,MD대리점,중복점,50%,2,1,, - ,1, - ,,1, - ,0.00%,, - , - 
PE81681,PE8168,바른모바일,강원,태백시,황지동,강원태백시연지로13,D15146,PS&M,PS_전속,100%,2,2,, - , - ,2,, - , - ,0.00%,, - , - 
PE81811,PE8181,성남휴대폰성지 은행점,경기,성남시 수정구,양지동,경기도 성남시 수정구 산성대로 489,D13965,대교대리점,수도권_전속,100%,2,2,,2, - , - ,, - , - ,0.00%,, - , - 
PE81931,PE8193,티와이모바일 스타필드점,경기,수원시 장안구,정자동,경기도 수원시 장안구 수성로 247,D15146,PS&M,PS_전속,100%,2,2,,1,1, - ,,1, - ,0.00%,, - , - 
PE81961,PE8196,에스에스모바일,경기,김포시,구래동,경기도 김포시 김포한강4로 487,D14746,유원대리점,수도권_전속,100%,2,2,, - , - ,2,, - , - ,0.00%,, - , - 
PE82071,PE8207,휴대폰성지 버스폰 논현점,인천,남동구,논현동,인천광역시 남동구 앵고개로815번길 19,D13622,MD대리점,수도권_전속,100%,2,2,, - , - ,2,, - , - ,0.00%,, - , - 
PE82411,PE8241,휴대폰성지 버스폰 운서역점,인천,중구,운서동,인천광역시 중구 영종대로196번길 15-7,D13622,MD대리점,수도권_전속,100%,2,2,, - , - ,2,, - , - ,0.00%,, - , - 
PE82451,PE8245,스마트폰면세점 광명점,경기,광명시,광명동,경기도 광명시 새터로 27,D13542,삼보대리점,수도권_전속,100%,2,2,, - , - ,2,, - , - ,0.00%,, - , - 
PE82531,PE8253,바름,인천,부평구,부평동,인천광역시 부평구 동수북로 158,D15146,PS&M,중복점,50%,2,1,, - ,1, - ,,1, - ,0.00%,, - , - 
PE82532,PE8253,바름,인천,부평구,부평동,인천광역시 부평구 동수북로 158,D13124,UNI대리점,중복점,50%,2,1,, - , - ,1,, - , - ,0.00%,, - , - 
PE83161,PE8316,휴대폰 성지 싸당 동작점,서울,동작구,신대방동,서울특별시 동작구 시흥대로 606,D13542,삼보대리점,수도권_전속,100%,2,2,, - , - ,2,, - , - ,0.00%,, - , - 
PE83281,PE8328,휴대폰성지YL통신풍동점,경기,고양시 일산동구,풍동,경기도 고양시 일산동구 숲속마을1로 77,D13952,참스타대리점,중복점,50%,2,1,, - , - ,1,, - , - ,0.00%,, - , - 
PE83282,PE8328,휴대폰성지YL통신풍동점,경기,고양시 일산동구,풍동,경기도 고양시 일산동구 숲속마을1로 77,D15146,PS&M,중복점,50%,2,1,, - , - ,1,, - , - ,0.00%,, - , - 
PE83441,PE8344,엠아이티3651,서울,영등포구,영등포동6가,서울특별시영등포구영등포로191,D15146,PS&M,PS_전속,100%,2,2,, - ,2, - ,,2, - ,0.00%,, - , - 
PE83481,PE8348,슬기로운통신,인천,연수구,송도동,인천광역시 연수구 신송로 164,D15146,PS&M,PS_전속,100%,2,2,,1, - ,1,, - , - ,0.00%,, - , - 
PE83651,PE8365,휴대폰성지옆커폰남양주다산지점,경기,남양주시,다산동,"경기 남양주시 다산지금로 141,",D14674,서울ent대리점,수도권_전속,100%,2,2,, - ,1,1,,1, - ,0.00%,, - , - 
PE83801,PE8380,휴대폰성지 옆커폰 부천상동점,경기,부천시 원미구,상동,경기도 부천시 원미구 상동로 84,D14674,서울ent대리점,수도권_전속,100%,2,2,, - , - ,2,, - , - ,0.00%,, - , - 
PE83811,PE8381,인천휴대폰성지 성지어때,인천,미추홀구,주안동,인천광역시 미추홀구 남주길 150,F13586,신도SDR,수도권_전속,100%,2,2,, - , - ,2,, - , - ,0.00%,, - ,1
PE83961,PE8396,하나통신,인천,동구,송현동,"인천 동구 송현로 19,",D13952,참스타대리점,수도권_전속,100%,2,2,, - , - ,2,, - , - ,0.00%,, - , - 
PE85001,PE8500,원주휴대폰성지 단구점,강원,원주시,단구동,"강원 원주시 남원로534번길 28,",D83213,T&B대리점,수도권_전속,100%,2,2,, - ,1,1,,1, - ,0.00%,, - , - 
PE85251,PE8525,라인,경기,부천시 소사구,심곡본동,경기도 부천시 소사구 경인로 261,D13952,참스타대리점,수도권_전속,100%,2,2,,1, - ,1,, - , - ,0.00%,, - , - 
PE85591,PE8559,하이플러스,서울,구로구,구로동,서울특별시 구로구 새말로 97,D13742,한유대리점,수도권_전속,100%,2,2,, - , - ,2,, - , - ,0.00%,, - , - 
PE85611,PE8561,휴대폰성지 청년폰 강서점,서울,강서구,마곡동,서울특별시 강서구 강서로 391,D13357,가능대리점,수도권_전속,100%,2,2,,1, - ,1,, - , - ,0.00%,, - , - 
PE85621,PE8562,휴대폰성지안테나통신송파본점,서울,송파구,석촌동,서울 송파구 가락로 113,D15146,PS&M,중복점,50%,2,1,, - ,1, - ,,1, - ,0.00%,, - , - 
PE85622,PE8562,휴대폰성지안테나통신송파본점,서울,송파구,석촌동,서울 송파구 가락로 113,D15121,CD대리점,중복점,50%,2,1,, - ,1, - ,,1, - ,0.00%,, - , - 
PE85931,PE8593,개그통신,경기,성남시 중원구,성남동,"경기 성남시 중원구 산성대로 지하 204-5,",D15121,CD대리점,수도권_전속,100%,2,2,, - , - ,2,, - , - ,0.00%,, - , - 
PE86281,PE8628,호재통신,강원,춘천시,죽림동,강원특별자치도 춘천시 명동길 37-2,D13965,대교대리점,수도권_전속,100%,2,2,, - ,1,1,,1, - ,0.00%,, - , - 
PE86411,PE8641,휴대폰성지 옆커폰등촌점,서울,강서구,등촌동,"서울 강서구 공항대로41길 44,",D14674,서울ent대리점,중복점,50%,2,1,, - , - ,1,, - , - ,0.00%,, - , - 
PE86412,PE8641,휴대폰성지 옆커폰등촌점,서울,강서구,등촌동,"서울 강서구 공항대로41길 44,",D15146,PS&M,중복점,50%,2,1,, - ,1, - ,, - ,1,100.00%,, - , - 
PE86841,PE8684,나누리통신3호점,인천,서구,석남동,인천광역시 서구 길주로75번길 30,D13827,지은대리점,수도권_전속,100%,2,2,,1,1, - ,,1, - ,0.00%,, - , - 
PE87451,PE8745,원주휴대폰성지나라컴퍼니혁신점,강원,원주시,반곡동,강원특별자치도 원주시 건강로 23,D13742,한유대리점,수도권_전속,100%,2,2,, - ,1,1,,1, - ,0.00%,, - ,1
PE87511,PE8751,폰 시그널,경기,광주시,쌍령동,경기도 광주시 경충대로1461번길 16,D13622,MD대리점,수도권_전속,100%,2,2,, - , - ,2,, - , - ,0.00%,, - , - 
PE87571,PE8757,다쏜다 권지용 휴대폰성지,경기,고양시 덕양구,행신동,경기도 고양시 덕양구 충장로 122,D13357,가능대리점,수도권_전속,100%,2,2,, - , - ,2,, - , - ,0.00%,, - , - 
PE87661,PE8766,네티즌모바일 다산점,경기,남양주시,다산동,경기도 남양주시 다산중앙로 119,D13357,가능대리점,중복점,50%,2,1,, - , - ,1,, - , - ,0.00%,, - , - 
PE87662,PE8766,네티즌모바일 다산점,경기,남양주시,다산동,경기도 남양주시 다산중앙로 119,D15146,PS&M,중복점,50%,2,1,, - , - ,1,, - , - ,0.00%,, - , - 
PE87931,PE8793,강북구성지휴대폰성지핸드폰성지,서울,강북구,번동,서울특별시 강북구 한천로 1014,D14674,서울ent대리점,수도권_전속,100%,2,2,,1, - ,1,, - , - ,0.00%,, - , - 
PE88341,PE8834,휴대폰성지 세모폰 미리내점,경기,부천시 원미구,중동,"경기 부천시 원미구 소향로 239,",D15121,CD대리점,수도권_전속,100%,2,2,,1, - ,1,, - , - ,0.00%,, - , - 
PE88441,PE8844,홍천 휴대폰 와룡 중앙시장점,강원,홍천군,홍천읍,강원 홍천군 홍천읍 꽃뫼로 110,D15121,CD대리점,수도권_전속,100%,2,2,,1,1, - ,,1, - ,0.00%,, - , - 
PE88831,PE8883,휴대폰성지 휴맛집 청라점,인천,서구,청라동,인천광역시 서구 청라커낼로 264,D14674,서울ent대리점,중복점,50%,2,1,, - ,1, - ,,1, - ,0.00%,, - , - 
PE88832,PE8883,휴대폰성지 휴맛집 청라점,인천,서구,청라동,인천광역시 서구 청라커낼로 264,D15121,CD대리점,중복점,50%,2,1,, - ,1, - ,,1, - ,0.00%,, - ,1
PE88981,PE8898,9x모바일,서울,중랑구,면목동,,D15146,PS&M,PS_전속,100%,2,2,, - , - ,2,, - , - ,0.00%,, - , - 
PE89031,PE8903,성남퍼스트원,경기,성남시 중원구,상대원동,경기도성남시중원구금상로94,D15146,PS&M,PS_전속,100%,2,2,, - , - ,2,, - , - ,0.00%,, - , - 
PE89041,PE8904,도매폰,경기,안양시 동안구,관양동,경기도 안양시 동안구 관평로 314,D13965,대교대리점,수도권_전속,100%,2,2,, - ,1,1,,1, - ,0.00%,, - ,2
PE89341,PE8934,휴대폰성지 부평더샵점,인천,부평구,십정동,인천광역시 부평구 열우물로 90,D13542,삼보대리점,수도권_전속,100%,2,2,, - , - ,2,, - , - ,0.00%,, - , - 
PE89561,PE8956,휴대폰성지 옆커폰 평택역점,경기,평택시,평택동,"경기 평택시 평택2로 29-2,",D13225,광장대리점,수도권_전속,100%,2,2,, - ,1,1,,1, - ,0.00%,, - , - 
PE89741,PE8974,신설동성지모바일,서울,동대문구,신설동,서울특별시 동대문구 천호대로 26,D15146,PS&M,PS_전속,100%,2,2,, - ,2, - ,,2, - ,0.00%,, - , - 
PE90061,PE9006,딸랑이컴퍼니,경기,남양주시,호평동,,D15146,PS&M,PS_전속,100%,2,2,,1, - ,1,, - , - ,0.00%,, - , - 
PE90261,PE9026,휴대폰 성지 옆커폰 신촌점,서울,서대문구,창천동,서울특별시 서대문구 신촌로 63,D15146,PS&M,PS_전속,100%,2,2,, - ,1,1,,1, - ,0.00%,, - , - 
PE90351,PE9035,휴대폰성지 폰슐랭 안양지점,경기,안양시 동안구,비산동,경기도 안양시 동안구 시민대로159번길 25,D15157,근흥대리점,중복점,50%,2,1,, - , - ,1,, - , - ,0.00%,, - , - 
PE90352,PE9035,휴대폰성지 폰슐랭 안양지점,경기,안양시 동안구,비산동,경기도 안양시 동안구 시민대로159번길 25,D13546,ACT대리점,중복점,50%,2,1,, - , - ,1,, - , - ,0.00%,, - , - 
PE90481,PE9048,휴대폰성지스마트폰면세점봉담점,경기,화성시 효행구,봉담읍,"경기 화성시 효행구 봉담읍 삼봉안3길 6-5,",D13965,대교대리점,수도권_전속,100%,2,2,, - ,2, - ,,2, - ,0.00%,, - , - 
PE90771,PE9077,휴대폰성지 휴맛집 마석점,경기,남양주시,화도읍,"경기 남양주시 화도읍 마석로45번길 35,",D15121,CD대리점,수도권_전속,100%,2,2,, - , - ,2,, - , - ,0.00%,, - , - 
PE90791,PE9079,양군모바일,경기,용인시 기흥구,신갈동,경기도 용인시 기흥구 갈천로7번길 63-8,D15146,PS&M,PS_전속,100%,2,2,, - , - ,2,, - , - ,0.00%,, - , - 
PE90971,PE9097,중랑휴대폰성지 쏙폰 망우점,서울,중랑구,망우동,서울 중랑구 망우로 464,D15146,PS&M,PS_전속,100%,2,2,,1,1, - ,,1, - ,0.00%,, - , - 
PE90991,PE9099,휴대폰성지 진심모바일,경기,안산시 상록구,사동,"경기 안산시 상록구 감골2로 39,",D13124,UNI대리점,수도권_전속,100%,2,2,, - , - ,2,, - , - ,0.00%,, - , - 
PE91021,PE9102,휴대폰성지 메카폰 역곡역점,경기,부천시 원미구,역곡동,경기도 부천시 원미구 부일로 740,D13827,지은대리점,수도권_전속,100%,2,2,, - ,2, - ,,1,1,50.00%,, - , - 
PE91561,PE9156,휴대폰성지 옆커폰 병점점,경기,화성시 병점구,병점동,"경기 화성시 병점구 병점2로 65,",D13225,광장대리점,수도권_전속,100%,2,2,, - ,1,1,,1, - ,0.00%,, - ,1
PE91781,PE9178,스마일통신,경기,의정부시,민락동,,D15146,PS&M,PS_전속,100%,2,2,,1, - ,1,, - , - ,0.00%,, - , - 
PE91841,PE9184,클린폰 부천점,경기,부천시 소사구,소사본동,경기도 부천시 소사구 경인옛로 25,D13357,가능대리점,수도권_전속,100%,2,2,, - , - ,2,, - , - ,0.00%,, - , - 
PE91991,PE9199,일싼폰성지,경기,고양시 일산서구,대화동,경기도 고양시 일산서구 킨텍스로 255,F13586,신도SDR,중복점,50%,2,1,, - , - ,1,, - , - ,0.00%,, - , - 
PE91992,PE9199,일싼폰성지,경기,고양시 일산서구,대화동,경기도 고양시 일산서구 킨텍스로 255,D13357,가능대리점,중복점,50%,2,1,,1, - , - ,, - , - ,0.00%,, - , - 
PE92571,PE9257,휴대폰성지 정직폰 은평녹번점,서울,은평구,녹번동,"서울 은평구 통일로 610,",D13357,가능대리점,수도권_전속,100%,2,2,, - , - ,2,, - , - ,0.00%,, - , - 
PE92711,PE9271,폰창고,강원,춘천시,후평동,"강원 춘천시 후석로 307,",D15146,PS&M,중복점,50%,2,1,, - , - ,1,, - , - ,0.00%,, - , - 
PE92712,PE9271,폰창고,강원,춘천시,후평동,"강원 춘천시 후석로 307,",D13965,대교대리점,중복점,50%,2,1,, - ,1, - ,,1, - ,0.00%,, - , - 
PE92841,PE9284,수원휴대폰성지모두의폰인계점,경기,수원시 팔달구,인계동,경기도 수원시 팔달구 효원로 278,D13965,대교대리점,수도권_전속,100%,2,2,, - ,1,1,,1, - ,0.00%,, - , - 
PE93281,PE9328,폰다이소 휴대폰성지,경기,파주시,다율동,,D15146,PS&M,PS_전속,100%,2,2,, - , - ,2,, - , - ,0.00%,, - , - 
PE93391,PE9339,휴대폰성지 도매폰센터,경기,성남시 수정구,신흥동,경기도 성남시 수정구 산성대로 267,D14342,신창대리점,수도권_전속,100%,2,2,, - , - ,2,, - , - ,0.00%,, - , - 
PE93741,PE9374,휴대폰성지옆커폰수원매탄광교점,경기,수원시 영통구,매탄동,경기도 수원시 영통구 매봉로46번길 4,D13225,광장대리점,수도권_전속,100%,2,2,, - ,1,1,,1, - ,0.00%,, - , - 
PE93751,PE9375,휴대폰성지 옆커폰 부천소사점,경기,부천시 소사구,소사본동,"경기 부천시 소사구 소사로159번길 6,",D14674,서울ent대리점,수도권_전속,100%,2,2,, - , - ,2,, - , - ,0.00%,, - , - 
PE93811,PE9381,휴대폰성지 휴맛집 과천점,경기,과천시,중앙동,"경기 과천시 중앙로 131,",D15121,CD대리점,수도권_전속,100%,2,2,, - ,1,1,,1, - ,0.00%,, - , - 
PE93861,PE9386,한빛정보통신,인천,강화군,강화읍,"인천 강화군 강화읍 강화대로 400,",D13546,ACT대리점,수도권_전속,100%,2,2,,1,1, - ,,1, - ,0.00%,, - , - 
P079851,P07985,크리스텔은행동점,경기,성남시 중원구,은행동,경기도 성남시 중원구 산성대로 482,D14654,알리바바대리점,수도권_전속,100%,1,1,, - , - ,1,, - , - ,0.00%,, - , - 
P081261,P08126,베스트텔레콤,경기,안산시 상록구,본오동,경기도 안산시 상록구 샘골로 34,D13965,대교대리점,수도권_전속,100%,1,1,,1, - , - ,, - , - ,0.00%,, - , - 
P082071,P08207,두리텔레콤,인천,부평구,부개동,인천광역시 부평구 경인로1104번길 14-1,D13952,참스타대리점,수도권_전속,100%,1,1,, - , - ,1,, - , - ,0.00%,, - , - 
P083131,P08313,경동정보통신,서울,동대문구,제기동,서울특별시 동대문구 고산자로 484,D14342,신창대리점,수도권_전속,100%,1,1,, - , - ,1,, - , - ,0.00%,, - , - 
P084671,P08467,필립스음악사,경기,안양시 동안구,호계동,경기도 안양시 동안구 경수대로 558,D13124,UNI대리점,수도권_전속,100%,1,1,, - , - ,1,, - , - ,0.00%,, - , - 
P085921,P08592,구리스카이정보통신,경기,구리시,수택동,경기도 구리시 원수택로 64,D14654,알리바바대리점,수도권_전속,100%,1,1,, - , - ,1,, - , - ,0.00%,, - , - 
P087581,P08758,오성통신,경기,안산시 단원구,원곡동,경기도 안산시 단원구 원곡로 47,D13542,삼보대리점,수도권_전속,100%,1,1,,1, - , - ,, - , - ,0.00%,, - , - 
P089451,P08945,솔체정보통신,서울,동대문구,전농동,서울특별시 동대문구 왕산로 228,D15157,근흥대리점,수도권_전속,100%,1,1,, - ,1, - ,,1, - ,0.00%,, - , - 
P089731,P08973,테마모바일,인천,서구,청라동,인천광역시 서구 청라커낼로288번길 26,D13952,참스타대리점,수도권_전속,100%,1,1,, - ,1, - ,,1, - ,0.00%,, - , - 
P091181,P09118,비젼텔레콤,서울,도봉구,방학동,서울특별시 도봉구 방학로6길 37,D14342,신창대리점,수도권_전속,100%,1,1,, - , - ,1,, - , - ,0.00%,, - , - 
P091401,P09140,M-ZONE,서울,은평구,수색동,서울특별시 은평구 수색로 250,D14342,신창대리점,수도권_전속,100%,1,1,, - ,1, - ,, - ,1,100.00%,, - , - 
P092381,P09238,테마정보통신문학점,인천,미추홀구,문학동,인천광역시 남구 소성로 313-1,D13952,참스타대리점,수도권_전속,100%,1,1,, - , - ,1,, - , - ,0.00%,, - , - 
P098581,P09858,동신정보통신,경기,수원시 팔달구,영동,경기도 수원시 팔달구 중부대로 23,F13586,신도SDR,수도권_전속,100%,1,1,, - , - ,1,, - , - ,0.00%,, - , - 
P099291,P09929,에이스정보통신,인천,부평구,부개동,인천광역시 부평구 경인로1024번길 41,D13742,한유대리점,수도권_전속,100%,1,1,, - , - ,1,, - , - ,0.00%,, - , - 
P100011,P10001,스피드정보통신,경기,남양주시,화도읍,경기도 남양주시 화도읍 마석로 40,D15173,정원대리점,수도권_전속,100%,1,1,, - , - ,1,, - , - ,0.00%,, - , - 
P102391,P10239,신산리정보통신,경기,양주시,남면,경기도 양주시 남면 개나리길 90,D13546,ACT대리점,수도권_전속,100%,1,1,, - ,1, - ,, - ,1,100.00%,, - , - 
P103311,P10331,금천정보통신,서울,금천구,시흥동,서울특별시 금천구 금하로 726-1,D13827,지은대리점,수도권_전속,100%,1,1,, - , - ,1,, - , - ,0.00%,, - , - 
P103851,P10385,그린텔레콤,서울,중랑구,면목동,서울특별시 중랑구 면목로39길 5,D13225,광장대리점,수도권_전속,100%,1,1,, - , - ,1,, - , - ,0.00%,, - , - 
P104121,P10412,해피패밀리(임학),인천,계양구,임학동,인천광역시 계양구 장제로883번길 2,D15121,CD대리점,수도권_전속,100%,1,1,, - , - ,1,, - , - ,0.00%,, - , - 
P104201,P10420,미래정보통신,서울,노원구,상계동,서울특별시 노원구 동일로 1649,D13546,ACT대리점,수도권_전속,100%,1,1,, - , - ,1,, - , - ,0.00%,, - , - 
P107091,P10709,K.L정보통신,서울,동작구,대방동,서울특별시 동작구 여의대방로 188,D14192,한남대리점,수도권_전속,100%,1,1,,1, - , - ,, - , - ,0.00%,, - , - 
P108211,P10821,세연통신,경기,남양주시,다산동,경기도 남양주시 미금로 42,D15146,PS&M,PS_전속,100%,1,1,, - , - ,1,, - , - ,0.00%,, - , - 
P110851,P11085,통신보감,서울,노원구,공릉동,서울특별시 노원구 동일로180길 14,D13546,ACT대리점,수도권_전속,100%,1,1,, - , - ,1,, - , - ,0.00%,, - , - 
P114191,P11419,필정보통신,서울,은평구,응암동,서울특별시 은평구 은평로 198,D13357,가능대리점,수도권_전속,100%,1,1,,1, - , - ,, - , - ,0.00%,, - , - 
P114301,P11430,세종통신,경기,군포시,산본동,경기도 군포시 산본천로 196,D14674,서울ent대리점,수도권_전속,100%,1,1,, - , - ,1,, - , - ,0.00%,, - , - 
P116431,P11643,키키,서울,강서구,화곡동,서울특별시 강서구 까치산로 35,D14342,신창대리점,수도권_전속,100%,1,1,, - , - ,1,, - , - ,0.00%,, - , - 
P117731,P11773,드림정보,경기,수원시 권선구,금곡동,경기도 수원시 권선구 금호로 59,D13742,한유대리점,수도권_전속,100%,1,1,, - ,1, - ,,1, - ,0.00%,, - , - 
P118111,P11811,녹산정보통신,경기,남양주시,다산동,경기도 남양주시 도농로 27,D14654,알리바바대리점,수도권_전속,100%,1,1,, - ,1, - ,,1, - ,0.00%,, - , - 
P118481,P11848,에어테크,경기,안양시 만안구,석수동,경기도 안양시 만안구 안양로 512,D15157,근흥대리점,수도권_전속,100%,1,1,, - , - ,1,, - , - ,0.00%,, - , - 
P119191,P11919,o.k텔레콤,경기,성남시 분당구,구미동,경기도 성남시 분당구 탄천상로151번길 20,D15146,PS&M,PS_전속,100%,1,1,, - , - ,1,, - , - ,0.00%,, - , - 
P119251,P11925,나라통신,경기,오산시,원동,경기도오산시오산로200,D15146,PS&M,PS_전속,100%,1,1,, - , - ,1,, - , - ,0.00%,, - , - 
P119831,P11983,재우텔레콤,경기,하남시,신장동,경기도 하남시 신평로 74,D13225,광장대리점,수도권_전속,100%,1,1,, - , - ,1,, - , - ,0.00%,, - , - 
P120071,P12007,미래정보통신,경기,수원시 영통구,매탄동,경기도 수원시 영통구 매탄로79번길 6-12,F13586,신도SDR,수도권_전속,100%,1,1,, - , - ,1,, - , - ,0.00%,, - , - 
P121121,P12112,삼성통신사무기,경기,시흥시,정왕동,경기도 시흥시 봉우재로 57,D13542,삼보대리점,수도권_전속,100%,1,1,, - , - ,1,, - , - ,0.00%,, - , - 
P122691,P12269,삼일통신,서울,성동구,성수동2가,서울특별시 성동구 성덕정길 78,D13225,광장대리점,수도권_전속,100%,1,1,,1, - , - ,, - , - ,0.00%,, - , - 
P122731,P12273,스카이텔레콤,경기,파주시,금촌동,경기도파주시번영로1,D15146,PS&M,PS_전속,100%,1,1,, - , - ,1,, - , - ,0.00%,, - , - 
P123551,P12355,비쥬통신,서울,서대문구,홍은동,서울특별시 서대문구 홍은중앙로 100-4,D15173,정원대리점,수도권_전속,100%,1,1,, - ,1, - ,,1, - ,0.00%,, - , - 
P123801,P12380,애니테크,서울,노원구,월계동,서울특별시노원구광운로64,D15146,PS&M,PS_전속,100%,1,1,, - , - ,1,, - , - ,0.00%,, - , - 
P127171,P12717,주연정보통신,인천,미추홀구,용현동,인천광역시 미추홀구 독배로 417,D13622,MD대리점,수도권_전속,100%,1,1,, - , - ,1,, - , - ,0.00%,, - , - 
P130761,P13076,신화정보통신,인천,남동구,만수동,인천광역시 남동구 만수로 8-1,D13742,한유대리점,수도권_전속,100%,1,1,, - ,1, - ,,1, - ,0.00%,, - , - 
P131431,P13143,우리정보통신,서울,마포구,도화동,서울특별시 마포구 새창로 13,D15051,프리스비,수도권_전속,100%,1,1,, - , - ,1,, - , - ,0.00%,, - , - 
P132721,P13272,드림S&C,서울,중랑구,중화동,"서울 중랑구 봉화산로 59,",D13225,광장대리점,수도권_전속,100%,1,1,, - , - ,1,, - , - ,0.00%,, - , - 
P133831,P13383,컴앤휴,경기,부천시 소사구,소사본동,경기도 부천시 소사구 소삼로 14-1,D13124,UNI대리점,수도권_전속,100%,1,1,, - , - ,1,, - , - ,0.00%,, - , - 
P134951,P13495,모토로라정보통신,경기,안양시 동안구,비산동,경기도 안양시 동안구 시민대로 161,D15121,CD대리점,수도권_전속,100%,1,1,,1, - , - ,, - , - ,0.00%,, - , - 
P136251,P13625,버디텔레콤,경기,포천시,신읍동,경기도 포천시 구절초로 20,D13546,ACT대리점,수도권_전속,100%,1,1,, - , - ,1,, - , - ,0.00%,, - , - 
P136551,P13655,아트텔레콤,서울,영등포구,영등포동3가,서울특별시 영등포구 경인로 지하 843,D13225,광장대리점,수도권_전속,100%,1,1,, - , - ,1,, - , - ,0.00%,, - , - 
P139081,P13908,마송대박텔레콤,경기,김포시,통진읍,경기도 김포시 통진읍 서암로 73,D13124,UNI대리점,수도권_전속,100%,1,1,, - ,1, - ,,1, - ,0.00%,, - , - 
P140211,P14021,대한텔레콤,경기,포천시,신읍동,경기도 포천시 중앙로 194,D13546,ACT대리점,수도권_전속,100%,1,1,, - ,1, - ,,1, - ,0.00%,, - , - 
P140231,P14023,신세기정보통신,서울,종로구,평창동,서울특별시 종로구 평창문화로 56,D15051,프리스비,수도권_전속,100%,1,1,, - , - ,1,, - , - ,0.00%,, - , - 
P141571,P14157,우주텔레콤,인천,부평구,부평동,인천광역시 부평구 경인로 885,D13952,참스타대리점,수도권_전속,100%,1,1,, - ,1, - ,,1, - ,0.00%,, - , - 
P141881,P14188,필텔레콤,서울,강서구,공항동,서울특별시 강서구 방화동로 26-4,D15117,알파대리점,수도권_전속,100%,1,1,, - , - ,1,, - , - ,0.00%,, - , - 
P143931,P14393,365정보통신,경기,부천시 오정구,여월동,경기도 부천시 오정구 삼작로 327,D15146,PS&M,PS_전속,100%,1,1,, - , - ,1,, - , - ,0.00%,, - , - 
P144561,P14456,애니정보통신,서울,강서구,방화동,서울강서구방화동로80,D15146,PS&M,PS_전속,100%,1,1,, - , - ,1,, - , - ,0.00%,, - , - 
P150671,P15067,정상텔레콤,서울,동작구,상도동,서울특별시 동작구 성대로 5,D13858,새서울대리점,수도권_전속,100%,1,1,, - , - ,1,, - , - ,0.00%,, - , - 
P151331,P15133,애니텔레콤,인천,미추홀구,용현동,인천광역시 남구 낙섬중로 47,D13546,ACT대리점,수도권_전속,100%,1,1,, - , - ,1,, - , - ,0.00%,, - , - 
P154581,P15458,한빛,경기,고양시 일산서구,일산동,경기도 고양시 일산서구 원일로 106,D13546,ACT대리점,수도권_전속,100%,1,1,, - ,1, - ,,1, - ,0.00%,, - , - 
P159981,P15998,모바일랜드,서울,용산구,한강로2가,서울특별시 용산구 한강대로 109,D15051,프리스비,수도권_전속,100%,1,1,, - , - ,1,, - , - ,0.00%,, - , - 
P166841,P16684,보라드림정보통신,경기,부천시 오정구,삼정동,경기도 부천시 중동로 406,D13542,삼보대리점,수도권_전속,100%,1,1,, - ,1, - ,, - ,1,100.00%,, - , - 
P170071,P17007,나래이동통신,강원,고성군,거진읍,강원고성군거진읍거진길23,D15146,PS&M,PS_전속,100%,1,1,,1, - , - ,, - , - ,0.00%,, - , - 
P177171,P17717,라이정보통신,서울,서초구,서초동,서울특별시 서초구 효령로 304,D13858,새서울대리점,수도권_전속,100%,1,1,, - , - ,1,, - , - ,0.00%,, - , - 
P182801,P18280,모아텔레콤,서울,용산구,보광동,서울특별시 용산구 보광로 45,D14342,신창대리점,수도권_전속,100%,1,1,, - , - ,1,, - , - ,0.00%,, - , - 
P184601,P18460,뉴샤피통신,인천,중구,인현동,인천광역시 중구 참외전로 지하125,D13952,참스타대리점,수도권_전속,100%,1,1,, - , - ,1,, - , - ,0.00%,, - , - 
P184771,P18477,사랑방비디오.핸드폰,경기,파주시,광탄면,경기도파주시광탄면혜음로1119,D15146,PS&M,PS_전속,100%,1,1,, - ,1, - ,, - ,1,100.00%,, - , - 
P187851,P18785,영운전자,경기,안성시,석정동,경기도 안성시 장기로 24,D13542,삼보대리점,수도권_전속,100%,1,1,, - ,1, - ,, - ,1,100.00%,, - , - 
P188171,P18817,로뎀통신,인천,미추홀구,용현동,인천광역시 남구 토금중로51번길 3,D15051,프리스비,수도권_전속,100%,1,1,, - , - ,1,, - , - ,0.00%,, - , - 
P191521,P19152,터미널 핸드폰,경기,포천시,소흘읍,경기도 포천시 소흘읍 솔모루로 98-6,D13225,광장대리점,수도권_전속,100%,1,1,, - ,1, - ,,1, - ,0.00%,, - , - 
P230071,P23007,라인텔레콤신대방점,서울,관악구,신림동,서울특별시 관악구 조원로 132,D13742,한유대리점,수도권_전속,100%,1,1,, - ,1, - ,,1, - ,0.00%,, - , - 
P236441,P23644,(주)예은네트웍스,서울,용산구,한강로2가,서울특별시 용산구 한강대로 95,D14192,한남대리점,수도권_전속,100%,1,1,, - , - ,1,, - , - ,0.00%,, - , - 
P239281,P23928,사랑텔레콤,서울,종로구,평창동,서울특별시종로구평창길2,D15146,PS&M,PS_전속,100%,1,1,,1, - , - ,, - , - ,0.00%,, - , - 
P239531,P23953,태광텔레콤,경기,안산시 상록구,일동,경기도안산시상록구도매시장로105,D15146,PS&M,PS_전속,100%,1,1,, - , - ,1,, - , - ,0.00%,, - , - 
P249881,P24988,세진통신,경기,의정부시,의정부동,경기도 의정부시 시민로 지하 100,D14674,서울ent대리점,수도권_전속,100%,1,1,, - ,1, - ,,1, - ,0.00%,, - , - 
P265101,P26510,주식회사 에스앰정보통신,서울,구로구,개봉동,서울특별시 구로구 고척로 126,D13827,지은대리점,수도권_전속,100%,1,1,, - , - ,1,, - , - ,0.00%,, - , - 
P265351,P26535,이엔정보통신,경기,광주시,경안동,경기도 광주시 중앙로145번길 16,D13546,ACT대리점,수도권_전속,100%,1,1,, - ,1, - ,,1, - ,0.00%,, - ,2
P271011,P27101,골드맥시스템,인천,남동구,만수동,인천광역시 남동구 장승로 1,D13469,코넥,수도권_전속,100%,1,1,, - , - ,1,, - , - ,0.00%,, - , - 
P272031,P27203,딩동댕 이동통신,서울,노원구,상계동,서울특별시 노원구 덕릉로 787,D15051,프리스비,수도권_전속,100%,1,1,, - ,1, - ,,1, - ,0.00%,, - , - 
P272191,P27219,M.Y (문영),서울,서대문구,홍제동,서울특별시 서대문구 세검정로 57,D13742,한유대리점,수도권_전속,100%,1,1,, - , - ,1,, - , - ,0.00%,, - , - 
P273801,P27380,세븐텔레콤,경기,성남시 중원구,성남동,경기도 성남시 중원구 산성대로 지하204-5,D13742,한유대리점,수도권_전속,100%,1,1,, - ,1, - ,,1, - ,0.00%,, - , - 
P273871,P27387,뚝섬정보,서울,성동구,성수동1가,서울특별시 성동구 상원길 52,D14342,신창대리점,수도권_전속,100%,1,1,,1, - , - ,, - , - ,0.00%,, - , - 
P275981,P27598,모아통신(방신점),서울,강서구,방화동,서울특별시 강서구 금낭화로 80,D14342,신창대리점,수도권_전속,100%,1,1,, - ,1, - ,,1, - ,0.00%,, - , - 
P276171,P27617,이동통신프라자,경기,포천시,소흘읍,경기도 포천시 솔모루로 97,D13469,코넥,수도권_전속,100%,1,1,, - , - ,1,, - , - ,0.00%,, - , - 
P276601,P27660,다존텔레콤,서울,강동구,상일동,서울특별시 강동구 구천면로 664,D15173,정원대리점,수도권_전속,100%,1,1,,1, - , - ,, - , - ,0.00%,, - , - 
P284321,P28432,대박텔레콤,인천,미추홀구,주안동,인천광역시 미추홀구 인주대로366번길 2,D13951,강남스타대리점,수도권_전속,100%,1,1,, - , - ,1,, - , - ,0.00%,, - , - 
P294891,P29489,대운통신,경기,부천시 원미구,원미동,경기도 부천시 부천로90번길 12,D13542,삼보대리점,수도권_전속,100%,1,1,, - , - ,1,, - , - ,0.00%,, - , - 
P314541,P31454,비전텔레콤,서울,용산구,한강로3가,서울특별시 용산구 청파로 100,D13462,광운대리점,수도권_전속,100%,1,1,,1, - , - ,, - , - ,0.00%,, - , - 
P316881,P31688,와이드통신,경기,안성시,대천동,경기도 안성시 안성맞춤대로 1065,D13952,참스타대리점,수도권_전속,100%,1,1,, - ,1, - ,,1, - ,0.00%,, - , - 
P320401,P32040,준(JUNE)텔레콤,서울,성동구,성수동2가,서울특별시 성동구 아차산로 96,D15121,CD대리점,수도권_전속,100%,1,1,, - ,1, - ,,1, - ,0.00%,, - , - 
P327951,P32795,우진,서울,성북구,정릉동,서울특별시 성북구 정릉로38길 4,F13586,신도SDR,수도권_전속,100%,1,1,, - ,1, - ,,1, - ,0.00%,, - , - 
P330891,P33089,영텔레콤,경기,고양시 덕양구,주교동,경기도 고양시 덕양구 원당로125번길 21,D15146,PS&M,PS_전속,100%,1,1,,1, - , - ,, - , - ,0.00%,, - , - 
P331101,P33110,민구텔레콤,경기,수원시 장안구,율전동,경기도 수원시 장안구 덕영대로425번길 14-1,D13952,참스타대리점,수도권_전속,100%,1,1,, - , - ,1,, - , - ,0.00%,, - , - 
P334941,P33494,MY문영,서울,서대문구,홍제동,서울특별시 서대문구 세검정로 55,D13742,한유대리점,수도권_전속,100%,1,1,, - ,1, - ,,1, - ,0.00%,, - , - 
P356901,P35690,주얼리텔레콤,경기,수원시 영통구,매탄동,경기도 수원시 영통구 매탄로 166,D13469,코넥,수도권_전속,100%,1,1,, - , - ,1,, - , - ,0.00%,, - , - 
P362711,P36271,뉴스카이 암사점,서울,강동구,암사동,서울특별시 강동구 올림픽로 781,D15121,CD대리점,수도권_전속,100%,1,1,,1, - , - ,, - , - ,0.00%,, - , - 
P369331,P36933,가람정보(용현점),인천,미추홀구,용현동,인천광역시 남구 아암대로29번길 53-4,D15173,정원대리점,수도권_전속,100%,1,1,, - , - ,1,, - , - ,0.00%,, - , - 
P370811,P37081,준텔레콤,경기,평택시,비전동,경기도 평택시 평택5로 98,D13542,삼보대리점,수도권_전속,100%,1,1,, - , - ,1,, - , - ,0.00%,, - , - 
P371201,P37120,옆커폰 일산서구보건소사거리점,경기,고양시 일산서구,일산동,경기도 고양시 일산서구 원일로 121,D14674,서울ent대리점,수도권_전속,100%,1,1,, - ,1, - ,,1, - ,0.00%,, - , - 
P382581,P38258,한빛이동통신,경기,성남시 중원구,상대원동,경기도 성남시 중원구 금상로57번길 9-1,D15121,CD대리점,수도권_전속,100%,1,1,, - , - ,1,, - , - ,0.00%,, - , - 
P385021,P38502,길정보통신,경기,성남시 중원구,성남동,경기도 성남시 중원구 산성대로 지하244-6,D15121,CD대리점,수도권_전속,100%,1,1,, - , - ,1,, - , - ,0.00%,, - , - 
P392541,P39254,유니텔레콤,서울,영등포구,신길동,서울특별시 영등포구 도신로 196,D15157,근흥대리점,수도권_전속,100%,1,1,, - ,1, - ,,1, - ,0.00%,, - , - 
P396611,P39661,개성정보통신,경기,안양시 동안구,관양동,경기도 안양시 동안구 관악대로287번길 4,D13622,MD대리점,수도권_전속,100%,1,1,, - ,1, - ,, - ,1,100.00%,, - , - 
P396841,P39684,하영통신,경기,파주시,금촌동,경기도 파주시 번영로 16,D13462,광운대리점,수도권_전속,100%,1,1,,1, - , - ,, - , - ,0.00%,, - , - 
P399441,P39944,준앤씨,서울,성동구,행당동,서울특별시 성동구 왕십리광장로 17,D15146,PS&M,PS_전속,100%,1,1,, - , - ,1,, - , - ,0.00%,, - , - 
P409391,P40939,씨엠정보통신,인천,서구,신현동,인천광역시 서구 염곡로 341-6,D14746,유원대리점,수도권_전속,100%,1,1,, - ,1, - ,,1, - ,0.00%,, - , - 
P422171,P42217,소연텔레콤,경기,김포시,걸포동,경기도 김포시 걸포2로 60,D13742,한유대리점,수도권_전속,100%,1,1,, - , - ,1,, - , - ,0.00%,, - , - 
P427721,P42772,명품텔레콤,경기,파주시,금촌동,경기도 파주시 문화로 110-1,D13622,MD대리점,수도권_전속,100%,1,1,, - ,1, - ,,1, - ,0.00%,, - , - 
P428031,P42803,핸드폰마트,서울,성북구,장위동,서울특별시 성북구 화랑로 245,D13546,ACT대리점,수도권_전속,100%,1,1,, - , - ,1,, - , - ,0.00%,, - , - 
P433801,P43380,B.O.B텔레콤,서울,광진구,군자동,서울특별시 광진구 군자로 144,F13586,신도SDR,수도권_전속,100%,1,1,,1, - , - ,, - , - ,0.00%,, - , - 
P435381,P43538,윈텔레콤,서울,노원구,상계동,서울특별시 노원구 동일로 1538,D15117,알파대리점,수도권_전속,100%,1,1,, - , - ,1,, - , - ,0.00%,, - , - 
P436321,P43632,애플텔레콤,경기,부천시 원미구,상동,경기도 부천시 석천로2번길 83,D13952,참스타대리점,수도권_전속,100%,1,1,, - ,1, - ,,1, - ,0.00%,, - , - 
P438531,P43853,EU정보통신,경기,수원시 권선구,구운동,경기도수원시권선구구운로14번길3,D15146,PS&M,PS_전속,100%,1,1,, - ,1, - ,,1, - ,0.00%,, - , - 
P438721,P43872,에스엘통신,강원,원주시,중앙동,강원 원주시 원일로 146-1,D13952,참스타대리점,수도권_전속,100%,1,1,, - ,1, - ,, - ,1,100.00%,, - , - 
P445341,P44534,주식회사 오션모바일,경기,시흥시,정왕동,경기도 시흥시 평안상가4길 24,D14342,신창대리점,수도권_전속,100%,1,1,, - , - ,1,, - , - ,0.00%,, - , - 
P447641,P44764,태영,인천,계양구,박촌동,인천광역시 계양구 장제로 1003,D13124,UNI대리점,수도권_전속,100%,1,1,, - ,1, - ,,1, - ,0.00%,, - , - 
P456971,P45697,준텔레콤,경기,고양시 일산서구,주엽동,경기도 고양시 일산서구 중앙로 1371,D13357,가능대리점,수도권_전속,100%,1,1,, - ,1, - ,, - ,1,100.00%,, - , - 
P462241,P46224,행복텔레콤,인천,남동구,만수동,인천광역시 남동구 구월로 350,D13124,UNI대리점,수도권_전속,100%,1,1,, - ,1, - ,,1, - ,0.00%,, - , - 
P467111,P46711,일맥상통신,경기,안산시 단원구,고잔동,경기도 안산시 단원구 광덕동로 91,D13827,지은대리점,수도권_전속,100%,1,1,, - , - ,1,, - , - ,0.00%,, - , - 
P474761,P47476,삼성텔레콤,인천,중구,인현동,인천광역시 중구 참외전로 지하 125,D13952,참스타대리점,수도권_전속,100%,1,1,, - , - ,1,, - , - ,0.00%,, - , - 
P480471,P48047,준(JUN)텔레콤,강원,춘천시,요선동,강원 춘천시 서부대성로48번길 16,D13622,MD대리점,수도권_전속,100%,1,1,, - , - ,1,, - , - ,0.00%,, - , - 
P481631,P48163,레인보우텔레콤(세류점),경기,수원시 권선구,세류동,경기도 수원시 권선구 덕영대로1126번길 61,F13586,신도SDR,수도권_전속,100%,1,1,, - , - ,1,, - , - ,0.00%,, - , - 
P483381,P48338,폰에스,서울,강동구,천호동,서울특별시 강동구 진황도로 22,D14654,알리바바대리점,수도권_전속,100%,1,1,, - ,1, - ,, - ,1,100.00%,, - , - 
P486171,P48617,815텔레콤,서울,강북구,미아동,서울특별시 강북구 월계로7나길 37,D15173,정원대리점,수도권_전속,100%,1,1,, - , - ,1,, - , - ,0.00%,, - , - 
P489051,P48905,상상텔레콤,경기,포천시,신읍동,경기도 포천시 왕방로 150,D13858,새서울대리점,수도권_전속,100%,1,1,, - , - ,1,, - , - ,0.00%,, - , - 
P489181,P48918,윤이나텔레콤,경기,화성시 만세구,향남읍,경기도화성시향남읍평1길15,D15146,PS&M,PS_전속,100%,1,1,, - , - ,1,, - , - ,0.00%,, - , - 
P490931,P49093,300텔레콤,서울,은평구,녹번동,서울특별시 은평구 진흥로 180,D14746,유원대리점,수도권_전속,100%,1,1,,1, - , - ,, - , - ,0.00%,, - , - 
P494821,P49482,한사랑텔레콤(SK),인천,서구,심곡동,인천광역시 서구 탁옥로 30,D13952,참스타대리점,수도권_전속,100%,1,1,, - ,1, - ,,1, - ,0.00%,, - , - 
P498081,P49808,은성텔레콤,서울,구로구,개봉동,서울특별시 구로구 개봉로17길 34,D13469,코넥,수도권_전속,100%,1,1,, - ,1, - ,,1, - ,0.00%,, - , - 
P499301,P49930,주호본점,서울,중랑구,면목동,서울특별시 중랑구 봉우재로 42,D15121,CD대리점,수도권_전속,100%,1,1,, - , - ,1,, - , - ,0.00%,, - , - 
P507531,P50753,정통신,경기,이천시,장호원읍,경기도이천시장호원읍장감로66,D15146,PS&M,PS_전속,100%,1,1,, - ,1, - ,, - ,1,100.00%,, - , - 
P507671,P50767,마루텔레콤,서울,영등포구,대림동,서울특별시 영등포구 도림로 125,D15121,CD대리점,수도권_전속,100%,1,1,, - , - ,1,, - , - ,0.00%,, - , - 
P511661,P51166,세계정보통신,인천,계양구,효성동,인천광역시 계양구 아나지로 171,D15051,프리스비,수도권_전속,100%,1,1,, - , - ,1,, - , - ,0.00%,, - , - 
P516381,P51638,대명텔레콤,서울,강북구,번동,서울특별시 강북구 오패산로 385,D14342,신창대리점,수도권_전속,100%,1,1,, - , - ,1,, - , - ,0.00%,, - , - 
P521911,P52191,돌다리텔레콤,경기,구리시,수택동,경기도 구리시 경춘로 216,D14654,알리바바대리점,수도권_전속,100%,1,1,, - , - ,1,, - , - ,0.00%,, - , - 
P526971,P52697,미래정보통신,경기,안산시 단원구,선부동,경기도 안산시 단원구 북촌3길 18,D15121,CD대리점,수도권_전속,100%,1,1,, - , - ,1,, - , - ,0.00%,, - , - 
P528301,P52830,디에스 정보통신,경기,양주시,광적면,경기도양주시광적면가래비길62,D15146,PS&M,PS_전속,100%,1,1,, - , - ,1,, - , - ,0.00%,, - , - 
P528911,P52891,정석통신,인천,미추홀구,용현동,인천광역시 미추홀구 인주대로266번길 1,D13225,광장대리점,수도권_전속,100%,1,1,, - ,1, - ,, - ,1,100.00%,, - , - 
P530201,P53020,준통신,서울,도봉구,창동,서울특별시 도봉구 마들로11길 73,D13469,코넥,수도권_전속,100%,1,1,, - , - ,1,, - , - ,0.00%,, - , - 
P532021,P53202,성호이동통신(호계점),경기,안양시 동안구,호계동,경기도 안양시 동안구 경수대로544번길 20,D15121,CD대리점,수도권_전속,100%,1,1,, - ,1, - ,,1, - ,0.00%,, - , - 
P535641,P53564,열매통신,경기,양평군,용문면,경기도 양평군 용문면 용문로 366,D15146,PS&M,PS_전속,100%,1,1,, - , - ,1,, - , - ,0.00%,, - , - 
P537871,P53787,에이스프리미엄모바일,경기,안양시 만안구,안양동,경기도 안양시 만안구 만안로 지하231,D13965,대교대리점,수도권_전속,100%,1,1,, - , - ,1,, - , - ,0.00%,, - , - 
P540771,P54077,S.H정보통신,경기,시흥시,하상동,경기도 시흥시 하상로 6,D15146,PS&M,PS_전속,100%,1,1,, - , - ,1,, - , - ,0.00%,, - , - 
P544251,P54425,우리별정보,서울,양천구,신정동,서울특별시 양천구 중앙로32길 61,D15157,근흥대리점,수도권_전속,100%,1,1,, - , - ,1,, - , - ,0.00%,, - , - 
P546881,P54688,모아텔레콤 보광점,서울,용산구,보광동,서울특별시 용산구 보광로 14,D14342,신창대리점,수도권_전속,100%,1,1,, - ,1, - ,,1, - ,0.00%,, - , - 
P551021,P55102,삼박금정,경기,군포시,금정동,경기도 군포시 당산로 170,D15146,PS&M,PS_전속,100%,1,1,, - ,1, - ,,1, - ,0.00%,, - , - 
P562281,P56228,스마트폰세상,경기,김포시,양촌읍,경기도 김포시 양촌읍 양곡2로30번길 7-23,D14342,신창대리점,수도권_전속,100%,1,1,, - ,1, - ,,1, - ,0.00%,, - , - 
P562401,P56240,nk정보통신,인천,계양구,계산동,인천광역시계양구계양대로173,D15146,PS&M,PS_전속,100%,1,1,, - , - ,1,, - , - ,0.00%,, - , - 
P564181,P56418,별텔레콤2호점,서울,강서구,가양동,서울특별시 강서구 양천로59길 42,D13827,지은대리점,수도권_전속,100%,1,1,, - ,1, - ,,1, - ,0.00%,, - , - 
P566611,P56661,세계통신,경기,여주시,홍문동,경기도 여주시 세종로 30-1,D15146,PS&M,PS_전속,100%,1,1,,1, - , - ,, - , - ,0.00%,, - , - 
P574611,P57461,큐텔레콤,경기,의정부시,의정부동,경기도의정부시시민로지하100,D15146,PS&M,PS_전속,100%,1,1,, - , - ,1,, - , - ,0.00%,, - , - 
P575051,P57505,아이제이텔레콤,서울,중랑구,묵동,서울특별시 중랑구 공릉로12길 3-2,D15176,ACE대리점,수도권_전속,100%,1,1,, - ,1, - ,,1, - ,0.00%,, - , - 
P576751,P57675,시온네트워크,인천,계양구,작전동,인천광역시 계양구 효서로 278-1,D15173,정원대리점,수도권_전속,100%,1,1,, - , - ,1,, - , - ,0.00%,, - , - 
P592431,P59243,리안텔레콤,경기,동두천시,지행동,경기도동두천시평화로2296,D15146,PS&M,PS_전속,100%,1,1,, - , - ,1,, - , - ,0.00%,, - , - 
P597271,P59727,필이동통신,서울,성북구,보문동7가,서울특별시 성북구 보문로 55-1,D13742,한유대리점,수도권_전속,100%,1,1,, - , - ,1,, - , - ,0.00%,, - , - 
P612531,P61253,디오정보통신,경기,부천시 오정구,고강동,경기도 부천시 역곡로471번가길 33,D13622,MD대리점,수도권_전속,100%,1,1,, - ,1, - ,,1, - ,0.00%,, - , - 
P623291,P62329,금영미래통신,경기,안산시 단원구,원곡동,경기도 안산시 단원구 다문화길 30,D13827,지은대리점,수도권_전속,100%,1,1,,1, - , - ,, - , - ,0.00%,, - , - 
P626121,P62612,MIN텔레콤 3호점,인천,남동구,만수동,인천광역시 남동구 장승남로 36,D13124,UNI대리점,수도권_전속,100%,1,1,, - , - ,1,, - , - ,0.00%,, - , - 
P626791,P62679,해피통신,경기,부천시 원미구,도당동,경기도 부천시 부천로263번길 53,D13542,삼보대리점,수도권_전속,100%,1,1,, - ,1, - ,,1, - ,0.00%,, - , - 
P627971,P62797,파워엘정보통신,서울,동작구,상도동,서울특별시 동작구 상도로22길 14,D13858,새서울대리점,수도권_전속,100%,1,1,, - ,1, - ,,1, - ,0.00%,, - , - 
P628971,P62897,유정텔레콤,인천,미추홀구,용현동,인천광역시 남구 독정이로 34,D13827,지은대리점,수도권_전속,100%,1,1,, - ,1, - ,,1, - ,0.00%,, - , - 
P636201,P63620,올빛통신,경기,성남시 수정구,수진동,경기도 성남시 수정구 제일로 153,F13586,신도SDR,수도권_전속,100%,1,1,, - , - ,1,, - , - ,0.00%,, - , - 
P636741,P63674,패밀리통신,서울,영등포구,대림동,서울특별시 영등포구 디지털로53길 16,D13225,광장대리점,수도권_전속,100%,1,1,, - ,1, - ,,1, - ,0.00%,, - , - 
P637431,P63743,UN통신,서울,송파구,거여동,서울특별시 송파구 거마로 7,D15121,CD대리점,수도권_전속,100%,1,1,, - ,1, - ,,1, - ,0.00%,, - , - 
P639461,P63946,비타민텔레콤,인천,서구,청라동,인천광역시 서구 청라에메랄드로149번길 4-2,D15146,PS&M,PS_전속,100%,1,1,, - , - ,1,, - , - ,0.00%,, - , - 
P641361,P64136,미원정보통신,경기,가평군,설악면,경기도 가평군 신천중앙로 119,D14746,유원대리점,수도권_전속,100%,1,1,, - , - ,1,, - , - ,0.00%,, - , - 
P643551,P64355,민정보통신,경기,광명시,소하동,경기도 광명시 오리로 383,D15146,PS&M,PS_전속,100%,1,1,, - ,1, - ,,1, - ,0.00%,, - , - 
P644871,P64487,대성텔레콤,경기,부천시 원미구,춘의동,경기도부천시원미구계남로339,D15146,PS&M,PS_전속,100%,1,1,, - ,1, - ,,1, - ,0.00%,, - , - 
P646251,P64625,후니텔레콤,강원,강릉시,임당동,강원강릉시토성로139,D15146,PS&M,PS_전속,100%,1,1,, - , - ,1,, - , - ,0.00%,, - , - 
P647211,P64721,(주)수지텔레콤,경기,용인시 기흥구,구갈동,경기도용인시기흥구강남동로171,D15146,PS&M,PS_전속,100%,1,1,, - ,1, - ,, - ,1,100.00%,, - , - 
P648771,P64877,대영텔레콤2호점,인천,계양구,효성동,인천광역시 계양구 효서로 59,D13124,UNI대리점,수도권_전속,100%,1,1,, - , - ,1,, - , - ,0.00%,, - , - 
P655671,P65567,공주텔레콤,서울,성북구,하월곡동,서울특별시 성북구 오패산로5길 69,D13225,광장대리점,수도권_전속,100%,1,1,, - , - ,1,, - , - ,0.00%,, - , - 
P658891,P65889,주명정보통신,서울,구로구,구로동,서울특별시구로구구로중앙로7길25,D15146,PS&M,PS_전속,100%,1,1,, - , - ,1,, - , - ,0.00%,, - , - 
P660951,P66095,한마음,인천,미추홀구,주안동,인천광역시 남구 석산로 36,D15146,PS&M,PS_전속,100%,1,1,, - , - ,1,, - , - ,0.00%,, - , - 
P663881,P66388,포스코YB,강원,춘천시,후평동,강원 춘천시 춘천로 274,D13965,대교대리점,수도권_전속,100%,1,1,, - , - ,1,, - , - ,0.00%,, - , - 
P670141,P67014,그린텔레콤,경기,시흥시,정왕동,경기도 시흥시 중심상가로 180,D13469,코넥,수도권_전속,100%,1,1,, - , - ,1,, - , - ,0.00%,, - , - 
P671771,P67177,한종합2호점,강원,삼척시,남양동,강원삼척시진주로9,D15146,PS&M,PS_전속,100%,1,1,, - , - ,1,, - , - ,0.00%,, - , - 
P677301,P67730,happy통신,강원,원주시,신림면,강원원주시신림면치악로5,D15146,PS&M,PS_전속,100%,1,1,, - , - ,1,, - , - ,0.00%,, - , - 
P677501,P67750,모토정보통신,인천,동구,송림동,인천광역시 동구 송림로 109,D13742,한유대리점,수도권_전속,100%,1,1,, - , - ,1,, - , - ,0.00%,, - , - 
P678761,P67876,명성정보,경기,남양주시,화도읍,경기도 남양주시 화도읍 비룡로 341,D15146,PS&M,PS_전속,100%,1,1,, - ,1, - ,,1, - ,0.00%,, - , - 
P679701,P67970,99텔레콤(성복),경기,용인시 수지구,성복동,경기도용인시수지구성복2로226,D15146,PS&M,PS_전속,100%,1,1,, - , - ,1,, - , - ,0.00%,, - , - 
P683221,P68322,봉구통신,경기,동두천시,생연동,경기도 동두천시 행선로 97,D13357,가능대리점,수도권_전속,100%,1,1,, - , - ,1,, - , - ,0.00%,, - , - 
P683251,P68325,마루텔레콤,경기,안양시 동안구,호계동,경기도 안양시 동안구 경수대로 462,D13965,대교대리점,수도권_전속,100%,1,1,, - , - ,1,, - , - ,0.00%,, - , - 
P684131,P68413,민트정보통신,서울,중랑구,면목동,서울특별시 중랑구 용마산로90길 7,F13586,신도SDR,수도권_전속,100%,1,1,, - , - ,1,, - , - ,0.00%,, - , - 
P685651,P68565,제이(J)통신,경기,성남시 수정구,신흥동,경기도 성남시 수정구 산성대로 지하204-2,D13357,가능대리점,수도권_전속,100%,1,1,,1, - , - ,, - , - ,0.00%,, - , - 
P687331,P68733,스카이 네트웍스-연희,인천,서구,연희동,인천광역시 서구 심곡로 195,D13952,참스타대리점,수도권_전속,100%,1,1,, - , - ,1,, - , - ,0.00%,, - ,1
P699271,P69927,즐펀텔레콤,서울,중랑구,중화동,서울특별시 중랑구 동일로 817,D15176,ACE대리점,수도권_전속,100%,1,1,, - , - ,1,, - , - ,0.00%,, - , - 
P703791,P70379,010텔레콤,강원,삼척시,도계읍,강원 삼척시 도계읍 도계로 244,D14746,유원대리점,수도권_전속,100%,1,1,, - , - ,1,, - , - ,0.00%,, - , - 
P705151,P70515,다쏜다 신길동점,서울,영등포구,신길동,서울특별시 영등포구 신길로 36-1,D15146,PS&M,PS_전속,100%,1,1,, - , - ,1,, - , - ,0.00%,, - , - 
P707491,P70749,YG모바일샵,강원,양구군,양구읍,강원양구군중앙길30,D13965,대교대리점,수도권_전속,100%,1,1,, - , - ,1,, - , - ,0.00%,, - , - 
P707871,P70787,N.TOP텔레콤,경기,양주시,백석읍,경기도양주시백석읍호명로82,D15146,PS&M,PS_전속,100%,1,1,, - , - ,1,, - , - ,0.00%,, - , - 
P714121,P71412,주니텔레콤,경기,용인시 처인구,포곡읍,경기도용인시처인구포곡읍포곡로124번길2,D15146,PS&M,PS_전속,100%,1,1,, - ,1, - ,,1, - ,0.00%,, - , - 
P718341,P71834,비젼통신,경기,안산시 단원구,원곡동,경기도 안산시 단원구 다문화2길 27,D13124,UNI대리점,수도권_전속,100%,1,1,,1, - , - ,, - , - ,0.00%,, - , - 
P720791,P72079,열정,서울,강북구,번동,서울특별시 강북구 한천로123길 15,D15117,알파대리점,수도권_전속,100%,1,1,, - , - ,1,, - , - ,0.00%,, - , - 
P722061,P72206,삼성모바일,서울,강동구,암사동,서울특별시 강동구 상암로3길 78,D13357,가능대리점,수도권_전속,100%,1,1,, - ,1, - ,,1, - ,0.00%,, - , - 
P722441,P72244,산텔레콤,경기,안양시 동안구,호계동,경기도 안양시 동안구 경수대로 428,D13469,코넥,수도권_전속,100%,1,1,, - , - ,1,, - , - ,0.00%,, - , - 
P723441,P72344,세계로모바일 구로시장점,서울,구로구,구로동,서울특별시 구로구 구로동로 131-1,D15157,근흥대리점,수도권_전속,100%,1,1,, - , - ,1,, - , - ,0.00%,, - , - 
P725121,P72512,삼박화곡,서울,강서구,화곡동,서울특별시 강서구 공항대로44길 46,D15173,정원대리점,수도권_전속,100%,1,1,, - ,1, - ,,1, - ,0.00%,, - , - 
P725651,P72565,세명정보통신 도당점,경기,부천시 원미구,도당동,경기도부천시원미구삼작로292,D15146,PS&M,PS_전속,100%,1,1,, - , - ,1,, - , - ,0.00%,, - , - 
P727821,P72782,티월드&김씨통신,서울,강북구,미아동,서울특별시 강북구 삼양로 227,D15146,PS&M,PS_전속,100%,1,1,, - , - ,1,, - , - ,0.00%,, - , - 
P731371,P73137,모바일스토어,서울,서초구,우면동,서울특별시 서초구 바우뫼로7길 8,D13858,새서울대리점,수도권_전속,100%,1,1,, - ,1, - ,,1, - ,0.00%,, - , - 
P733931,P73393,꿀단지텔레콤,경기,평택시,평택동,경기도 평택시 평택로64번길 46,D13542,삼보대리점,수도권_전속,100%,1,1,, - , - ,1,, - , - ,0.00%,, - , - 
P741321,P74132,와이지통신,강원,원주시,우산동,강원 원주시 진광길 5,D13965,대교대리점,수도권_전속,100%,1,1,, - , - ,1,, - , - ,0.00%,, - , - 
P742831,P74283,성은정보통신,서울,서대문구,홍제동,서울특별시 서대문구 세무서길 85,D13357,가능대리점,수도권_전속,100%,1,1,, - , - ,1,, - , - ,0.00%,, - , - 
P745401,P74540,대박통신,서울,송파구,가락동,서울특별시송파구중대로9길33,D15146,PS&M,PS_전속,100%,1,1,, - ,1, - ,,1, - ,0.00%,, - , - 
P745691,P74569,대지정보팩토리 수유점,서울,강북구,수유동,서울특별시강북구수유로651,D15146,PS&M,PS_전속,100%,1,1,, - , - ,1,, - , - ,0.00%,, - , - 
P746361,P74636,형제텔레콤,경기,고양시 덕양구,화정동,경기도 고양시 덕양구 화중로104번길 30,D13225,광장대리점,수도권_전속,100%,1,1,,1, - , - ,, - , - ,0.00%,, - , - 
P748071,P74807,폰마트,서울,서대문구,남가좌동,서울특별시 서대문구 증가로 130,D14674,서울ent대리점,수도권_전속,100%,1,1,, - , - ,1,, - , - ,0.00%,, - , - 
P748871,P74887,이순신텔레콤,강원,강릉시,견소동,강원강릉시경강로2537,D15146,PS&M,PS_전속,100%,1,1,, - ,1, - ,,1, - ,0.00%,, - , - 
P753211,P75321,신텔레콤,서울,성북구,장위동,서울특별시 성북구 장위로 123,D13546,ACT대리점,수도권_전속,100%,1,1,, - , - ,1,, - , - ,0.00%,, - , - 
P754601,P75460,월드텔레콤,경기,수원시 팔달구,인계동,경기도 수원시 팔달구 인계로 52,F13586,신도SDR,수도권_전속,100%,1,1,, - , - ,1,, - , - ,0.00%,, - , - 
P755001,P75500,예안텔레콤,경기,성남시 중원구,성남동,경기도 성남시 중원구 제일로43번길 11,D13225,광장대리점,수도권_전속,100%,1,1,, - , - ,1,, - , - ,0.00%,, - , - 
P755421,P75542,아이러브휴대폰,서울,관악구,신림동,서울특별시 관악구 난곡로 244,D13742,한유대리점,수도권_전속,100%,1,1,,1, - , - ,, - , - ,0.00%,, - , - 
P755491,P75549,BF텔레콤,서울,강동구,명일동,서울특별시 강동구 양재대로 1638,D15121,CD대리점,수도권_전속,100%,1,1,, - ,1, - ,, - ,1,100.00%,, - , - 
P756311,P75631,착한모바일,강원,강릉시,포남동,강원강릉시경강로2245,D15146,PS&M,PS_전속,100%,1,1,, - , - ,1,, - , - ,0.00%,, - , - 
P758221,P75822,광장통신,서울,종로구,종로6가,서울특별시종로구종로258,D15146,PS&M,PS_전속,100%,1,1,, - , - ,1,, - , - ,0.00%,, - , - 
P761721,P76172,핸드폰나라,경기,남양주시,화도읍,경기도남양주시화도읍경춘로창벌2길31,D15146,PS&M,PS_전속,100%,1,1,,1, - , - ,, - , - ,0.00%,, - , - 
P762431,P76243,행복통신,경기,성남시 분당구,판교동,경기도 성남시 분당구 운중로 239,D13225,광장대리점,수도권_전속,100%,1,1,,1, - , - ,, - , - ,0.00%,, - , - 
P766111,P76611,bmtoy&jj텔레콤,경기,양주시,광사동,경기도양주시고읍남로39번길17,D15146,PS&M,PS_전속,100%,1,1,, - , - ,1,, - , - ,0.00%,, - , - 
P766371,P76637,키티정보통신,인천,서구,왕길동,인천광역시 서구 봉수대로1440번안길 28-7,D15051,프리스비,수도권_전속,100%,1,1,, - , - ,1,, - , - ,0.00%,, - , - 
P767861,P76786,소리샘옥련,인천,연수구,옥련동,인천광역시 연수구 한나루로 187,D13827,지은대리점,수도권_전속,100%,1,1,, - , - ,1,, - , - ,0.00%,, - , - 
P769281,P76928,스마트샵,경기,성남시 중원구,성남동,경기도 성남시 중원구 원터로 106,D15146,PS&M,PS_전속,100%,1,1,, - , - ,1,, - , - ,0.00%,, - , - 
P772141,P77214,한성정보통신,경기,수원시 영통구,매탄동,경기도수원시영통구산남로110,D15146,PS&M,PS_전속,100%,1,1,, - ,1, - ,, - ,1,100.00%,, - , - 
P772341,P77234,정탤래콤,인천,부평구,부개동,인천광역시 부평구 경인로1092번길 22,D13952,참스타대리점,수도권_전속,100%,1,1,, - , - ,1,, - , - ,0.00%,, - , - 
P773481,P77348,국화통신,서울,동대문구,답십리동,서울특별시 동대문구 한천로 127,D14342,신창대리점,수도권_전속,100%,1,1,, - , - ,1,, - , - ,0.00%,, - , - 
P773981,P77398,성진정보통신,서울,광진구,자양동,서울특별시 광진구 뚝섬로 514,D15176,ACE대리점,수도권_전속,100%,1,1,, - ,1, - ,, - ,1,100.00%,, - , - 
P775361,P77536,휴대폰 면세점,경기,안성시,공도읍,경기도 안성시 공도읍 공도4로 3,D13827,지은대리점,수도권_전속,100%,1,1,,1, - , - ,, - , - ,0.00%,, - , - 
P778031,P77803,이천시통신,경기,이천시,송정동,경기도이천시증신로2564,D15146,PS&M,PS_전속,100%,1,1,, - ,1, - ,,1, - ,0.00%,, - , - 
P779701,P77970,주식회사 제이컴퍼니 오포지점,경기,광주시,양벌동,경기도 광주시 오포읍 양촌길 116-4,D13225,광장대리점,수도권_전속,100%,1,1,, - , - ,1,, - , - ,0.00%,, - , - 
P780571,P78057,독도텔레콤,서울,강동구,천호동,서울특별시 강동구 구천면로36길 25,D15173,정원대리점,수도권_전속,100%,1,1,, - ,1, - ,,1, - ,0.00%,, - , - 
P781031,P78103,모자정보통신,경기,평택시,평택동,경기도 평택시 원평로39번길 26-1,D13542,삼보대리점,수도권_전속,100%,1,1,,1, - , - ,, - , - ,0.00%,, - , - 
P782011,P78201,수원아이폰수리센터 굿타임,경기,수원시 권선구,권선동,경기도 수원시 권선구 세권로315번길 1,D13742,한유대리점,수도권_전속,100%,1,1,, - , - ,1,, - , - ,0.00%,, - , - 
P782341,P78234,영진텔레텍,서울,용산구,이태원동,서울특별시 용산구 회나무로 21,F13586,신도SDR,수도권_전속,100%,1,1,, - , - ,1,, - , - ,0.00%,, - , - 
P783381,P78338,알지텔레콤,서울,구로구,구로동,서울특별시 구로구 경인로53길 15,F13586,신도SDR,수도권_전속,100%,1,1,, - , - ,1,, - , - ,0.00%,, - , - 
P783821,P78382,제이제이텔레콤,경기,광명시,하안동,경기도 광명시 안현로 19,D15146,PS&M,PS_전속,100%,1,1,, - ,1, - ,,1, - ,0.00%,, - , - 
P783841,P78384,신세대통신,서울,강북구,수유동,서울특별시 강북구 노해로15길 4,D13546,ACT대리점,수도권_전속,100%,1,1,, - ,1, - ,, - ,1,100.00%,, - , - 
P786151,P78615,가온길텔레콤,강원,강릉시,입암동,강원강릉시입암로148번길62,D15146,PS&M,PS_전속,100%,1,1,, - , - ,1,, - , - ,0.00%,, - , - 
P786371,P78637,에스에스통신2호점,경기,성남시 수정구,태평동,경기도 성남시 수정구 수정북로 46-1,D15146,PS&M,PS_전속,100%,1,1,,1, - , - ,, - , - ,0.00%,, - , - 
P786461,P78646,준정보통신,인천,남동구,구월동,인천광역시 남동구 예술로 198,D13952,참스타대리점,수도권_전속,100%,1,1,, - ,1, - ,,1, - ,0.00%,, - , - 
P787661,P78766,남문여행사,서울,금천구,독산동,서울특별시 금천구 시흥대로138길 30,D14674,서울ent대리점,수도권_전속,100%,1,1,, - ,1, - ,,1, - ,0.00%,, - , - 
P788271,P78827,폰부스 직영점,경기,오산시,궐동,경기도 오산시 궐리사로 34,D13469,코넥,수도권_전속,100%,1,1,, - , - ,1,, - , - ,0.00%,, - , - 
P788821,P78882,다윗통신,서울,광진구,중곡동,서울특별시 광진구 면목로17길 40,D15121,CD대리점,수도권_전속,100%,1,1,, - ,1, - ,,1, - ,0.00%,, - , - 
P789451,P78945,블루텔레콤,서울,금천구,시흥동,서울특별시금천구시흥대로94,D15146,PS&M,PS_전속,100%,1,1,, - ,1, - ,,1, - ,0.00%,, - , - 
P789591,P78959,세계통신 송우,경기,포천시,소흘읍,경기도 포천시 솔모루로 92,D13858,새서울대리점,수도권_전속,100%,1,1,, - , - ,1,, - , - ,0.00%,, - , - 
P793421,P79342,훈민정음 텔레콤,경기,하남시,덕풍동,경기도 하남시 덕풍남로 11-1,D13357,가능대리점,수도권_전속,100%,1,1,,1, - , - ,, - , - ,0.00%,, - , - 
P794641,P79464,바이폰,경기,김포시,장기동,경기도 김포시 김포한강2로 88,D13225,광장대리점,수도권_전속,100%,1,1,, - ,1, - ,,1, - ,0.00%,, - , - 
P796741,P79674,핏불텔레콤,서울,중랑구,중화동,서울특별시 중랑구 중랑역로 33,D15146,PS&M,PS_전속,100%,1,1,, - , - ,1,, - , - ,0.00%,, - , - 
P797491,P79749,에스모바일,경기,용인시 처인구,포곡읍,"경기 용인시 처인구 포곡읍 포곡로108번길 6,",F13586,신도SDR,수도권_전속,100%,1,1,, - , - ,1,, - , - ,0.00%,, - , - 
P801071,P80107,폰마트,강원,강릉시,임당동,강원강릉시경강로2074,D15146,PS&M,PS_전속,100%,1,1,, - , - ,1,, - , - ,0.00%,, - , - 
P801241,P80124,한새통신,강원,춘천시,퇴계동,강원춘천시행촌로32번길1,D15146,PS&M,PS_전속,100%,1,1,,1, - , - ,, - , - ,0.00%,, - , - 
P806131,P80613,휴대폰성지 옆커폰 마석점,경기,남양주시,화도읍,경기도 남양주시 화도읍 마석로 8-1,D14674,서울ent대리점,수도권_전속,100%,1,1,, - ,1, - ,,1, - ,0.00%,, - , - 
P810461,P81046,은통신,경기,연천군,전곡읍,경기도연천군온골로49,D15146,PS&M,PS_전속,100%,1,1,,1, - , - ,, - , - ,0.00%,, - , - 
P812511,P81251,무한모바일,서울,도봉구,방학동,서울특별시 도봉구 방학로 160,D15173,정원대리점,수도권_전속,100%,1,1,, - , - ,1,, - , - ,0.00%,, - , - 
P815761,P81576,준텔레콤,서울,노원구,상계동,서울특별시노원구상계로1길74,D15146,PS&M,PS_전속,100%,1,1,, - , - ,1,, - , - ,0.00%,, - , - 
P816831,P81683,안평정보통신,경기,평택시,비전동,경기도 평택시 평택4로 103,D13225,광장대리점,수도권_전속,100%,1,1,, - , - ,1,, - , - ,0.00%,, - ,1
P817181,P81718,JS통신,서울,영등포구,영등포동,서울특별시영등포구영신로25,D15146,PS&M,PS_전속,100%,1,1,, - ,1, - ,,1, - ,0.00%,, - , - 
P817901,P81790,(주)YD컴퍼니,경기,고양시 덕양구,성사동,경기도 고양시 덕양구 호국로 808,D13546,ACT대리점,수도권_전속,100%,1,1,, - ,1, - ,,1, - ,0.00%,, - ,1
P820461,P82046,스마일,경기,안산시 상록구,건건동,경기도 안산시 상록구 건건로 44,D13965,대교대리점,수도권_전속,100%,1,1,, - ,1, - ,,1, - ,0.00%,, - , - 
P823201,P82320,폰사랑삼척점,강원,삼척시,남양동,강원 삼척시 중앙로 236,D14746,유원대리점,수도권_전속,100%,1,1,, - , - ,1,, - , - ,0.00%,, - , - 
P824591,P82459,대박텔레콤,경기,고양시 일산서구,일산동,경기도 고양시 일산서구 원일로73번길 6,D15121,CD대리점,수도권_전속,100%,1,1,, - ,1, - ,,1, - ,0.00%,, - , - 
P825201,P82520,오름텔레콤,강원,강릉시,포남동,강원강릉시하평길34,D15146,PS&M,PS_전속,100%,1,1,, - , - ,1,, - , - ,0.00%,, - , - 
P825511,P82551,휴대폰 성지 장당폰,경기,평택시,이충동,경기도 평택시 청원로 1200,D13827,지은대리점,수도권_전속,100%,1,1,, - ,1, - ,,1, - ,0.00%,, - , - 
P827741,P82774,J 통신,경기,화성시 만세구,우정읍,경기도 화성시 우정읍 조암남로 13,D15121,CD대리점,수도권_전속,100%,1,1,, - , - ,1,, - , - ,0.00%,, - , - 
P828751,P82875,화창통신,경기,안양시 만안구,석수동,경기도 안양시 만안구 석천로 167,D13965,대교대리점,수도권_전속,100%,1,1,, - , - ,1,, - , - ,0.00%,, - , - 
P829051,P82905,케이에스텔레콤,인천,서구,석남동,인천광역시 서구 가정로 309,D13124,UNI대리점,수도권_전속,100%,1,1,, - , - ,1,, - , - ,0.00%,, - , - 
P830291,P83029,엄청텔레콤,서울,성북구,길음동,서울특별시 성북구 삼양로 63,D15146,PS&M,PS_전속,100%,1,1,, - , - ,1,, - , - ,0.00%,, - , - 
P831101,P83110,로드텔레콤,경기,의정부시,의정부동,경기도 의정부시 시민로 100,D13357,가능대리점,수도권_전속,100%,1,1,, - ,1, - ,, - ,1,100.00%,, - , - 
P832931,P83293,한솔정보통신,경기,김포시,장기동,경기도 김포시 김포한강4로 119,D13124,UNI대리점,수도권_전속,100%,1,1,, - , - ,1,, - , - ,0.00%,, - , - 
P833361,P83336,주식회사 스피드정보통신,인천,부평구,부평동,인천광역시 부평구 길주남로 38,D13622,MD대리점,수도권_전속,100%,1,1,,1, - , - ,, - , - ,0.00%,, - , - 
P834031,P83403,이웃집모바일,경기,광명시,광명동,경기도 광명시 광명로 908,D15121,CD대리점,수도권_전속,100%,1,1,, - , - ,1,, - , - ,0.00%,, - , - 
P834571,P83457,주식회사 스피드정보통신,인천,부평구,삼산동,인천광역시 부평구 후정동로 60,D13622,MD대리점,수도권_전속,100%,1,1,, - ,1, - ,,1, - ,0.00%,, - , - 
P835131,P83513,폰마트 2호점,강원,횡성군,횡성읍,강원 횡성군 횡성읍 문정로 21,D14674,서울ent대리점,수도권_전속,100%,1,1,, - , - ,1,, - , - ,0.00%,, - , - 
P835691,P83569,진명텔레콤,경기,성남시 수정구,태평동,경기도 성남시 수정구 수정로187번길 12-1,D13357,가능대리점,수도권_전속,100%,1,1,, - , - ,1,, - , - ,0.00%,, - , - 
P836411,P83641,간지몽텔레콤,강원,원주시,우산동,강원 원주시 상지대길 68,D15146,PS&M,PS_전속,100%,1,1,, - , - ,1,, - , - ,0.00%,, - , - 
P836421,P83642,구구텔레콤,인천,계양구,작전동,인천광역시 계양구 효서로 385,D15146,PS&M,PS_전속,100%,1,1,, - ,1, - ,,1, - ,0.00%,, - , - 
P837011,P83701,양천 프로모바일,서울,양천구,신정동,서울특별시 양천구 목동남로 46,D15146,PS&M,PS_전속,100%,1,1,, - , - ,1,, - , - ,0.00%,, - , - 
P837661,P83766,즐겨찾기,경기,화성시 만세구,향남읍,경기도화성시향남읍3.1만세로11093,D15146,PS&M,PS_전속,100%,1,1,, - , - ,1,, - , - ,0.00%,, - , - 
P838291,P83829,믿음모바일,경기,용인시 기흥구,신갈동,경기도용인시기흥구신갈로113,D15146,PS&M,PS_전속,100%,1,1,, - ,1, - ,,1, - ,0.00%,, - , - 
P838611,P83861,지교스마트모바일,서울,은평구,불광동,서울특별시 은평구 불광로 60,F13586,신도SDR,수도권_전속,100%,1,1,, - , - ,1,, - , - ,0.00%,, - , - 
P841441,P84144,도봉비케이(BK)통신,서울,도봉구,도봉동,서울특별시 도봉구 도봉로 767,D15146,PS&M,PS_전속,100%,1,1,, - ,1, - ,,1, - ,0.00%,, - , - 
P843601,P84360,장군,서울,금천구,시흥동,서울특별시 금천구 독산로 134,D13858,새서울대리점,수도권_전속,100%,1,1,, - ,1, - ,, - ,1,100.00%,, - , - 
P844121,P84412,고려통신,서울,도봉구,창동,서울특별시 도봉구 도봉로110나길 27,D13462,광운대리점,수도권_전속,100%,1,1,, - , - ,1,, - , - ,0.00%,, - , - 
P845061,P84506,와가텔레콤,서울,도봉구,도봉동,서울특별시 도봉구 마들로 724,D15146,PS&M,PS_전속,100%,1,1,,1, - , - ,, - , - ,0.00%,, - , - 
P846071,P84607,파워정보통신,경기,파주시,문산읍,경기도 파주시 문산읍 문산로 46,D13546,ACT대리점,수도권_전속,100%,1,1,, - , - ,1,, - , - ,0.00%,, - , - 
P846531,P84653,이산통신,서울,구로구,구로동,서울특별시구로구구일로4길33,D15146,PS&M,PS_전속,100%,1,1,,1, - , - ,, - , - ,0.00%,, - , - 
P849301,P84930,우광통신(원종),경기,부천시 오정구,원종동,경기도 부천시 오정구 소사로775번길 36,D13952,참스타대리점,수도권_전속,100%,1,1,, - , - ,1,, - , - ,0.00%,, - , - 
P849311,P84931,바다이동통신,강원,속초시,교동,강원속초시동해대로4236,D15146,PS&M,PS_전속,100%,1,1,, - ,1, - ,, - ,1,100.00%,, - , - 
P849431,P84943,호박통신,경기,수원시 권선구,세류동,경기도 수원시 권선구 세권로43번길 26-6,D13827,지은대리점,수도권_전속,100%,1,1,, - ,1, - ,, - ,1,100.00%,, - , - 
P850151,P85015,케이에스 텔레콤,인천,서구,석남동,인천광역시 서구 신석로 79,D14746,유원대리점,수도권_전속,100%,1,1,,1, - , - ,, - , - ,0.00%,, - , - 
P850761,P85076,스마트월드,경기,안성시,공도읍,경기도 안성시 공도읍 공도로 74,D14674,서울ent대리점,수도권_전속,100%,1,1,, - , - ,1,, - , - ,0.00%,, - , - 
P851181,P85118,이상하자 텔레콤,인천,서구,연희동,인천광역시 서구 서곶로 355-1,D15121,CD대리점,수도권_전속,100%,1,1,, - , - ,1,, - , - ,0.00%,, - , - 
P851241,P85124,윤텔레콤,인천,강화군,강화읍,인천광역시강화군강화읍강화대로346,D15146,PS&M,PS_전속,100%,1,1,, - ,1, - ,, - ,1,100.00%,, - , - 
P852971,P85297,탭,경기,용인시 수지구,죽전동,경기도 용인시 수지구 현암로 157,D13952,참스타대리점,수도권_전속,100%,1,1,, - , - ,1,, - , - ,0.00%,, - ,1
P854011,P85401,SH컴퍼니,강원,원주시,단구동,강원 원주시 단관길 104-11,D15146,PS&M,PS_전속,100%,1,1,, - , - ,1,, - , - ,0.00%,, - , - 
P854621,P85462,빅뱅정보통신(법원점),인천,미추홀구,학익동,인천광역시 남구 학익소로63번길 5,D15051,프리스비,수도권_전속,100%,1,1,, - , - ,1,, - , - ,0.00%,, - , - 
P855821,P85582,789휴대폰할인마트,경기,수원시 팔달구,고등동,경기도 수원시 팔달구 고매로 1,D15121,CD대리점,수도권_전속,100%,1,1,, - ,1, - ,,1, - ,0.00%,, - , - 
P856311,P85631,넘버원,서울,광진구,자양동,서울특별시 광진구 뚝섬로 672,D15051,프리스비,수도권_전속,100%,1,1,, - , - ,1,, - , - ,0.00%,, - , - 
P857421,P85742,다올정보통신,경기,안산시 단원구,원곡동,경기도 안산시 단원구 원곡로 34,D13124,UNI대리점,수도권_전속,100%,1,1,,1, - , - ,, - , - ,0.00%,, - , - 
P857481,P85748,모퉁이,인천,부평구,부개동,인천광역시 부평구 충선로 168,D13952,참스타대리점,수도권_전속,100%,1,1,, - ,1, - ,,1, - ,0.00%,, - , - 
P859011,P85901,폰코리아,서울,은평구,증산동,서울특별시은평구증산로9길13,F13586,신도SDR,수도권_전속,100%,1,1,, - , - ,1,, - , - ,0.00%,, - , - 
P859531,P85953,더블S,경기,구리시,수택동,경기도 구리시 이문안로 71,D15176,ACE대리점,수도권_전속,100%,1,1,, - , - ,1,, - , - ,0.00%,, - , - 
P863301,P86330,성원텔레콤,경기,광주시,태전동,경기도 광주시 태봉로 51,D13827,지은대리점,수도권_전속,100%,1,1,, - ,1, - ,,1, - ,0.00%,, - , - 
P869111,P86911,친절텔레콤,경기,파주시,다율동,경기도파주시순못길67,D15146,PS&M,PS_전속,100%,1,1,,1, - , - ,, - , - ,0.00%,, - , - 
P869671,P86967,명선통신,서울,성북구,석관동,서울특별시성북구돌곶이로23길3,D15146,PS&M,PS_전속,100%,1,1,, - , - ,1,, - , - ,0.00%,, - , - 
P869931,P86993,파란 (PARAN),인천,부평구,청천동,인천광역시 부평구 마장로 489,D13124,UNI대리점,수도권_전속,100%,1,1,, - , - ,1,, - , - ,0.00%,, - , - 
P871481,P87148,모바일랩,서울,광진구,자양동,서울특별시 광진구 자양로13길 99,D15146,PS&M,PS_전속,100%,1,1,, - , - ,1,, - , - ,0.00%,, - , - 
P872141,P87214,비승,인천,남동구,간석동,인천광역시남동구방축로503,D15146,PS&M,PS_전속,100%,1,1,, - ,1, - ,,1, - ,0.00%,, - , - 
P872201,P87220,와이모바일,서울,중구,신당동,서울특별시 중구 동호로7길 37,D15121,CD대리점,수도권_전속,100%,1,1,, - , - ,1,, - , - ,0.00%,, - , - 
P872861,P87286,에버텔레콤,강원,원주시,무실동,강원원주시능라동길74,D15146,PS&M,PS_전속,100%,1,1,, - , - ,1,, - , - ,0.00%,, - , - 
P873631,P87363,호평모바일팩토리,경기,남양주시,호평동,경기도 남양주시 늘을2로 26,D15146,PS&M,PS_전속,100%,1,1,,1, - , - ,, - , - ,0.00%,, - , - 
P873661,P87366,다와정보통신,인천,미추홀구,도화동,인천광역시 남구 석정로 300,D13225,광장대리점,수도권_전속,100%,1,1,, - , - ,1,, - , - ,0.00%,, - , - 
P875111,P87511,영광정보통신,서울,강북구,미아동,서울특별시 강북구 삼양로 221-1,D14342,신창대리점,수도권_전속,100%,1,1,, - ,1, - ,,1, - ,0.00%,, - , - 
P875191,P87519,삼성플러스모바일,서울,동작구,동작동,서울특별시 동작구 동작대로39길 22,D13225,광장대리점,수도권_전속,100%,1,1,, - ,1, - ,,1, - ,0.00%,, - ,1
P877601,P87760,폰샵,경기,김포시,풍무동,경기도 김포시 풍무로 104,D15146,PS&M,PS_전속,100%,1,1,, - , - ,1,, - , - ,0.00%,, - , - 
P878381,P87838,조은텔레콤,경기,의정부시,의정부동,경기도 의정부시 시민로 지하100,D13357,가능대리점,수도권_전속,100%,1,1,, - , - ,1,, - , - ,0.00%,, - , - 
P878571,P87857,휴대폰 할인카페,경기,성남시 수정구,단대동,경기도성남시수정구논골로61번길2,D15146,PS&M,PS_전속,100%,1,1,, - , - ,1,, - , - ,0.00%,, - , - 
P879061,P87906,건강한휴대폰,서울,관악구,봉천동,서울특별시 관악구 봉천로 265,D15121,CD대리점,수도권_전속,100%,1,1,, - , - ,1,, - , - ,0.00%,, - , - 
P879151,P87915,핸드폰세상,경기,평택시,서정동,경기도 평택시 서정역로36번길 2,D15146,PS&M,PS_전속,100%,1,1,, - , - ,1,, - , - ,0.00%,, - , - 
P879161,P87916,휴대폰할인매장 일죽점,경기,안성시,일죽면,경기도 안성시 일죽면 주래본죽로 36,D15121,CD대리점,수도권_전속,100%,1,1,, - , - ,1,, - , - ,0.00%,, - , - 
P879791,P87979,제이모바일,인천,연수구,옥련동,인천광역시 연수구 청량로 217,D13462,광운대리점,수도권_전속,100%,1,1,, - , - ,1,, - , - ,0.00%,, - , - 
P880251,P88025,하나정보통신,인천,미추홀구,용현동,인천광역시 미추홀구 한나루로 461,D13742,한유대리점,수도권_전속,100%,1,1,, - ,1, - ,,1, - ,0.00%,, - , - 
P882761,P88276,POOH통신,경기,안산시 상록구,일동,경기도 안산시 상록구 안산대학로 107,D13225,광장대리점,수도권_전속,100%,1,1,, - ,1, - ,, - ,1,100.00%,, - , - 
P884431,P88443,가온컴퍼니,경기,고양시 덕양구,향동동,경기도 고양시 덕양구 향기로 56,D15146,PS&M,PS_전속,100%,1,1,, - , - ,1,, - , - ,0.00%,, - , - 
P885391,P88539,한가족통신,강원,원주시,문막읍,강원 원주시 문막읍 왕건로 75,D13951,강남스타대리점,수도권_전속,100%,1,1,, - ,1, - ,,1, - ,0.00%,, - , - 
P885541,P88554,대한통신,경기,의정부시,의정부동,경기도 의정부시 평화로552번길 35,D13357,가능대리점,수도권_전속,100%,1,1,,1, - , - ,, - , - ,0.00%,, - , - 
P886221,P88622,스마트새솔통신,경기,수원시 권선구,서둔동,경기도 수원시 권선구 세화로151번길 30-17,D13965,대교대리점,수도권_전속,100%,1,1,, - , - ,1,, - , - ,0.00%,, - , - 
P886401,P88640,휴대폰가게안성,경기,안성시,공도읍,경기도안성시공도읍공도로94,D15146,PS&M,PS_전속,100%,1,1,, - ,1, - ,,1, - ,0.00%,, - , - 
P888711,P88871,주식회사 휴대폰성지옆커폰신길,서울,영등포구,신길동,서울특별시 영등포구 도신로 229-2,D13225,광장대리점,수도권_전속,100%,1,1,, - ,1, - ,,1, - ,0.00%,, - , - 
P888871,P88887,소망통신,경기,용인시 기흥구,보라동,경기도 용인시 기흥구 한보라1로 42-2,D15121,CD대리점,수도권_전속,100%,1,1,, - , - ,1,, - , - ,0.00%,, - , - 
P889041,P88904,다이아통신,경기,안양시 만안구,박달동,경기도 안양시 만안구 박달로 518,D15121,CD대리점,수도권_전속,100%,1,1,, - , - ,1,, - , - ,0.00%,, - , - 
P891041,P89104,오리온통신,경기,부천시 원미구,역곡동,경기도 부천시 부일로763번길 47,D15051,프리스비,수도권_전속,100%,1,1,, - , - ,1,, - , - ,0.00%,, - , - 
P896821,P89682,원 텔레콤,강원,인제군,기린면,강원 인제군 기린면 기린로 41,D83213,T&B대리점,수도권_전속,100%,1,1,, - , - ,1,, - , - ,0.00%,, - , - 
P897001,P89700,폰사랑김도령,경기,평택시,세교동,경기도평택시세교6로1234,D15146,PS&M,PS_전속,100%,1,1,, - , - ,1,, - , - ,0.00%,, - , - 
P897511,P89751,에이스통신,경기,광주시,문형동,경기광주시오포읍오포로519,D15146,PS&M,PS_전속,100%,1,1,, - ,1, - ,,1, - ,0.00%,, - , - 
P897621,P89762,태승모바일 신천점,경기,시흥시,신천동,경기도 시흥시 신천3길 27-2,D13542,삼보대리점,수도권_전속,100%,1,1,, - , - ,1,, - , - ,0.00%,, - , - 
P897741,P89774,유진텔레콤,서울,구로구,구로동,서울특별시구로구구로동로1071,D15146,PS&M,PS_전속,100%,1,1,, - ,1, - ,,1, - ,0.00%,, - , - 
P898241,P89824,스마트모바일,강원,홍천군,홍천읍,강원 홍천군 홍천읍 신장대로 79-1,D15146,PS&M,PS_전속,100%,1,1,, - , - ,1,, - , - ,0.00%,, - , - 
P903071,P90307,알파정보통신,인천,중구,인현동,인천광역시 중구 참외전로 지하 125,D15051,프리스비,수도권_전속,100%,1,1,, - , - ,1,, - , - ,0.00%,, - , - 
P905281,P90528,에스씨모바일,인천,연수구,옥련동,인천광역시 연수구 청량로185번길 16,D15121,CD대리점,수도권_전속,100%,1,1,, - , - ,1,, - , - ,0.00%,, - , - 
P906161,P90616,나이스드림 텔레콤,서울,도봉구,방학동,서울특별시 도봉구 도당로13길 25,D13357,가능대리점,수도권_전속,100%,1,1,, - , - ,1,, - , - ,0.00%,, - , - 
P908981,P90898,핸드폰마켓,경기,가평군,가평읍,경기도 가평군 가평읍 석봉로 167,D15121,CD대리점,수도권_전속,100%,1,1,,1, - , - ,, - , - ,0.00%,, - , - 
P909941,P90994,제이앤제이지지,경기,안산시 상록구,사동,경기도 안산시 상록구 장화3길 44,D13827,지은대리점,수도권_전속,100%,1,1,, - ,1, - ,,1, - ,0.00%,, - , - 
P910881,P91088,우아한 세계,경기,오산시,세교동,경기도 오산시 세마역로19번길 11,D13546,ACT대리점,수도권_전속,100%,1,1,, - , - ,1,, - , - ,0.00%,, - , - 
P912411,P91241,다온텔레콤,인천,부평구,산곡동,인천광역시 부평구 마장로324번길 70,D13622,MD대리점,수도권_전속,100%,1,1,, - ,1, - ,,1, - ,0.00%,, - , - 
P912941,P91294,매니아텔레콤,서울,강북구,번동,서울특별시강북구한천로1000,D15146,PS&M,PS_전속,100%,1,1,, - ,1, - ,, - ,1,100.00%,, - , - 
P915331,P91533,달콤정보,경기,안산시 단원구,원곡동,경기도 안산시 단원구 화랑로 71,D13622,MD대리점,수도권_전속,100%,1,1,, - , - ,1,, - , - ,0.00%,, - , - 
P917161,P91716,주호텔레콤,서울,광진구,중곡동,서울특별시 광진구 면목로 130,D15051,프리스비,수도권_전속,100%,1,1,, - ,1, - ,,1, - ,0.00%,, - , - 
P920741,P92074,아이비 정보 통신,강원,춘천시,석사동,강원춘천시후석로186번길10,D15146,PS&M,PS_전속,100%,1,1,, - , - ,1,, - , - ,0.00%,, - , - 
P921091,P92109,스마일이동통신,경기,연천군,전곡읍,경기도 연천군 전곡읍 은전로78번길 61,D13546,ACT대리점,수도권_전속,100%,1,1,, - , - ,1,, - , - ,0.00%,, - , - 
P921811,P92181,거북텔레콤,인천,남동구,남촌동,인천광역시 남동구 남촌동로 30,D13827,지은대리점,수도권_전속,100%,1,1,, - ,1, - ,,1, - ,0.00%,, - , - 
P924471,P92447,몽통신,서울,관악구,신림동,서울특별시 관악구 남부순환로 1541-1,D15157,근흥대리점,수도권_전속,100%,1,1,, - ,1, - ,,1, - ,0.00%,, - , - 
P925291,P92529,우리동네1등매장 군포역점,경기,군포시,당동,경기도 군포시 군포로 535,D13827,지은대리점,수도권_전속,100%,1,1,, - ,1, - ,,1, - ,0.00%,, - , - 
P926341,P92634,리더스 모바일 동백점,서울,송파구,마천동,서울특별시 송파구 마천로 255,D14342,신창대리점,수도권_전속,100%,1,1,, - , - ,1,, - , - ,0.00%,, - , - 
P927311,P92731,다온모바일,경기,김포시,장기동,경기도 김포시 태장로 823,D13546,ACT대리점,수도권_전속,100%,1,1,, - , - ,1,, - , - ,0.00%,, - , - 
P928951,P92895,레드통신,경기,오산시,원동,경기도 오산시 경기대로 166,D13542,삼보대리점,수도권_전속,100%,1,1,, - , - ,1,, - , - ,0.00%,, - , - 
P929091,P92909,티제이(TJ)텔레콤(호계점),경기,안양시 동안구,호계동,경기도 안양시 동안구 경수대로570번길 9,D15173,정원대리점,수도권_전속,100%,1,1,, - ,1, - ,, - ,1,100.00%,, - , - 
P929121,P92912,샛별정보통신,인천,남동구,만수동,인천광역시 남동구 소래로669번길 34,D13952,참스타대리점,수도권_전속,100%,1,1,, - , - ,1,, - , - ,0.00%,, - , - 
P929261,P92926,일레븐,서울,중랑구,면목동,서울특별시 중랑구 겸재로 93,D13546,ACT대리점,수도권_전속,100%,1,1,, - , - ,1,, - , - ,0.00%,, - , - 
P929731,P92973,아빠통신,경기,수원시 영통구,원천동,경기도 수원시 영통구 중부대로448번길 100,D13858,새서울대리점,수도권_전속,100%,1,1,, - , - ,1,, - , - ,0.00%,, - , - 
P931711,P93171,공일공모바일,경기,수원시 팔달구,중동,경기도 수원시 팔달구 정조로 746,D13952,참스타대리점,수도권_전속,100%,1,1,,1, - , - ,, - , - ,0.00%,, - , - 
P932391,P93239,케이엔씨모바일,경기,부천시 원미구,심곡동,경기도 부천시 부일로445번길 32,D13952,참스타대리점,수도권_전속,100%,1,1,, - ,1, - ,,1, - ,0.00%,, - , - 
P933491,P93349,가로수텔레콤,서울,성북구,돈암동,서울특별시 성북구 동소문로 186,D15146,PS&M,PS_전속,100%,1,1,, - , - ,1,, - , - ,0.00%,, - , - 
P934631,P93463,(주)연희원텔레콤,서울,영등포구,도림동,서울특별시 영등포구 도신로29길 1,D13858,새서울대리점,수도권_전속,100%,1,1,, - ,1, - ,,1, - ,0.00%,, - , - 
P936001,P93600,퍼스트정보통신,경기,시흥시,매화동,경기도 시흥시 매화로 46,D13952,참스타대리점,수도권_전속,100%,1,1,, - , - ,1,, - , - ,0.00%,, - , - 
P936261,P93626,우주정보통신,서울,강서구,내발산동,서울특별시강서구강서로45길494,D15146,PS&M,PS_전속,100%,1,1,, - ,1, - ,,1, - ,0.00%,, - , - 
P936601,P93660,에스와이통신,경기,남양주시,금곡동,경기도 남양주시 사릉로 13,D14654,알리바바대리점,수도권_전속,100%,1,1,, - , - ,1,, - , - ,0.00%,, - , - 
P937231,P93723,산하텔레콤,서울,구로구,구로동,서울특별시 구로구 구로동로28길 124,D13858,새서울대리점,수도권_전속,100%,1,1,, - ,1, - ,,1, - ,0.00%,, - ,1
P939341,P93934,예사랑,서울,금천구,독산동,서울특별시 금천구 범안로17길 9,D13622,MD대리점,수도권_전속,100%,1,1,, - , - ,1,, - , - ,0.00%,, - , - 
P939591,P93959,드림모바일,경기,의정부시,호원동,경기도 의정부시 백석로52번길 41,D13357,가능대리점,수도권_전속,100%,1,1,,1, - , - ,, - , - ,0.00%,, - , - 
P941171,P94117,이엔(EN)통신,강원,강릉시,주문진읍,강원 강릉시 주문진읍 주문로 110,D13952,참스타대리점,수도권_전속,100%,1,1,, - , - ,1,, - , - ,0.00%,, - , - 
P942661,P94266,코리아텔레콤,서울,은평구,갈현동,서울특별시 은평구 연서로29길 7,D14342,신창대리점,수도권_전속,100%,1,1,, - , - ,1,, - , - ,0.00%,, - , - 
P942721,P94272,k-1정보,강원,춘천시,우두동,강원 춘천시 충열로 69,D13965,대교대리점,수도권_전속,100%,1,1,, - , - ,1,, - , - ,0.00%,, - , - 
P943441,P94344,부흥통신,서울,광진구,중곡동,서울특별시 광진구 긴고랑로9길 34,D15121,CD대리점,수도권_전속,100%,1,1,, - , - ,1,, - , - ,0.00%,, - , - 
P943751,P94375,이동통신프라자,서울,동대문구,청량리동,서울특별시 동대문구 홍릉로 71,D15173,정원대리점,수도권_전속,100%,1,1,, - , - ,1,, - , - ,0.00%,, - , - 
P945541,P94554,광주통신 GG상사,경기,광주시,경안동,경기도광주시중앙로145,D15146,PS&M,PS_전속,100%,1,1,, - , - ,1,, - , - ,0.00%,, - , - 
P946781,P94678,엘케이대박통신 갈매점,경기,구리시,갈매동,경기도 구리시 갈매중앙로 79,D15121,CD대리점,수도권_전속,100%,1,1,, - ,1, - ,, - ,1,100.00%,, - , - 
P946831,P94683,소새울,경기,부천시 소사구,소사본동,경기도 부천시 은성로68번길 59,D13622,MD대리점,수도권_전속,100%,1,1,, - , - ,1,, - , - ,0.00%,, - , - 
P947921,P94792,푸른정보통신,서울,중랑구,중화동,서울특별시 중랑구 동일로130길 43,D13742,한유대리점,수도권_전속,100%,1,1,,1, - , - ,, - , - ,0.00%,, - , - 
P948781,P94878,스마트한폰세상,서울,강동구,길동,서울특별시 강동구 양재대로 1514,D15173,정원대리점,수도권_전속,100%,1,1,, - , - ,1,, - , - ,0.00%,, - , - 
P950641,P95064,중앙정보통신,경기,파주시,와동동,경기 파주시 미래로602번길 11,D13357,가능대리점,수도권_전속,100%,1,1,, - ,1, - ,,1, - ,0.00%,, - , - 
P950671,P95067,이레텔레콤,경기,수원시 영통구,매탄동,경기도 수원시 영통구 효원로 363,D15121,CD대리점,수도권_전속,100%,1,1,, - ,1, - ,,1, - ,0.00%,,1, - 
P956361,P95636,한종합8호점,강원,동해시,발한동,강원도동해시일출로2,D15146,PS&M,PS_전속,100%,1,1,, - , - ,1,, - , - ,0.00%,, - , - 
P957491,P95749,(주)둥이종합조경,서울,마포구,도화동,서울특별시 마포구 마포대로 33,D15173,정원대리점,수도권_전속,100%,1,1,,1, - , - ,, - , - ,0.00%,, - , - 
P958351,P95835,대진17호,인천,남동구,서창동,인천광역시 남동구 서창남순환로215번길 48,D13225,광장대리점,수도권_전속,100%,1,1,,1, - , - ,, - , - ,0.00%,, - , - 
P959021,P95902,하나모바일컨설팅,서울,영등포구,영등포동5가,서울특별시 영등포구 영등포로 225,D15157,근흥대리점,수도권_전속,100%,1,1,,1, - , - ,, - , - ,0.00%,, - , - 
P960451,P96045,코리아랜드,서울,서초구,서초동,서울특별시 서초구 효령로 304,D15051,프리스비,수도권_전속,100%,1,1,, - , - ,1,, - , - ,0.00%,, - , - 
P960491,P96049,태검,경기,용인시 처인구,김량장동,경기도용인시처인구금령로14,D15146,PS&M,PS_전속,100%,1,1,, - , - ,1,, - , - ,0.00%,, - , - 
P960551,P96055,(주) 파라오텔레콤 금정점,경기,군포시,산본동,경기도 군포시 산본천로 205,D13357,가능대리점,수도권_전속,100%,1,1,, - ,1, - ,,1, - ,0.00%,, - , - 
P960591,P96059,이노모바일,서울,중랑구,묵동,서울특별시 중랑구 숙선옹주로 45,D13965,대교대리점,수도권_전속,100%,1,1,, - , - ,1,, - , - ,0.00%,, - , - 
P961971,P96197,착한통신,서울,관악구,신림동,서울특별시 관악구 원신길 75-1,D15173,정원대리점,수도권_전속,100%,1,1,, - ,1, - ,, - ,1,100.00%,, - , - 
P962651,P96265,열방통신,경기,구리시,인창동,경기도 구리시 동구릉로 124,D15121,CD대리점,수도권_전속,100%,1,1,,1, - , - ,, - , - ,0.00%,, - , - 
P964161,P96416,아재통신,경기,부천시 소사구,소사본동,경기도 부천시 소사로160번길 40,D15121,CD대리점,수도권_전속,100%,1,1,, - , - ,1,, - , - ,0.00%,, - , - 
P964281,P96428,제우스텔레콤,서울,중랑구,망우동,서울특별시 중랑구 망우로62길 19,D15173,정원대리점,수도권_전속,100%,1,1,, - ,1, - ,,1, - ,0.00%,, - , - 
P964341,P96434,골든모바일,경기,안산시 단원구,원곡동,경기도 안산시 단원구 중앙대로 451,D13965,대교대리점,수도권_전속,100%,1,1,,1, - , - ,, - , - ,0.00%,, - , - 
P965321,P96532,TH Telecom,경기,평택시,신장동,경기도 평택시 탄현로 333-1,D13742,한유대리점,수도권_전속,100%,1,1,, - , - ,1,, - , - ,0.00%,, - , - 
P965541,P96554,우기통신,경기,안양시 만안구,안양동,경기도 안양시 만안구 장내로99번길 28,D13965,대교대리점,수도권_전속,100%,1,1,, - , - ,1,, - , - ,0.00%,, - , - 
P966121,P96612,AJ통신,경기,성남시 분당구,서현동,경기도 성남시 분당구 중앙공원로40번길 8,D13858,새서울대리점,수도권_전속,100%,1,1,,1, - , - ,, - , - ,0.00%,, - , - 
P967171,P96717,엄지텔레콤,인천,부평구,산곡동,인천광역시 부평구 세월천로 57,D15051,프리스비,수도권_전속,100%,1,1,, - ,1, - ,,1, - ,0.00%,, - , - 
P967291,P96729,SUN텔레콤,서울,광진구,중곡동,서울특별시 광진구 능동로 411,D15173,정원대리점,수도권_전속,100%,1,1,, - , - ,1,, - , - ,0.00%,, - , - 
P967381,P96738,목동폰마트365,서울,양천구,신정동,서울특별시 양천구 오목로 206,D15157,근흥대리점,수도권_전속,100%,1,1,, - , - ,1,, - , - ,0.00%,, - , - 
P972301,P97230,원모바일,서울,구로구,개봉동,서울특별시 구로구 개봉로20길 60,D13225,광장대리점,수도권_전속,100%,1,1,, - ,1, - ,,1, - ,0.00%,, - , - 
P972911,P97291,디토,서울,도봉구,쌍문동,서울특별시 도봉구 해등로 190,D15117,알파대리점,수도권_전속,100%,1,1,, - ,1, - ,,1, - ,0.00%,, - ,1
P973911,P97391,T&B 동해점,강원,동해시,효가동,강원동해시지양길2,D15146,PS&M,PS_전속,100%,1,1,,1, - , - ,, - , - ,0.00%,, - , - 
P974591,P97459,와이에스 모바일,경기,고양시 일산서구,대화동,경기도 고양시 일산서구 대화로 124,D15117,알파대리점,수도권_전속,100%,1,1,, - , - ,1,, - , - ,0.00%,, - , - 
P975701,P97570,부천휴대폰성지 조이모바일,경기,부천시 소사구,송내동,경기도 부천시 경인로 110-1,F13586,신도SDR,수도권_전속,100%,1,1,, - , - ,1,, - , - ,0.00%,, - , - 
P975791,P97579,주식회사 지교컴퍼니(홍은점),서울,서대문구,홍은동,서울특별시 서대문구 홍은중앙로 94,D15146,PS&M,PS_전속,100%,1,1,, - , - ,1,, - , - ,0.00%,, - , - 
P977401,P97740,동네,경기,고양시 일산서구,구산동,경기도 고양시 일산서구 구산로67번길 2,D15121,CD대리점,수도권_전속,100%,1,1,,1, - , - ,, - , - ,0.00%,, - , - 
P977631,P97763,휴대폰클라쓰,경기,평택시,포승읍,경기도 평택시 포승읍 서동대로 788,D13469,코넥,수도권_전속,100%,1,1,, - , - ,1,, - , - ,0.00%,, - , - 
P977681,P97768,히어로즈,서울,강동구,길동,서울특별시 강동구 천호대로187길 30,D13858,새서울대리점,수도권_전속,100%,1,1,, - , - ,1,, - , - ,0.00%,, - , - 
P978241,P97824,휴대폰성지,경기,시흥시,정왕동,경기도 시흥시 옥구천동로 422,D13542,삼보대리점,수도권_전속,100%,1,1,, - ,1, - ,,1, - ,0.00%,, - ,1
P978721,P97872,위너티에프케이 새절역점,서울,은평구,신사동,서울특별시 은평구 가좌로 277,D13622,MD대리점,수도권_전속,100%,1,1,, - ,1, - ,, - ,1,100.00%,, - , - 
P979401,P97940,지우정보통신,경기,화성시 만세구,송산면,경기도화성시송산면사강로193,D15146,PS&M,PS_전속,100%,1,1,, - ,1, - ,,1, - ,0.00%,, - , - 
P980351,P98035,청북 휴대폰성지 휴대폰백화점,경기,평택시,청북읍,경기도 평택시 청북읍 안청로4길 42,D13965,대교대리점,수도권_전속,100%,1,1,, - ,1, - ,,1, - ,0.00%,, - , - 
P982671,P98267,현텔레콤,인천,동구,송현동,인천광역시동구수문통로49,D15146,PS&M,PS_전속,100%,1,1,, - ,1, - ,,1, - ,0.00%,, - , - 
P983661,P98366,르샤텔레콤,서울,송파구,잠실동,서울특별시 송파구 백제고분로19길 14,D13546,ACT대리점,수도권_전속,100%,1,1,,1, - , - ,, - , - ,0.00%,, - , - 
P983691,P98369,쎄븐텔레콤,인천,미추홀구,용현동,인천광역시 남구 독정이로 15-3,D13952,참스타대리점,수도권_전속,100%,1,1,, - , - ,1,, - , - ,0.00%,, - , - 
P984141,P98414,민텔레콤,서울,도봉구,창동,서울특별시도봉구덕릉로221,D15146,PS&M,PS_전속,100%,1,1,, - , - ,1,, - , - ,0.00%,, - , - 
P988591,P98859,휴대폰365,경기,남양주시,진접읍,경기도남양주시진접읍금강로1531,D15146,PS&M,PS_전속,100%,1,1,, - , - ,1,, - , - ,0.00%,, - , - 
P988601,P98860,승리텔레콤,서울,구로구,천왕동,서울특별시구로구천왕로42,D15146,PS&M,PS_전속,100%,1,1,, - ,1, - ,,1, - ,0.00%,, - , - 
P989001,P98900,피엔모바일,경기,남양주시,다산동,경기도 남양주시 미금로 55,D13469,코넥,수도권_전속,100%,1,1,, - , - ,1,, - , - ,0.00%,, - , - 
P989031,P98903,탄현제이통신,경기,고양시 일산서구,탄현동,경기도 고양시 일산서구 산현로 15,D13622,MD대리점,수도권_전속,100%,1,1,, - , - ,1,, - , - ,0.00%,, - , - 
P989191,P98919,럭키모바일,경기,화성시 병점구,병점동,경기도 화성시 병점서로 31-6,D15146,PS&M,PS_전속,100%,1,1,, - ,1, - ,,1, - ,0.00%,, - , - 
P989931,P98993,행운,서울,강서구,화곡동,서울특별시 강서구 곰달래로 147,D15051,프리스비,수도권_전속,100%,1,1,, - ,1, - ,,1, - ,0.00%,, - , - 
P992241,P99224,휴대폰성지패밀리모바일 루원점,인천,서구,가정동,,D13827,지은대리점,수도권_전속,100%,1,1,, - , - ,1,, - , - ,0.00%,, - , - 
P993031,P99303,전부,인천,미추홀구,주안동,인천광역시 미추홀구 신기길 6,D15146,PS&M,PS_전속,100%,1,1,, - ,1, - ,,1, - ,0.00%,, - , - 
P994781,P99478,휴대폰성지 옆커폰 부개점,인천,부평구,부평동,인천광역시 부평구 부일로 30,D13225,광장대리점,수도권_전속,100%,1,1,, - ,1, - ,,1, - ,0.00%,, - , - 
P996091,P99609,안나통신,경기,부천시 오정구,고강동,경기도 부천시 고리울로51번길 30,D15157,근흥대리점,수도권_전속,100%,1,1,, - , - ,1,, - , - ,0.00%,, - , - 
P996671,P99667,한빛텔레콤,서울,서대문구,북아현동,서울특별시 서대문구 신촌로 239,D13742,한유대리점,수도권_전속,100%,1,1,, - ,1, - ,,1, - ,0.00%,, - , - 
P996921,P99692,마성텔레콤,경기,양주시,덕계동,경기도양주시평화로1408,D15146,PS&M,PS_전속,100%,1,1,, - , - ,1,, - , - ,0.00%,, - , - 
P997791,P99779,에스비모바일,경기,수원시 권선구,호매실동,경기도 수원시 권선구 호매실로218번길 124,D13965,대교대리점,수도권_전속,100%,1,1,, - , - ,1,, - , - ,0.00%,, - , - 
P998141,P99814,폰쌤 화곡직영점,서울,강서구,화곡동,서울특별시 강서구 강서로17다길 16-1,D15157,근흥대리점,수도권_전속,100%,1,1,, - ,1, - ,,1, - ,0.00%,, - , - 
P998171,P99817,가좌에스케이,인천,서구,가좌동,인천광역시 서구 고래울로 36,D13622,MD대리점,수도권_전속,100%,1,1,, - , - ,1,, - , - ,0.00%,, - , - 
P999021,P99902,드림프리덤 잠실2점,서울,송파구,신천동,서울특별시 송파구 올림픽로35길 124,D14342,신창대리점,수도권_전속,100%,1,1,, - , - ,1,, - , - ,0.00%,, - , - 
P999751,P99975,휴대폰성지,서울,은평구,신사동,서울특별시 은평구 은평로 3,D14674,서울ent대리점,수도권_전속,100%,1,1,, - , - ,1,, - , - ,0.00%,, - , - 
PA22631,PA2263,아이티코리아,경기,성남시 중원구,금광동,경기도 성남시 중원구 금상로 77-1,D13546,ACT대리점,수도권_전속,100%,1,1,,1, - , - ,, - , - ,0.00%,, - , - 
PA22691,PA2269,멜론모바일,인천,동구,화수동,인천광역시 동구 화도진로 108,D13469,코넥,수도권_전속,100%,1,1,, - , - ,1,, - , - ,0.00%,, - , - 
PA22941,PA2294,으뜸통신,경기,안양시 만안구,안양동,경기도 안양시 만안구 장내로 86,D13827,지은대리점,수도권_전속,100%,1,1,, - , - ,1,, - , - ,0.00%,, - , - 
PA23261,PA2326,제이엠(JM)통신,서울,광진구,자양동,서울특별시 광진구 능동로3길 5,D15117,알파대리점,수도권_전속,100%,1,1,, - ,1, - ,,1, - ,0.00%,, - , - 
PA23951,PA2395,해피통신,서울,동작구,신대방동,서울특별시 동작구 신대방길 98,D13742,한유대리점,수도권_전속,100%,1,1,, - , - ,1,, - , - ,0.00%,, - , - 
PA24081,PA2408,서진,경기,성남시 중원구,성남동,경기도 성남시 중원구 제일로35번길 43,D13546,ACT대리점,수도권_전속,100%,1,1,, - ,1, - ,,1, - ,0.00%,, - , - 
PA25551,PA2555,아임폰,인천,부평구,부개동,인천광역시 부평구 부평문화로 207,D13622,MD대리점,수도권_전속,100%,1,1,, - ,1, - ,,1, - ,0.00%,, - , - 
PA26741,PA2674,제이와이 정보통신,서울,중구,신당동,서울특별시 중구 다산로12길 21,D15121,CD대리점,수도권_전속,100%,1,1,, - , - ,1,, - , - ,0.00%,, - , - 
PA27521,PA2752,코끼리통신,경기,오산시,오산동,경기도오산시오산로306,D15146,PS&M,PS_전속,100%,1,1,, - , - ,1,, - , - ,0.00%,, - , - 
PA28991,PA2899,베스트모바일,서울,성북구,정릉동,서울특별시 성북구 서경로 25,D13858,새서울대리점,수도권_전속,100%,1,1,, - , - ,1,, - , - ,0.00%,, - , - 
PA30671,PA3067,스마일통신,서울,구로구,온수동,서울특별시 구로구 경인로3길 61,D13952,참스타대리점,수도권_전속,100%,1,1,, - , - ,1,, - , - ,0.00%,, - , - 
PA32831,PA3283,미소통신,서울,강동구,천호동,서울특별시 강동구 구천면로 277,D15117,알파대리점,수도권_전속,100%,1,1,, - , - ,1,, - , - ,0.00%,, - , - 
PA33461,PA3346,엔젤모바일,경기,화성시 병점구,병점동,경기도 화성시 병점서로 34,D15146,PS&M,PS_전속,100%,1,1,, - ,1, - ,,1, - ,0.00%,, - , - 
PA34041,PA3404,태영통신,서울,영등포구,당산동3가,서울특별시 영등포구 당산로 111-2,D13225,광장대리점,수도권_전속,100%,1,1,, - , - ,1,, - , - ,0.00%,, - , - 
PA36261,PA3626,하나통신,서울,영등포구,대림동,서울특별시 영등포구 디지털로 378,D15051,프리스비,수도권_전속,100%,1,1,, - , - ,1,, - , - ,0.00%,, - , - 
PA37911,PA3791,장텔레콤,서울,동작구,신대방동,서울특별시 동작구 신대방길 18,D15146,PS&M,PS_전속,100%,1,1,,1, - , - ,, - , - ,0.00%,, - , - 
PA38921,PA3892,한결모바일,강원,원주시,반곡동,강원원주시배울로25,D15146,PS&M,PS_전속,100%,1,1,, - , - ,1,, - , - ,0.00%,, - , - 
PA39131,PA3913,훌랄라텔레콤,경기,평택시,안중읍,경기도평택시안중읍안중로118,D15146,PS&M,PS_전속,100%,1,1,,1, - , - ,, - , - ,0.00%,, - , - 
PA40031,PA4003,영웅폰2호점,경기,오산시,원동,,D13965,대교대리점,수도권_전속,100%,1,1,, - , - ,1,, - , - ,0.00%,, - , - 
PA40051,PA4005,미래산업,경기,이천시,율면,경기도이천시율면고당로136,D15146,PS&M,PS_전속,100%,1,1,, - , - ,1,, - , - ,0.00%,, - , - 
PA40221,PA4022,현텔레콤,경기,고양시 덕양구,고양동,경기도고양시덕양구푸른마을로6,D15146,PS&M,PS_전속,100%,1,1,, - ,1, - ,,1, - ,0.00%,, - , - 
PA40971,PA4097,제이모바일,경기,시흥시,배곧동,경기도 시흥시 해송십리로 472-12,D15051,프리스비,수도권_전속,100%,1,1,, - ,1, - ,,1, - ,0.00%,, - , - 
PA42491,PA4249,느낌,서울,종로구,종로5가,서울특별시종로구종로255,D15146,PS&M,PS_전속,100%,1,1,, - , - ,1,, - , - ,0.00%,, - , - 
PA43521,PA4352,큐큐통신,경기,시흥시,정왕동,경기도 시흥시 정왕천로375번길 32,D13542,삼보대리점,수도권_전속,100%,1,1,,1, - , - ,, - , - ,0.00%,, - , - 
PA44871,PA4487,드림모바일,서울,은평구,갈현동,서울특별시 은평구 갈현로 182,D14342,신창대리점,수도권_전속,100%,1,1,, - , - ,1,, - , - ,0.00%,, - , - 
PA46821,PA4682,우리동네폰마트,경기,남양주시,화도읍,경기도남양주시화도읍먹갓로27번길1,D15146,PS&M,PS_전속,100%,1,1,, - ,1, - ,,1, - ,0.00%,, - , - 
PA47481,PA4748,한유엘앤에스,경기,고양시 덕양구,관산동,경기도 고양시 덕양구 통일로768번길 9,D15173,정원대리점,수도권_전속,100%,1,1,, - , - ,1,, - , - ,0.00%,, - , - 
PA49731,PA4973,모모바일,강원,양양군,양양읍,강원양양군양양읍양양로771,D14746,유원대리점,수도권_전속,100%,1,1,, - , - ,1,, - , - ,0.00%,, - , - 
PA49801,PA4980,엔젤통신,경기,수원시 권선구,서둔동,경기도 수원시 권선구 상탑로 133,D13742,한유대리점,수도권_전속,100%,1,1,, - , - ,1,, - , - ,0.00%,, - , - 
PA50141,PA5014,소원텔레콤,서울,구로구,구로동,서울특별시 구로구 새말로 97,D13952,참스타대리점,수도권_전속,100%,1,1,,1, - , - ,, - , - ,0.00%,, - , - 
PA50631,PA5063,(주)에스제이다솜 독산점,서울,금천구,독산동,서울특별시 금천구 범안로 1256,D13225,광장대리점,수도권_전속,100%,1,1,, - , - ,1,, - , - ,0.00%,, - , - 
PA51271,PA5127,대림차이홍4호점,서울,영등포구,대림동,서울특별시 영등포구 디지털로53길 12,D13124,UNI대리점,수도권_전속,100%,1,1,, - ,1, - ,,1, - ,0.00%,, - , - 
PA52921,PA5292,달미정보통신,경기,안산시 단원구,선부동,경기도 안산시 단원구 달미로 94,D13622,MD대리점,수도권_전속,100%,1,1,,1, - , - ,, - , - ,0.00%,, - , - 
PA54361,PA5436,마루통신,경기,안성시,죽산면,경기안성시죽산면죽주로265,D15146,PS&M,PS_전속,100%,1,1,, - , - ,1,, - , - ,0.00%,, - , - 
PA55341,PA5534,스마트선텍,경기,김포시,고촌읍,경기도 김포시 고촌읍 장차로 21-11,D13357,가능대리점,수도권_전속,100%,1,1,,1, - , - ,, - , - ,0.00%,, - , - 
PA55661,PA5566,아이애플,서울,구로구,구로동,서울특별시 구로구 새말로 97,D13225,광장대리점,수도권_전속,100%,1,1,, - , - ,1,, - , - ,0.00%,, - , - 
PA55841,PA5584,현정보통신,경기,성남시 분당구,야탑동,경기도 성남시 분당구 성남대로925번길 16,D13858,새서울대리점,수도권_전속,100%,1,1,, - , - ,1,, - , - ,0.00%,, - , - 
PA56001,PA5600,하이통신,강원,원주시,명륜동,강원 원주시 예술관길 13,D13622,MD대리점,수도권_전속,100%,1,1,, - ,1, - ,,1, - ,0.00%,, - , - 
PA56861,PA5686,제이디모바일(송내점),경기,부천시 원미구,상동,경기도 부천시 상일로 96,D13952,참스타대리점,수도권_전속,100%,1,1,,1, - , - ,, - , - ,0.00%,, - , - 
PA58211,PA5821,준 텔레콤,서울,성북구,보문동2가,서울특별시 성북구 보문로 117,D13742,한유대리점,수도권_전속,100%,1,1,, - , - ,1,, - , - ,0.00%,, - , - 
PA58941,PA5894,성공 6,서울,광진구,구의동,서울특별시 광진구 광나루로56길 85,D13357,가능대리점,수도권_전속,100%,1,1,, - ,1, - ,,1, - ,0.00%,, - , - 
PA59611,PA5961,신화텔레콤,서울,강동구,천호동,서울특별시 강동구 상암로 54,D15176,ACE대리점,수도권_전속,100%,1,1,, - , - ,1,, - , - ,0.00%,, - , - 
PA61101,PA6110,에스에이치모바일,경기,수원시 권선구,권선동,경기도 수원시 권선구 덕영대로1201번길 28,D13965,대교대리점,수도권_전속,100%,1,1,, - ,1, - ,,1, - ,0.00%,, - , - 
PA61251,PA6125,에스엔 플랜,경기,화성시 만세구,팔탄면,경기도화성시팔탄면서촌길15,D15146,PS&M,PS_전속,100%,1,1,, - ,1, - ,,1, - ,0.00%,, - , - 
PA62171,PA6217,(주)부일텔레콤,인천,부평구,부개동,인천광역시 부평구 수변로 2,D13124,UNI대리점,수도권_전속,100%,1,1,, - , - ,1,, - , - ,0.00%,, - , - 
PA62541,PA6254,폰앤조이,서울,강남구,세곡동,서울특별시 강남구 헌릉로569길 3,D15051,프리스비,수도권_전속,100%,1,1,, - , - ,1,, - , - ,0.00%,, - , - 
PA63291,PA6329,티와이모바일샵,강원,양구군,양구읍,강원 양구군 양구읍 중앙길 20,D15146,PS&M,PS_전속,100%,1,1,, - , - ,1,, - , - ,0.00%,, - , - 
PA63761,PA6376,미르정보통신,경기,시흥시,정왕동,경기도 시흥시 함송로 24,D13952,참스타대리점,수도권_전속,100%,1,1,, - , - ,1,, - , - ,0.00%,, - , - 
PA64231,PA6423,정모바일,인천,부평구,부평동,인천광역시 부평구 주부토로81번길 50,D13124,UNI대리점,수도권_전속,100%,1,1,, - , - ,1,, - , - ,0.00%,, - , - 
PA64251,PA6425,(주)다온정보,인천,남동구,구월동,인천광역시 남동구 호구포로 818,D13952,참스타대리점,수도권_전속,100%,1,1,, - , - ,1,, - , - ,0.00%,, - , - 
PA64401,PA6440,바른텔레콤,경기,성남시 중원구,은행동,경기도 성남시 중원구 산성대로 512-1,D15146,PS&M,PS_전속,100%,1,1,, - ,1, - ,,1, - ,0.00%,, - , - 
PA64601,PA6460,폰스토리 평촌역점,경기,안양시 동안구,관양동,경기도 안양시 동안구 관평로170번길 33,D13827,지은대리점,수도권_전속,100%,1,1,,1, - , - ,, - , - ,0.00%,, - , - 
PA65481,PA6548,스타통신,강원,원주시,명륜동,강원원주시예술관길28,D15146,PS&M,PS_전속,100%,1,1,, - , - ,1,, - , - ,0.00%,, - , - 
PA67191,PA6719,큰세계통신,경기,파주시,적성면,경기도파주시적성면청송로1041,D15146,PS&M,PS_전속,100%,1,1,, - ,1, - ,,1, - ,0.00%,, - , - 
PA69451,PA6945,다산폰마트,경기,남양주시,다산동,경기도 남양주시 다산순환로 325,F13586,신도SDR,수도권_전속,100%,1,1,,1, - , - ,, - , - ,0.00%,, - , - 
PA69521,PA6952,온텔레콤,경기,이천시,마장면,경기도 이천시 마장면 오천로 49,D13858,새서울대리점,수도권_전속,100%,1,1,,1, - , - ,, - , - ,0.00%,, - , - 
PA71001,PA7100,폰마트양동점,경기,양평군,양동면,경기도 양평군 양동면 쌍학새마을1길 1,D15146,PS&M,PS_전속,100%,1,1,, - , - ,1,, - , - ,0.00%,, - , - 
PA71451,PA7145,1백점만점,서울,노원구,하계동,"서울 노원구 섬밭로 229,",D15146,PS&M,PS_전속,100%,1,1,, - ,1, - ,,1, - ,0.00%,, - , - 
PA72191,PA7219,헬로우정보통신,강원,원주시,단구동,강원원주시서원대로402,D15146,PS&M,PS_전속,100%,1,1,, - , - ,1,, - , - ,0.00%,, - , - 
PA73021,PA7302,만세폰,경기,화성시 만세구,향남읍,경기도화성시향남읍3.1만세로11093,D15146,PS&M,PS_전속,100%,1,1,, - ,1, - ,, - ,1,100.00%,, - , - 
PA73351,PA7335,이원모바일,경기,시흥시,배곧동,경기도 시흥시 배곧1로 27-15,D15051,프리스비,수도권_전속,100%,1,1,,1, - , - ,, - , - ,0.00%,, - , - 
PA73631,PA7363,한가족통신2호점,강원,원주시,문막읍,강원 원주시 문막읍 건등로 42,D15146,PS&M,PS_전속,100%,1,1,, - ,1, - ,,1, - ,0.00%,, - , - 
PA74381,PA7438,스팟통신,인천,중구,중산동,인천광역시 중구 두미포로 112,D13952,참스타대리점,수도권_전속,100%,1,1,, - ,1, - ,,1, - ,0.00%,, - , - 
PA76161,PA7616,강남휴대폰프라자,서울,강남구,역삼동,서울특별시 강남구 역삼로 214,D15146,PS&M,PS_전속,100%,1,1,, - , - ,1,, - , - ,0.00%,, - , - 
PA77591,PA7759,쥬네브프라자,경기,용인시 기흥구,중동,경기도 용인시 기흥구 동백죽전대로 444,D14746,유원대리점,수도권_전속,100%,1,1,, - ,1, - ,,1, - ,0.00%,, - , - 
PA78801,PA7880,엠에스모바일(문산시장점),경기,파주시,문산읍,경기파주시문산읍문산로461,D15146,PS&M,PS_전속,100%,1,1,, - , - ,1,, - , - ,0.00%,, - , - 
PA78841,PA7884,전부,인천,미추홀구,도화동,인천광역시 미추홀구 제일로 21,D15146,PS&M,PS_전속,100%,1,1,, - ,1, - ,,1, - ,0.00%,, - , - 
PA80751,PA8075,휴대폰성지진또배기구월점,인천,남동구,구월동,인천광역시 남동구 용천로 90,D13622,MD대리점,수도권_전속,100%,1,1,, - , - ,1,, - , - ,0.00%,, - , - 
PA81361,PA8136,모바일뱅크,경기,의정부시,용현동,경기도 의정부시 용민로 74,D13858,새서울대리점,수도권_전속,100%,1,1,, - , - ,1,, - , - ,0.00%,, - , - 
PA81671,PA8167,에스케이엠비,경기,화성시 만세구,우정읍,경기도화성시우정읍조암로14,D15146,PS&M,PS_전속,100%,1,1,, - ,1, - ,,1, - ,0.00%,, - , - 
PA85921,PA8592,주연통신,서울,성북구,종암동,,D15146,PS&M,PS_전속,100%,1,1,, - , - ,1,, - , - ,0.00%,, - , - 
PA86581,PA8658,영텔레콤,경기,평택시,안중읍,경기도 평택시 안중읍 현화중앙길 108,D13542,삼보대리점,수도권_전속,100%,1,1,, - , - ,1,, - , - ,0.00%,, - , - 
PA87361,PA8736,앨리캣 모바일,서울,마포구,상수동,서울특별시은평구연서로296,D13952,참스타대리점,수도권_전속,100%,1,1,, - , - ,1,, - , - ,0.00%,, - , - 
PA87451,PA8745,내동통신,강원,춘천시,석사동,강원 춘천시 후석로 43,D83213,T&B대리점,수도권_전속,100%,1,1,, - ,1, - ,,1, - ,0.00%,, - , - 
PA89311,PA8931,참조은모바일,인천,부평구,십정동,인천광역시 부평구 경인로 669,D14746,유원대리점,수도권_전속,100%,1,1,,1, - , - ,, - , - ,0.00%,, - , - 
PA89571,PA8957,JS텔레콤,경기,광명시,광명동,경기도 광명시 오리로 970,D13622,MD대리점,수도권_전속,100%,1,1,, - , - ,1,, - , - ,0.00%,, - , - 
PA91101,PA9110,사계절통신,인천,중구,인현동,인천광역시 중구 참외전로 지하123,D13622,MD대리점,수도권_전속,100%,1,1,, - , - ,1,, - , - ,0.00%,, - , - 
PA92061,PA9206,유토피아 정보통신,경기,시흥시,매화동,경기도 시흥시 매화마을로 1,D13952,참스타대리점,수도권_전속,100%,1,1,,1, - , - ,, - , - ,0.00%,, - , - 
PA92411,PA9241,윈모바일,경기,연천군,전곡읍,경기도연천군전곡읍은전로78번길56,D15146,PS&M,PS_전속,100%,1,1,, - ,1, - ,,1, - ,0.00%,, - , - 
PA94281,PA9428,그린컴퍼니,서울,광진구,중곡동,서울특별시 광진구 영화사로 30,D13546,ACT대리점,수도권_전속,100%,1,1,, - ,1, - ,,1, - ,0.00%,, - , - 
PA95231,PA9523,주식회사제이제이텔레콤,경기,수원시 장안구,천천동,경기도 수원시 장안구 만석로19번길 11-8,D13965,대교대리점,수도권_전속,100%,1,1,, - ,1, - ,,1, - ,0.00%,, - , - 
PA95881,PA9588,옥정ACE텔레콤,경기,양주시,옥정동,경기도 양주시 옥정동로7다길 62,D13546,ACT대리점,수도권_전속,100%,1,1,, - , - ,1,, - , - ,0.00%,, - , - 
PA96021,PA9602,코어통신,경기,하남시,감이동,경기도 하남시 감일백제로 109,D13542,삼보대리점,수도권_전속,100%,1,1,, - , - ,1,, - , - ,0.00%,, - , - 
PA96171,PA9617,안중통신,경기,평택시,안중읍,경기도평택시안중읍안중로114번길4,D15146,PS&M,PS_전속,100%,1,1,,1, - , - ,, - , - ,0.00%,, - , - 
PA98291,PA9829,정모바일,인천,미추홀구,관교동,인천광역시 미추홀구 주승로 163,D13952,참스타대리점,수도권_전속,100%,1,1,, - , - ,1,, - , - ,0.00%,, - , - 
PA98311,PA9831,주식회사 비씨모바일,경기,안산시 단원구,선부동,경기도 안산시 단원구 선부광장1로 82,D13622,MD대리점,수도권_전속,100%,1,1,,1, - , - ,, - , - ,0.00%,, - , - 
PC00551,PC0055,에스에이치통신,경기,파주시,동패동,경기도 파주시 책향기로 423,D13622,MD대리점,수도권_전속,100%,1,1,, - , - ,1,, - , - ,0.00%,, - , - 
PC01961,PC0196,헬로벨디에치통신,서울,송파구,마천동,서울특별시송파구마천로41길29,D15146,PS&M,PS_전속,100%,1,1,, - ,1, - ,, - ,1,100.00%,, - , - 
PC01981,PC0198,제이엠넷(JMNET),서울,중구,장교동,서울특별시중구삼일대로363,D15146,PS&M,PS_전속,100%,1,1,, - , - ,1,, - , - ,0.00%,, - , - 
PC02321,PC0232,라온모바일,경기,안산시 상록구,일동,경기도 안산시 상록구 석삼말로 17,F13586,신도SDR,수도권_전속,100%,1,1,, - ,1, - ,,1, - ,0.00%,, - , - 
PC02391,PC0239,제이정보통신,서울,마포구,망원동,서울특별시 마포구 방울내로 66,D14342,신창대리점,수도권_전속,100%,1,1,, - , - ,1,, - , - ,0.00%,, - , - 
PC03461,PC0346,휴대폰도매센타(폰닥터),강원,태백시,황지동,강원도태백시황지로95,D15146,PS&M,PS_전속,100%,1,1,, - , - ,1,, - , - ,0.00%,, - , - 
PC07291,PC0729,제이텔레콤 남문로데오점,경기,수원시 팔달구,중동,경기도 수원시 팔달구 행궁로 93,D13965,대교대리점,수도권_전속,100%,1,1,, - , - ,1,, - , - ,0.00%,, - , - 
PC07471,PC0747,역말이동통신,경기,광주시,역동,경기도 광주시 역동로 102,D15121,CD대리점,수도권_전속,100%,1,1,, - , - ,1,, - , - ,0.00%,, - , - 
PC11161,PC1116,태영텔레콤,서울,강동구,상일동,서울특별시 강동구 구천면로 640,D13546,ACT대리점,수도권_전속,100%,1,1,, - , - ,1,, - , - ,0.00%,, - , - 
PC11321,PC1132,준텔레콤,서울,구로구,구로동,서울특별시구로구구로동로25길5,D15146,PS&M,PS_전속,100%,1,1,,1, - , - ,, - , - ,0.00%,, - , - 
PC11631,PC1163,휴대폰의모든것 청춘대길불광점,서울,은평구,불광동,서울특별시 은평구 연서로 284,F13586,신도SDR,수도권_전속,100%,1,1,, - ,1, - ,,1, - ,0.00%,, - , - 
PC11791,PC1179,엔씨정보통신,경기,화성시 만세구,향남읍,경기도 화성시 향남읍 삼천병마로 225-8,D15121,CD대리점,수도권_전속,100%,1,1,, - ,1, - ,,1, - ,0.00%,, - , - 
PC11971,PC1197,영심텔레콤,서울,관악구,신림동,서울특별시 관악구 신림로 208,D13225,광장대리점,수도권_전속,100%,1,1,, - ,1, - ,, - ,1,100.00%,, - , - 
PC12421,PC1242,마루통신,경기,동두천시,생연동,경기도 동두천시 중앙로 253,D15146,PS&M,PS_전속,100%,1,1,,1, - , - ,, - , - ,0.00%,, - , - 
PC13321,PC1332,비젼컴퍼니 연희점,서울,서대문구,연희동,서울특별시서대문구연희로88,D15146,PS&M,PS_전속,100%,1,1,, - , - ,1,, - , - ,0.00%,, - , - 
PC13911,PC1391,엘모바일,경기,평택시,용이동,경기도평택시현촌3길21,D15146,PS&M,PS_전속,100%,1,1,,1, - , - ,, - , - ,0.00%,, - , - 
PC13991,PC1399,하웅텔레콤,서울,중랑구,면목동,서울특별시중랑구동일로101길57,D15146,PS&M,PS_전속,100%,1,1,, - , - ,1,, - , - ,0.00%,, - , - 
PC14671,PC1467,삼양프라자,서울,강북구,미아동,서울특별시강북구삼양로54길2,D15146,PS&M,PS_전속,100%,1,1,, - ,1, - ,,1, - ,0.00%,, - , - 
PC15181,PC1518,오거리통신,서울,중랑구,면목동,서울특별시 중랑구 면목로33길 35,D14342,신창대리점,수도권_전속,100%,1,1,, - ,1, - ,,1, - ,0.00%,, - , - 
PC16251,PC1625,하원모바일,경기,부천시 오정구,원종동,경기도 부천시 성오로89번가길 45,D13622,MD대리점,수도권_전속,100%,1,1,, - , - ,1,, - , - ,0.00%,, - , - 
PC18621,PC1862,에이치비컴퍼니,서울,강북구,번동,서울특별시 강북구 한천로105길 7,D13546,ACT대리점,수도권_전속,100%,1,1,, - ,1, - ,,1, - ,0.00%,, - , - 
PC18921,PC1892,로아정보통신,인천,남동구,구월동,인천광역시 남동구 구월로 284,D13124,UNI대리점,수도권_전속,100%,1,1,,1, - , - ,, - , - ,0.00%,, - ,1
PC20031,PC2003,드림모바일,경기,화성시 만세구,남양읍,경기화성시남양읍역골중앙로41,D15146,PS&M,PS_전속,100%,1,1,, - ,1, - ,,1, - ,0.00%,, - , - 
PC20151,PC2015,휴대폰성지 판다폰 광명점,경기,광명시,광명동,경기도 광명시 새터로 44-7,D13827,지은대리점,수도권_전속,100%,1,1,, - , - ,1,, - , - ,0.00%,, - , - 
PC20581,PC2058,트윈스,서울,노원구,중계동,서울특별시 노원구 동일로204가길 34,D15173,정원대리점,수도권_전속,100%,1,1,, - , - ,1,, - , - ,0.00%,, - , - 
PC22221,PC2222,수청 대우폰,경기,오산시,청학동,경기도 오산시 법원로 26,D15146,PS&M,PS_전속,100%,1,1,, - ,1, - ,,1, - ,0.00%,, - , - 
PC23131,PC2313,에스컴퍼니,경기,의정부시,신곡동,경기도 의정부시 신곡로 47,D13546,ACT대리점,수도권_전속,100%,1,1,,1, - , - ,, - , - ,0.00%,, - , - 
PC25001,PC2500,엠에스모바일,경기,평택시,이충동,경기도 평택시 송탄로 116,D13542,삼보대리점,수도권_전속,100%,1,1,, - , - ,1,, - , - ,0.00%,, - , - 
PC25931,PC2593,상승모바일,서울,관악구,봉천동,서울특별시 관악구 관악로 183,D15146,PS&M,PS_전속,100%,1,1,, - , - ,1,, - , - ,0.00%,, - , - 
PC26681,PC2668,365정보통신,강원,영월군,영월읍,강원영월군영월읍하송안길1241,D15146,PS&M,PS_전속,100%,1,1,, - ,1, - ,,1, - ,0.00%,, - , - 
PC27181,PC2718,매직모바일 숭의점,인천,미추홀구,숭의동,인천광역시 미추홀구 경인로 27,D15146,PS&M,PS_전속,100%,1,1,,1, - , - ,, - , - ,0.00%,, - , - 
PC27251,PC2725,보담모바일,경기,양평군,양평읍,경기양평군양평읍양근로198,D15146,PS&M,PS_전속,100%,1,1,, - , - ,1,, - , - ,0.00%,, - , - 
PC27301,PC2730,서윤,경기,고양시 덕양구,고양동,경기도 고양시 덕양구 혜음로 62,D14746,유원대리점,수도권_전속,100%,1,1,, - , - ,1,, - , - ,0.00%,, - , - 
PC27601,PC2760,주식회사 애플리에,서울,성동구,옥수동,서울특별시 성동구 독서당로 223,D15173,정원대리점,수도권_전속,100%,1,1,, - , - ,1,, - , - ,0.00%,, - , - 
PC28401,PC2840,중앙통신,강원,양양군,양양읍,강원 양양군 양양읍 양양로 48-1,D15146,PS&M,PS_전속,100%,1,1,, - , - ,1,, - , - ,0.00%,, - , - 
PC28461,PC2846,국대폰,경기,의정부시,민락동,경기도 의정부시 효자로 10,D15121,CD대리점,수도권_전속,100%,1,1,, - ,1, - ,,1, - ,0.00%,, - , - 
PC29431,PC2943,이피엘통신,경기,여주시,홍문동,경기도 여주시 소양로 113,D13827,지은대리점,수도권_전속,100%,1,1,, - ,1, - ,,1, - ,0.00%,, - , - 
PC29701,PC2970,폰친구,서울,노원구,공릉동,서울특별시 노원구 동일로 1004,D14342,신창대리점,수도권_전속,100%,1,1,, - , - ,1,, - , - ,0.00%,, - , - 
PC30011,PC3001,연두프라자,강원,홍천군,홍천읍,강원 홍천군 홍천읍 홍천로 435,D13469,코넥,수도권_전속,100%,1,1,, - , - ,1,, - , - ,0.00%,, - , - 
PC30141,PC3014,양가모바일(2호점),경기,시흥시,정왕동,경기도 시흥시 정왕대로 230,D15051,프리스비,수도권_전속,100%,1,1,, - , - ,1,, - , - ,0.00%,, - , - 
PC30711,PC3071,화성통신,경기,화성시 만세구,남양읍,경기화성시남양읍남양시장로85,D15146,PS&M,PS_전속,100%,1,1,, - , - ,1,, - , - ,0.00%,, - , - 
PC31551,PC3155,라라네트웍스,경기,의정부시,고산동,경기도 의정부시 서광로 210,D13546,ACT대리점,수도권_전속,100%,1,1,, - , - ,1,, - , - ,0.00%,, - , - 
PC31691,PC3169,휴대폰할인매장디몰,강원,춘천시,석사동,강원 춘천시 공지로 116,D13742,한유대리점,수도권_전속,100%,1,1,, - , - ,1,, - , - ,0.00%,, - , - 
PC33391,PC3339,폰갤러리,강원,강릉시,입암동,강원강릉시입암로148번길2,D15146,PS&M,PS_전속,100%,1,1,, - , - ,1,, - , - ,0.00%,, - , - 
PC33481,PC3348,최강텔레콤,인천,미추홀구,주안동,인천광역시미추홀구신기길401,D15146,PS&M,PS_전속,100%,1,1,, - , - ,1,, - , - ,0.00%,, - , - 
PC34691,PC3469,안성폰,경기,안성시,석정동,경기도 안성시 중앙로 364,D14674,서울ent대리점,수도권_전속,100%,1,1,, - , - ,1,, - , - ,0.00%,, - , - 
PC35071,PC3507,폰매직,인천,서구,가정동,인천광역시 서구 가정로 322,D13827,지은대리점,수도권_전속,100%,1,1,, - , - ,1,, - , - ,0.00%,, - , - 
PC36501,PC3650,노마진폰마트,경기,수원시 영통구,이의동,경기도 수원시 영통구 대학로 109,D15146,PS&M,PS_전속,100%,1,1,, - , - ,1,, - , - ,0.00%,, - , - 
PC36631,PC3663,파란모바일도화점,인천,미추홀구,도화동,인천광역시 미추홀구 염전로202번길 48-4,D15121,CD대리점,수도권_전속,100%,1,1,, - , - ,1,, - , - ,0.00%,, - , - 
PC38031,PC3803,모바일패밀리샵,경기,의정부시,용현동,경기도 의정부시 충의로 69,D14342,신창대리점,수도권_전속,100%,1,1,, - , - ,1,, - , - ,0.00%,, - , - 
PC38421,PC3842,오산휴대폰성지 라라통신,경기,화성시 동탄구,금곡동,경기도 화성시 금곡로 24,D13622,MD대리점,수도권_전속,100%,1,1,, - ,1, - ,,1, - ,0.00%,, - , - 
PC39901,PC3990,빅뱅정보통신(마전점),인천,서구,마전동,인천광역시 서구 완정로 46,D15051,프리스비,수도권_전속,100%,1,1,, - , - ,1,, - , - ,0.00%,, - , - 
PC40041,PC4004,주식회사 에이앤비네트웍스,경기,의정부시,용현동,경기도 의정부시 용민로 52,D15146,PS&M,PS_전속,100%,1,1,,1, - , - ,, - , - ,0.00%,, - , - 
PC40981,PC4098,나라모바일,강원,춘천시,후평동,강원춘천시후석로355,D15146,PS&M,PS_전속,100%,1,1,, - ,1, - ,,1, - ,0.00%,, - , - 
PC41001,PC4100,89모바일,경기,안산시 상록구,본오동,경기도 안산시 상록구 반석로 88,D13965,대교대리점,수도권_전속,100%,1,1,,1, - , - ,, - , - ,0.00%,, - , - 
PC42591,PC4259,쭌텔레콤 프로점,인천,미추홀구,용현동,인천광역시 남구 용정공원로 33,D13952,참스타대리점,수도권_전속,100%,1,1,, - ,1, - ,, - ,1,100.00%,, - , - 
PC42871,PC4287,율라모바일,인천,남동구,만수동,인천광역시 남동구 구월로 378,D15121,CD대리점,수도권_전속,100%,1,1,, - ,1, - ,,1, - ,0.00%,, - , - 
PC43101,PC4310,에이스통신,서울,은평구,응암동,서울특별시 은평구 응암로 223,D14342,신창대리점,수도권_전속,100%,1,1,,1, - , - ,, - , - ,0.00%,, - , - 
PC43231,PC4323,휴대폰박사,강원,속초시,조양동,강원 속초시 동해대로 4024,D14746,유원대리점,수도권_전속,100%,1,1,, - ,1, - ,,1, - ,0.00%,, - , - 
PC43531,PC4353,모바일SC,서울,은평구,응암동,서울특별시 은평구 가좌로7길 28,D15121,CD대리점,수도권_전속,100%,1,1,, - , - ,1,, - , - ,0.00%,, - , - 
PC44811,PC4481,휴대폰성지세모폰송도2공구점,인천,연수구,송도동,인천광역시 연수구 컨벤시아대로 69,D15146,PS&M,PS_전속,100%,1,1,, - , - ,1,, - , - ,0.00%,, - , - 
PC45121,PC4512,대원정보,경기,평택시,팽성읍,경기도 평택시 팽성읍 동서촌로 87-1,D13742,한유대리점,수도권_전속,100%,1,1,,1, - , - ,, - , - ,0.00%,, - , - 
PC46381,PC4638,메인 모바일,강원,원주시,명륜동,강원원주시남원로660,D15146,PS&M,PS_전속,100%,1,1,, - ,1, - ,,1, - ,0.00%,, - , - 
PC48831,PC4883,대명폰2호점,경기,오산시,고현동,경기도 오산시 남부대로 412,D15051,프리스비,수도권_전속,100%,1,1,, - ,1, - ,,1, - ,0.00%,, - , - 
PC48961,PC4896,루아모바일,경기,남양주시,진접읍,"경기 남양주시 진접읍 장현로 78,",D15146,PS&M,PS_전속,100%,1,1,, - , - ,1,, - , - ,0.00%,, - , - 
PC51141,PC5114,(주) 제이케이모바일,서울,송파구,석촌동,서울특별시 송파구 백제고분로40길 32,D15121,CD대리점,수도권_전속,100%,1,1,,1, - , - ,, - , - ,0.00%,, - , - 
PC51401,PC5140,정직한 휴대폰 양주성지,경기,양주시,옥정동,경기도양주시옥정동로212,D15146,PS&M,PS_전속,100%,1,1,, - , - ,1,, - , - ,0.00%,, - , - 
PC51821,PC5182,휴대폰성지 의정부SB,경기,의정부시,신곡동,경기도 의정부시 부용로 203,D13827,지은대리점,수도권_전속,100%,1,1,, - , - ,1,, - , - ,0.00%,, - , - 
PC52191,PC5219,주식회사 에스엠티컨버전스,서울,강서구,내발산동,서울특별시 강서구 강서로 360,D13225,광장대리점,수도권_전속,100%,1,1,, - , - ,1,, - , - ,0.00%,, - , - 
PC52701,PC5270,준모바일,강원,동해시,발한동,강원동해시발한로125,D15146,PS&M,PS_전속,100%,1,1,, - , - ,1,, - , - ,0.00%,, - , - 
PC52721,PC5272,진텔레콤,서울,동작구,상도1동,서울특별시동작구상도로47길11,D15146,PS&M,PS_전속,100%,1,1,,1, - , - ,, - , - ,0.00%,, - , - 
PC53221,PC5322,아벨통신,경기,양주시,고암동,경기도 양주시 고암길 208,D13827,지은대리점,수도권_전속,100%,1,1,, - , - ,1,, - , - ,0.00%,, - , - 
PC53231,PC5323,서연정보통신,경기,구리시,수택동,경기도 구리시 이문안로 95,D15146,PS&M,PS_전속,100%,1,1,, - ,1, - ,,1, - ,0.00%,, - , - 
PC53401,PC5340,정보통신피앤에스,서울,영등포구,대림동,서울특별시 영등포구 디지털로 349,F13586,신도SDR,수도권_전속,100%,1,1,, - , - ,1,, - , - ,0.00%,, - , - 
PC53761,PC5376,오라텔레콤,경기,양주시,덕정동,"경기 양주시 독바위로 19,",D13546,ACT대리점,수도권_전속,100%,1,1,, - , - ,1,, - , - ,0.00%,, - , - 
PC54601,PC5460,휴대폰가게,강원,춘천시,동내면,강원특별자치도 춘천시 동내면 춘천순환로 75,D83213,T&B대리점,수도권_전속,100%,1,1,, - , - ,1,, - , - ,0.00%,, - , - 
PC55461,PC5546,매직모바일 부평점,인천,부평구,갈산동,인천광역시 부평구 평천로 381,D15146,PS&M,PS_전속,100%,1,1,, - ,1, - ,,1, - ,0.00%,, - , - 
PC55631,PC5563,오지(OZ)텔레콤,경기,화성시 병점구,병점동,경기도 화성시 떡전골로 60,D14746,유원대리점,수도권_전속,100%,1,1,, - , - ,1,, - , - ,0.00%,, - , - 
PC56711,PC5671,만개통신,경기,부천시 원미구,원미동,경기도 부천시 원미로 123-5,D15146,PS&M,PS_전속,100%,1,1,, - ,1, - ,,1, - ,0.00%,, - , - 
PC57081,PC5708,로또 앤 모바일,인천,계양구,박촌동,인천광역시 계양구 장제로 998,D13124,UNI대리점,수도권_전속,100%,1,1,, - , - ,1,, - , - ,0.00%,, - , - 
PC57231,PC5723,애니통신앤언니,강원,속초시,청학동,강원 속초시 중앙로108번길 12,D15146,PS&M,PS_전속,100%,1,1,, - , - ,1,, - , - ,0.00%,, - , - 
PC57641,PC5764,와룡컴퍼니 후평점,강원,춘천시,후평동,강원 춘천시 춘천로 313-1,D13965,대교대리점,수도권_전속,100%,1,1,, - ,1, - ,,1, - ,0.00%,, - , - 
PC57721,PC5772,휴대폰성지 옆커폰 용인상현점,경기,용인시 수지구,상현동,경기도 용인시 수지구 만현로 120,D14674,서울ent대리점,수도권_전속,100%,1,1,, - , - ,1,, - , - ,0.00%,, - , - 
PC57731,PC5773,마이모바일,경기,의정부시,민락동,경기도의정부시오목로196,D15146,PS&M,PS_전속,100%,1,1,, - , - ,1,, - , - ,0.00%,, - , - 
PC58951,PC5895,스카이(SKY)텔레콤,서울,은평구,대조동,서울특별시은평구통일로717,D15146,PS&M,PS_전속,100%,1,1,, - ,1, - ,,1, - ,0.00%,, - , - 
PC59001,PC5900,하트텔레콤,서울,강동구,암사동,서울특별시강동구올림픽로763,D15146,PS&M,PS_전속,100%,1,1,, - , - ,1,, - , - ,0.00%,, - , - 
PC59541,PC5954,와이에스모바일,서울,양천구,신월동,서울특별시 양천구 오목로 48,D13622,MD대리점,수도권_전속,100%,1,1,, - , - ,1,, - , - ,0.00%,, - , - 
PC60011,PC6001,휴대폰성지 휴대폰파크 안산점,경기,안산시 단원구,고잔동,경기도 안산시 단원구 중앙대로 921,D15121,CD대리점,수도권_전속,100%,1,1,, - , - ,1,, - , - ,0.00%,, - , - 
PC60651,PC6065,집현전,경기,오산시,갈곶동,경기도오산시오산로16,D15146,PS&M,PS_전속,100%,1,1,, - , - ,1,, - , - ,0.00%,, - , - 
PC60701,PC6070,넥스트커뮤니케이션,강원,춘천시,석사동,강원 춘천시 퇴계로 199,D83213,T&B대리점,수도권_전속,100%,1,1,, - ,1, - ,,1, - ,0.00%,, - , - 
PC62391,PC6239,이나통신,경기,성남시 수정구,수진동,경기도성남시수정구수정남로18,D15146,PS&M,PS_전속,100%,1,1,, - ,1, - ,,1, - ,0.00%,, - , - 
PC63871,PC6387,(SW)모바일,경기,용인시 기흥구,중동,경기도 용인시 기흥구 동백죽전대로 444,D15157,근흥대리점,수도권_전속,100%,1,1,, - , - ,1,, - , - ,0.00%,, - , - 
PC63931,PC6393,슬기로운 모바일,강원,춘천시,온의동,강원 춘천시 방송길 70,D13469,코넥,수도권_전속,100%,1,1,, - , - ,1,, - , - ,0.00%,, - , - 
PC64071,PC6407,휴대폰성지 옆커폰 파주동패점,경기,파주시,동패동,경기도 파주시 한울로 67,D15146,PS&M,PS_전속,100%,1,1,,1, - , - ,, - , - ,0.00%,, - , - 
PC65251,PC6525,허니비모바일,경기,부천시 소사구,송내동,경기도부천시경인로156,D15146,PS&M,PS_전속,100%,1,1,, - ,1, - ,,1, - ,0.00%,, - , - 
PC65441,PC6544,한솔통신,강원,삼척시,남양동,강원 삼척시 척주로 11,D13827,지은대리점,수도권_전속,100%,1,1,, - ,1, - ,,1, - ,0.00%,, - , - 
PC66051,PC6605,폰앤샵,강원,삼척시,남양동,강원특별자치도 삼척시 진주로 28-25,D15146,PS&M,PS_전속,100%,1,1,, - , - ,1,, - , - ,0.00%,, - , - 
PC66161,PC6616,정오텔레콤,경기,수원시 장안구,정자동,경기도 수원시 장안구 대평로 27,D13965,대교대리점,수도권_전속,100%,1,1,, - , - ,1,, - , - ,0.00%,, - , - 
PC66501,PC6650,(주)니즈플러스광주지점dc마,경기,광주시,역동,경기도 광주시 중앙로 91,D15121,CD대리점,수도권_전속,100%,1,1,, - ,1, - ,,1, - ,0.00%,, - , - 
PC67631,PC6763,상큼텔레콤,서울,성동구,성수동2가,서울특별시성동구성덕정길107,D15146,PS&M,PS_전속,100%,1,1,, - , - ,1,, - , - ,0.00%,, - , - 
PC68151,PC6815,더블와이컴퍼니 중곡점,서울,광진구,중곡동,서울특별시 광진구 면목로 113,D13225,광장대리점,수도권_전속,100%,1,1,, - , - ,1,, - , - ,0.00%,, - , - 
PC68551,PC6855,걸리버휴대폰,경기,고양시 일산동구,마두동,경기도 고양시 일산동구 중앙로 1160,D13622,MD대리점,수도권_전속,100%,1,1,, - ,1, - ,,1, - ,0.00%,, - , - 
PC68821,PC6882,아리텔레콤,서울,강북구,미아동,서울특별시 강북구 도봉로13길 22,D13858,새서울대리점,수도권_전속,100%,1,1,, - , - ,1,, - , - ,0.00%,, - , - 
PC71361,PC7136,봄봄,서울,강북구,번동,서울특별시강북구오현로25다길96,D15146,PS&M,PS_전속,100%,1,1,, - , - ,1,, - , - ,0.00%,, - , - 
PC71901,PC7190,대박통신 제이와이,경기,수원시 권선구,세류동,경기도 수원시 권선구 덕영대로1126번길 54,D13858,새서울대리점,수도권_전속,100%,1,1,, - ,1, - ,,1, - ,0.00%,, - , - 
PC72241,PC7224,웨일모바일 주식회사,경기,구리시,인창동,경기도 구리시 동구릉로85번길 15,D15121,CD대리점,수도권_전속,100%,1,1,, - , - ,1,, - , - ,0.00%,, - , - 
PC72561,PC7256,(주)정우모바일,서울,영등포구,영등포동,서울특별시 영등포구 영신로 29,D13742,한유대리점,수도권_전속,100%,1,1,, - , - ,1,, - , - ,0.00%,, - , - 
PC72911,PC7291,오션모바일,서울,강서구,가양동,서울특별시 강서구 화곡로 429,D13827,지은대리점,수도권_전속,100%,1,1,, - , - ,1,, - , - ,0.00%,, - , - 
PC73161,PC7316,한마음통신,경기,평택시,비전동,경기도 평택시 경기대로 271,D13542,삼보대리점,수도권_전속,100%,1,1,, - , - ,1,, - , - ,0.00%,, - , - 
PC73721,PC7372,예원,인천,계양구,임학동,인천광역시 계양구 임학동로 7,D15121,CD대리점,수도권_전속,100%,1,1,, - , - ,1,, - , - ,0.00%,, - , - 
PC73801,PC7380,김포성지핸드폰아울렛김포걸포점,경기,김포시,걸포동,경기도 김포시 걸포2로 74,D15176,ACE대리점,수도권_전속,100%,1,1,,1, - , - ,, - , - ,0.00%,, - , - 
PC74651,PC7465,엠비에이치모바일,서울,중랑구,중화동,서울특별시 중랑구 중랑천로14길 58,D15176,ACE대리점,수도권_전속,100%,1,1,,1, - , - ,, - , - ,0.00%,, - , - 
PC74801,PC7480,피엔제이모바일,서울,금천구,독산동,서울특별시 금천구 시흥대로148길 36,D13225,광장대리점,수도권_전속,100%,1,1,,1, - , - ,, - , - ,0.00%,, - , - 
PC75181,PC7518,현 엘티이(LTE) 죽전점,경기,용인시 수지구,죽전동,경기도 용인시 수지구 현암로 153,D15146,PS&M,PS_전속,100%,1,1,, - , - ,1,, - , - ,0.00%,, - , - 
PC75591,PC7559,최고텔레콤,경기,시흥시,배곧동,경기도 시흥시 배곧4로 30,D13225,광장대리점,수도권_전속,100%,1,1,, - ,1, - ,,1, - ,0.00%,, - , - 
PC75901,PC7590,휴대폰아울렛,경기,안산시 단원구,신길동,경기도 안산시 단원구 중앙대로 421,D15121,CD대리점,수도권_전속,100%,1,1,, - , - ,1,, - , - ,0.00%,, - , - 
PC76181,PC7618,민텔레콤,경기,의정부시,용현동,경기도 의정부시 용민로 11,D15146,PS&M,PS_전속,100%,1,1,, - , - ,1,, - , - ,0.00%,, - , - 
PC76431,PC7643,휴대폰성지,경기,안양시 동안구,관양동,경기도 안양시 동안구 달안로 112,D13357,가능대리점,수도권_전속,100%,1,1,,1, - , - ,, - , - ,0.00%,, - , - 
PC77241,PC7724,제이비(JB)통신,서울,송파구,잠실동,서울특별시 송파구 올림픽로 145,D13542,삼보대리점,수도권_전속,100%,1,1,, - ,1, - ,,1, - ,0.00%,, - , - 
PC77411,PC7741,최강모바일,서울,광진구,구의동,서울특별시 광진구 광나루로56길 85,D14674,서울ent대리점,수도권_전속,100%,1,1,,1, - , - ,, - , - ,0.00%,, - , - 
PC77571,PC7757,올모바일,인천,남동구,구월동,인천광역시남동구인주대로590,D13965,대교대리점,수도권_전속,100%,1,1,, - , - ,1,, - , - ,0.00%,, - , - 
PC77821,PC7782,미소 모바일,인천,남동구,구월동,인천광역시 남동구 호구포로 812,D14674,서울ent대리점,수도권_전속,100%,1,1,,1, - , - ,, - , - ,0.00%,, - , - 
PC77941,PC7794,스마트모바일,경기,용인시 수지구,상현동,경기도용인시수지구만현로120,D15146,PS&M,PS_전속,100%,1,1,, - , - ,1,, - , - ,0.00%,, - , - 
PC78141,PC7814,예스폰,경기,평택시,고덕동,경기도 평택시 함박산8길 13,D15176,ACE대리점,수도권_전속,100%,1,1,, - , - ,1,, - , - ,0.00%,, - , - 
PC78721,PC7872,휴대폰성지 원동폰,경기,오산시,원동,경기도 오산시 대원로 65,D13827,지은대리점,수도권_전속,100%,1,1,, - , - ,1,, - , - ,0.00%,, - ,1
PC79521,PC7952,신나라모바일,서울,성동구,마장동,서울특별시 성동구 마장로 310,D14654,알리바바대리점,수도권_전속,100%,1,1,, - , - ,1,, - , - ,0.00%,, - , - 
PC81701,PC8170,삼성모바일2,경기,안산시 상록구,사동,경기도 안산시 상록구 영화7길 25,D13827,지은대리점,수도권_전속,100%,1,1,, - ,1, - ,,1, - ,0.00%,, - , - 
PC82521,PC8252,라임통신,서울,관악구,신림동,서울특별시 관악구 봉천로 230,D15146,PS&M,PS_전속,100%,1,1,, - , - ,1,, - , - ,0.00%,, - , - 
PC82751,PC8275,선봉모바일,인천,연수구,청학동,인천광역시 연수구 먼우금로 197,D13951,강남스타대리점,수도권_전속,100%,1,1,, - , - ,1,, - , - ,0.00%,, - , - 
PC83211,PC8321,웹컴통신,경기,안양시 만안구,안양동,경기도 안양시 만안구 냉천로 171,D13827,지은대리점,수도권_전속,100%,1,1,, - , - ,1,, - , - ,0.00%,, - , - 
PC83331,PC8333,후니모바일,서울,강동구,천호동,서울특별시강동구양재대로1549,D15146,PS&M,PS_전속,100%,1,1,,1, - , - ,, - , - ,0.00%,, - , - 
PC84501,PC8450,휴대폰성지 진또배기 신중동점,경기,부천시 원미구,중동,경기도 부천시 원미구 길주로 272,D13858,새서울대리점,수도권_전속,100%,1,1,, - , - ,1,, - , - ,0.00%,, - , - 
PC84711,PC8471,피엘컴퍼니,강원,홍천군,홍천읍,강원 홍천군 홍천읍 신장대로 88,D13952,참스타대리점,수도권_전속,100%,1,1,, - , - ,1,, - , - ,0.00%,, - , - 
PC84731,PC8473,우주통신,강원,속초시,교동,강원 속초시 동해대로 4325,D15146,PS&M,PS_전속,100%,1,1,, - , - ,1,, - , - ,0.00%,, - , - 
PC84751,PC8475,윤지텔레콤,서울,광진구,구의동,서울특별시 광진구 광나루로56길 85,D13124,UNI대리점,수도권_전속,100%,1,1,, - , - ,1,, - , - ,0.00%,, - , - 
PC85081,PC8508,에벤에셀,인천,연수구,선학동,인천광역시 연수구 선학로68번길 3,D13622,MD대리점,수도권_전속,100%,1,1,, - ,1, - ,, - ,1,100.00%,, - , - 
PC85241,PC8524,서연이동통신,경기,연천군,전곡읍,경기도 연천군 전곡읍 전곡로 154,D15117,알파대리점,수도권_전속,100%,1,1,,1, - , - ,, - , - ,0.00%,, - , - 
PC85951,PC8595,에스앤에이치,서울,중랑구,상봉동,서울특별시 중랑구 면목로 463,D15051,프리스비,수도권_전속,100%,1,1,, - ,1, - ,,1, - ,0.00%,, - , - 
PC86361,PC8636,메가통신,서울,광진구,구의동,서울특별시 광진구 광나루로56길 85,D14674,서울ent대리점,수도권_전속,100%,1,1,, - , - ,1,, - , - ,0.00%,, - , - 
PC86711,PC8671,동북통신,서울,영등포구,대림동,서울특별시 영등포구 디지털로37길 2,D13225,광장대리점,수도권_전속,100%,1,1,, - ,1, - ,,1, - ,0.00%,, - , - 
PC87181,PC8718,새별통신,경기,남양주시,와부읍,경기도 남양주시 와부읍 덕소로 177,D13462,광운대리점,수도권_전속,100%,1,1,, - ,1, - ,,1, - ,0.00%,, - ,1
PC87421,PC8742,폰싼집6,경기,오산시,궐동,경기도오산시궐리사로59,D15146,PS&M,PS_전속,100%,1,1,,1, - , - ,, - , - ,0.00%,, - , - 
PC87441,PC8744,에비씨모바일,서울,송파구,가락동,서울특별시 송파구 중대로 226,D15173,정원대리점,수도권_전속,100%,1,1,, - , - ,1,, - , - ,0.00%,, - , - 
PC87611,PC8761,휴대폰쇼핑몰,경기,양주시,삼숭동,경기도 양주시 삼숭로38번길 9,D13469,코넥,수도권_전속,100%,1,1,, - ,1, - ,,1, - ,0.00%,, - , - 
PC88011,PC8801,스타,인천,서구,원당동,인천광역시 서구 발산로 6,D13952,참스타대리점,수도권_전속,100%,1,1,,1, - , - ,, - , - ,0.00%,, - , - 
PC88071,PC8807,테마학익,인천,미추홀구,학익동,인천광역시 미추홀구 매소홀로 366,D13827,지은대리점,수도권_전속,100%,1,1,, - ,1, - ,,1, - ,0.00%,, - , - 
PC89031,PC8903,제이피 엠엔에스,경기,용인시 처인구,포곡읍,경기도용인시처인구포곡읍포곡로83,D15146,PS&M,PS_전속,100%,1,1,, - , - ,1,, - , - ,0.00%,, - , - 
PC89311,PC8931,착한통신,경기,광주시,고산동,경기도 광주시 태성1로 14,D15146,PS&M,PS_전속,100%,1,1,,1, - , - ,, - , - ,0.00%,, - , - 
PC89501,PC8950,인아정보통신,경기,안산시 단원구,원곡동,경기도 안산시 단원구 다문화1길 3,D13827,지은대리점,수도권_전속,100%,1,1,,1, - , - ,, - , - ,0.00%,, - , - 
PC89831,PC8983,씨케이(ck)모바일 2호점,경기,화성시 동탄구,산척동,경기도 화성시 동탄순환대로12길 85,D13827,지은대리점,수도권_전속,100%,1,1,, - , - ,1,, - , - ,0.00%,, - , - 
PC89901,PC8990,오조호조,서울,도봉구,도봉동,서울특별시도봉구도당로27길59,D15146,PS&M,PS_전속,100%,1,1,, - ,1, - ,,1, - ,0.00%,, - , - 
PC89941,PC8994,주식회사 삼성아이티,강원,원주시,단구동,강원원주시서원대로500,D15146,PS&M,PS_전속,100%,1,1,, - , - ,1,, - , - ,0.00%,, - , - 
PC90731,PC9073,강릉 대박텔레콤 송정점,강원,강릉시,송정동,강원도 강릉시 경강로 2374,D15146,PS&M,PS_전속,100%,1,1,, - , - ,1,, - , - ,0.00%,, - , - 
PC91831,PC9183,태인텔레콤,서울,중랑구,묵동,서울특별시 중랑구 동일로143길 24,D13858,새서울대리점,수도권_전속,100%,1,1,, - ,1, - ,, - ,1,100.00%,, - , - 
PC91851,PC9185,오라방텔레콤 지제동삭점,경기,평택시,동삭동,경기도 평택시 모산영신1길 27,D14674,서울ent대리점,수도권_전속,100%,1,1,, - , - ,1,, - , - ,0.00%,, - , - 
PC92041,PC9204,아쿠아텔레콤,서울,광진구,군자동,서울특별시 광진구 군자로 80,D14674,서울ent대리점,수도권_전속,100%,1,1,, - , - ,1,, - , - ,0.00%,, - , - 
PC92131,PC9213,삼성모바일5,경기,안산시 상록구,이동,경기도 안산시 상록구 도매시장로 44,D13827,지은대리점,수도권_전속,100%,1,1,, - ,1, - ,,1, - ,0.00%,, - , - 
PC92771,PC9277,주식회사 휴대폰면세점,경기,수원시 장안구,연무동,경기도 수원시 장안구 월드컵로428번길 16,D15146,PS&M,PS_전속,100%,1,1,, - , - ,1,, - , - ,0.00%,, - , - 
PC92821,PC9282,삼성 공릉,서울,노원구,공릉동,서울특별시 노원구 공릉로46길 6,D13858,새서울대리점,수도권_전속,100%,1,1,, - , - ,1,, - , - ,0.00%,, - , - 
PC93481,PC9348,휴대폰성지죽전점(타요통신),경기,용인시 수지구,죽전동,경기도 용인시 수지구 대지로 19,D15176,ACE대리점,수도권_전속,100%,1,1,, - ,1, - ,,1, - ,0.00%,, - , - 
PC93731,PC9373,랜퉁텔레콤,서울,구로구,구로동,서울특별시 구로구 구로동로 101-2,D13742,한유대리점,수도권_전속,100%,1,1,, - ,1, - ,,1, - ,0.00%,, - , - 
PC93811,PC9381,디와이 텔레콤,경기,수원시 팔달구,인계동,경기도 수원시 팔달구 경수대로495번길 19,D15121,CD대리점,수도권_전속,100%,1,1,, - ,1, - ,,1, - ,0.00%,, - , - 
PC94201,PC9420,글로벌 엘투,인천,남동구,구월동,인천광역시 남동구 인주대로 539,D13622,MD대리점,수도권_전속,100%,1,1,, - ,1, - ,,1, - ,0.00%,, - , - 
PC94501,PC9450,시흥휴대폰성지판다폰장현능곡점,경기,시흥시,능곡동,경기도 시흥시 장현능곡로 155,D13827,지은대리점,수도권_전속,100%,1,1,, - ,1, - ,,1, - ,0.00%,, - , - 
PC94751,PC9475,빛으로 텔레콤,경기,용인시 처인구,남사읍,경기도 용인시 처인구 남사읍 한숲로 45,D13542,삼보대리점,수도권_전속,100%,1,1,, - , - ,1,, - , - ,0.00%,, - , - 
PC94971,PC9497,에일리언텔레콤,경기,파주시,금촌동,경기도 파주시 후곡로 21,D15146,PS&M,PS_전속,100%,1,1,, - , - ,1,, - , - ,0.00%,, - , - 
PC95171,PC9517,선(SUN)모바일,경기,수원시 장안구,파장동,경기도 수원시 장안구 파장로 28,D13965,대교대리점,수도권_전속,100%,1,1,, - , - ,1,, - , - ,0.00%,, - , - 
PC95301,PC9530,휴대폰 도매샵,강원,원주시,중앙동,강원원주시원일로90,D15146,PS&M,PS_전속,100%,1,1,, - ,1, - ,,1, - ,0.00%,, - , - 
PC95631,PC9563,피터팬모바일,인천,서구,불로동,인천광역시 서구 검단로 784,D13952,참스타대리점,수도권_전속,100%,1,1,, - , - ,1,, - , - ,0.00%,, - , - 
PC95651,PC9565,박카수통신,경기,평택시,통복동,경기도 평택시 통복시장로47번길 31,D15176,ACE대리점,수도권_전속,100%,1,1,, - , - ,1,, - , - ,0.00%,, - , - 
PC96071,PC9607,세훈정보통신,서울,마포구,망원동,서울특별시 마포구 망원로3길 47,D13858,새서울대리점,수도권_전속,100%,1,1,, - , - ,1,, - , - ,0.00%,, - , - 
PC96101,PC9610,365할인매장,경기,안성시,일죽면,경기도안성시일죽면주래본죽로29,D15146,PS&M,PS_전속,100%,1,1,, - ,1, - ,,1, - ,0.00%,, - , - 
PC96551,PC9655,목감모바일,경기,시흥시,조남동,경기도 시흥시 목감중앙로 20,D15051,프리스비,수도권_전속,100%,1,1,, - ,1, - ,,1, - ,0.00%,, - , - 
PC96631,PC9663,카스통신,서울,관악구,봉천동,서울특별시 관악구 관악로 211,D15146,PS&M,PS_전속,100%,1,1,, - , - ,1,, - , - ,0.00%,, - , - 
PC96701,PC9670,네온,경기,안산시 단원구,선부동,경기도 안산시 단원구 삼일로 310,D13952,참스타대리점,수도권_전속,100%,1,1,, - , - ,1,, - , - ,0.00%,, - ,1
PC97001,PC9700,다은텔레콤,서울,금천구,시흥동,서울특별시 금천구 독산로 110-1,D15157,근흥대리점,수도권_전속,100%,1,1,,1, - , - ,, - , - ,0.00%,, - , - 
PC97121,PC9712,예원텔레콤,경기,김포시,월곶면,경기도 김포시 월곶면 군하로 266,D13124,UNI대리점,수도권_전속,100%,1,1,, - , - ,1,, - , - ,0.00%,, - , - 
PC97261,PC9726,광통신,경기,화성시 병점구,진안동,경기도 화성시 효행로 1073,D15146,PS&M,PS_전속,100%,1,1,, - ,1, - ,,1, - ,0.00%,, - , - 
PC98081,PC9808,선스타모바일,경기,안산시 상록구,본오동,경기도 안산시 상록구 본오로 56,D15146,PS&M,PS_전속,100%,1,1,, - ,1, - ,,1, - ,0.00%,, - , - 
PC98341,PC9834,따봉,서울,광진구,구의동,서울특별시광진구천호대로671,D15146,PS&M,PS_전속,100%,1,1,, - , - ,1,, - , - ,0.00%,, - , - 
PC99341,PC9934,굳센통신,경기,의정부시,녹양동,경기도 의정부시 비우로 64,D13357,가능대리점,수도권_전속,100%,1,1,, - ,1, - ,,1, - ,0.00%,, - , - 
PC99481,PC9948,굿뉴스,서울,중랑구,상봉동,서울특별시 중랑구 상봉중앙로1길 12,D15176,ACE대리점,수도권_전속,100%,1,1,, - ,1, - ,, - ,1,100.00%,, - , - 
PC99491,PC9949,덕만장 모바일,경기,남양주시,와부읍,"경기 남양주시 와부읍 수레로27번길 2,",D15146,PS&M,PS_전속,100%,1,1,, - , - ,1,, - , - ,0.00%,, - , - 
PC99621,PC9962,대림모바일,경기,안성시,공도읍,경기도 안성시 공도읍 장미길 54,D13542,삼보대리점,수도권_전속,100%,1,1,, - ,1, - ,,1, - ,0.00%,, - , - 
PE00121,PE0012,휴대폰성지 마들역점,서울,노원구,상계동,서울특별시 노원구 동일로 1538,D15051,프리스비,수도권_전속,100%,1,1,, - , - ,1,, - , - ,0.00%,, - , - 
PE00261,PE0026,대박통신,경기,용인시 기흥구,영덕동,경기도용인시기흥구흥덕2로87번길18,D15146,PS&M,PS_전속,100%,1,1,, - ,1, - ,, - ,1,100.00%,, - , - 
PE00331,PE0033,호마통신,경기,안산시 단원구,원곡동,경기도 안산시 단원구 원곡로 45,D13965,대교대리점,수도권_전속,100%,1,1,,1, - , - ,, - , - ,0.00%,, - , - 
PE00511,PE0051,드림 텔레콤,서울,구로구,오류동,서울특별시 구로구 오류로8길 90,D14342,신창대리점,수도권_전속,100%,1,1,, - , - ,1,, - , - ,0.00%,, - , - 
PE00651,PE0065,탑모바일,경기,시흥시,정왕동,경기도 시흥시 정왕천로411번길 62,D14746,유원대리점,수도권_전속,100%,1,1,,1, - , - ,, - , - ,0.00%,, - , - 
PE00781,PE0078,준텔레콤,서울,동대문구,장안동,서울특별시 동대문구 답십리로66길 75,D14342,신창대리점,수도권_전속,100%,1,1,, - , - ,1,, - , - ,0.00%,, - , - 
PE01061,PE0106,세계1,서울,구로구,구로동,서울특별시 구로구 구로중앙로14길 26,D15121,CD대리점,수도권_전속,100%,1,1,, - ,1, - ,, - ,1,100.00%,, - , - 
PE01091,PE0109,폰마켓,경기,파주시,동패동,경기도 파주시 초롱꽃로 133-21,D14342,신창대리점,수도권_전속,100%,1,1,,1, - , - ,, - , - ,0.00%,, - , - 
PE01221,PE0122,서우통신,경기,안산시 단원구,원곡동,경기도 안산시 단원구 원본로 31,D13124,UNI대리점,수도권_전속,100%,1,1,, - , - ,1,, - , - ,0.00%,, - , - 
PE01551,PE0155,캠프비에스모바일,경기,동두천시,생연동,경기도 동두천시 동광로 51,D13546,ACT대리점,수도권_전속,100%,1,1,, - , - ,1,, - , - ,0.00%,, - , - 
PE02181,PE0218,디엠디 한중여행사,서울,영등포구,대림동,서울특별시 영등포구 디지털로 349,D15051,프리스비,수도권_전속,100%,1,1,, - , - ,1,, - , - ,0.00%,, - , - 
PE02541,PE0254,글로벌모바일 청라본점,인천,서구,청라동,인천광역시 서구 청라라임로 51,D13225,광장대리점,수도권_전속,100%,1,1,, - , - ,1,, - , - ,0.00%,, - , - 
PE02811,PE0281,오케이모바일,경기,수원시 장안구,영화동,경기도 수원시 장안구 정조로 922,D13225,광장대리점,수도권_전속,100%,1,1,, - ,1, - ,,1, - ,0.00%,, - , - 
PE02871,PE0287,와이컴퍼니,경기,의정부시,민락동,경기도 의정부시 오목로205번길 1,D15146,PS&M,PS_전속,100%,1,1,,1, - , - ,, - , - ,0.00%,, - , - 
PE03291,PE0329,휴대폰성지애플모바일은행나무점,서울,금천구,시흥동,서울특별시 금천구 금하로 710,D13124,UNI대리점,수도권_전속,100%,1,1,, - ,1, - ,,1, - ,0.00%,, - , - 
PE03521,PE0352,라나통신,경기,시흥시,거모동,경기도 시흥시 군자로 507,D13965,대교대리점,수도권_전속,100%,1,1,, - , - ,1,, - , - ,0.00%,, - , - 
PE04161,PE0416,휴대폰성지 더싼집,경기,평택시,서정동,경기도 평택시 특구로27번길 73,D15146,PS&M,PS_전속,100%,1,1,, - ,1, - ,,1, - ,0.00%,, - , - 
PE04361,PE0436,휴대폰성지 루원시티점,인천,서구,가정동,인천광역시 서구 가정로 406,D15176,ACE대리점,수도권_전속,100%,1,1,, - , - ,1,, - , - ,0.00%,, - , - 
PE04381,PE0438,올모바일,인천,미추홀구,숭의동,인천광역시 미추홀구 참외전로 268,D13965,대교대리점,수도권_전속,100%,1,1,, - , - ,1,, - , - ,0.00%,, - , - 
PE04681,PE0468,양가스토어,경기,의정부시,녹양동,경기도의정부시체육로29813,D15146,PS&M,PS_전속,100%,1,1,,1, - , - ,, - , - ,0.00%,, - , - 
PE04781,PE0478,케이엔씨(K&C)이동통신,경기,평택시,평택동,경기도 평택시 평택로 72-1,D15176,ACE대리점,수도권_전속,100%,1,1,, - ,1, - ,,1, - ,0.00%,, - , - 
PE05451,PE0545,휴대폰 성지 도매폰 패밀리,경기,용인시 기흥구,서천동,경기도 용인시 기흥구 서천로127번길 4,D13622,MD대리점,수도권_전속,100%,1,1,, - , - ,1,, - , - ,0.00%,, - , - 
PE05851,PE0585,시현통신,서울,강북구,미아동,서울특별시강북구삼양로244,D15146,PS&M,PS_전속,100%,1,1,,1, - , - ,, - , - ,0.00%,, - , - 
PE06211,PE0621,영원통신,서울,영등포구,신길동,서울특별시 영등포구 가마산로 460,D15146,PS&M,PS_전속,100%,1,1,, - ,1, - ,,1, - ,0.00%,, - , - 
PE06681,PE0668,디엠네트웍스,서울,강북구,수유동,서울특별시 강북구 삼양로 456,D13952,참스타대리점,수도권_전속,100%,1,1,, - ,1, - ,,1, - ,0.00%,, - , - 
PE07161,PE0716,폰사랑,서울,중구,신당동,서울특별시 중구 퇴계로86길 17,D14746,유원대리점,수도권_전속,100%,1,1,, - ,1, - ,,1, - ,0.00%,, - , - 
PE07461,PE0746,여보세요,강원,원주시,무실동,강원도원주시시청로11,D15146,PS&M,PS_전속,100%,1,1,, - , - ,1,, - , - ,0.00%,, - , - 
PE07571,PE0757,낙원통신,서울,영등포구,대림동,서울특별시 영등포구 디지털로 391,D14746,유원대리점,수도권_전속,100%,1,1,, - ,1, - ,,1, - ,0.00%,, - , - 
PE08201,PE0820,큰마을제이,경기,고양시 일산서구,탄현동,경기도 고양시 일산서구 탄현로 133,D13622,MD대리점,수도권_전속,100%,1,1,, - , - ,1,, - , - ,0.00%,, - , - 
PE08261,PE0826,우리형 스마트폰,서울,강북구,미아동,서울특별시강북구솔매로119,D15146,PS&M,PS_전속,100%,1,1,,1, - , - ,, - , - ,0.00%,, - , - 
PE08441,PE0844,승재네전화기,서울,노원구,월계동,서울특별시 노원구 광운로 7,D14342,신창대리점,수도권_전속,100%,1,1,, - , - ,1,, - , - ,0.00%,, - , - 
PE08961,PE0896,휴대폰 성지,경기,시흥시,배곧동,경기도 시흥시 서울대학로278번길 43-7,D13225,광장대리점,수도권_전속,100%,1,1,, - , - ,1,, - , - ,0.00%,, - , - 
PE09731,PE0973,휴대폰성지 고양점,경기,고양시 덕양구,토당동,경기도 고양시 덕양구 토당로 137,D13357,가능대리점,수도권_전속,100%,1,1,, - , - ,1,, - , - ,0.00%,, - , - 
PE10001,PE1000,휴대폰성지 상계역점,서울,노원구,중계동,서울특별시 노원구 한글비석로 384,D13965,대교대리점,수도권_전속,100%,1,1,, - , - ,1,, - , - ,0.00%,, - , - 
PE10071,PE1007,오케이(OK),강원,원주시,우산동,강원특별자치도원주시북원로2543,D15146,PS&M,PS_전속,100%,1,1,, - , - ,1,, - , - ,0.00%,, - , - 
PE10251,PE1025,에스제이씨,경기,파주시,동패동,경기도 파주시 양지로 123,D14342,신창대리점,수도권_전속,100%,1,1,, - , - ,1,, - , - ,0.00%,, - , - 
PE10921,PE1092,휴대폰성지 판다폰 구월점,인천,남동구,구월동,인천광역시 남동구 구월로 212,D13951,강남스타대리점,수도권_전속,100%,1,1,, - , - ,1,, - , - ,0.00%,, - , - 
PE10981,PE1098,나은텔레콤,경기,시흥시,정왕동,경기도 시흥시 마유로418번길 12,D13622,MD대리점,수도권_전속,100%,1,1,,1, - , - ,, - , - ,0.00%,, - , - 
PE11571,PE1157,다둥이모바일,경기,양주시,광사동,경기도 양주시 고읍남로191번길 85-75,D13827,지은대리점,수도권_전속,100%,1,1,, - , - ,1,, - , - ,0.00%,, - , - 
PE11811,PE1181,오라방텔레콤 헤링턴점,경기,평택시,소사동,경기도 평택시 소사5길 5,D14674,서울ent대리점,수도권_전속,100%,1,1,, - , - ,1,, - , - ,0.00%,, - , - 
PE12111,PE1211,에이스 컴퍼니,경기,양주시,덕계동,경기도 양주시 회천중앙로 248,D13546,ACT대리점,수도권_전속,100%,1,1,, - , - ,1,, - , - ,0.00%,, - , - 
PE12231,PE1223,에이치나인텔레콤,경기,고양시 덕양구,덕은동,경기도 고양시 덕양구 으뜸로 130,D14342,신창대리점,수도권_전속,100%,1,1,, - , - ,1,, - , - ,0.00%,, - , - 
PE12411,PE1241,김자매 통신,경기,안산시 단원구,초지동,경기도 안산시 단원구 초지로 128,D13952,참스타대리점,수도권_전속,100%,1,1,, - , - ,1,, - , - ,0.00%,, - , - 
PE12831,PE1283,갬성카,경기,가평군,조종면,경기도가평군조종면조종희망로7,D15146,PS&M,PS_전속,100%,1,1,, - ,1, - ,,1, - ,0.00%,, - , - 
PE13061,PE1306,범경,경기,남양주시,별내동,경기도 남양주시 별내중앙로 10,D15121,CD대리점,수도권_전속,100%,1,1,, - ,1, - ,,1, - ,0.00%,, - , - 
PE13381,PE1338,신화정보통신,경기,부천시 오정구,원종동,경기도 부천시 소사로794번길 67,D15121,CD대리점,수도권_전속,100%,1,1,, - ,1, - ,,1, - ,0.00%,, - , - 
PE14401,PE1440,스피드통신,경기,수원시 팔달구,매산로2가,"경기 수원시 팔달구 갓매산로 43,",D13622,MD대리점,수도권_전속,100%,1,1,, - , - ,1,, - , - ,0.00%,, - , - 
PE14471,PE1447,티앤티,서울,중랑구,망우동,서울특별시중랑구용마산로521,D15146,PS&M,PS_전속,100%,1,1,, - ,1, - ,,1, - ,0.00%,, - , - 
PE14711,PE1471,휴대폰성지 폰다이소,경기,남양주시,다산동,경기도 남양주시 미금로 103,F13586,신도SDR,수도권_전속,100%,1,1,, - , - ,1,, - , - ,0.00%,, - , - 
PE14761,PE1476,재기통신,서울,동대문구,용두동,서울특별시 동대문구 왕산로 116,D14342,신창대리점,수도권_전속,100%,1,1,, - , - ,1,, - , - ,0.00%,, - , - 
PE15091,PE1509,디오,경기,양주시,옥정동,경기도 양주시 옥정동로4길 3,D15146,PS&M,PS_전속,100%,1,1,, - ,1, - ,,1, - ,0.00%,, - , - 
PE15761,PE1576,리치모바일,서울,동대문구,전농동,서울특별시 동대문구 서울시립대로12길 14,D13858,새서울대리점,수도권_전속,100%,1,1,,1, - , - ,, - , - ,0.00%,, - , - 
PE16331,PE1633,돈돈모바일,인천,남동구,남촌동,인천광역시 남동구 남촌동로25번길 11,D13622,MD대리점,수도권_전속,100%,1,1,, - , - ,1,, - , - ,0.00%,, - , - 
PE16811,PE1681,휴대폰싸나이,경기,평택시,비전동,경기도 평택시 중앙로 159,D13542,삼보대리점,수도권_전속,100%,1,1,, - , - ,1,, - , - ,0.00%,, - , - 
PE18231,PE1823,이안모바일,인천,서구,청라동,인천광역시서구청라라임로17,D15146,PS&M,PS_전속,100%,1,1,, - , - ,1,, - , - ,0.00%,, - , - 
PE18321,PE1832,케이스스토리,서울,서대문구,대현동,서울특별시서대문구이화여대7길46,D15146,PS&M,PS_전속,100%,1,1,, - , - ,1,, - , - ,0.00%,, - , - 
PE18771,PE1877,디엠에스통신,경기,성남시 중원구,상대원동,경기도 성남시 중원구 금상로 25-1,D15146,PS&M,PS_전속,100%,1,1,, - , - ,1,, - , - ,0.00%,, - , - 
PE18961,PE1896,H. I. M,서울,노원구,상계동,서울특별시 노원구 한글비석로 401,D13357,가능대리점,수도권_전속,100%,1,1,, - ,1, - ,,1, - ,0.00%,, - , - 
PE19081,PE1908,스피드텔레콤 안녕점,경기,화성시 병점구,안녕동,경기도 화성시 장조4로 14,D13965,대교대리점,수도권_전속,100%,1,1,, - ,1, - ,,1, - ,0.00%,, - , - 
PE19431,PE1943,에이플러스정보통신,경기,부천시 소사구,심곡본동,경기도 부천시 부천로 1,D13622,MD대리점,수도권_전속,100%,1,1,, - , - ,1,, - , - ,0.00%,, - ,1
PE19831,PE1983,비삐기월드,경기,평택시,비전동,경기도 평택시 비전2로 196,D15121,CD대리점,수도권_전속,100%,1,1,,1, - , - ,, - , - ,0.00%,, - , - 
PE20541,PE2054,휴대폰성지 휴대폰맛집 고덕점,경기,평택시,고덕동,경기도 평택시 고덕여염9길 22,D15121,CD대리점,수도권_전속,100%,1,1,, - , - ,1,, - , - ,0.00%,, - , - 
PE20651,PE2065,에이치네트웍스,서울,송파구,문정동,서울특별시송파구충민로66,D15146,PS&M,PS_전속,100%,1,1,, - , - ,1,, - , - ,0.00%,, - , - 
PE20831,PE2083,폰프렌즈,경기,이천시,창전동,경기도 이천시 이섭대천로1283번길 2,D15176,ACE대리점,수도권_전속,100%,1,1,, - , - ,1,, - , - ,0.00%,, - , - 
PE21661,PE2166,케이모바일 원당점,인천,서구,당하동,인천광역시 서구 고산후로95번길 24,D15051,프리스비,수도권_전속,100%,1,1,, - , - ,1,, - , - ,0.00%,, - , - 
PE22031,PE2203,에스와이모바일 일산점,경기,고양시 일산서구,일산동,경기도 고양시 일산서구 산현로92번길 60,D13952,참스타대리점,수도권_전속,100%,1,1,, - , - ,1,, - , - ,0.00%,, - , - 
PE22371,PE2237,휴대폰할인매장도매폰FM텔레콤,경기,화성시 동탄구,여울동,경기도 화성시 동탄광역환승로 63,D15146,PS&M,PS_전속,100%,1,1,, - , - ,1,, - , - ,0.00%,, - , - 
PE22731,PE2273,우여사텔레콤,서울,강동구,길동,서울특별시 강동구 천중로40길 57,D14342,신창대리점,수도권_전속,100%,1,1,, - , - ,1,, - , - ,0.00%,, - , - 
PE23031,PE2303,통큰텔레콤,서울,강동구,길동,서울특별시 강동구 양재대로116길 37,D13858,새서울대리점,수도권_전속,100%,1,1,,1, - , - ,, - , - ,0.00%,, - , - 
PE23481,PE2348,스마트폰 면세점 성포점,경기,안산시 상록구,성포동,경기도 안산시 상록구 화랑로 534,D13965,대교대리점,수도권_전속,100%,1,1,, - ,1, - ,, - ,1,100.00%,, - , - 
PE23641,PE2364,휴대폰마트,경기,남양주시,평내동,경기도 남양주시 경춘로1256번길 25,D15146,PS&M,PS_전속,100%,1,1,, - , - ,1,, - , - ,0.00%,, - , - 
PE24131,PE2413,에이티원텔레콤,서울,은평구,수색동,서울특별시 은평구 은평터널로 62,D15121,CD대리점,수도권_전속,100%,1,1,, - , - ,1,, - , - ,0.00%,, - , - 
PE24381,PE2438,남양모바일,서울,구로구,구로동,서울특별시구로구구로중앙로14길42,D15146,PS&M,PS_전속,100%,1,1,, - ,1, - ,,1, - ,0.00%,, - , - 
PE24721,PE2472,에스피모바일 2호점,경기,안산시 상록구,본오동,경기도 안산시 상록구 각골로 71,D14342,신창대리점,수도권_전속,100%,1,1,, - , - ,1,, - , - ,0.00%,, - , - 
PE24761,PE2476,캠핑통신,인천,미추홀구,문학동,인천광역시 미추홀구 소성로 329,D15051,프리스비,수도권_전속,100%,1,1,, - ,1, - ,,1, - ,0.00%,, - , - 
PE25071,PE2507,폰천국,서울,강북구,수유동,"서울 강북구 노해로 91,",D14342,신창대리점,수도권_전속,100%,1,1,, - ,1, - ,,1, - ,0.00%,, - , - 
PE25221,PE2522,에스와이,경기,하남시,망월동,경기도 하남시 미사강변한강로136번길 26,D13225,광장대리점,수도권_전속,100%,1,1,, - ,1, - ,,1, - ,0.00%,, - , - 
PE25241,PE2524,화성 반월,경기,화성시 병점구,반월동,경기도 화성시 영통로50번길 41,D14342,신창대리점,수도권_전속,100%,1,1,, - , - ,1,, - , - ,0.00%,, - , - 
PE27351,PE2735,몽페쉬모바일,경기,화성시 동탄구,목동,경기도 화성시 동탄순환대로20길 118,D13827,지은대리점,수도권_전속,100%,1,1,, - , - ,1,, - , - ,0.00%,, - , - 
PE27431,PE2743,채움,서울,동작구,신대방동,서울특별시 동작구 시흥대로 606,D15146,PS&M,PS_전속,100%,1,1,, - ,1, - ,,1, - ,0.00%,, - , - 
PE27561,PE2756,색깔텔레콤,경기,성남시 수정구,신흥동,경기도 성남시 수정구 시민로 176,D15121,CD대리점,수도권_전속,100%,1,1,, - , - ,1,, - , - ,0.00%,, - , - 
PE27571,PE2757,슈슈모바일,경기,고양시 덕양구,화정동,경기도 고양시 덕양구 화중로138번길 5-23,D13622,MD대리점,수도권_전속,100%,1,1,, - , - ,1,, - , - ,0.00%,, - , - 
PE27621,PE2762,키위모바일,경기,수원시 장안구,정자동,경기도 수원시 장안구 송정로 56,D13965,대교대리점,수도권_전속,100%,1,1,, - ,1, - ,,1, - ,0.00%,, - , - 
PE27961,PE2796,휴대폰청년들 테라스스퀘어점,경기,오산시,고현동,경기도 오산시 동부대로 332-13,D15146,PS&M,PS_전속,100%,1,1,, - ,1, - ,,1, - ,0.00%,, - , - 
PE28081,PE2808,영통신,인천,중구,항동7가,인천광역시 중구 축항대로86번길 28,D13952,참스타대리점,수도권_전속,100%,1,1,, - , - ,1,, - , - ,0.00%,, - , - 
PE28111,PE2811,당근폰,서울,양천구,목동,서울특별시 양천구 목동중앙북로 31,D15146,PS&M,PS_전속,100%,1,1,, - ,1, - ,, - ,1,100.00%,, - , - 
PE28441,PE2844,대광모바일,인천,동구,화평동,인천광역시 동구 운교로 16,D13225,광장대리점,수도권_전속,100%,1,1,, - ,1, - ,,1, - ,0.00%,, - , - 
PE28641,PE2864,휴대폰맛집,경기,남양주시,호평동,경기도 남양주시 늘을3로 65-16,D15176,ACE대리점,수도권_전속,100%,1,1,, - , - ,1,, - , - ,0.00%,, - , - 
PE29391,PE2939,강화텔레콤,인천,강화군,강화읍,인천광역시 강화군 강화읍 강화대로 403,D13124,UNI대리점,수도권_전속,100%,1,1,, - ,1, - ,, - ,1,100.00%,, - , - 
PE29681,PE2968,모두통신,경기,용인시 처인구,이동읍,경기도 용인시 처인구 이동읍 백옥대로 627,D14654,알리바바대리점,수도권_전속,100%,1,1,, - , - ,1,, - , - ,0.00%,, - , - 
PE29951,PE2995,휴대폰성지 중화동점,서울,중랑구,중화동,서울특별시 중랑구 중랑역로 54-1,D13965,대교대리점,수도권_전속,100%,1,1,, - , - ,1,, - , - ,0.00%,, - , - 
PE30581,PE3058,주주모바일,경기,양주시,덕계동,경기도 양주시 평화로1429번길 37,D13357,가능대리점,수도권_전속,100%,1,1,, - , - ,1,, - , - ,0.00%,, - , - 
PE30601,PE3060,초이텔레콤,경기,부천시 소사구,심곡본동,경기도부천시소사구부천로1,D13622,MD대리점,수도권_전속,100%,1,1,, - , - ,1,, - , - ,0.00%,, - , - 
PE30721,PE3072,휴대폰성지,서울,송파구,석촌동,서울특별시 송파구 백제고분로33길 9,D13357,가능대리점,수도권_전속,100%,1,1,, - , - ,1,, - , - ,0.00%,, - , - 
PE31051,PE3105,피씨가이,경기,수원시 권선구,구운동,경기도 수원시 권선구 구운중로14번길 1,F13586,신도SDR,수도권_전속,100%,1,1,, - , - ,1,, - , - ,0.00%,, - , - 
PE31061,PE3106,휴대폰성지,서울,중랑구,신내동,서울특별시 중랑구 신내로 65-2,D14674,서울ent대리점,수도권_전속,100%,1,1,, - , - ,1,, - , - ,0.00%,, - , - 
PE31121,PE3112,내일모바일,서울,강북구,수유동,서울특별시 강북구 인수봉로55길 4,D13357,가능대리점,수도권_전속,100%,1,1,, - , - ,1,, - , - ,0.00%,, - , - 
PE31251,PE3125,로얄모바일,인천,남동구,논현동,인천광역시 남동구 논고개로123번길 12,D13622,MD대리점,수도권_전속,100%,1,1,, - , - ,1,, - , - ,0.00%,, - , - 
PE32201,PE3220,예울투,경기,수원시 영통구,이의동,경기도 수원시 영통구 센트럴타운로 106,D15146,PS&M,PS_전속,100%,1,1,, - , - ,1,, - , - ,0.00%,, - , - 
PE32351,PE3235,블루나인모바일(4호점),경기,화성시 동탄구,청계동,경기도 화성시 동탄대로시범길 146,D15121,CD대리점,수도권_전속,100%,1,1,, - ,1, - ,,1, - ,0.00%,, - , - 
PE32851,PE3285,준 텔레콤,경기,의정부시,가능동,경기도 의정부시 신흥로 353,D13357,가능대리점,수도권_전속,100%,1,1,, - ,1, - ,,1, - ,0.00%,, - , - 
PE33221,PE3322,케이스토어,경기,수원시 권선구,세류동,경기도 수원시 권선구 장다리로 20,D13622,MD대리점,수도권_전속,100%,1,1,, - , - ,1,, - , - ,0.00%,, - , - 
PE33411,PE3341,사계절통신,경기,수원시 팔달구,매산로1가,경기도 수원시 팔달구 덕영대로 931,D15173,정원대리점,수도권_전속,100%,1,1,, - , - ,1,, - , - ,0.00%,, - , - 
PE33441,PE3344,폰마켓 동탄점,경기,화성시 동탄구,반송동,경기도 화성시 동탄지성로 126,D13965,대교대리점,수도권_전속,100%,1,1,, - , - ,1,, - , - ,0.00%,, - ,1
PE33621,PE3362,유니모바일(청천점),인천,부평구,청천동,인천광역시 부평구 산청로 97,D13225,광장대리점,수도권_전속,100%,1,1,, - , - ,1,, - , - ,0.00%,, - , - 
PE33711,PE3371,수림텔레콤,강원,인제군,북면,강원특별자치도 인제군 북면 원통로 173,D14746,유원대리점,수도권_전속,100%,1,1,, - , - ,1,, - , - ,0.00%,, - , - 
PE33841,PE3384,영텔레콤,서울,중랑구,면목동,서울특별시 중랑구 면목로74길 7,D14342,신창대리점,수도권_전속,100%,1,1,, - ,1, - ,,1, - ,0.00%,, - ,1
PE33881,PE3388,인터마트,강원,정선군,사북읍,강원특별자치도 정선군 사북읍 사북4길 1,D15146,PS&M,PS_전속,100%,1,1,, - ,1, - ,,1, - ,0.00%,, - , - 
PE34171,PE3417,예스통신,강원,영월군,주천면,강원특별자치도영월군주천면주천로82,D15146,PS&M,PS_전속,100%,1,1,, - , - ,1,, - , - ,0.00%,, - , - 
PE34341,PE3434,제이에이치시흥통신,경기,시흥시,장현동,경기도 시흥시 장현순환로 1,D15121,CD대리점,수도권_전속,100%,1,1,, - , - ,1,, - , - ,0.00%,, - , - 
PE34601,PE3460,휴대폰성지진또배기검단점,인천,서구,당하동,인천광역시 서구 서로3로 50,D13622,MD대리점,수도권_전속,100%,1,1,, - ,1, - ,,1, - ,0.00%,, - , - 
PE34821,PE3482,세상텔레콤,경기,화성시 병점구,병점동,경기도 화성시 병점동로70번길 3-3,D13469,코넥,수도권_전속,100%,1,1,, - , - ,1,, - , - ,0.00%,, - , - 
PE34841,PE3484,박군통신,경기,고양시 덕양구,삼송동,경기도 고양시 덕양구 세솔로 76,D13225,광장대리점,수도권_전속,100%,1,1,, - , - ,1,, - , - ,0.00%,, - , - 
PE34971,PE3497,구름이네 휴대폰할인매장,인천,강화군,강화읍,인천광역시 강화군 강화읍 강화대로 393,D15146,PS&M,PS_전속,100%,1,1,, - , - ,1,, - , - ,0.00%,, - , - 
PE35141,PE3514,사랑으로,서울,강동구,천호동,서울특별시 강동구 올림픽로77길 14,D14674,서울ent대리점,수도권_전속,100%,1,1,, - ,1, - ,,1, - ,0.00%,, - , - 
PE35741,PE3574,휴대폰성지 폰대장 파주점,경기,파주시,조리읍,경기도 파주시 조리읍 통일로 324,D13952,참스타대리점,수도권_전속,100%,1,1,,1, - , - ,, - , - ,0.00%,, - , - 
PE35911,PE3591,솔모바일,인천,서구,신현동,인천광역시서구새오개로111번안길31,D15146,PS&M,PS_전속,100%,1,1,,1, - , - ,, - , - ,0.00%,, - , - 
PE36231,PE3623,범,서울,광진구,구의동,서울특별시 광진구 광나루로56길 85,D14674,서울ent대리점,수도권_전속,100%,1,1,, - , - ,1,, - , - ,0.00%,, - , - 
PE36601,PE3660,수연텔레콤,서울,도봉구,도봉동,서울특별시 도봉구 도봉로181길 12,D13622,MD대리점,수도권_전속,100%,1,1,,1, - , - ,, - , - ,0.00%,, - , - 
PE37201,PE3720,크롱,경기,김포시,장기동,경기도 김포시 태장로 845,D13546,ACT대리점,수도권_전속,100%,1,1,, - ,1, - ,,1, - ,0.00%,, - , - 
PE37351,PE3735,레거시컴퍼니 석관,서울,성북구,석관동,서울특별시성북구돌곶이로51,D15146,PS&M,PS_전속,100%,1,1,, - , - ,1,, - , - ,0.00%,, - , - 
PE37441,PE3744,BNHND(비엔에이치엔디),경기,수원시 팔달구,매교동,경기도 수원시 팔달구 정조로 713,D15146,PS&M,PS_전속,100%,1,1,, - ,1, - ,,1, - ,0.00%,, - , - 
PE37821,PE3782,라피크모바일,서울,광진구,중곡동,서울특별시 광진구 능동로49길 9,D15176,ACE대리점,수도권_전속,100%,1,1,, - , - ,1,, - , - ,0.00%,, - , - 
PE38401,PE3840,제이플러스,경기,남양주시,진접읍,경기도 남양주시 진접읍 내각1로75번길 15-45,D13546,ACT대리점,수도권_전속,100%,1,1,, - ,1, - ,, - ,1,100.00%,, - , - 
PE38521,PE3852,휴대폰365아울렛,경기,용인시 처인구,김량장동,경기도 용인시 처인구 중부대로 1357,D13827,지은대리점,수도권_전속,100%,1,1,, - ,1, - ,, - ,1,100.00%,, - , - 
PE38651,PE3865,미소통신,경기,의정부시,의정부동,경기도 의정부시 평화로542번길 6-1,D13742,한유대리점,수도권_전속,100%,1,1,, - , - ,1,, - , - ,0.00%,, - , - 
PE38811,PE3881,탑(TOP)정보통신,경기,군포시,산본동,경기도 군포시 금산로 90,D13965,대교대리점,수도권_전속,100%,1,1,,1, - , - ,, - , - ,0.00%,, - , - 
PE39001,PE3900,제이에스모바일,경기,파주시,적성면,경기도파주시적성면솥뒤로11,D15146,PS&M,PS_전속,100%,1,1,, - , - ,1,, - , - ,0.00%,, - , - 
PE39071,PE3907,휴대폰성지 옆커폰 동암점,인천,부평구,십정동,인천광역시부평구열우물로36,D15146,PS&M,PS_전속,100%,1,1,, - , - ,1,, - , - ,0.00%,, - , - 
PE39101,PE3910,이음모바일 풍무점,경기,김포시,풍무동,경기도 김포시 풍무로 166,D13952,참스타대리점,수도권_전속,100%,1,1,, - , - ,1,, - , - ,0.00%,, - , - 
PE39431,PE3943,제이모바일,인천,중구,중산동,인천광역시 중구 자연대로 41,D15146,PS&M,PS_전속,100%,1,1,, - , - ,1,, - , - ,0.00%,, - , - 
PE39561,PE3956,와룡컴퍼니 속초점,강원,속초시,금호동,강원특별자치도 속초시 중앙로147번길 35,D13965,대교대리점,수도권_전속,100%,1,1,, - , - ,1,, - , - ,0.00%,, - , - 
PE40231,PE4023,매직정보통신,인천,미추홀구,주안동,인천 남구 석정로 380-3,D13827,지은대리점,수도권_전속,100%,1,1,, - , - ,1,, - , - ,0.00%,, - , - 
PE40471,PE4047,글로벌텔레콤,경기,안산시 단원구,선부동,경기도 안산시 단원구 지곡로 52,D15121,CD대리점,수도권_전속,100%,1,1,, - ,1, - ,,1, - ,0.00%,, - , - 
PE40891,PE4089,휴대폰성지휴대폰청년들궐동점,경기,오산시,궐동,경기도 오산시 청학로 103,D13622,MD대리점,수도권_전속,100%,1,1,, - , - ,1,, - , - ,0.00%,, - , - 
PE40971,PE4097,띠띠모바일,서울,중랑구,상봉동,서울특별시 중랑구 망우로32길 20,D15146,PS&M,PS_전속,100%,1,1,, - ,1, - ,,1, - ,0.00%,, - , - 
PE41051,PE4105,휴대폰성지 옆커폰 구월점,인천,남동구,구월동,인천광역시 남동구 용천로87번길 23,D14674,서울ent대리점,수도권_전속,100%,1,1,, - , - ,1,, - , - ,0.00%,, - , - 
PE41311,PE4131,와이모바일 2호점,서울,금천구,독산동,서울특별시 금천구 독산로 285,D13965,대교대리점,수도권_전속,100%,1,1,, - , - ,1,, - , - ,0.00%,, - , - 
PE41621,PE4162,피치라이언,서울,광진구,구의동,서울특별시 광진구 광나루로56길 85,D13357,가능대리점,수도권_전속,100%,1,1,, - ,1, - ,, - ,1,100.00%,, - , - 
PE41841,PE4184,대성아이티,서울,강동구,성내동,서울특별시 강동구 풍성로 91,D15121,CD대리점,수도권_전속,100%,1,1,, - , - ,1,, - , - ,0.00%,, - , - 
PE42221,PE4222,착한통신 고현점,경기,오산시,고현동,경기도 오산시 동부대로338번길 38,D15146,PS&M,PS_전속,100%,1,1,, - , - ,1,, - , - ,0.00%,, - , - 
PE42301,PE4230,신사모바일,인천,남동구,구월동,인천광역시 남동구 구월말로 16,D15121,CD대리점,수도권_전속,100%,1,1,, - ,1, - ,,1, - ,0.00%,, - , - 
PE42741,PE4274,폰이로다,경기,평택시,지산동,경기도평택시지산로29,D15146,PS&M,PS_전속,100%,1,1,,1, - , - ,, - , - ,0.00%,, - , - 
PE42831,PE4283,유강,인천,서구,석남동,인천광역시 서구 가정로 294,D13469,코넥,수도권_전속,100%,1,1,, - , - ,1,, - , - ,0.00%,, - , - 
PE42971,PE4297,케이모바일 동암점,인천,부평구,십정동,인천광역시 부평구 동암남로 38,D14342,신창대리점,수도권_전속,100%,1,1,, - , - ,1,, - , - ,0.00%,, - , - 
PE43291,PE4329,다들,경기,수원시 팔달구,우만동,경기도 수원시 팔달구 세지로 398,D13965,대교대리점,수도권_전속,100%,1,1,, - ,1, - ,, - ,1,100.00%,, - , - 
PE43301,PE4330,옆커폰 영종하늘도시점,인천,중구,중산동,인천광역시중구하늘중앙로231,D15146,PS&M,PS_전속,100%,1,1,, - , - ,1,, - , - ,0.00%,, - , - 
PE43431,PE4343,구리휴대폰성지옆커폰구리점,경기,구리시,인창동,경기도 구리시 건원대로34번길 9,D15146,PS&M,PS_전속,100%,1,1,, - , - ,1,, - , - ,0.00%,, - , - 
PE43521,PE4352,초심모바일,경기,평택시,서정동,경기도 평택시 이충로 84-5,D13742,한유대리점,수도권_전속,100%,1,1,,1, - , - ,, - , - ,0.00%,, - , - 
PE43611,PE4361,빅게임텔레콤 하남점,경기,하남시,망월동,경기도 하남시 미사강변대로 220,D15051,프리스비,수도권_전속,100%,1,1,, - , - ,1,, - , - ,0.00%,, - , - 
PE43761,PE4376,와이제이모바일 덕풍점,경기,하남시,덕풍동,경기도 하남시 신장로 151,D15051,프리스비,수도권_전속,100%,1,1,, - ,1, - ,,1, - ,0.00%,, - ,1
PE43811,PE4381,서래통신,경기,광주시,신현동,경기도 광주시 신현로 121,D15176,ACE대리점,수도권_전속,100%,1,1,, - , - ,1,, - , - ,0.00%,, - , - 
PE43921,PE4392,휴대폰성지 노원역점,서울,노원구,상계동,서울특별시 노원구 상계로 65,D13225,광장대리점,수도권_전속,100%,1,1,, - , - ,1,, - , - ,0.00%,, - , - 
PE43931,PE4393,하이모바일,경기,수원시 권선구,권선동,경기도 수원시 권선구 효원로 174,D13965,대교대리점,수도권_전속,100%,1,1,, - , - ,1,, - , - ,0.00%,, - , - 
PE44051,PE4405,서준텔레콤,인천,부평구,부평동,인천광역시 부평구 경원대로 1395,D14674,서울ent대리점,수도권_전속,100%,1,1,, - , - ,1,, - , - ,0.00%,, - , - 
PE44111,PE4411,어나더,경기,화성시 병점구,병점동,경기도화성시효행로1052,D15146,PS&M,PS_전속,100%,1,1,, - , - ,1,, - , - ,0.00%,, - , - 
PE44321,PE4432,휴대폰성지 서울폰 인천계양점,인천,계양구,병방동,"인천 계양구 장제로 878,",D15121,CD대리점,수도권_전속,100%,1,1,, - , - ,1,, - , - ,0.00%,, - , - 
PE44781,PE4478,이수정보통신,경기,김포시,양촌읍,경기도 김포시 양촌읍 양곡2로 50,D15146,PS&M,PS_전속,100%,1,1,,1, - , - ,, - , - ,0.00%,, - , - 
PE44971,PE4497,지성통신,경기,안산시 단원구,원곡동,경기도 안산시 단원구 다문화2길 2,D13622,MD대리점,수도권_전속,100%,1,1,,1, - , - ,, - , - ,0.00%,, - , - 
PE45011,PE4501,슈퍼스타,강원,춘천시,온의동,강원특별자치도 춘천시 방송길 70,D15146,PS&M,PS_전속,100%,1,1,, - ,1, - ,,1, - ,0.00%,, - , - 
PE45091,PE4509,바른모바일,인천,서구,심곡동,인천광역시 서구 심곡로 45,D13952,참스타대리점,수도권_전속,100%,1,1,, - ,1, - ,, - ,1,100.00%,, - , - 
PE45291,PE4529,휴대폰성지 강북점,서울,강북구,미아동,서울특별시 강북구 삼양로 162,D15176,ACE대리점,수도권_전속,100%,1,1,, - , - ,1,, - , - ,0.00%,, - , - 
PE45501,PE4550,제이제이투,서울,구로구,오류동,서울특별시 구로구 경인로 198-1,D15051,프리스비,수도권_전속,100%,1,1,, - , - ,1,, - , - ,0.00%,, - , - 
PE45851,PE4585,중화통신,서울,영등포구,대림동,서울특별시 영등포구 도림로31길 12,F13586,신도SDR,수도권_전속,100%,1,1,, - ,1, - ,,1, - ,0.00%,, - , - 
PE45921,PE4592,주식회사 현우텔레콤,인천,미추홀구,숭의동,인천광역시미추홀구수봉로7,D15146,PS&M,PS_전속,100%,1,1,, - ,1, - ,,1, - ,0.00%,, - , - 
PE46061,PE4606,주식회사에이치디마케팅구리점,경기,구리시,인창동,경기도 구리시 경춘로227번길 6-26,D15051,프리스비,수도권_전속,100%,1,1,, - , - ,1,, - , - ,0.00%,, - , - 
PE46311,PE4631,휴먼텔레콤,경기,안양시 만안구,안양동,경기 안양시 만안구 안양동,D13965,대교대리점,수도권_전속,100%,1,1,,1, - , - ,, - , - ,0.00%,, - , - 
PE46711,PE4671,우주텔레콤본점,경기,김포시,풍무동,경기도김포시풍무로174,D15146,PS&M,PS_전속,100%,1,1,, - , - ,1,, - , - ,0.00%,, - , - 
PE46721,PE4672,휴대폰성지 평내호평점,경기,남양주시,평내동,경기도 남양주시 경춘로1256번길 10,D13827,지은대리점,수도권_전속,100%,1,1,, - , - ,1,, - , - ,0.00%,, - , - 
PE46951,PE4695,휴대폰성지 폰플러스 신도림점,서울,구로구,구로동,서울특별시 구로구 새말로 97,D13225,광장대리점,수도권_전속,100%,1,1,, - , - ,1,, - , - ,0.00%,, - , - 
PE46961,PE4696,휴대폰 스토리,서울,강북구,수유동,서울특별시 강북구 노해로11길 27,D14342,신창대리점,수도권_전속,100%,1,1,, - , - ,1,, - , - ,0.00%,, - , - 
PE46991,PE4699,제트모바일,인천,서구,가정동,인천광역시 서구 봉오재3로 90,D15117,알파대리점,수도권_전속,100%,1,1,, - , - ,1,, - , - ,0.00%,, - , - 
PE47111,PE4711,행사폰 검단점,경기,고양시 일산동구,백석동,경기도 고양시 일산동구 중앙로 1048,D13622,MD대리점,수도권_전속,100%,1,1,, - , - ,1,, - , - ,0.00%,, - , - 
PE47231,PE4723,가평이동통신,경기,가평군,가평읍,경기도가평군가평읍가화로102,D15146,PS&M,PS_전속,100%,1,1,, - , - ,1,, - , - ,0.00%,, - , - 
PE47561,PE4756,주식회사 폰톡,서울,송파구,문정동,서울특별시 송파구 송파대로 167,D15176,ACE대리점,수도권_전속,100%,1,1,,1, - , - ,, - , - ,0.00%,, - , - 
PE47861,PE4786,제이 모바일,경기,동두천시,생연동,경기도 동두천시 중앙로 254,D15117,알파대리점,수도권_전속,100%,1,1,, - , - ,1,, - , - ,0.00%,, - , - 
PE47881,PE4788,주식회사 탑클래스,인천,연수구,송도동,인천광역시 연수구 해돋이로120번길 23,D13124,UNI대리점,수도권_전속,100%,1,1,, - ,1, - ,, - ,1,100.00%,, - , - 
PE48851,PE4885,주식회사부일텔레콤 2호점,인천,부평구,부개동,인천광역시 부평구 경인로 1071,D13124,UNI대리점,수도권_전속,100%,1,1,, - ,1, - ,,1, - ,0.00%,, - , - 
PE48941,PE4894,휴대폰성지스타모바일16호점,경기,의정부시,호원동,경기 의정부시 호원동,D15121,CD대리점,수도권_전속,100%,1,1,, - , - ,1,, - , - ,0.00%,, - , - 
PE49641,PE4964,우리동네1등매장 산본시장점,경기,군포시,산본동,경기도 군포시 고산로 695,D13827,지은대리점,수도권_전속,100%,1,1,, - ,1, - ,,1, - ,0.00%,, - , - 
PE49731,PE4973,휴대폰성지 세모폰 상동시장점,경기,부천시 원미구,상동,경기도 부천시 원미구 부일로297번길 10,D15121,CD대리점,수도권_전속,100%,1,1,, - , - ,1,, - , - ,0.00%,, - , - 
PE49961,PE4996,제트 모바일,인천,남동구,간석동,인천광역시 남동구 용천로 150,D13952,참스타대리점,수도권_전속,100%,1,1,, - , - ,1,, - , - ,0.00%,, - , - 
PE50231,PE5023,주식회사 진영텔레콤,경기,양주시,백석읍,경기도 양주시 백석읍 꿈나무로 271,D13357,가능대리점,수도권_전속,100%,1,1,, - ,1, - ,,1, - ,0.00%,, - , - 
PE50381,PE5038,라온모바일,경기,파주시,동패동,경기도 파주시 심학산로 384,D13357,가능대리점,수도권_전속,100%,1,1,, - ,1, - ,,1, - ,0.00%,, - , - 
PE50401,PE5040,제이와이스카이 주식회사,경기,고양시 덕양구,신원동,경기도 고양시 덕양구 권율대로 889,D14342,신창대리점,수도권_전속,100%,1,1,, - ,1, - ,,1, - ,0.00%,, - ,1
PE50431,PE5043,주식회사 파이팅,인천,미추홀구,용현동,인천광역시 미추홀구 낙섬중로 102,D13225,광장대리점,수도권_전속,100%,1,1,,1, - , - ,, - , - ,0.00%,, - , - 
PE50501,PE5050,도매폰2010,경기,평택시,안중읍,경기도 평택시 안중읍 안현로 338,D13469,코넥,수도권_전속,100%,1,1,, - , - ,1,, - , - ,0.00%,, - , - 
PE50621,PE5062,휴대폰닷컴 동삭점,경기,평택시,동삭동,경기도 평택시 상서재로 50,D13469,코넥,수도권_전속,100%,1,1,, - ,1, - ,,1, - ,0.00%,, - , - 
PE50691,PE5069,휴대폰성지 옆커폰 안성점,경기,안성시,석정동,경기도 안성시 중앙로 352,D15146,PS&M,PS_전속,100%,1,1,, - , - ,1,, - , - ,0.00%,, - , - 
PE50881,PE5088,이온정보통신,경기,성남시 수정구,창곡동,경기도 성남시 수정구 위례서일로 18,D15176,ACE대리점,수도권_전속,100%,1,1,,1, - , - ,, - , - ,0.00%,, - , - 
PE51031,PE5103,시대전자,경기,안양시 만안구,안양동,경기도 안양시 만안구 안양로 지하301,D13952,참스타대리점,수도권_전속,100%,1,1,, - , - ,1,, - , - ,0.00%,, - , - 
PE51481,PE5148,주식회사 청년사업단,경기,부천시 원미구,심곡동,경기도 부천시 원미구 부천로 105,D13827,지은대리점,수도권_전속,100%,1,1,, - ,1, - ,,1, - ,0.00%,, - ,1
PE51661,PE5166,의정부 휴대폰 성지,경기,의정부시,산곡동,경기도 의정부시 서광로 169,D15121,CD대리점,수도권_전속,100%,1,1,, - ,1, - ,,1, - ,0.00%,, - , - 
PE52121,PE5212,착한 휴대폰,경기,여주시,현암동,경기도여주시강변북로128,D15146,PS&M,PS_전속,100%,1,1,,1, - , - ,, - , - ,0.00%,, - , - 
PE52291,PE5229,휴대폰성지 폰키호테 성북점,서울,성북구,동소문동6가,서울특별시 성북구 동소문로 83-1,D13469,코넥,수도권_전속,100%,1,1,, - , - ,1,, - , - ,0.00%,, - , - 
PE52501,PE5250,양반텔레콤,경기,평택시,통복동,경기도평택시고평1길271,D15146,PS&M,PS_전속,100%,1,1,, - ,1, - ,,1, - ,0.00%,, - , - 
PE52521,PE5252,파파컴퍼니,서울,송파구,풍납동,서울특별시 송파구 올림픽로43길 88,D13858,새서울대리점,수도권_전속,100%,1,1,,1, - , - ,, - , - ,0.00%,, - , - 
PE52751,PE5275,주식회사 삐삐컴퍼니,인천,남동구,구월동,인천광역시 남동구 구월로 223,D13952,참스타대리점,수도권_전속,100%,1,1,, - ,1, - ,,1, - ,0.00%,, - , - 
PE53311,PE5331,휴대폰성지,경기,고양시 덕양구,동산동,경기도 고양시 덕양구 덕수천2로 150,F13586,신도SDR,수도권_전속,100%,1,1,, - , - ,1,, - , - ,0.00%,, - , - 
PE53491,PE5349,핸드폰클리닉 원당점,경기,고양시 덕양구,성사동,경기도 고양시 덕양구 호국로790번길 101,D15146,PS&M,PS_전속,100%,1,1,, - ,1, - ,,1, - ,0.00%,, - , - 
PE53711,PE5371,휴대폰 싸다구,경기,평택시,평택동,경기도 평택시 평택로32번길 24,D13542,삼보대리점,수도권_전속,100%,1,1,, - , - ,1,, - , - ,0.00%,, - , - 
PE53741,PE5374,에이치모바일,인천,부평구,부평동,인천광역시부평구시장로48,D15146,PS&M,PS_전속,100%,1,1,,1, - , - ,, - , - ,0.00%,, - , - 
PE53861,PE5386,종걸모바일,서울,노원구,중계동,서울노원구중계동,D15146,PS&M,PS_전속,100%,1,1,, - , - ,1,, - , - ,0.00%,, - , - 
PE54171,PE5417,디케이모바일,서울,양천구,신정동,서울특별시 양천구 신정중앙로17길 8,D14746,유원대리점,수도권_전속,100%,1,1,, - ,1, - ,,1, - ,0.00%,, - , - 
PE55281,PE5528,에스와이모바일,서울,성북구,석관동,서울특별시 성북구 한천로 578,D15146,PS&M,PS_전속,100%,1,1,, - , - ,1,, - , - ,0.00%,, - , - 
PE55381,PE5538,인천휴대폰성지 옆커폰 계산점,인천,계양구,계산동,인천광역시 계양구 경명대로 1096,D14674,서울ent대리점,수도권_전속,100%,1,1,, - , - ,1,, - , - ,0.00%,, - , - 
PE55591,PE5559,예스폰마트,경기,동두천시,생연동,경기도 동두천시 생골로 31,D15146,PS&M,PS_전속,100%,1,1,,1, - , - ,, - , - ,0.00%,, - , - 
PE55841,PE5584,스텔 모바일,서울,관악구,신림동,서울특별시관악구대학5길21,D15146,PS&M,PS_전속,100%,1,1,, - , - ,1,, - , - ,0.00%,, - , - 
PE56091,PE5609,휴대폰성지옆커폰 동백점,경기,용인시 기흥구,동백동,경기도 용인시 기흥구 동백7로 83,D14674,서울ent대리점,수도권_전속,100%,1,1,, - ,1, - ,,1, - ,0.00%,, - , - 
PE56141,PE5614,우니 모바일,경기,의정부시,호원동,경기도 의정부시 평화로 375,D15146,PS&M,PS_전속,100%,1,1,, - , - ,1,, - , - ,0.00%,, - , - 
PE56231,PE5623,nmj텔레콤,서울,중랑구,면목동,서울특별시 중랑구 사가정로 385-1,D14342,신창대리점,수도권_전속,100%,1,1,,1, - , - ,, - , - ,0.00%,, - , - 
PE56521,PE5652,제이텔레콤,서울,노원구,공릉동,서울특별시 노원구 동일로 1032,D15176,ACE대리점,수도권_전속,100%,1,1,, - ,1, - ,,1, - ,0.00%,, - , - 
PE56671,PE5667,올포원텔레콤 양재점,서울,강남구,도곡동,서울특별시 강남구 남부순환로363길 12-9,D15051,프리스비,수도권_전속,100%,1,1,, - ,1, - ,,1, - ,0.00%,, - , - 
PE56691,PE5669,안산폰성지,경기,안산시 단원구,고잔동,경기도 안산시 단원구 중앙대로 885,F13586,신도SDR,수도권_전속,100%,1,1,, - , - ,1,, - , - ,0.00%,, - , - 
PE56971,PE5697,케이통신,서울,강동구,천호동,서울특별시 강동구 진황도로 5,D13742,한유대리점,수도권_전속,100%,1,1,, - ,1, - ,,1, - ,0.00%,, - , - 
PE57221,PE5722,휴대폰성지,서울,송파구,방이동,서울특별시 송파구 마천로 26,D13357,가능대리점,수도권_전속,100%,1,1,, - , - ,1,, - , - ,0.00%,, - , - 
PE57521,PE5752,올모바일주안석바위점,인천,미추홀구,주안동,인천광역시 미추홀구 구월로8번길 18-62,D13965,대교대리점,수도권_전속,100%,1,1,,1, - , - ,, - , - ,0.00%,, - , - 
PE57611,PE5761,와룡컴퍼니 인천점,인천,서구,가정동,인천광역시 서구 가정로 382,D15121,CD대리점,수도권_전속,100%,1,1,, - , - ,1,, - , - ,0.00%,, - , - 
PE58081,PE5808,온라인통신,경기,의정부시,의정부동,경기도 의정부시 시민로 지하100,D13542,삼보대리점,수도권_전속,100%,1,1,, - , - ,1,, - , - ,0.00%,, - , - 
PE58121,PE5812,휴대폰상점,경기,이천시,창전동,경기도 이천시 영창로193번길 8,D13827,지은대리점,수도권_전속,100%,1,1,, - , - ,1,, - , - ,0.00%,, - , - 
PE58141,PE5814,광수통신,서울,도봉구,쌍문동,서울특별시 도봉구 해등로 190,D14342,신창대리점,수도권_전속,100%,1,1,, - , - ,1,, - , - ,0.00%,, - , - 
PE58631,PE5863,제이와이(화서)모바일,경기,수원시 팔달구,화서동,경기도 수원시 팔달구 동말로67번길 13,D15121,CD대리점,수도권_전속,100%,1,1,, - , - ,1,, - , - ,0.00%,, - , - 
PE58771,PE5877,휴대폰성지 금천 프로모바일,서울,금천구,시흥동,서울특별시 금천구 탑골로2길 8,D15051,프리스비,수도권_전속,100%,1,1,, - ,1, - ,,1, - ,0.00%,, - , - 
PE59261,PE5926,주식회사 키오,인천,부평구,갈산동,인천광역시 부평구 장제로249번길 25-12,D13965,대교대리점,수도권_전속,100%,1,1,, - , - ,1,, - , - ,0.00%,, - , - 
PE59371,PE5937,휴대폰성지옆커폰가좌점,인천,서구,가좌동,인천광역시 서구 원적로 120,D14674,서울ent대리점,수도권_전속,100%,1,1,, - , - ,1,, - , - ,0.00%,, - , - 
PE59381,PE5938,옆커폰 롯데마트삼산점,인천,부평구,삼산동,인천광역시 부평구 길주로 623,D14674,서울ent대리점,수도권_전속,100%,1,1,,1, - , - ,, - , - ,0.00%,, - , - 
PE59401,PE5940,굿피플통신,경기,성남시 중원구,성남동,경기도 성남시 중원구 제일로35번길 5-2,D15121,CD대리점,수도권_전속,100%,1,1,, - , - ,1,, - , - ,0.00%,, - , - 
PE59521,PE5952,스마트폰면세점 그랑자이점,경기,안산시 상록구,사동,경기도 안산시 상록구 해양4로 26,D15146,PS&M,PS_전속,100%,1,1,, - ,1, - ,, - ,1,100.00%,, - , - 
PE59571,PE5957,용성텔레콤 신길점,서울,영등포구,신길동,서울특별시영등포구가마산로426,D15146,PS&M,PS_전속,100%,1,1,, - ,1, - ,, - ,1,100.00%,, - , - 
PE59601,PE5960,모아텔레콤,경기,남양주시,평내동,경기도 남양주시 경춘로 1302,D14192,한남대리점,수도권_전속,100%,1,1,, - ,1, - ,,1, - ,0.00%,, - , - 
PE59771,PE5977,하랑텔레콤,경기,성남시 수정구,신흥동,경기도 성남시 수정구 수정로 162,D15121,CD대리점,수도권_전속,100%,1,1,, - ,1, - ,,1, - ,0.00%,, - , - 
PE60331,PE6033,휴대폰성지옆커폰노원상계점,서울,노원구,상계동,서울특별시 노원구 동일로 1393,D14674,서울ent대리점,수도권_전속,100%,1,1,, - , - ,1,, - , - ,0.00%,, - , - 
PE60791,PE6079,와룡컴퍼니 부천점,경기,부천시 오정구,고강동,경기도 부천시 오정구 고강로92번길 41,D15121,CD대리점,수도권_전속,100%,1,1,, - ,1, - ,,1, - ,0.00%,, - , - 
PE60951,PE6095,청년폰성지,경기,파주시,목동동,경기도파주시교하로75,D15146,PS&M,PS_전속,100%,1,1,, - , - ,1,, - , - ,0.00%,, - , - 
PE61401,PE6140,위한,경기,의정부시,의정부동,경기도 의정부시 시민로 81,D13622,MD대리점,수도권_전속,100%,1,1,,1, - , - ,, - , - ,0.00%,, - , - 
PE61421,PE6142,배홍통신,인천,미추홀구,주안동,인천광역시 미추홀구 경인로499번길 8,D13952,참스타대리점,수도권_전속,100%,1,1,, - ,1, - ,,1, - ,0.00%,, - , - 
PE61581,PE6158,휴대폰성지 청년폰 파주운정점,경기,파주시,목동동,경기도 파주시 청암로17번길 33,D13357,가능대리점,수도권_전속,100%,1,1,, - , - ,1,, - , - ,0.00%,, - , - 
PE61651,PE6165,휴대폰성지 옆커폰 고촌점,경기,김포시,고촌읍,"경기 김포시 고촌읍 김포대로 339,",D15146,PS&M,PS_전속,100%,1,1,, - ,1, - ,,1, - ,0.00%,, - , - 
PE62191,PE6219,이가네통신3점,경기,파주시,동패동,경기도 파주시 청석로 262,D13622,MD대리점,수도권_전속,100%,1,1,, - , - ,1,, - , - ,0.00%,, - , - 
PE62581,PE6258,니어코리아,서울,광진구,군자동,서울특별시광진구군자로1051,D15146,PS&M,PS_전속,100%,1,1,, - , - ,1,, - , - ,0.00%,, - , - 
PE62621,PE6262,호탕모바일,경기,파주시,문산읍,경기도파주시문산읍문향로621,D15146,PS&M,PS_전속,100%,1,1,, - , - ,1,, - , - ,0.00%,, - , - 
PE62651,PE6265,루이통신,서울,동대문구,장안동,서울특별시 동대문구 장한로 88,D14342,신창대리점,수도권_전속,100%,1,1,, - , - ,1,, - , - ,0.00%,, - , - 
PE62791,PE6279,휴대폰성지 킹콩폰 동탄에듀몰,경기,화성시 동탄구,여울동,경기도 화성시 동탄기흥로353번길 99-3,D13965,대교대리점,수도권_전속,100%,1,1,, - , - ,1,, - , - ,0.00%,, - , - 
PE62931,PE6293,헬로벨계양지사,인천,계양구,계산동,인천광역시 계양구 경명대로1045번길 15,D14746,유원대리점,수도권_전속,100%,1,1,, - ,1, - ,,1, - ,0.00%,, - , - 
PE63031,PE6303,환희,서울,구로구,구로동,서울특별시 구로구 새말로 97,F13586,신도SDR,수도권_전속,100%,1,1,, - , - ,1,, - , - ,0.00%,, - , - 
PE63041,PE6304,스마트폰면세점 오산점,경기,오산시,원동,경기도 오산시 대원로15번길 16,D13965,대교대리점,수도권_전속,100%,1,1,, - ,1, - ,, - ,1,100.00%,, - , - 
PE63231,PE6323,서울휴대폰성지 옆커폰 남가좌,서울,서대문구,남가좌동,서울특별시서대문구거북골로120,D15146,PS&M,PS_전속,100%,1,1,, - , - ,1,, - , - ,0.00%,, - , - 
PE63301,PE6330,준 정보통신,서울,금천구,독산동,"서울 금천구 독산로 276,",D15146,PS&M,PS_전속,100%,1,1,, - ,1, - ,, - ,1,100.00%,, - , - 
PE63451,PE6345,에이디 이미지네이션,인천,계양구,작전동,인천광역시계양구효서로3431,D13622,MD대리점,수도권_전속,100%,1,1,, - , - ,1,, - , - ,0.00%,, - , - 
PE63681,PE6368,휴대폰성지 옆커폰 봉천점,서울,관악구,봉천동,서울특별시 관악구 은천로 28,D14674,서울ent대리점,수도권_전속,100%,1,1,, - , - ,1,, - , - ,0.00%,, - , - 
PE63691,PE6369,휴대폰성지 옆커폰 염창점,서울,강서구,염창동,서울특별시 강서구 양천로 683,D14674,서울ent대리점,수도권_전속,100%,1,1,, - , - ,1,, - , - ,0.00%,, - , - 
PE63741,PE6374,모바일라운지,경기,안산시 단원구,고잔동,경기도 안산시 단원구 민속공원로 77,D13469,코넥,수도권_전속,100%,1,1,, - , - ,1,, - , - ,0.00%,, - , - 
PE63831,PE6383,연모바일 능곡점,경기,시흥시,능곡동,경기도 시흥시 능곡로 178,D13622,MD대리점,수도권_전속,100%,1,1,, - ,1, - ,,1, - ,0.00%,, - , - 
PE64051,PE6405,장하다통신 3호점,서울,동작구,상도1동,서울특별시 동작구 상도로 275,D13124,UNI대리점,수도권_전속,100%,1,1,, - ,1, - ,,1, - ,0.00%,, - , - 
PE64171,PE6417,싸다폰,경기,동두천시,지행동,경기도 동두천시 이담로 84,D15051,프리스비,수도권_전속,100%,1,1,, - ,1, - ,, - ,1,100.00%,, - , - 
PE64481,PE6448,휴대폰성지 폰통령,경기,남양주시,와부읍,경기도 남양주시 와부읍 덕소로97번길 9,D13827,지은대리점,수도권_전속,100%,1,1,, - , - ,1,, - , - ,0.00%,, - ,1
PE64491,PE6449,씨엔아이 2호점,경기,부천시 원미구,심곡동,경기도 부천시 원미구 부천로 76,D13827,지은대리점,수도권_전속,100%,1,1,, - , - ,1,, - , - ,0.00%,, - , - 
PE64631,PE6463,우리동네휴대폰,서울,중랑구,중화동,서울특별시 중랑구 동일로 803,D14342,신창대리점,수도권_전속,100%,1,1,, - , - ,1,, - , - ,0.00%,, - , - 
PE64871,PE6487,휘텔레콤,서울,종로구,숭인동,서울특별시 종로구 숭인동길 1,D15117,알파대리점,수도권_전속,100%,1,1,, - ,1, - ,,1, - ,0.00%,, - , - 
PE65131,PE6513,카드뱅크,경기,안산시 단원구,원곡동,경기도 안산시 단원구 다문화2길 31-2,D13124,UNI대리점,수도권_전속,100%,1,1,,1, - , - ,, - , - ,0.00%,, - , - 
PE65231,PE6523,제이디모바일(화곡본동시장점),서울,강서구,화곡동,서울특별시 강서구 화곡로 203,D13952,참스타대리점,수도권_전속,100%,1,1,,1, - , - ,, - , - ,0.00%,, - ,1
PE65251,PE6525,골드스타,서울,노원구,상계동,서울특별시 노원구 한글비석로24길 83,D13742,한유대리점,수도권_전속,100%,1,1,, - , - ,1,, - , - ,0.00%,, - , - 
PE65271,PE6527,케이에스(KS)컴퍼니,경기,화성시 효행구,봉담읍,"경기 화성시 봉담읍 샘마을길 13,",D13542,삼보대리점,수도권_전속,100%,1,1,, - , - ,1,, - , - ,0.00%,, - , - 
PE65341,PE6534,휴대폰성지 클린폰 고양점,경기,고양시 덕양구,성사동,경기도 고양시 덕양구 고양대로1384번길 20,D13357,가능대리점,수도권_전속,100%,1,1,, - , - ,1,, - , - ,0.00%,, - , - 
PE65461,PE6546,휴대폰성지 옆커폰 김포장기점,경기,김포시,장기동,경기도김포시김포한강1로774,D15146,PS&M,PS_전속,100%,1,1,, - , - ,1,, - , - ,0.00%,, - , - 
PE65481,PE6548,셀루션코드,서울,동대문구,회기동,서울특별시동대문구이문로19,D15146,PS&M,PS_전속,100%,1,1,, - ,1, - ,,1, - ,0.00%,, - , - 
PE65491,PE6549,루리텔레콤,서울,중랑구,상봉동,서울특별시중랑구면목로469,D15146,PS&M,PS_전속,100%,1,1,, - ,1, - ,,1, - ,0.00%,, - , - 
PE65511,PE6551,휴대폰성지휴대폰청년들갈곶점,경기,평택시,진위면,경기도 평택시 진위면 엘지로 55-61,D13965,대교대리점,수도권_전속,100%,1,1,,1, - , - ,, - , - ,0.00%,, - ,1
PE66231,PE6623,휴대폰성지 시흥점,경기,시흥시,은행동,경기도 시흥시 은계번영길 23,D15121,CD대리점,수도권_전속,100%,1,1,, - , - ,1,, - , - ,0.00%,, - , - 
PE66351,PE6635,주식회사 휴대폰헤븐,서울,강동구,길동,서울특별시 강동구 양재대로124길 41,D13858,새서울대리점,수도권_전속,100%,1,1,, - , - ,1,, - , - ,0.00%,, - , - 
PE66511,PE6651,태양통신,경기,안산시 단원구,원곡동,,D13622,MD대리점,수도권_전속,100%,1,1,, - , - ,1,, - , - ,0.00%,, - , - 
PE66711,PE6671,휴대폰성지,경기,평택시,비전동,경기도 평택시 비전4로 142,D13546,ACT대리점,수도권_전속,100%,1,1,, - , - ,1,, - , - ,0.00%,, - , - 
PE66741,PE6674,훈이모바일,서울,도봉구,창동,서울특별시 도봉구 도봉로110길 11,D15176,ACE대리점,수도권_전속,100%,1,1,, - , - ,1,, - , - ,0.00%,, - , - 
PE67021,PE6702,휴대폰ATM,경기,화성시 만세구,남양읍,경기도 화성시 남양읍 화성시청역로 36,D13542,삼보대리점,수도권_전속,100%,1,1,, - , - ,1,, - , - ,0.00%,, - , - 
PE67291,PE6729,지니모바일,경기,안산시 상록구,사동,경기도 안산시 상록구 네고지2길 1,D13622,MD대리점,수도권_전속,100%,1,1,,1, - , - ,, - , - ,0.00%,, - , - 
PE67311,PE6731,휴대폰성지 구로 프로모바일,서울,구로구,구로동,서울특별시 구로구 구로중앙로 229,D15051,프리스비,수도권_전속,100%,1,1,, - ,1, - ,, - ,1,100.00%,, - , - 
PE67341,PE6734,피엔제이 파트너스,경기,평택시,안중읍,경기도 평택시 안중읍 안현로서6길 3,D13827,지은대리점,수도권_전속,100%,1,1,, - , - ,1,, - , - ,0.00%,, - , - 
PE67441,PE6744,베스트,경기,안산시 상록구,부곡동,경기도 안산시 상록구 성호로21길 9,D13469,코넥,수도권_전속,100%,1,1,, - , - ,1,, - , - ,0.00%,, - , - 
PE67691,PE6769,한창,서울,구로구,구로동,서울특별시 구로구 새말로 97,D15051,프리스비,수도권_전속,100%,1,1,, - , - ,1,, - , - ,0.00%,, - , - 
PE67701,PE6770,이지디(EasyD),서울,관악구,봉천동,서울특별시 관악구 은천로 51,D13827,지은대리점,수도권_전속,100%,1,1,, - ,1, - ,,1, - ,0.00%,, - , - 
PE67741,PE6774,명성정보통신,경기,동두천시,생연동,경기도 동두천시 중앙로 204,D13742,한유대리점,수도권_전속,100%,1,1,, - , - ,1,, - , - ,0.00%,, - , - 
PE67981,PE6798,휴대폰성지 봉담점,경기,화성시 효행구,봉담읍,경기도 화성시 봉담읍 동화서북안2길 9,D13827,지은대리점,수도권_전속,100%,1,1,, - , - ,1,, - , - ,0.00%,, - ,1
PE68221,PE6822,도매폰,경기,수원시 팔달구,인계동,경기도 수원시 팔달구 권광로276번길 4,D13542,삼보대리점,수도권_전속,100%,1,1,, - , - ,1,, - , - ,0.00%,, - , - 
PE68541,PE6854,생각대로 통신,서울,관악구,신림동,서울특별시 관악구 법원단지21길 1,D13124,UNI대리점,수도권_전속,100%,1,1,, - , - ,1,, - , - ,0.00%,, - , - 
PE69011,PE6901,에이치에스모바일,인천,남동구,간석동,인천광역시 남동구 석산로62번길 2,D15146,PS&M,PS_전속,100%,1,1,,1, - , - ,, - , - ,0.00%,, - , - 
PE69131,PE6913,지씨네 휴대폰 매장,경기,광주시,태전동,경기도 광주시 벼루개로 36,D13951,강남스타대리점,수도권_전속,100%,1,1,, - , - ,1,, - , - ,0.00%,, - , - 
PE69141,PE6914,휴대폰성지옆커폰응암백련산점,서울,은평구,응암동,서울특별시은평구응암로243,D15146,PS&M,PS_전속,100%,1,1,, - ,1, - ,, - ,1,100.00%,, - , - 
PE69211,PE6921,와룡컴퍼니 개운점,강원,원주시,개운동,강원특별자치도 원주시 치악로 1740,D13965,대교대리점,수도권_전속,100%,1,1,, - , - ,1,, - , - ,0.00%,, - , - 
PE69231,PE6923,와룡컴퍼니 거두점,강원,춘천시,석사동,강원특별자치도 춘천시 공지로 85,D13965,대교대리점,수도권_전속,100%,1,1,, - , - ,1,, - , - ,0.00%,, - , - 
PE69241,PE6924,히트정보통신,경기,시흥시,배곧동,경기도 시흥시 배곧4로 32-9,D13952,참스타대리점,수도권_전속,100%,1,1,, - ,1, - ,, - ,1,100.00%,, - , - 
PE69431,PE6943,에이블컴퍼니,경기,화성시 만세구,남양읍,경기도 화성시 남양읍 시청로 12,D13542,삼보대리점,수도권_전속,100%,1,1,, - , - ,1,, - , - ,0.00%,, - , - 
PE69481,PE6948,해주텔레콤,경기,성남시 수정구,신흥동,경기도 성남시 수정구 산성대로 지하217-1,D13858,새서울대리점,수도권_전속,100%,1,1,, - , - ,1,, - , - ,0.00%,, - , - 
PE70111,PE7011,같이가치,서울,관악구,봉천동,서울특별시 관악구 관악로 208,D13965,대교대리점,수도권_전속,100%,1,1,, - , - ,1,, - , - ,0.00%,, - , - 
PE70571,PE7057,나이스통신,경기,성남시 분당구,백현동,경기도 성남시 분당구 동판교로 58,D15121,CD대리점,수도권_전속,100%,1,1,, - , - ,1,, - , - ,0.00%,, - , - 
PE70641,PE7064,신영텔레콤,서울,양천구,신월동,서울특별시 양천구 월정로29길 3,D13952,참스타대리점,수도권_전속,100%,1,1,, - , - ,1,, - , - ,0.00%,, - , - 
PE70671,PE7067,폰프라자(역전논스톱텔레콤),경기,수원시 팔달구,매산로1가,경기도수원시팔달구덕영대로941,D15146,PS&M,PS_전속,100%,1,1,, - , - ,1,, - , - ,0.00%,, - , - 
PE70821,PE7082,휴대폰성지 부엉폰 다산점,경기,남양주시,다산동,경기도 남양주시 다산순환로 20,D13742,한유대리점,수도권_전속,100%,1,1,, - , - ,1,, - , - ,0.00%,, - , - 
PE70831,PE7083,휴대폰1번가 안정리,경기,평택시,팽성읍,경기도 평택시 팽성읍 안정쇼핑로 36,D15176,ACE대리점,수도권_전속,100%,1,1,, - , - ,1,, - , - ,0.00%,, - , - 
PE70881,PE7088,휴대폰성지 옆커폰 지행역점,경기,동두천시,지행동,경기도 동두천시 중앙로 126,D14674,서울ent대리점,수도권_전속,100%,1,1,, - ,1, - ,,1, - ,0.00%,, - , - 
PE71201,PE7120,에스제이컴퍼니,경기,화성시 만세구,남양읍,경기도 화성시 남양읍 남양시장로 80,D13542,삼보대리점,수도권_전속,100%,1,1,, - ,1, - ,,1, - ,0.00%,, - , - 
PE71521,PE7152,민정이네 모바일,강원,강릉시,교동,강원특별자치도강릉시교동광장로149,D15146,PS&M,PS_전속,100%,1,1,, - , - ,1,, - , - ,0.00%,, - , - 
PE71831,PE7183,주식회사 요한,경기,수원시 팔달구,화서동,"경기 수원시 팔달구 동말로 66,",D14674,서울ent대리점,수도권_전속,100%,1,1,, - ,1, - ,,1, - ,0.00%,, - , - 
PE71861,PE7186,수한통신,경기,양평군,양평읍,경기도 양평군 양평읍 양근로 211,D15117,알파대리점,수도권_전속,100%,1,1,, - , - ,1,, - , - ,0.00%,, - , - 
PE71971,PE7197,행사폰 영등포점,경기,광명시,일직동,서울특별시 영등포구 영중로 139,D13622,MD대리점,수도권_전속,100%,1,1,,1, - , - ,, - , - ,0.00%,, - , - 
PE72051,PE7205,휴대폰성지 클린폰 시흥점,경기,시흥시,대야동,경기도 시흥시 수인로3312번길 16,D13357,가능대리점,수도권_전속,100%,1,1,, - , - ,1,, - , - ,0.00%,, - , - 
PE73001,PE7300,휴대폰성지 따르릉통신 다산점,경기,남양주시,다산동,경기도 남양주시 다산중앙로146번길 12-16,D15176,ACE대리점,수도권_전속,100%,1,1,, - , - ,1,, - , - ,0.00%,, - , - 
PE73221,PE7322,핸드폰 성지 싸당 부천점,경기,부천시 원미구,심곡동,경기도 부천시 원미구 부천로3번길 48,D15121,CD대리점,수도권_전속,100%,1,1,, - , - ,1,, - , - ,0.00%,, - , - 
PE73391,PE7339,온통신,경기,안성시,석정동,경기도 안성시 중앙로 370,D13542,삼보대리점,수도권_전속,100%,1,1,,1, - , - ,, - , - ,0.00%,, - , - 
PE73531,PE7353,휴대폰성지옆커폰검단사거리역점,인천,서구,왕길동,인천광역시 서구 완정로 163,D14674,서울ent대리점,수도권_전속,100%,1,1,, - , - ,1,, - , - ,0.00%,, - , - 
PE73581,PE7358,스마일폰,서울,광진구,구의동,서울특별시 광진구 광나루로56길 85,D13357,가능대리점,수도권_전속,100%,1,1,, - , - ,1,, - , - ,0.00%,, - , - 
PE73681,PE7368,휴대폰성지 폰통령 성동구점,서울,성동구,금호동1가,서울특별시 성동구 금호로 148-1,D13827,지은대리점,수도권_전속,100%,1,1,, - , - ,1,, - , - ,0.00%,, - , - 
PE73871,PE7387,안텐모바일,경기,안산시 단원구,원곡동,경기도 안산시 단원구 다문화1길 3,D13124,UNI대리점,수도권_전속,100%,1,1,,1, - , - ,, - , - ,0.00%,, - , - 
PE73881,PE7388,금오모바일,경기,파주시,와동동,경기도 파주시 가람로 49,D13546,ACT대리점,수도권_전속,100%,1,1,, - , - ,1,, - , - ,0.00%,, - , - 
PE74131,PE7413,레인보우 모바일,경기,안양시 동안구,호계동,경기도 안양시 동안구 경수대로544번길 16,D13965,대교대리점,수도권_전속,100%,1,1,, - , - ,1,, - , - ,0.00%,, - , - 
PE74191,PE7419,옆커폰 배곧신도시점,경기,시흥시,배곧동,경기도 시흥시 서울대학로278번길 43-7,D14674,서울ent대리점,수도권_전속,100%,1,1,, - ,1, - ,,1, - ,0.00%,, - ,1
PE74211,PE7421,휴대폰성지김포점,경기,김포시,풍무동,경기도 김포시 풍무2로 11,D13357,가능대리점,수도권_전속,100%,1,1,, - ,1, - ,,1, - ,0.00%,, - , - 
PE74391,PE7439,포에버(FOREVER),경기,안산시 단원구,원곡동,"경기 안산시 단원구 원곡로1길 3-1,",D13124,UNI대리점,수도권_전속,100%,1,1,,1, - , - ,, - , - ,0.00%,, - , - 
PE74401,PE7440,굿모닝 텔레콤,경기,의정부시,민락동,경기도 의정부시 오목로 235,D15121,CD대리점,수도권_전속,100%,1,1,, - , - ,1,, - , - ,0.00%,, - , - 
PE74941,PE7494,골드라인,경기,남양주시,다산동,경기도남양주시다산중앙로82번길84,D15146,PS&M,PS_전속,100%,1,1,, - ,1, - ,,1, - ,0.00%,, - , - 
PE74951,PE7495,휴대폰성지,경기,용인시 처인구,김량장동,경기도 용인시 처인구 금령로 86,D13622,MD대리점,수도권_전속,100%,1,1,,1, - , - ,, - , - ,0.00%,, - , - 
PE74961,PE7496,스마트폰면세점,경기,화성시 동탄구,산척동,경기도화성시동탄대로10나길21,D15146,PS&M,PS_전속,100%,1,1,,1, - , - ,, - , - ,0.00%,, - , - 
PE75121,PE7512,휴대폰성지 휴대폰파크 의정부,경기,의정부시,의정부동,경기도 의정부시 시민로 80,D15121,CD대리점,수도권_전속,100%,1,1,, - , - ,1,, - , - ,0.00%,, - , - 
PE75171,PE7517,모모텔레콤,경기,시흥시,정왕동,경기도 시흥시 정왕대로 78,D13469,코넥,수도권_전속,100%,1,1,, - , - ,1,, - , - ,0.00%,, - , - 
PE75341,PE7534,오렌지모바일,서울,중랑구,면목동,서울특별시 중랑구 사가정로52길 37,D15146,PS&M,PS_전속,100%,1,1,, - ,1, - ,,1, - ,0.00%,, - , - 
PE75391,PE7539,폰판사 송산2호점,경기,화성시 만세구,새솔동,경기도 화성시 수노을1로 191,D13622,MD대리점,수도권_전속,100%,1,1,, - , - ,1,, - , - ,0.00%,, - , - 
PE75401,PE7540,폰판사 송산점,경기,화성시 만세구,새솔동,경기도 화성시 수노을중앙로 255,D13622,MD대리점,수도권_전속,100%,1,1,, - , - ,1,, - , - ,0.00%,, - , - 
PE75591,PE7559,플루투스제이,서울,강서구,방화동,서울특별시 강서구 양천로 87,D13827,지은대리점,수도권_전속,100%,1,1,, - , - ,1,, - , - ,0.00%,, - , - 
PE75691,PE7569,휴대폰성지 퍼플폰 안중점,경기,평택시,안중읍,경기도 평택시 안중읍 안중로 132,D15146,PS&M,PS_전속,100%,1,1,,1, - , - ,, - , - ,0.00%,, - , - 
PE75701,PE7570,휴대폰 성지 옆커폰 서창점,인천,남동구,서창동,인천광역시 남동구 서창남순환로216번길 17,D14674,서울ent대리점,수도권_전속,100%,1,1,, - , - ,1,, - , - ,0.00%,, - , - 
PE75781,PE7578,휴대폰성지 (아인병원점),인천,미추홀구,주안동,인천광역시 미추홀구 경인로 372,D13124,UNI대리점,수도권_전속,100%,1,1,, - ,1, - ,,1, - ,0.00%,, - , - 
PE75841,PE7584,휴대폰성지,경기,평택시,동삭동,경기도 평택시 모산1길 17,D13542,삼보대리점,수도권_전속,100%,1,1,, - , - ,1,, - , - ,0.00%,, - , - 
PE76161,PE7616,연승통신,경기,이천시,장호원읍,경기도 이천시 장호원읍 장감로 10,D13827,지은대리점,수도권_전속,100%,1,1,, - , - ,1,, - , - ,0.00%,, - , - 
PE76181,PE7618,상승정보통신,서울,강서구,화곡동,서울특별시 강서구 화곡로 178,D15146,PS&M,PS_전속,100%,1,1,, - , - ,1,, - , - ,0.00%,, - , - 
PE76201,PE7620,주식회사 아는,서울,송파구,문정동,서울특별시 송파구 충민로 66,F13586,신도SDR,수도권_전속,100%,1,1,, - , - ,1,, - , - ,0.00%,, - , - 
PE76261,PE7626,네티즌모바일,서울,중랑구,면목동,서울특별시 중랑구 면목로 338,D13542,삼보대리점,수도권_전속,100%,1,1,, - ,1, - ,,1, - ,0.00%,, - , - 
PE76581,PE7658,휴대폰성지 옆커폰 수원파장점,경기,수원시 장안구,파장동,경기도 수원시 장안구 파장천로 4,D14674,서울ent대리점,수도권_전속,100%,1,1,, - , - ,1,, - , - ,0.00%,, - , - 
PE76601,PE7660,휴대폰성지 아셀폰 거여점,서울,송파구,거여동,서울특별시 송파구 오금로 507,D13357,가능대리점,수도권_전속,100%,1,1,, - ,1, - ,,1, - ,0.00%,, - , - 
PE76751,PE7675,휴대폰성지 폰슐랭 파주점,경기,파주시,야당동,경기도 파주시 송학1길 65-1,D13546,ACT대리점,수도권_전속,100%,1,1,, - , - ,1,, - , - ,0.00%,, - , - 
PE76981,PE7698,(주)비비드컴퍼니,경기,남양주시,다산동,경기도 남양주시 다산순환로 350,D15146,PS&M,PS_전속,100%,1,1,,1, - , - ,, - , - ,0.00%,, - , - 
PE77251,PE7725,폰동산 중구점,서울,중구,충무로5가,서울특별시 중구 서애로1길 11,D13622,MD대리점,수도권_전속,100%,1,1,, - , - ,1,, - , - ,0.00%,, - , - 
PE77281,PE7728,효성동 휴대폰 제이티,인천,계양구,효성동,인천광역시 계양구 효서로 145,D13965,대교대리점,수도권_전속,100%,1,1,, - ,1, - ,,1, - ,0.00%,, - , - 
PE77561,PE7756,휴대폰성지 휴대폰맛집 망원점,서울,마포구,서교동,서울특별시 마포구 월드컵로 72,D15121,CD대리점,수도권_전속,100%,1,1,, - , - ,1,, - , - ,0.00%,, - , - 
PE77641,PE7764,휴대폰성지 폰지식인,경기,용인시 수지구,죽전동,경기도 용인시 수지구 달맞이로 63,D13622,MD대리점,수도권_전속,100%,1,1,, - , - ,1,, - , - ,0.00%,, - , - 
PE77771,PE7777,주식회사 스마트폰면세점상록점,경기,안산시 상록구,본오동,경기도 안산시 상록구 본삼로 38,D13827,지은대리점,수도권_전속,100%,1,1,, - ,1, - ,,1, - ,0.00%,, - , - 
PE77801,PE7780,옆커폰모현점,경기,용인시 처인구,모현읍,경기도 용인시 처인구 모현읍 백옥대로2476번길 25,D14674,서울ent대리점,수도권_전속,100%,1,1,, - ,1, - ,,1, - ,0.00%,, - ,1
PE77811,PE7781,휴대폰성지 옆커폰역동점,경기,광주시,역동,경기도 광주시 역동로 111,D14674,서울ent대리점,수도권_전속,100%,1,1,, - , - ,1,, - , - ,0.00%,, - , - 
PE77941,PE7794,인천핸드폰성지 고래폰,인천,미추홀구,용현동,인천광역시 미추홀구 낙섬중로 68,D14674,서울ent대리점,수도권_전속,100%,1,1,, - , - ,1,, - , - ,0.00%,, - , - 
PE77961,PE7796,스마트폰 면세점 상봉점,서울,중랑구,상봉동,서울특별시 중랑구 송림길 5,D13965,대교대리점,수도권_전속,100%,1,1,, - , - ,1,, - , - ,0.00%,, - , - 
PE77971,PE7797,휴대폰성지옆커폰시민공원역점,인천,미추홀구,주안동,인천광역시 미추홀구 경인로 372,D14674,서울ent대리점,수도권_전속,100%,1,1,, - , - ,1,, - , - ,0.00%,, - , - 
PE78031,PE7803,모아모바일,경기,화성시 만세구,새솔동,경기도화성시수노을중앙로293,D15146,PS&M,PS_전속,100%,1,1,, - , - ,1,, - , - ,0.00%,, - , - 
PE78051,PE7805,휴대폰성지옆커폰북가좌사거리점,서울,서대문구,북가좌동,서울특별시 서대문구 응암로 116,D15146,PS&M,PS_전속,100%,1,1,, - , - ,1,, - , - ,0.00%,, - , - 
PE78151,PE7815,휴대폰개통명당,경기,양주시,덕정동,경기도 양주시 회정로 134,D13965,대교대리점,수도권_전속,100%,1,1,, - , - ,1,, - , - ,0.00%,, - , - 
PE78191,PE7819,행운텔레콤,인천,서구,가좌동,인천광역시 서구 가정로 107,D13827,지은대리점,수도권_전속,100%,1,1,,1, - , - ,, - , - ,0.00%,, - , - 
PE78651,PE7865,휴대폰 성지 싸당 영등포점,서울,영등포구,영등포동7가,서울특별시 영등포구 국회대로50길 20,D15121,CD대리점,수도권_전속,100%,1,1,, - , - ,1,, - , - ,0.00%,, - , - 
PE78921,PE7892,마석 휴대폰 성지,경기,남양주시,화도읍,경기도 남양주시 화도읍 맷돌로 118,D15117,알파대리점,수도권_전속,100%,1,1,, - , - ,1,, - , - ,0.00%,, - ,1
PE79281,PE7928,장군폰 송내점,경기,부천시 원미구,상동,경기도 부천시 원미구 송내대로73번길 11,D13742,한유대리점,수도권_전속,100%,1,1,, - ,1, - ,,1, - ,0.00%,, - , - 
PE79471,PE7947,휴대폰성지 클린폰 파주점,경기,파주시,와동동,경기도 파주시 와석순환로515번길 61,D13357,가능대리점,수도권_전속,100%,1,1,,1, - , - ,, - , - ,0.00%,, - , - 
PE79501,PE7950,케이모바일(목동사거리점),서울,양천구,목동,서울특별시 양천구 등촌로 28,D15051,프리스비,수도권_전속,100%,1,1,, - , - ,1,, - , - ,0.00%,, - , - 
PE79751,PE7975,휴대폰성지 청년폰 의정부점,경기,의정부시,의정부동,경기도 의정부시 신흥로222번길 5-30,D13357,가능대리점,수도권_전속,100%,1,1,, - ,1, - ,, - ,1,100.00%,, - , - 
PE80181,PE8018,오산 휴대폰성지 옆커폰오산점,경기,오산시,수청동,경기도 오산시 내삼미로 85,D14674,서울ent대리점,수도권_전속,100%,1,1,, - , - ,1,, - , - ,0.00%,, - , - 
PE80291,PE8029,휴대폰성지 옆커폰 강원정선점,강원,정선군,정선읍,"강원 정선군 정선읍 녹송8길 65,",D15146,PS&M,PS_전속,100%,1,1,, - , - ,1,, - , - ,0.00%,, - , - 
PE80321,PE8032,휴대폰성지 마리,인천,서구,당하동,인천광역시 서구 청마로51번안길 11,D15173,정원대리점,수도권_전속,100%,1,1,, - , - ,1,, - , - ,0.00%,, - , - 
PE80341,PE8034,휴대폰성지작전점,인천,계양구,작전동,인천광역시 계양구 계양대로 32,D15146,PS&M,PS_전속,100%,1,1,, - , - ,1,, - , - ,0.00%,, - , - 
PE80441,PE8044,폰상 부평구청역점,인천,부평구,갈산동,인천광역시 부평구 길주로 지하527,D13622,MD대리점,수도권_전속,100%,1,1,, - , - ,1,, - , - ,0.00%,, - , - 
PE80451,PE8045,더 나은 성지모바일,경기,양주시,옥정동,경기도 양주시 옥정로 139,D13827,지은대리점,수도권_전속,100%,1,1,,1, - , - ,, - , - ,0.00%,, - , - 
PE81131,PE8113,싼집텔레콤,경기,파주시,금촌동,경기도 파주시 문화로 79,D13622,MD대리점,수도권_전속,100%,1,1,, - ,1, - ,,1, - ,0.00%,, - , - 
PE81771,PE8177,시온모바일,경기,양주시,삼숭동,경기도 양주시 삼숭로38번길 77,D13858,새서울대리점,수도권_전속,100%,1,1,, - , - ,1,, - , - ,0.00%,, - , - 
PE82111,PE8211,삼촌네 폰가게,경기,수원시 장안구,조원동,경기도 수원시 장안구 조원로89번길 27,D15146,PS&M,PS_전속,100%,1,1,, - ,1, - ,,1, - ,0.00%,, - , - 
PE82251,PE8225,휴대폰성지 정직폰 장당점,경기,평택시,장당동,경기도 평택시 장당길 45,D13469,코넥,수도권_전속,100%,1,1,, - , - ,1,, - , - ,0.00%,, - , - 
PE82471,PE8247,휴대폰성지 옆커폰 당곡점,서울,관악구,신림동,서울특별시 관악구 봉천로 212,D14674,서울ent대리점,수도권_전속,100%,1,1,, - , - ,1,, - , - ,0.00%,, - , - 
PE82481,PE8248,휴대폰 성지 싸당 화성점,경기,화성시 동탄구,영천동,"경기 화성시 동탄대로 636-14,",D13542,삼보대리점,수도권_전속,100%,1,1,, - , - ,1,, - , - ,0.00%,, - , - 
PE82511,PE8251,휴대폰 도매센터,인천,서구,석남동,인천광역시 서구 가정로 300,D14342,신창대리점,수도권_전속,100%,1,1,, - , - ,1,, - , - ,0.00%,, - , - 
PE82541,PE8254,위너 목동시장점,서울,양천구,목동,서울특별시 양천구 목동중앙북로 29,D13827,지은대리점,수도권_전속,100%,1,1,, - , - ,1,, - , - ,0.00%,, - , - 
PE82741,PE8274,피피넷 정보통신,서울,구로구,개봉동,서울특별시 구로구 고척로 127,D13952,참스타대리점,수도권_전속,100%,1,1,, - , - ,1,, - , - ,0.00%,, - , - 
PE82751,PE8275,포리모바일,인천,미추홀구,용현동,인천광역시 미추홀구 낙섬중로91번길 10-24,D15051,프리스비,수도권_전속,100%,1,1,, - ,1, - ,,1, - ,0.00%,, - , - 
PE82861,PE8286,휴대폰성지,경기,고양시 일산동구,장항동,경기도 고양시 일산동구 무궁화로 32-34,D14674,서울ent대리점,수도권_전속,100%,1,1,, - , - ,1,, - , - ,0.00%,, - , - 
PE82961,PE8296,휘샘,서울,성북구,정릉동,서울특별시성북구정릉로26길61,D15146,PS&M,PS_전속,100%,1,1,, - ,1, - ,, - ,1,100.00%,, - , - 
PE83151,PE8315,피터폰,서울,강남구,신사동,서울특별시 강남구 압구정로 330,D13622,MD대리점,수도권_전속,100%,1,1,, - , - ,1,, - , - ,0.00%,, - , - 
PE83871,PE8387,세븐베이세차장,경기,이천시,갈산동,경기이천시갈산로111,D15146,PS&M,PS_전속,100%,1,1,, - ,1, - ,,1, - ,0.00%,, - , - 
PE84041,PE8404,착한휴대폰,서울,강북구,수유동,서울특별시 강북구 한천로144길 54,D15176,ACE대리점,수도권_전속,100%,1,1,, - ,1, - ,,1, - ,0.00%,, - , - 
PE84061,PE8406,에이비씨(ABC)모바일,인천,서구,가좌동,인천광역시 서구 봉수대로 158,D13469,코넥,수도권_전속,100%,1,1,, - , - ,1,, - , - ,0.00%,, - , - 
PE84211,PE8421,정직한총각폰,서울,관악구,봉천동,서울특별시 관악구 인헌2길 19,D15146,PS&M,PS_전속,100%,1,1,, - , - ,1,, - , - ,0.00%,, - , - 
PE84281,PE8428,휴대폰성지 아셀폰 강동점,서울,강동구,암사동,서울특별시 강동구 올림픽로100길 6,D13357,가능대리점,수도권_전속,100%,1,1,, - , - ,1,, - , - ,0.00%,, - , - 
PE84291,PE8429,티엔 모바일,경기,수원시 장안구,정자동,경기도 수원시 장안구 파장로 91,D13622,MD대리점,수도권_전속,100%,1,1,, - , - ,1,, - , - ,0.00%,, - , - 
PE84301,PE8430,대박통신 경기광주점,경기,광주시,장지동,경기도광주시순암로22,D15146,PS&M,PS_전속,100%,1,1,, - ,1, - ,,1, - ,0.00%,, - , - 
PE84321,PE8432,폰그라운드,경기,고양시 일산서구,대화동,경기도 고양시 일산서구 중앙로 1567,D15146,PS&M,PS_전속,100%,1,1,,1, - , - ,, - , - ,0.00%,, - , - 
PE84481,PE8448,말폰성지 부평악어집,인천,부평구,부평동,인천광역시 부평구 광장로 16,D14674,서울ent대리점,수도권_전속,100%,1,1,, - , - ,1,, - , - ,0.00%,, - , - 
PE84691,PE8469,휴대폰성지도매폰,경기,시흥시,장곡동,경기도 시흥시 황고개로 531,F13586,신도SDR,수도권_전속,100%,1,1,, - , - ,1,, - , - ,0.00%,, - , - 
PE84741,PE8474,고무통신,경기,양주시,옥정동,경기도 양주시 회천남로 80,D13965,대교대리점,수도권_전속,100%,1,1,, - , - ,1,, - , - ,0.00%,, - , - 
PE85011,PE8501,휴대폰의모든것 청춘대길역촌점,서울,은평구,역촌동,서울특별시 은평구 진흥로1길 21,D13124,UNI대리점,수도권_전속,100%,1,1,, - , - ,1,, - , - ,0.00%,, - , - 
PE85131,PE8513,주식회사 업패스,경기,성남시 분당구,야탑동,경기도 성남시 분당구 성남대로925번길 16,D15146,PS&M,PS_전속,100%,1,1,, - , - ,1,, - , - ,0.00%,, - , - 
PE85341,PE8534,지훈텔레콤,서울,강남구,논현동,서울특별시 강남구 강남대로120길 48,D15121,CD대리점,수도권_전속,100%,1,1,,1, - , - ,, - , - ,0.00%,, - , - 
PE85511,PE8551,제이앤컴퍼니 신동점,경기,수원시 영통구,신동,경기도 수원시 영통구 권선로908번길 53,D13124,UNI대리점,수도권_전속,100%,1,1,, - ,1, - ,, - ,1,100.00%,, - , - 
PE85551,PE8555,휴대폰맛집 구월점,인천,남동구,구월동,인천광역시 남동구 용천로97번길 3,D15121,CD대리점,수도권_전속,100%,1,1,, - , - ,1,, - , - ,0.00%,, - , - 
PE85601,PE8560,신흥통신,경기,성남시 중원구,성남동,"경기 성남시 중원구 산성대로 지하 204-5,",D13858,새서울대리점,수도권_전속,100%,1,1,, - , - ,1,, - , - ,0.00%,, - , - 
PE85721,PE8572,우리동네 도매폰,서울,은평구,신사동,서울특별시 은평구 은평터널로 193,D14342,신창대리점,수도권_전속,100%,1,1,, - ,1, - ,,1, - ,0.00%,, - , - 
PE85771,PE8577,옆커폰성지 이충점,경기,평택시,이충동,경기도 평택시 이충로35번길 28-22,D14674,서울ent대리점,수도권_전속,100%,1,1,, - ,1, - ,,1, - ,0.00%,, - , - 
PE85901,PE8590,찬찬모바일,서울,은평구,응암동,서울특별시 은평구 응암로12길 28,D15146,PS&M,PS_전속,100%,1,1,, - , - ,1,, - , - ,0.00%,, - , - 
PE85911,PE8591,휴대폰성지 옆커폰 노량진점,서울,동작구,노량진동,서울특별시 동작구 노량진로16길 21,D14674,서울ent대리점,수도권_전속,100%,1,1,, - , - ,1,, - , - ,0.00%,, - , - 
PE85921,PE8592,신모바일,경기,김포시,마산동,경기도 김포시 김포한강8로 173-59,D15051,프리스비,수도권_전속,100%,1,1,, - ,1, - ,,1, - ,0.00%,, - ,1
PE85941,PE8594,휴대폰성지 올인폰 부천역점,경기,부천시 소사구,심곡본동,경기도 부천시 소사구 성주로243번길 43,D13827,지은대리점,수도권_전속,100%,1,1,, - ,1, - ,,1, - ,0.00%,, - , - 
PE85971,PE8597,아인통신2,경기,성남시 중원구,성남동,"경기 성남시 중원구 산성대로 지하 204-5,",D15121,CD대리점,수도권_전속,100%,1,1,, - ,1, - ,,1, - ,0.00%,, - , - 
PE86081,PE8608,휴대폰성지에이스,인천,미추홀구,주안동,인천광역시 미추홀구 경인로 372,D15146,PS&M,PS_전속,100%,1,1,, - ,1, - ,,1, - ,0.00%,, - , - 
PE86161,PE8616,금오대한,경기,의정부시,금오동,경기도 의정부시 청사로 49,D15173,정원대리점,수도권_전속,100%,1,1,, - , - ,1,, - , - ,0.00%,, - , - 
PE86171,PE8617,이서텔레콤,경기,화성시 만세구,팔탄면,경기도 화성시 만세구 팔탄면 푸른들판로 665,D15173,정원대리점,수도권_전속,100%,1,1,,1, - , - ,, - , - ,0.00%,, - , - 
PE86271,PE8627,휴대폰성지,인천,계양구,작전동,인천광역시 계양구 봉오대로 677,D13952,참스타대리점,수도권_전속,100%,1,1,, - , - ,1,, - , - ,0.00%,, - , - 
PE86321,PE8632,제이에스(JS)통신,강원,춘천시,소양로2가,강원특별자치도 춘천시 기와집길 2,D13742,한유대리점,수도권_전속,100%,1,1,, - , - ,1,, - , - ,0.00%,, - , - 
PE86431,PE8643,에스(S)모바일,경기,평택시,동삭동,경기도 평택시 서재5길 3,D13124,UNI대리점,수도권_전속,100%,1,1,, - ,1, - ,,1, - ,0.00%,, - , - 
PE86591,PE8659,평생폰앤픽스스토어,경기,오산시,부산동,경기오산시부산중앙로256,D15146,PS&M,PS_전속,100%,1,1,, - , - ,1,, - , - ,0.00%,, - , - 
PE86991,PE8699,노원구 휴대폰성지 일등통신,서울,노원구,중계동,서울특별시 노원구 한글비석로 384,D13357,가능대리점,수도권_전속,100%,1,1,, - , - ,1,, - , - ,0.00%,, - , - 
PE87411,PE8741,써니통신,경기,평택시,합정동,경기도 평택시 참이슬1길 14,D15176,ACE대리점,수도권_전속,100%,1,1,,1, - , - ,, - , - ,0.00%,, - , - 
PE87461,PE8746,휴대폰성지,경기,남양주시,다산동,경기도 남양주시 다산중앙로123번길 22-30,D13357,가능대리점,수도권_전속,100%,1,1,, - , - ,1,, - , - ,0.00%,, - , - 
PE87631,PE8763,휴대폰성지 휴대폰맛집 까치산점,서울,강서구,화곡동,"서울 강서구 강서로18길 37,",D15121,CD대리점,수도권_전속,100%,1,1,, - ,1, - ,,1, - ,0.00%,, - ,1
PE87651,PE8765,부자통신,인천,미추홀구,주안동,"인천 미추홀구 경인로 지하 343,",D15121,CD대리점,수도권_전속,100%,1,1,,1, - , - ,, - , - ,0.00%,, - , - 
PE87701,PE8770,스마트폰면세점 세교점,경기,오산시,탑동,경기도 오산시 초평중앙로 22,D13542,삼보대리점,수도권_전속,100%,1,1,, - ,1, - ,, - ,1,100.00%,, - , - 
PE87901,PE8790,초월 휴대폰성지,경기,광주시,초월읍,경기 광주시 초월읍 경충대로 996,D13742,한유대리점,수도권_전속,100%,1,1,, - , - ,1,, - , - ,0.00%,, - , - 
PE88431,PE8843,우수모바일 만수점,인천,남동구,만수동,"경기 김포시 풍무로96번길 8,",D13622,MD대리점,수도권_전속,100%,1,1,, - , - ,1,, - , - ,0.00%,, - , - 
PE88451,PE8845,우리통신,경기,안산시 단원구,원곡동,"경기 안산시 단원구 원곡로 39,",D13622,MD대리점,수도권_전속,100%,1,1,, - , - ,1,, - , - ,0.00%,, - , - 
PE88501,PE8850,휴대폰도매삼산점,인천,부평구,삼산동,인천광역시 부평구 후정로 4,D15051,프리스비,수도권_전속,100%,1,1,, - , - ,1,, - , - ,0.00%,, - ,1
PE88511,PE8851,휴대폰성지 옆커폰안산점,경기,안산시 단원구,고잔동,경기도 안산시 단원구 광덕4로 116,D14674,서울ent대리점,수도권_전속,100%,1,1,, - , - ,1,, - , - ,0.00%,, - , - 
PE88541,PE8854,휴대폰성지 버스폰 신정역점,서울,양천구,신정동,"서울 양천구 오목로 155-4,",D13622,MD대리점,수도권_전속,100%,1,1,, - , - ,1,, - , - ,0.00%,, - , - 
PE88931,PE8893,휴대폰성지 드림폰문화의거리점,경기,오산시,원동,경기도 오산시 대원로 12-2,D15146,PS&M,PS_전속,100%,1,1,, - , - ,1,, - , - ,0.00%,, - , - 
PE89621,PE8962,휴대폰성지 무지인형,경기,광주시,경안동,경기도 광주시 광주대로 30,D13546,ACT대리점,수도권_전속,100%,1,1,, - , - ,1,, - , - ,0.00%,, - , - 
PE89961,PE8996,조은핸드폰 2호점,인천,부평구,부평동,인천광역시 부평구 주부토로 69,D15117,알파대리점,수도권_전속,100%,1,1,,1, - , - ,, - , - ,0.00%,, - , - 
PE90171,PE9017,휴대폰성지,경기,군포시,산본동,경기도 군포시 산본로323번길 16-29,D13357,가능대리점,수도권_전속,100%,1,1,, - , - ,1,, - , - ,0.00%,, - , - 
PE90301,PE9030,휴대폰성지 옆커폰 신당점,서울,중구,신당동,서울특별시 중구 난계로 151,D14674,서울ent대리점,수도권_전속,100%,1,1,, - , - ,1,, - , - ,0.00%,, - , - 
PE90321,PE9032,도봉구휴대폰성지폰다이소쌍문,서울,도봉구,쌍문동,,D14674,서울ent대리점,수도권_전속,100%,1,1,, - , - ,1,, - , - ,0.00%,, - , - 
PE90501,PE9050,휴대폰성지 옆커폰 문정점,서울,송파구,문정동,서울특별시 송파구 법원로4길 6,D14674,서울ent대리점,수도권_전속,100%,1,1,, - , - ,1,, - , - ,0.00%,, - , - 
PE90521,PE9052,휴대폰성지 우동폰 인천점,인천,부평구,부평동,인천광역시 부평구 장제로 45,D14342,신창대리점,수도권_전속,100%,1,1,, - , - ,1,, - , - ,0.00%,, - , - 
PE90891,PE9089,휴대폰성지 청년모바일,서울,송파구,방이동,,D15146,PS&M,PS_전속,100%,1,1,, - , - ,1,, - , - ,0.00%,, - , - 
PE91301,PE9130,의리통신,경기,부천시 소사구,송내동,경기도 부천시 소사구 송내대로42번길 97,D13542,삼보대리점,수도권_전속,100%,1,1,, - , - ,1,, - , - ,0.00%,, - , - 
PE91321,PE9132,호마통신,경기,시흥시,정왕동,"경기 시흥시 군서로46번길 9,",D13965,대교대리점,수도권_전속,100%,1,1,,1, - , - ,, - , - ,0.00%,, - , - 
PE91591,PE9159,휴대폰성지 폰키호테 은평점,서울,은평구,녹번동,,D13469,코넥,수도권_전속,100%,1,1,, - , - ,1,, - , - ,0.00%,, - , - 
PE91621,PE9162,휴대폰성지 산본점,경기,군포시,산본동,경기도 군포시 산본로323번길 16-29,D13827,지은대리점,수도권_전속,100%,1,1,, - ,1, - ,,1, - ,0.00%,, - , - 
PE91681,PE9168,은하수 모바일,서울,종로구,종로1가,"서울 종로구 종로 19,",D13827,지은대리점,수도권_전속,100%,1,1,, - , - ,1,, - , - ,0.00%,, - , - 
PE91771,PE9177,폰다둥이네,경기,수원시 권선구,권선동,,D15146,PS&M,PS_전속,100%,1,1,, - ,1, - ,, - ,1,100.00%,, - , - 
PE91821,PE9182,성지휴대폰할인매장디몰,강원,춘천시,후평동,강원특별자치도 춘천시 후만로 87,D13742,한유대리점,수도권_전속,100%,1,1,, - ,1, - ,,1, - ,0.00%,, - , - 
PE92041,PE9204,휴대폰성지찬스폰안산선부중점,경기,안산시 단원구,선부동,경기도 안산시 단원구 달미로 103,D13827,지은대리점,수도권_전속,100%,1,1,, - , - ,1,, - , - ,0.00%,, - , - 
PE92221,PE9222,휴대폰성지 옆커폰궐동점,경기,오산시,궐동,,D15146,PS&M,PS_전속,100%,1,1,, - ,1, - ,,1, - ,0.00%,, - , - 
PE92331,PE9233,인천핸드폰성지 건모바일 인천,인천,부평구,십정동,"인천 부평구 배곶북로 22,",D13469,코넥,수도권_전속,100%,1,1,, - ,1, - ,,1, - ,0.00%,, - ,1
PE92561,PE9256,휴대폰성지 싸당 남양주점,경기,남양주시,별내동,경기도 남양주시 별내1로 6,D15121,CD대리점,수도권_전속,100%,1,1,, - , - ,1,, - , - ,0.00%,, - , - 
PE93221,PE9322,도매휴대폰성지 바른청년폰,경기,화성시 동탄구,반송동,경기도 화성시 동탄구 동탄솔빛로 44,D13622,MD대리점,수도권_전속,100%,1,1,, - , - ,1,, - , - ,0.00%,, - , - 
PE93461,PE9346,장수모바일,인천,남동구,장수동,,D13469,코넥,수도권_전속,100%,1,1,, - ,1, - ,,1, - ,0.00%,, - , - 
PE93821,PE9382,휴대폰창고,경기,구리시,수택동,"경기 구리시 검배로 55,",D13965,대교대리점,수도권_전속,100%,1,1,,1, - , - ,, - , - ,0.00%,, - , - 
PE33091,PE3309,세상모든폰,서울,강동구,길동,서울특별시 강동구 양재대로112길 3,D14674,서울ent대리점,#DIV/0!,0%,0,0,, - , - , - ,, - , - ,0.00%,, - , - 
